{
  "authorDailyContributionsMap": {
    "ChenChao19": [
      {
        "insertions": 29,
        "deletions": 2,
        "date": "2019-08-19",
        "commitResults": [
          {
            "hash": "8126b7a1d45cd66db59f2e584b64e086fd810657",
            "messageTitle": "Level-1",
            "messageBody": "",
            "insertions": 12,
            "deletions": 1
          },
          {
            "hash": "a6bda1eaad984f0fd243892e72c1c65aa17edfea",
            "messageTitle": "Level-2",
            "messageBody": "",
            "insertions": 17,
            "deletions": 1
          }
        ]
      },
      {
        "insertions": 16,
        "deletions": 7,
        "date": "2019-08-20",
        "commitResults": [
          {
            "hash": "3634b1cb17602f3c3aba0995d0ce404121286c63",
            "messageTitle": "Level-3",
            "messageBody": "",
            "insertions": 16,
            "deletions": 7
          }
        ]
      },
      {
        "insertions": 107,
        "deletions": 22,
        "date": "2019-08-23",
        "commitResults": [
          {
            "hash": "b0d1aa75a4ef596c546b179a971ebe4a1faaee71",
            "messageTitle": "Level-4",
            "messageBody": "",
            "insertions": 107,
            "deletions": 22
          }
        ]
      },
      {
        "insertions": 55,
        "deletions": 39,
        "date": "2019-08-25",
        "commitResults": [
          {
            "hash": "a1c71205429543627c43332236184abd50aff16f",
            "messageTitle": "Level-5",
            "messageBody": "",
            "insertions": 55,
            "deletions": 39
          }
        ]
      },
      {
        "insertions": 117,
        "deletions": 31,
        "date": "2019-08-26",
        "commitResults": [
          {
            "hash": "155e28a1a497c5bd2b1cd093aabd5572a90f2f58",
            "messageTitle": "Level-7",
            "messageBody": "",
            "insertions": 65,
            "deletions": 1
          },
          {
            "hash": "2d1d9608ffe81aa586808d838eb46da8b609f96e",
            "messageTitle": "Level-7",
            "messageBody": "",
            "insertions": 48,
            "deletions": 27
          },
          {
            "hash": "adb3393235256a8f4ff700d067d5d43b9813d776",
            "messageTitle": "Level-8",
            "messageBody": "",
            "insertions": 1,
            "deletions": 0
          },
          {
            "hash": "f349ceba44439d3840c7ca1a8b60029c44330fb3",
            "messageTitle": "Level-8 updated",
            "messageBody": "",
            "insertions": 3,
            "deletions": 3
          }
        ]
      },
      {
        "insertions": 10,
        "deletions": 1,
        "date": "2019-08-28",
        "commitResults": [
          {
            "hash": "aef955ce08a1bcec5acc023755befb61b9fc2aae",
            "messageTitle": "Level-6",
            "messageBody": "",
            "insertions": 10,
            "deletions": 1
          }
        ]
      },
      {
        "insertions": 17,
        "deletions": 1,
        "date": "2019-08-29",
        "commitResults": [
          {
            "hash": "c04cf6fc5b3ebc3a5b38d9d6eb4df07896be7f07",
            "messageTitle": "Level-9",
            "messageBody": "",
            "insertions": 17,
            "deletions": 1
          }
        ]
      },
      {
        "insertions": 244,
        "deletions": 172,
        "date": "2019-09-01",
        "commitResults": [
          {
            "hash": "c780191a3316bd067f64f885338cd5b07a68b8c0",
            "messageTitle": "Starting on More-OOP",
            "messageBody": "",
            "insertions": 244,
            "deletions": 172
          }
        ]
      },
      {
        "insertions": 95,
        "deletions": 46,
        "date": "2019-09-02",
        "commitResults": [
          {
            "hash": "159e776be785401e79a5da6cf47ede83c5fa62cb",
            "messageTitle": "More-OOP+ Text-Ui-Testing",
            "messageBody": "",
            "insertions": 95,
            "deletions": 46
          }
        ]
      },
      {
        "insertions": 170,
        "deletions": 4,
        "date": "2019-09-09",
        "commitResults": [
          {
            "hash": "b07970ade2ee83171ea05dd50b197facee1577a2",
            "messageTitle": "Add in java documentation",
            "messageBody": "",
            "insertions": 170,
            "deletions": 4
          }
        ]
      }
    ]
  },
  "authorFinalContributionMap": {
    "ChenChao19": 541
  },
  "authorFileTypeContributionMap": {
    "ChenChao19": {
      "java": 541,
      "gradle": 0,
      "css": 0,
      "fxml": 0
    }
  },
  "authorContributionVariance": {
    "ChenChao19": 9194.597
  },
  "authorDisplayNameMap": {
    "ChenChao19": "W12-2 CHE..HAO"
  }
}
