[
  {
    "path": "src/main/java/Deadline.java",
    "fileType": "java",
    "lines": [
      {
        "lineNumber": 1,
        "author": {
          "gitId": "x3chillax"
        },
        "content": "import java.time.LocalDateTime;"
      },
      {
        "lineNumber": 2,
        "author": {
          "gitId": "x3chillax"
        },
        "content": "import java.time.format.DateTimeFormatter;"
      },
      {
        "lineNumber": 3,
        "author": {
          "gitId": "x3chillax"
        },
        "content": ""
      },
      {
        "lineNumber": 4,
        "author": {
          "gitId": "x3chillax"
        },
        "content": "public class Deadline extends Task"
      },
      {
        "lineNumber": 5,
        "author": {
          "gitId": "x3chillax"
        },
        "content": "{"
      },
      {
        "lineNumber": 6,
        "author": {
          "gitId": "x3chillax"
        },
        "content": ""
      },
      {
        "lineNumber": 7,
        "author": {
          "gitId": "x3chillax"
        },
        "content": "    protected String by;"
      },
      {
        "lineNumber": 8,
        "author": {
          "gitId": "x3chillax"
        },
        "content": "    LocalDateTime dt \u003d LocalDateTime.now();"
      },
      {
        "lineNumber": 9,
        "author": {
          "gitId": "x3chillax"
        },
        "content": "    static DateTimeFormatter formatter \u003d DateTimeFormatter.ofPattern(\"yyyy-MM-dd HH:mm\");"
      },
      {
        "lineNumber": 10,
        "author": {
          "gitId": "x3chillax"
        },
        "content": ""
      },
      {
        "lineNumber": 11,
        "author": {
          "gitId": "x3chillax"
        },
        "content": "    public Deadline(String description, String by) throws DukeException"
      },
      {
        "lineNumber": 12,
        "author": {
          "gitId": "x3chillax"
        },
        "content": "    {"
      },
      {
        "lineNumber": 13,
        "author": {
          "gitId": "x3chillax"
        },
        "content": "        super(description);     //return book"
      },
      {
        "lineNumber": 14,
        "author": {
          "gitId": "x3chillax"
        },
        "content": "        this.by \u003d by;           //Sunday"
      },
      {
        "lineNumber": 15,
        "author": {
          "gitId": "x3chillax"
        },
        "content": "        //String str \u003d \"2007-32-32T70:70:30\";"
      },
      {
        "lineNumber": 16,
        "author": {
          "gitId": "x3chillax"
        },
        "content": "        LocalDateTime dt \u003d LocalDateTime.now();"
      },
      {
        "lineNumber": 17,
        "author": {
          "gitId": "x3chillax"
        },
        "content": "        try"
      },
      {
        "lineNumber": 18,
        "author": {
          "gitId": "x3chillax"
        },
        "content": "        {"
      },
      {
        "lineNumber": 19,
        "author": {
          "gitId": "x3chillax"
        },
        "content": "            dt \u003d LocalDateTime.parse(by, formatter);"
      },
      {
        "lineNumber": 20,
        "author": {
          "gitId": "x3chillax"
        },
        "content": "        }"
      },
      {
        "lineNumber": 21,
        "author": {
          "gitId": "x3chillax"
        },
        "content": "        catch(Exception E)"
      },
      {
        "lineNumber": 22,
        "author": {
          "gitId": "x3chillax"
        },
        "content": "        {"
      },
      {
        "lineNumber": 23,
        "author": {
          "gitId": "x3chillax"
        },
        "content": "            //System.out.println(\"die liao la\");"
      },
      {
        "lineNumber": 24,
        "author": {
          "gitId": "x3chillax"
        },
        "content": "            throw new DukeException(\"Please enter in the following syntax: deadline (task) /at YYYY-MM-DD HH:MM\");"
      },
      {
        "lineNumber": 25,
        "author": {
          "gitId": "x3chillax"
        },
        "content": "        }"
      },
      {
        "lineNumber": 26,
        "author": {
          "gitId": "x3chillax"
        },
        "content": "    }"
      },
      {
        "lineNumber": 27,
        "author": {
          "gitId": "x3chillax"
        },
        "content": ""
      },
      {
        "lineNumber": 28,
        "author": {
          "gitId": "x3chillax"
        },
        "content": "    @Override"
      },
      {
        "lineNumber": 29,
        "author": {
          "gitId": "x3chillax"
        },
        "content": "    public String toString()"
      },
      {
        "lineNumber": 30,
        "author": {
          "gitId": "x3chillax"
        },
        "content": "    {"
      },
      {
        "lineNumber": 31,
        "author": {
          "gitId": "x3chillax"
        },
        "content": "        return \"[D]\" + super.toString() + \"(by: \" + dt.format(formatter) + \")\";"
      },
      {
        "lineNumber": 32,
        "author": {
          "gitId": "x3chillax"
        },
        "content": "    }"
      },
      {
        "lineNumber": 33,
        "author": {
          "gitId": "x3chillax"
        },
        "content": "}"
      },
      {
        "lineNumber": 34,
        "author": {
          "gitId": "x3chillax"
        },
        "content": ""
      },
      {
        "lineNumber": 35,
        "author": {
          "gitId": "x3chillax"
        },
        "content": ""
      }
    ],
    "authorContributionMap": {
      "x3chillax": 35
    }
  },
  {
    "path": "src/main/java/Duke.java",
    "fileType": "java",
    "lines": [
      {
        "lineNumber": 1,
        "author": {
          "gitId": "x3chillax"
        },
        "content": "import java.time.LocalDateTime;"
      },
      {
        "lineNumber": 2,
        "author": {
          "gitId": "x3chillax"
        },
        "content": "import java.util.ArrayList;"
      },
      {
        "lineNumber": 3,
        "author": {
          "gitId": "x3chillax"
        },
        "content": "import java.util.List;"
      },
      {
        "lineNumber": 4,
        "author": {
          "gitId": "x3chillax"
        },
        "content": "import java.util.Scanner;"
      },
      {
        "lineNumber": 5,
        "author": {
          "gitId": "x3chillax"
        },
        "content": "import java.io.*;"
      },
      {
        "lineNumber": 6,
        "author": {
          "gitId": "x3chillax"
        },
        "content": ""
      },
      {
        "lineNumber": 7,
        "author": {
          "gitId": "x3chillax"
        },
        "content": "import java.time.LocalDateTime;"
      },
      {
        "lineNumber": 8,
        "author": {
          "gitId": "x3chillax"
        },
        "content": "import java.time.format.DateTimeFormatter;"
      },
      {
        "lineNumber": 9,
        "author": {
          "gitId": "x3chillax"
        },
        "content": ""
      },
      {
        "lineNumber": 10,
        "author": {
          "gitId": "x3chillax"
        },
        "content": "public class Duke"
      },
      {
        "lineNumber": 11,
        "author": {
          "gitId": "x3chillax"
        },
        "content": "{"
      },
      {
        "lineNumber": 12,
        "author": {
          "gitId": "x3chillax"
        },
        "content": "    public static void main(String[] args)"
      },
      {
        "lineNumber": 13,
        "author": {
          "gitId": "x3chillax"
        },
        "content": "    {"
      },
      {
        "lineNumber": 14,
        "author": {
          "gitId": "x3chillax"
        },
        "content": "        LocalDateTime.now();"
      },
      {
        "lineNumber": 15,
        "author": {
          "gitId": "x3chillax"
        },
        "content": "        String line \u003d \"     ____________________________________________________________\\n\";"
      },
      {
        "lineNumber": 16,
        "author": {
          "gitId": "x3chillax"
        },
        "content": "        System.out.println(line + \"     Hello! I\u0027m Duke\\n\" + \"     What can I do for you?\\n\" + line);"
      },
      {
        "lineNumber": 17,
        "author": {
          "gitId": "x3chillax"
        },
        "content": "        Scanner input \u003d new Scanner(System.in);"
      },
      {
        "lineNumber": 18,
        "author": {
          "gitId": "x3chillax"
        },
        "content": "        ArrayList\u003cTask\u003e arlist \u003d new ArrayList\u003cTask\u003e();         //link ArrayList with Task"
      },
      {
        "lineNumber": 19,
        "author": {
          "gitId": "x3chillax"
        },
        "content": "        String[] number;                                        //number is an array of string[x]"
      },
      {
        "lineNumber": 20,
        "author": {
          "gitId": "x3chillax"
        },
        "content": "        //int count \u003d 0;"
      },
      {
        "lineNumber": 21,
        "author": {
          "gitId": "x3chillax"
        },
        "content": "        try"
      },
      {
        "lineNumber": 22,
        "author": {
          "gitId": "x3chillax"
        },
        "content": "        {"
      },
      {
        "lineNumber": 23,
        "author": {
          "gitId": "x3chillax"
        },
        "content": "            //FileInputStream fis \u003d new FileInputStream(\"src\\\\main\\\\java\\\\list.txt\");"
      },
      {
        "lineNumber": 24,
        "author": {
          "gitId": "x3chillax"
        },
        "content": "            FileInputStream fis \u003d new FileInputStream(\"list.txt\");"
      },
      {
        "lineNumber": 25,
        "author": {
          "gitId": "x3chillax"
        },
        "content": "            ObjectInputStream ois \u003d new ObjectInputStream(fis);"
      },
      {
        "lineNumber": 26,
        "author": {
          "gitId": "x3chillax"
        },
        "content": "            arlist \u003d (ArrayList\u003cTask\u003e) ois.readObject();"
      },
      {
        "lineNumber": 27,
        "author": {
          "gitId": "x3chillax"
        },
        "content": "            ois.close();"
      },
      {
        "lineNumber": 28,
        "author": {
          "gitId": "x3chillax"
        },
        "content": "        }"
      },
      {
        "lineNumber": 29,
        "author": {
          "gitId": "x3chillax"
        },
        "content": "        catch(Exception e)"
      },
      {
        "lineNumber": 30,
        "author": {
          "gitId": "x3chillax"
        },
        "content": "        {"
      },
      {
        "lineNumber": 31,
        "author": {
          "gitId": "x3chillax"
        },
        "content": "            try"
      },
      {
        "lineNumber": 32,
        "author": {
          "gitId": "x3chillax"
        },
        "content": "            {"
      },
      {
        "lineNumber": 33,
        "author": {
          "gitId": "x3chillax"
        },
        "content": "                //FileOutputStream fos \u003d new FileOutputStream(\"src\\\\main\\\\java\\\\list.txt\");"
      },
      {
        "lineNumber": 34,
        "author": {
          "gitId": "x3chillax"
        },
        "content": "                FileOutputStream fos \u003d new FileOutputStream(\"list.txt\");"
      },
      {
        "lineNumber": 35,
        "author": {
          "gitId": "x3chillax"
        },
        "content": "                ObjectOutputStream oos \u003d new ObjectOutputStream(fos);"
      },
      {
        "lineNumber": 36,
        "author": {
          "gitId": "x3chillax"
        },
        "content": "                oos.writeObject(arlist);"
      },
      {
        "lineNumber": 37,
        "author": {
          "gitId": "x3chillax"
        },
        "content": "                oos.close();"
      },
      {
        "lineNumber": 38,
        "author": {
          "gitId": "x3chillax"
        },
        "content": "            }"
      },
      {
        "lineNumber": 39,
        "author": {
          "gitId": "x3chillax"
        },
        "content": "            catch(Exception f)"
      },
      {
        "lineNumber": 40,
        "author": {
          "gitId": "x3chillax"
        },
        "content": "            {"
      },
      {
        "lineNumber": 41,
        "author": {
          "gitId": "x3chillax"
        },
        "content": "                System.out.println(\"Directory specified is not found!\");"
      },
      {
        "lineNumber": 42,
        "author": {
          "gitId": "x3chillax"
        },
        "content": "            }"
      },
      {
        "lineNumber": 43,
        "author": {
          "gitId": "x3chillax"
        },
        "content": "            System.out.println(\"File not found in the directory! We have now created one for you\");"
      },
      {
        "lineNumber": 44,
        "author": {
          "gitId": "x3chillax"
        },
        "content": "        }"
      },
      {
        "lineNumber": 45,
        "author": {
          "gitId": "x3chillax"
        },
        "content": ""
      },
      {
        "lineNumber": 46,
        "author": {
          "gitId": "x3chillax"
        },
        "content": "        while(true)"
      },
      {
        "lineNumber": 47,
        "author": {
          "gitId": "x3chillax"
        },
        "content": "        {"
      },
      {
        "lineNumber": 48,
        "author": {
          "gitId": "x3chillax"
        },
        "content": "            try"
      },
      {
        "lineNumber": 49,
        "author": {
          "gitId": "x3chillax"
        },
        "content": "            {"
      },
      {
        "lineNumber": 50,
        "author": {
          "gitId": "x3chillax"
        },
        "content": "                String command \u003d input.nextLine();                  //command is a string that takes in input."
      },
      {
        "lineNumber": 51,
        "author": {
          "gitId": "x3chillax"
        },
        "content": "                number \u003d command.split(\" \", 2);                     //split the command into number[0] and number[1] whenever a space is spotted"
      },
      {
        "lineNumber": 52,
        "author": {
          "gitId": "x3chillax"
        },
        "content": "                switch (number[0])"
      },
      {
        "lineNumber": 53,
        "author": {
          "gitId": "x3chillax"
        },
        "content": "                {"
      },
      {
        "lineNumber": 54,
        "author": {
          "gitId": "x3chillax"
        },
        "content": "                    case \"bye\":"
      },
      {
        "lineNumber": 55,
        "author": {
          "gitId": "x3chillax"
        },
        "content": "                    {"
      },
      {
        "lineNumber": 56,
        "author": {
          "gitId": "x3chillax"
        },
        "content": "                        System.out.print(line);"
      },
      {
        "lineNumber": 57,
        "author": {
          "gitId": "x3chillax"
        },
        "content": "                        System.out.println(\"     Bye. Hope to see you again soon!\");"
      },
      {
        "lineNumber": 58,
        "author": {
          "gitId": "x3chillax"
        },
        "content": "                        System.out.println(line);"
      },
      {
        "lineNumber": 59,
        "author": {
          "gitId": "x3chillax"
        },
        "content": "                        break;"
      },
      {
        "lineNumber": 60,
        "author": {
          "gitId": "x3chillax"
        },
        "content": "                    }"
      },
      {
        "lineNumber": 61,
        "author": {
          "gitId": "x3chillax"
        },
        "content": "                    case \"list\":"
      },
      {
        "lineNumber": 62,
        "author": {
          "gitId": "x3chillax"
        },
        "content": "                    {"
      },
      {
        "lineNumber": 63,
        "author": {
          "gitId": "x3chillax"
        },
        "content": "                        System.out.print(line);"
      },
      {
        "lineNumber": 64,
        "author": {
          "gitId": "x3chillax"
        },
        "content": "                        System.out.println(\"\\t Here are the tasks in your list:\");"
      },
      {
        "lineNumber": 65,
        "author": {
          "gitId": "x3chillax"
        },
        "content": ""
      },
      {
        "lineNumber": 66,
        "author": {
          "gitId": "x3chillax"
        },
        "content": "                        for (int j \u003d 0; j \u003c arlist.size(); j +\u003d 1)"
      },
      {
        "lineNumber": 67,
        "author": {
          "gitId": "x3chillax"
        },
        "content": "                        {"
      },
      {
        "lineNumber": 68,
        "author": {
          "gitId": "x3chillax"
        },
        "content": "                            System.out.println(\"\\t \" + (j + 1) + \".\" + arlist.get(j).toString());"
      },
      {
        "lineNumber": 69,
        "author": {
          "gitId": "x3chillax"
        },
        "content": "                        }"
      },
      {
        "lineNumber": 70,
        "author": {
          "gitId": "x3chillax"
        },
        "content": "                        /*"
      },
      {
        "lineNumber": 71,
        "author": {
          "gitId": "x3chillax"
        },
        "content": "                        count \u003d 0;"
      },
      {
        "lineNumber": 72,
        "author": {
          "gitId": "x3chillax"
        },
        "content": "                        for(Task t : arlist)"
      },
      {
        "lineNumber": 73,
        "author": {
          "gitId": "x3chillax"
        },
        "content": "                        {"
      },
      {
        "lineNumber": 74,
        "author": {
          "gitId": "x3chillax"
        },
        "content": "                            count +\u003d 1;"
      },
      {
        "lineNumber": 75,
        "author": {
          "gitId": "x3chillax"
        },
        "content": "                            System.out.println(\"\\t \" + count + \".\" + t.toString());"
      },
      {
        "lineNumber": 76,
        "author": {
          "gitId": "x3chillax"
        },
        "content": "                        }"
      },
      {
        "lineNumber": 77,
        "author": {
          "gitId": "x3chillax"
        },
        "content": "                        */"
      },
      {
        "lineNumber": 78,
        "author": {
          "gitId": "x3chillax"
        },
        "content": "                        System.out.println(line);"
      },
      {
        "lineNumber": 79,
        "author": {
          "gitId": "x3chillax"
        },
        "content": "                        break;"
      },
      {
        "lineNumber": 80,
        "author": {
          "gitId": "x3chillax"
        },
        "content": "                    }"
      },
      {
        "lineNumber": 81,
        "author": {
          "gitId": "x3chillax"
        },
        "content": "                    case \"done\":"
      },
      {
        "lineNumber": 82,
        "author": {
          "gitId": "x3chillax"
        },
        "content": "                    {"
      },
      {
        "lineNumber": 83,
        "author": {
          "gitId": "x3chillax"
        },
        "content": "                        if(number.length \u003d\u003d 1)"
      },
      {
        "lineNumber": 84,
        "author": {
          "gitId": "x3chillax"
        },
        "content": "                        {"
      },
      {
        "lineNumber": 85,
        "author": {
          "gitId": "x3chillax"
        },
        "content": "                            try"
      },
      {
        "lineNumber": 86,
        "author": {
          "gitId": "x3chillax"
        },
        "content": "                            {"
      },
      {
        "lineNumber": 87,
        "author": {
          "gitId": "x3chillax"
        },
        "content": "                                int placeholder \u003d (Integer.parseInt(number[1]) - 1);"
      },
      {
        "lineNumber": 88,
        "author": {
          "gitId": "x3chillax"
        },
        "content": "                            }"
      },
      {
        "lineNumber": 89,
        "author": {
          "gitId": "x3chillax"
        },
        "content": "                            catch (Exception e)"
      },
      {
        "lineNumber": 90,
        "author": {
          "gitId": "x3chillax"
        },
        "content": "                            {"
      },
      {
        "lineNumber": 91,
        "author": {
          "gitId": "x3chillax"
        },
        "content": "                                System.out.println(line);"
      },
      {
        "lineNumber": 92,
        "author": {
          "gitId": "x3chillax"
        },
        "content": "                                System.out.println(\"Invalid syntax.\\t Syntax \u003d todo (name of task)\");"
      },
      {
        "lineNumber": 93,
        "author": {
          "gitId": "x3chillax"
        },
        "content": "                                break;"
      },
      {
        "lineNumber": 94,
        "author": {
          "gitId": "x3chillax"
        },
        "content": "                            }"
      },
      {
        "lineNumber": 95,
        "author": {
          "gitId": "x3chillax"
        },
        "content": "                        }"
      },
      {
        "lineNumber": 96,
        "author": {
          "gitId": "x3chillax"
        },
        "content": "                        int placeholder \u003d (Integer.parseInt(number[1]) - 1);            //done 1 means arlist[0] so remember to -1"
      },
      {
        "lineNumber": 97,
        "author": {
          "gitId": "x3chillax"
        },
        "content": "                        arlist.get(placeholder).markAsDone();"
      },
      {
        "lineNumber": 98,
        "author": {
          "gitId": "x3chillax"
        },
        "content": "                        System.out.print(line);"
      },
      {
        "lineNumber": 99,
        "author": {
          "gitId": "x3chillax"
        },
        "content": "                        System.out.println(\"     Nice! I\u0027ve marked this task as done:\");"
      },
      {
        "lineNumber": 100,
        "author": {
          "gitId": "x3chillax"
        },
        "content": "                        System.out.println(\"       \" + arlist.get(placeholder).toString());"
      },
      {
        "lineNumber": 101,
        "author": {
          "gitId": "x3chillax"
        },
        "content": "                        System.out.println(line);"
      },
      {
        "lineNumber": 102,
        "author": {
          "gitId": "x3chillax"
        },
        "content": "                        break;"
      },
      {
        "lineNumber": 103,
        "author": {
          "gitId": "x3chillax"
        },
        "content": "                    }"
      },
      {
        "lineNumber": 104,
        "author": {
          "gitId": "x3chillax"
        },
        "content": "                    case \"todo\":"
      },
      {
        "lineNumber": 105,
        "author": {
          "gitId": "x3chillax"
        },
        "content": "                    {"
      },
      {
        "lineNumber": 106,
        "author": {
          "gitId": "x3chillax"
        },
        "content": "                        //System.out.print(number.length);"
      },
      {
        "lineNumber": 107,
        "author": {
          "gitId": "x3chillax"
        },
        "content": "                        if(number.length \u003d\u003d 1)"
      },
      {
        "lineNumber": 108,
        "author": {
          "gitId": "x3chillax"
        },
        "content": "                        {"
      },
      {
        "lineNumber": 109,
        "author": {
          "gitId": "x3chillax"
        },
        "content": "                            try"
      },
      {
        "lineNumber": 110,
        "author": {
          "gitId": "x3chillax"
        },
        "content": "                            {"
      },
      {
        "lineNumber": 111,
        "author": {
          "gitId": "x3chillax"
        },
        "content": "                                arlist.add(new Todo(number[1]));"
      },
      {
        "lineNumber": 112,
        "author": {
          "gitId": "x3chillax"
        },
        "content": "                            }"
      },
      {
        "lineNumber": 113,
        "author": {
          "gitId": "x3chillax"
        },
        "content": "                            catch (Exception e)"
      },
      {
        "lineNumber": 114,
        "author": {
          "gitId": "x3chillax"
        },
        "content": "                            {"
      },
      {
        "lineNumber": 115,
        "author": {
          "gitId": "x3chillax"
        },
        "content": "                                System.out.println(line);"
      },
      {
        "lineNumber": 116,
        "author": {
          "gitId": "x3chillax"
        },
        "content": "                                System.out.println(\"Invalid syntax.\\t Syntax \u003d todo (name of task)\");"
      },
      {
        "lineNumber": 117,
        "author": {
          "gitId": "x3chillax"
        },
        "content": "                                break;"
      },
      {
        "lineNumber": 118,
        "author": {
          "gitId": "x3chillax"
        },
        "content": "                            }"
      },
      {
        "lineNumber": 119,
        "author": {
          "gitId": "x3chillax"
        },
        "content": "                        }"
      },
      {
        "lineNumber": 120,
        "author": {
          "gitId": "x3chillax"
        },
        "content": "                        System.out.print(line);"
      },
      {
        "lineNumber": 121,
        "author": {
          "gitId": "x3chillax"
        },
        "content": "                        arlist.add(new Todo(number[1]));"
      },
      {
        "lineNumber": 122,
        "author": {
          "gitId": "x3chillax"
        },
        "content": "                        System.out.println(\"     Got it. I\u0027ve added this task: \");"
      },
      {
        "lineNumber": 123,
        "author": {
          "gitId": "x3chillax"
        },
        "content": "                        System.out.println(\"\\t   \" + arlist.get(arlist.size() - 1).toString());"
      },
      {
        "lineNumber": 124,
        "author": {
          "gitId": "x3chillax"
        },
        "content": "                        System.out.println(\"\\t Now you have \" + arlist.size() + \" tasks in the list.\");"
      },
      {
        "lineNumber": 125,
        "author": {
          "gitId": "x3chillax"
        },
        "content": "                        System.out.println(line);"
      },
      {
        "lineNumber": 126,
        "author": {
          "gitId": "x3chillax"
        },
        "content": "                        //count +\u003d 1;"
      },
      {
        "lineNumber": 127,
        "author": {
          "gitId": "x3chillax"
        },
        "content": "                        break;"
      },
      {
        "lineNumber": 128,
        "author": {
          "gitId": "x3chillax"
        },
        "content": "                    }"
      },
      {
        "lineNumber": 129,
        "author": {
          "gitId": "x3chillax"
        },
        "content": "                    case \"deadline\":"
      },
      {
        "lineNumber": 130,
        "author": {
          "gitId": "x3chillax"
        },
        "content": "                    {"
      },
      {
        "lineNumber": 131,
        "author": {
          "gitId": "x3chillax"
        },
        "content": "                        //command \u003d deadline return book /by Sunday"
      },
      {
        "lineNumber": 132,
        "author": {
          "gitId": "x3chillax"
        },
        "content": "                        //part[0] \u003d deadline return book, part[1] \u003d by Sunday"
      },
      {
        "lineNumber": 133,
        "author": {
          "gitId": "x3chillax"
        },
        "content": "                        //forcolon[1] \u003d Sunday, removedeadline[1] \u003d return book"
      },
      {
        "lineNumber": 134,
        "author": {
          "gitId": "x3chillax"
        },
        "content": "                        String[] part \u003d command.split(\"/\", 2);"
      },
      {
        "lineNumber": 135,
        "author": {
          "gitId": "x3chillax"
        },
        "content": "                        System.out.print(line);"
      },
      {
        "lineNumber": 136,
        "author": {
          "gitId": "x3chillax"
        },
        "content": "                        String[] forcolon \u003d part[1].split(\" \", 2);"
      },
      {
        "lineNumber": 137,
        "author": {
          "gitId": "x3chillax"
        },
        "content": "                        String[] removedeadline \u003d part[0].split(\" \", 2);"
      },
      {
        "lineNumber": 138,
        "author": {
          "gitId": "x3chillax"
        },
        "content": "                        arlist.add(new Deadline(removedeadline[1], forcolon[1]));"
      },
      {
        "lineNumber": 139,
        "author": {
          "gitId": "x3chillax"
        },
        "content": "                        System.out.println(\"     Got it. I\u0027ve added this task: \");"
      },
      {
        "lineNumber": 140,
        "author": {
          "gitId": "x3chillax"
        },
        "content": "                        System.out.println(\"\\t   \" + arlist.get(arlist.size() - 1).toString());"
      },
      {
        "lineNumber": 141,
        "author": {
          "gitId": "x3chillax"
        },
        "content": "                        System.out.println(\"\\t Now you have \" + arlist.size() + \" tasks in the list.\");"
      },
      {
        "lineNumber": 142,
        "author": {
          "gitId": "x3chillax"
        },
        "content": "                        System.out.println(line);"
      },
      {
        "lineNumber": 143,
        "author": {
          "gitId": "x3chillax"
        },
        "content": "                        //count +\u003d 1;"
      },
      {
        "lineNumber": 144,
        "author": {
          "gitId": "x3chillax"
        },
        "content": "                        break;"
      },
      {
        "lineNumber": 145,
        "author": {
          "gitId": "x3chillax"
        },
        "content": "                    }"
      },
      {
        "lineNumber": 146,
        "author": {
          "gitId": "x3chillax"
        },
        "content": "                    case \"event\":"
      },
      {
        "lineNumber": 147,
        "author": {
          "gitId": "x3chillax"
        },
        "content": "                    {"
      },
      {
        "lineNumber": 148,
        "author": {
          "gitId": "x3chillax"
        },
        "content": "                        //command \u003d event project meeting /at Mon 2-4pm"
      },
      {
        "lineNumber": 149,
        "author": {
          "gitId": "x3chillax"
        },
        "content": "                        //part[0] \u003d event project meeting, part[1] \u003d at Mon 2-4pm"
      },
      {
        "lineNumber": 150,
        "author": {
          "gitId": "x3chillax"
        },
        "content": "                        //removeevent[0] \u003d event, number[1] \u003d project meeting at Mon 2-4pm"
      },
      {
        "lineNumber": 151,
        "author": {
          "gitId": "x3chillax"
        },
        "content": "                        //System.out.println(number.length);"
      },
      {
        "lineNumber": 152,
        "author": {
          "gitId": "x3chillax"
        },
        "content": "                        String[] part \u003d command.split(\"/\", 2);"
      },
      {
        "lineNumber": 153,
        "author": {
          "gitId": "x3chillax"
        },
        "content": "                        //System.out.println(part.length);"
      },
      {
        "lineNumber": 154,
        "author": {
          "gitId": "x3chillax"
        },
        "content": "                        if(part.length \u003d\u003d 1)"
      },
      {
        "lineNumber": 155,
        "author": {
          "gitId": "x3chillax"
        },
        "content": "                        {"
      },
      {
        "lineNumber": 156,
        "author": {
          "gitId": "x3chillax"
        },
        "content": "                            try"
      },
      {
        "lineNumber": 157,
        "author": {
          "gitId": "x3chillax"
        },
        "content": "                            {"
      },
      {
        "lineNumber": 158,
        "author": {
          "gitId": "x3chillax"
        },
        "content": "                                String[] forcolon \u003d part[1].split(\" \", 2);      //forcolon[0] \u003d at, forcolon[1] \u003d Mon 2-4pm"
      },
      {
        "lineNumber": 159,
        "author": {
          "gitId": "x3chillax"
        },
        "content": "                            }"
      },
      {
        "lineNumber": 160,
        "author": {
          "gitId": "x3chillax"
        },
        "content": "                            catch (Exception e)"
      },
      {
        "lineNumber": 161,
        "author": {
          "gitId": "x3chillax"
        },
        "content": "                            {"
      },
      {
        "lineNumber": 162,
        "author": {
          "gitId": "x3chillax"
        },
        "content": "                                System.out.println(line);"
      },
      {
        "lineNumber": 163,
        "author": {
          "gitId": "x3chillax"
        },
        "content": "                                System.out.println(\"Invalid syntax.\\t Syntax \u003d event (name of event) /at (Day) (Time)\");"
      },
      {
        "lineNumber": 164,
        "author": {
          "gitId": "x3chillax"
        },
        "content": "                                break;"
      },
      {
        "lineNumber": 165,
        "author": {
          "gitId": "x3chillax"
        },
        "content": "                            }"
      },
      {
        "lineNumber": 166,
        "author": {
          "gitId": "x3chillax"
        },
        "content": "                        }"
      },
      {
        "lineNumber": 167,
        "author": {
          "gitId": "x3chillax"
        },
        "content": "                        String[] forcolon \u003d part[1].split(\" \", 2);      //forcolon[0] \u003d at, forcolon[1] \u003d Mon 2-4pm"
      },
      {
        "lineNumber": 168,
        "author": {
          "gitId": "x3chillax"
        },
        "content": "                        String[] removeevent \u003d part[0].split(\" \", 2);       //removeevent[0] \u003d event, removeevent[1] \u003d project meeting"
      },
      {
        "lineNumber": 169,
        "author": {
          "gitId": "x3chillax"
        },
        "content": "                        arlist.add(new Event(removeevent[1], forcolon[1]));"
      },
      {
        "lineNumber": 170,
        "author": {
          "gitId": "x3chillax"
        },
        "content": "                        System.out.print(line);"
      },
      {
        "lineNumber": 171,
        "author": {
          "gitId": "x3chillax"
        },
        "content": "                        System.out.println(\"     Got it. I\u0027ve added this task: \");"
      },
      {
        "lineNumber": 172,
        "author": {
          "gitId": "x3chillax"
        },
        "content": "                        System.out.println(\"\\t   \" + arlist.get(arlist.size() - 1).toString());"
      },
      {
        "lineNumber": 173,
        "author": {
          "gitId": "x3chillax"
        },
        "content": "                        System.out.println(\"\\t Now you have \" + arlist.size() + \" tasks in the list.\");"
      },
      {
        "lineNumber": 174,
        "author": {
          "gitId": "x3chillax"
        },
        "content": "                        System.out.println(line);"
      },
      {
        "lineNumber": 175,
        "author": {
          "gitId": "x3chillax"
        },
        "content": "                        //count +\u003d 1;"
      },
      {
        "lineNumber": 176,
        "author": {
          "gitId": "x3chillax"
        },
        "content": "                        break;"
      },
      {
        "lineNumber": 177,
        "author": {
          "gitId": "x3chillax"
        },
        "content": "                    }"
      },
      {
        "lineNumber": 178,
        "author": {
          "gitId": "x3chillax"
        },
        "content": "                    default:"
      },
      {
        "lineNumber": 179,
        "author": {
          "gitId": "x3chillax"
        },
        "content": "                    {"
      },
      {
        "lineNumber": 180,
        "author": {
          "gitId": "x3chillax"
        },
        "content": "                        /*"
      },
      {
        "lineNumber": 181,
        "author": {
          "gitId": "x3chillax"
        },
        "content": "                        System.out.print(line);"
      },
      {
        "lineNumber": 182,
        "author": {
          "gitId": "x3chillax"
        },
        "content": "                        System.out.println(\"     added: \" + command);"
      },
      {
        "lineNumber": 183,
        "author": {
          "gitId": "x3chillax"
        },
        "content": "                        System.out.println(line);"
      },
      {
        "lineNumber": 184,
        "author": {
          "gitId": "x3chillax"
        },
        "content": "                        arlist.add(new Task(command));"
      },
      {
        "lineNumber": 185,
        "author": {
          "gitId": "x3chillax"
        },
        "content": "                        count +\u003d 1;"
      },
      {
        "lineNumber": 186,
        "author": {
          "gitId": "x3chillax"
        },
        "content": "                        */"
      },
      {
        "lineNumber": 187,
        "author": {
          "gitId": "x3chillax"
        },
        "content": "                        throw new DukeException(\"     ☹ OOPS!!! I\u0027m sorry, but I don\u0027t know what that means :-(\");"
      },
      {
        "lineNumber": 188,
        "author": {
          "gitId": "x3chillax"
        },
        "content": "                    }"
      },
      {
        "lineNumber": 189,
        "author": {
          "gitId": "x3chillax"
        },
        "content": "                }"
      },
      {
        "lineNumber": 190,
        "author": {
          "gitId": "x3chillax"
        },
        "content": "                if (command.equals(\"bye\"))"
      },
      {
        "lineNumber": 191,
        "author": {
          "gitId": "x3chillax"
        },
        "content": "                {"
      },
      {
        "lineNumber": 192,
        "author": {
          "gitId": "x3chillax"
        },
        "content": "                    break;"
      },
      {
        "lineNumber": 193,
        "author": {
          "gitId": "x3chillax"
        },
        "content": "                }"
      },
      {
        "lineNumber": 194,
        "author": {
          "gitId": "x3chillax"
        },
        "content": "            }"
      },
      {
        "lineNumber": 195,
        "author": {
          "gitId": "x3chillax"
        },
        "content": "            catch(DukeException e)"
      },
      {
        "lineNumber": 196,
        "author": {
          "gitId": "x3chillax"
        },
        "content": "            {"
      },
      {
        "lineNumber": 197,
        "author": {
          "gitId": "x3chillax"
        },
        "content": "                System.out.println(e.getMessage());"
      },
      {
        "lineNumber": 198,
        "author": {
          "gitId": "x3chillax"
        },
        "content": "            }"
      },
      {
        "lineNumber": 199,
        "author": {
          "gitId": "x3chillax"
        },
        "content": "        }"
      },
      {
        "lineNumber": 200,
        "author": {
          "gitId": "x3chillax"
        },
        "content": "        try"
      },
      {
        "lineNumber": 201,
        "author": {
          "gitId": "x3chillax"
        },
        "content": "        {"
      },
      {
        "lineNumber": 202,
        "author": {
          "gitId": "x3chillax"
        },
        "content": "            //FileOutputStream fos \u003d new FileOutputStream(\"src\\\\main\\\\java\\\\list.txt\");"
      },
      {
        "lineNumber": 203,
        "author": {
          "gitId": "x3chillax"
        },
        "content": "            FileOutputStream fos \u003d new FileOutputStream(\"list.txt\");"
      },
      {
        "lineNumber": 204,
        "author": {
          "gitId": "x3chillax"
        },
        "content": "            ObjectOutputStream oos \u003d new ObjectOutputStream(fos);"
      },
      {
        "lineNumber": 205,
        "author": {
          "gitId": "x3chillax"
        },
        "content": "            oos.writeObject(arlist);"
      },
      {
        "lineNumber": 206,
        "author": {
          "gitId": "x3chillax"
        },
        "content": "            oos.close();"
      },
      {
        "lineNumber": 207,
        "author": {
          "gitId": "x3chillax"
        },
        "content": "        }"
      },
      {
        "lineNumber": 208,
        "author": {
          "gitId": "x3chillax"
        },
        "content": "        catch(Exception e)"
      },
      {
        "lineNumber": 209,
        "author": {
          "gitId": "x3chillax"
        },
        "content": "        {"
      },
      {
        "lineNumber": 210,
        "author": {
          "gitId": "x3chillax"
        },
        "content": "            System.out.println(\"Directory specified is not found!\");"
      },
      {
        "lineNumber": 211,
        "author": {
          "gitId": "x3chillax"
        },
        "content": "        }"
      },
      {
        "lineNumber": 212,
        "author": {
          "gitId": "x3chillax"
        },
        "content": "        input.close();"
      },
      {
        "lineNumber": 213,
        "author": {
          "gitId": "-"
        },
        "content": "    }"
      },
      {
        "lineNumber": 214,
        "author": {
          "gitId": "-"
        },
        "content": "}"
      }
    ],
    "authorContributionMap": {
      "x3chillax": 212,
      "-": 2
    }
  },
  {
    "path": "src/main/java/DukeException.java",
    "fileType": "java",
    "lines": [
      {
        "lineNumber": 1,
        "author": {
          "gitId": "x3chillax"
        },
        "content": "public class DukeException extends Exception"
      },
      {
        "lineNumber": 2,
        "author": {
          "gitId": "x3chillax"
        },
        "content": "{"
      },
      {
        "lineNumber": 3,
        "author": {
          "gitId": "x3chillax"
        },
        "content": "    public DukeException(String message)"
      },
      {
        "lineNumber": 4,
        "author": {
          "gitId": "x3chillax"
        },
        "content": "    {"
      },
      {
        "lineNumber": 5,
        "author": {
          "gitId": "x3chillax"
        },
        "content": "        super(message);"
      },
      {
        "lineNumber": 6,
        "author": {
          "gitId": "x3chillax"
        },
        "content": "    }"
      },
      {
        "lineNumber": 7,
        "author": {
          "gitId": "x3chillax"
        },
        "content": "}"
      }
    ],
    "authorContributionMap": {
      "x3chillax": 7
    }
  },
  {
    "path": "src/main/java/Event.java",
    "fileType": "java",
    "lines": [
      {
        "lineNumber": 1,
        "author": {
          "gitId": "x3chillax"
        },
        "content": "import java.time.LocalDateTime;"
      },
      {
        "lineNumber": 2,
        "author": {
          "gitId": "x3chillax"
        },
        "content": "import java.time.format.DateTimeFormatter;"
      },
      {
        "lineNumber": 3,
        "author": {
          "gitId": "x3chillax"
        },
        "content": ""
      },
      {
        "lineNumber": 4,
        "author": {
          "gitId": "x3chillax"
        },
        "content": "public class Event extends Task"
      },
      {
        "lineNumber": 5,
        "author": {
          "gitId": "x3chillax"
        },
        "content": "{"
      },
      {
        "lineNumber": 6,
        "author": {
          "gitId": "x3chillax"
        },
        "content": ""
      },
      {
        "lineNumber": 7,
        "author": {
          "gitId": "x3chillax"
        },
        "content": "    protected String time;"
      },
      {
        "lineNumber": 8,
        "author": {
          "gitId": "x3chillax"
        },
        "content": "    LocalDateTime dt \u003d LocalDateTime.now();"
      },
      {
        "lineNumber": 9,
        "author": {
          "gitId": "x3chillax"
        },
        "content": "    static DateTimeFormatter formatter \u003d DateTimeFormatter.ofPattern(\"yyyy-MM-dd HH:mm\");"
      },
      {
        "lineNumber": 10,
        "author": {
          "gitId": "x3chillax"
        },
        "content": ""
      },
      {
        "lineNumber": 11,
        "author": {
          "gitId": "x3chillax"
        },
        "content": "    public Event(String description, String time) throws DukeException//project meeting /at Mon 2-4pm"
      },
      {
        "lineNumber": 12,
        "author": {
          "gitId": "x3chillax"
        },
        "content": "    {"
      },
      {
        "lineNumber": 13,
        "author": {
          "gitId": "x3chillax"
        },
        "content": "        super(description);     //Task\u0027s description"
      },
      {
        "lineNumber": 14,
        "author": {
          "gitId": "x3chillax"
        },
        "content": "        this.time \u003d time;"
      },
      {
        "lineNumber": 15,
        "author": {
          "gitId": "x3chillax"
        },
        "content": "        try"
      },
      {
        "lineNumber": 16,
        "author": {
          "gitId": "x3chillax"
        },
        "content": "        {"
      },
      {
        "lineNumber": 17,
        "author": {
          "gitId": "x3chillax"
        },
        "content": "            dt \u003d LocalDateTime.parse(time, formatter);"
      },
      {
        "lineNumber": 18,
        "author": {
          "gitId": "x3chillax"
        },
        "content": "        }"
      },
      {
        "lineNumber": 19,
        "author": {
          "gitId": "x3chillax"
        },
        "content": "        catch(Exception E)"
      },
      {
        "lineNumber": 20,
        "author": {
          "gitId": "x3chillax"
        },
        "content": "        {"
      },
      {
        "lineNumber": 21,
        "author": {
          "gitId": "x3chillax"
        },
        "content": "            //System.out.println(\"die liao la\");"
      },
      {
        "lineNumber": 22,
        "author": {
          "gitId": "x3chillax"
        },
        "content": "            throw new DukeException(\"Please enter in the following syntax: event (EventName) /at YYYY-MM-DD HH:MM\");"
      },
      {
        "lineNumber": 23,
        "author": {
          "gitId": "x3chillax"
        },
        "content": "        }"
      },
      {
        "lineNumber": 24,
        "author": {
          "gitId": "x3chillax"
        },
        "content": "    }"
      },
      {
        "lineNumber": 25,
        "author": {
          "gitId": "x3chillax"
        },
        "content": ""
      },
      {
        "lineNumber": 26,
        "author": {
          "gitId": "x3chillax"
        },
        "content": "    @Override"
      },
      {
        "lineNumber": 27,
        "author": {
          "gitId": "x3chillax"
        },
        "content": "    public String toString()"
      },
      {
        "lineNumber": 28,
        "author": {
          "gitId": "x3chillax"
        },
        "content": "    {"
      },
      {
        "lineNumber": 29,
        "author": {
          "gitId": "x3chillax"
        },
        "content": "        return \"[E]\" + super.toString() + \"(at: \" + dt.format(formatter) + \")\";"
      },
      {
        "lineNumber": 30,
        "author": {
          "gitId": "x3chillax"
        },
        "content": "    }"
      },
      {
        "lineNumber": 31,
        "author": {
          "gitId": "x3chillax"
        },
        "content": "}"
      }
    ],
    "authorContributionMap": {
      "x3chillax": 31
    }
  },
  {
    "path": "src/main/java/Task.java",
    "fileType": "java",
    "lines": [
      {
        "lineNumber": 1,
        "author": {
          "gitId": "x3chillax"
        },
        "content": "import java.io.Serializable;"
      },
      {
        "lineNumber": 2,
        "author": {
          "gitId": "x3chillax"
        },
        "content": ""
      },
      {
        "lineNumber": 3,
        "author": {
          "gitId": "x3chillax"
        },
        "content": "public class Task implements Serializable"
      },
      {
        "lineNumber": 4,
        "author": {
          "gitId": "x3chillax"
        },
        "content": "{"
      },
      {
        "lineNumber": 5,
        "author": {
          "gitId": "x3chillax"
        },
        "content": "    protected String description;"
      },
      {
        "lineNumber": 6,
        "author": {
          "gitId": "x3chillax"
        },
        "content": "    protected boolean isDone;"
      },
      {
        "lineNumber": 7,
        "author": {
          "gitId": "x3chillax"
        },
        "content": ""
      },
      {
        "lineNumber": 8,
        "author": {
          "gitId": "x3chillax"
        },
        "content": "    public Task(String description)"
      },
      {
        "lineNumber": 9,
        "author": {
          "gitId": "x3chillax"
        },
        "content": "    {"
      },
      {
        "lineNumber": 10,
        "author": {
          "gitId": "x3chillax"
        },
        "content": "        this.description \u003d description;"
      },
      {
        "lineNumber": 11,
        "author": {
          "gitId": "x3chillax"
        },
        "content": "        this.isDone \u003d false;"
      },
      {
        "lineNumber": 12,
        "author": {
          "gitId": "x3chillax"
        },
        "content": "    }"
      },
      {
        "lineNumber": 13,
        "author": {
          "gitId": "x3chillax"
        },
        "content": ""
      },
      {
        "lineNumber": 14,
        "author": {
          "gitId": "x3chillax"
        },
        "content": "    public String getDescription()"
      },
      {
        "lineNumber": 15,
        "author": {
          "gitId": "x3chillax"
        },
        "content": "    {"
      },
      {
        "lineNumber": 16,
        "author": {
          "gitId": "x3chillax"
        },
        "content": "        return this.description;"
      },
      {
        "lineNumber": 17,
        "author": {
          "gitId": "x3chillax"
        },
        "content": "    }"
      },
      {
        "lineNumber": 18,
        "author": {
          "gitId": "x3chillax"
        },
        "content": ""
      },
      {
        "lineNumber": 19,
        "author": {
          "gitId": "x3chillax"
        },
        "content": "    public String getStatusIcon()"
      },
      {
        "lineNumber": 20,
        "author": {
          "gitId": "x3chillax"
        },
        "content": "    {"
      },
      {
        "lineNumber": 21,
        "author": {
          "gitId": "x3chillax"
        },
        "content": "        return (isDone ? \"[\\u2713] \" : \"[\\u2718] \"); //return tick or X symbols"
      },
      {
        "lineNumber": 22,
        "author": {
          "gitId": "x3chillax"
        },
        "content": "    }"
      },
      {
        "lineNumber": 23,
        "author": {
          "gitId": "x3chillax"
        },
        "content": "    public void markAsDone()"
      },
      {
        "lineNumber": 24,
        "author": {
          "gitId": "x3chillax"
        },
        "content": "    {"
      },
      {
        "lineNumber": 25,
        "author": {
          "gitId": "x3chillax"
        },
        "content": "        this.isDone \u003d true;"
      },
      {
        "lineNumber": 26,
        "author": {
          "gitId": "x3chillax"
        },
        "content": "    }"
      },
      {
        "lineNumber": 27,
        "author": {
          "gitId": "x3chillax"
        },
        "content": "    public String toString()"
      },
      {
        "lineNumber": 28,
        "author": {
          "gitId": "x3chillax"
        },
        "content": "    {"
      },
      {
        "lineNumber": 29,
        "author": {
          "gitId": "x3chillax"
        },
        "content": "        return getStatusIcon() + getDescription();"
      },
      {
        "lineNumber": 30,
        "author": {
          "gitId": "x3chillax"
        },
        "content": "    }"
      },
      {
        "lineNumber": 31,
        "author": {
          "gitId": "x3chillax"
        },
        "content": "}"
      }
    ],
    "authorContributionMap": {
      "x3chillax": 31
    }
  },
  {
    "path": "src/main/java/Todo.java",
    "fileType": "java",
    "lines": [
      {
        "lineNumber": 1,
        "author": {
          "gitId": "x3chillax"
        },
        "content": "public class Todo extends Task"
      },
      {
        "lineNumber": 2,
        "author": {
          "gitId": "x3chillax"
        },
        "content": "{"
      },
      {
        "lineNumber": 3,
        "author": {
          "gitId": "x3chillax"
        },
        "content": "    public Todo(String description) throws DukeException       //todo is only a string. no need date and time"
      },
      {
        "lineNumber": 4,
        "author": {
          "gitId": "x3chillax"
        },
        "content": "    {"
      },
      {
        "lineNumber": 5,
        "author": {
          "gitId": "x3chillax"
        },
        "content": "        super(description);"
      },
      {
        "lineNumber": 6,
        "author": {
          "gitId": "x3chillax"
        },
        "content": "        if(description.trim().isEmpty())            //if description is juz white spaces."
      },
      {
        "lineNumber": 7,
        "author": {
          "gitId": "x3chillax"
        },
        "content": "        {"
      },
      {
        "lineNumber": 8,
        "author": {
          "gitId": "x3chillax"
        },
        "content": "            throw new DukeException(\"☹ OOPS!!! The description of a todo cannot be empty.\");"
      },
      {
        "lineNumber": 9,
        "author": {
          "gitId": "x3chillax"
        },
        "content": "        }"
      },
      {
        "lineNumber": 10,
        "author": {
          "gitId": "x3chillax"
        },
        "content": "    }"
      },
      {
        "lineNumber": 11,
        "author": {
          "gitId": "x3chillax"
        },
        "content": ""
      },
      {
        "lineNumber": 12,
        "author": {
          "gitId": "x3chillax"
        },
        "content": "    @Override"
      },
      {
        "lineNumber": 13,
        "author": {
          "gitId": "x3chillax"
        },
        "content": "    public String toString()"
      },
      {
        "lineNumber": 14,
        "author": {
          "gitId": "x3chillax"
        },
        "content": "    {"
      },
      {
        "lineNumber": 15,
        "author": {
          "gitId": "x3chillax"
        },
        "content": "        return \"[T]\" + super.toString();"
      },
      {
        "lineNumber": 16,
        "author": {
          "gitId": "x3chillax"
        },
        "content": "    }"
      },
      {
        "lineNumber": 17,
        "author": {
          "gitId": "x3chillax"
        },
        "content": "}"
      }
    ],
    "authorContributionMap": {
      "x3chillax": 17
    }
  }
]
