{
  "authorDailyContributionsMap": {
    "iamabhishek98": [
      {
        "insertions": 404,
        "deletions": 101,
        "date": "2019-08-24",
        "commitResults": [
          {
            "hash": "8945ef6366b024e0e7f165dc06f91b64f461bbb8",
            "messageTitle": "Level 1",
            "messageBody": "",
            "insertions": 38,
            "deletions": 2
          },
          {
            "hash": "34bd530cdc0812011b605174bdddebb4d4c65a7b",
            "messageTitle": "Level 2",
            "messageBody": "",
            "insertions": 30,
            "deletions": 5
          },
          {
            "hash": "79c6f554b5c61f9692872432ee7a2a9fe3640ff2",
            "messageTitle": "Level 3",
            "messageBody": "",
            "insertions": 73,
            "deletions": 39
          },
          {
            "hash": "fd1101f272d1d9af1246171cb97b6aa29b64e99b",
            "messageTitle": "Level 4",
            "messageBody": "",
            "insertions": 95,
            "deletions": 26
          },
          {
            "hash": "ca93718b60aa64d2d5a997790a42e62df88890aa",
            "messageTitle": "Level 4",
            "messageBody": "",
            "insertions": 7,
            "deletions": 9
          },
          {
            "hash": "326c1966e1c213012b2de56d72e33bfb120a2dd4",
            "messageTitle": "Level 5",
            "messageBody": "",
            "insertions": 52,
            "deletions": 17
          },
          {
            "hash": "f46998e6e641b3419d0094951dd045b26a8082ed",
            "messageTitle": "Level 6",
            "messageBody": "",
            "insertions": 15,
            "deletions": 1
          },
          {
            "hash": "f4c3055faea862cc0da1ccf59cec81aa1f7bb225",
            "messageTitle": "Level 7",
            "messageBody": "",
            "insertions": 94,
            "deletions": 2
          }
        ]
      },
      {
        "insertions": 100,
        "deletions": 20,
        "date": "2019-08-25",
        "commitResults": [
          {
            "hash": "def091adc42bbf509f78f49853a507dd3f4262f7",
            "messageTitle": "Level 8",
            "messageBody": "",
            "insertions": 72,
            "deletions": 8
          },
          {
            "hash": "2e46eb422c59f0d9fd620ca86be5a375da2ec036",
            "messageTitle": "Level 8 fixed date and time bug",
            "messageBody": "",
            "insertions": 24,
            "deletions": 8
          },
          {
            "hash": "4b3b8beb0a3c947528fb4637b2f3ec4b7b004e86",
            "messageTitle": "Updated Level 8",
            "messageBody": "",
            "insertions": 4,
            "deletions": 4
          }
        ]
      },
      {
        "insertions": 184,
        "deletions": 112,
        "date": "2019-08-26",
        "commitResults": [
          {
            "hash": "6ad6e8217981e4663131f5b4664fd22296a7228e",
            "messageTitle": "fixed invalid date and time bug",
            "messageBody": "",
            "insertions": 65,
            "deletions": 20
          },
          {
            "hash": "f08bab98f76691cb315d0240dee4e22c67928a4f",
            "messageTitle": "fixed invalid loading of datetime from database",
            "messageBody": "",
            "insertions": 5,
            "deletions": 19
          },
          {
            "hash": "37f93cb7e6d020adbe38e7ed494df6be902cfefb",
            "messageTitle": "Level 9 Initial Commit",
            "messageBody": "",
            "insertions": 50,
            "deletions": 23
          },
          {
            "hash": "8248b8e1b2a3d36d30920a77e58cf10368828c6d",
            "messageTitle": "fixed invalid day of the month bug",
            "messageBody": "",
            "insertions": 19,
            "deletions": 7
          },
          {
            "hash": "f42b887bb398cd7f588411ac992a3b567583822a",
            "messageTitle": "some minor changes",
            "messageBody": "",
            "insertions": 14,
            "deletions": 13
          },
          {
            "hash": "4a42d6052c0fefbb7ae62779204532ce27f2fc5c",
            "messageTitle": "fixed static variable bug",
            "messageBody": "",
            "insertions": 24,
            "deletions": 24
          },
          {
            "hash": "d6de9939391174babf49e69564e6e2f97d7aa3fc",
            "messageTitle": "update Level 7",
            "messageBody": "",
            "insertions": 7,
            "deletions": 6
          }
        ]
      },
      {
        "insertions": 225,
        "deletions": 152,
        "date": "2019-08-27",
        "commitResults": [
          {
            "hash": "20514b8a7e384697fdf6fbcbbcef2768c4f42b90",
            "messageTitle": "Implemented DukeException properly",
            "messageBody": "",
            "insertions": 135,
            "deletions": 102
          },
          {
            "hash": "1fb8bbab0654ef0ece156f81b1bdbddcf9eed646",
            "messageTitle": "edited event time",
            "messageBody": "",
            "insertions": 90,
            "deletions": 50
          }
        ]
      },
      {
        "insertions": 102,
        "deletions": 80,
        "date": "2019-08-28",
        "commitResults": [
          {
            "hash": "52d6457acc5505c0189fb5eec7c96e066b4c7572",
            "messageTitle": "did some more error handling for date and time",
            "messageBody": "",
            "insertions": 45,
            "deletions": 17
          },
          {
            "hash": "fa57f2e40a6da5f8d46a257383b814485d4df565",
            "messageTitle": "some more OOP",
            "messageBody": "",
            "insertions": 45,
            "deletions": 45
          },
          {
            "hash": "2bfe97e98079c0a832c78d207691fbefd4f243e4",
            "messageTitle": "edited wrong error handling",
            "messageBody": "",
            "insertions": 12,
            "deletions": 18
          }
        ]
      },
      {
        "insertions": 171,
        "deletions": 156,
        "date": "2019-09-01",
        "commitResults": [
          {
            "hash": "8bb49d48607fc90dd59488e60af5b94cec21e949",
            "messageTitle": "implemented text ui testing",
            "messageBody": "",
            "insertions": 1,
            "deletions": 1
          },
          {
            "hash": "87aad006e40fb69d13d459fabda2abcfa34a51ad",
            "messageTitle": "partially did MOREOOP",
            "messageBody": "",
            "insertions": 47,
            "deletions": 39
          },
          {
            "hash": "aeb65a8fdbd7c3a9c1ede4ba61a54217c5f3987e",
            "messageTitle": "updated to original runtest code",
            "messageBody": "",
            "insertions": 1,
            "deletions": 1
          },
          {
            "hash": "035e2c9b5f6c37e99ad31b38c860a07287a93ae1",
            "messageTitle": "did more oop",
            "messageBody": "",
            "insertions": 110,
            "deletions": 115
          },
          {
            "hash": "8f1294ea11d1a88c92e545ea63a5e9e44d5373eb",
            "messageTitle": "added some comments",
            "messageBody": "",
            "insertions": 12,
            "deletions": 0
          }
        ]
      },
      {
        "insertions": 14,
        "deletions": 15,
        "date": "2019-09-02",
        "commitResults": [
          {
            "hash": "dea5e5456e193d884cdc15ad7f50eea144be22ff",
            "messageTitle": "some minor changes",
            "messageBody": "",
            "insertions": 14,
            "deletions": 15
          }
        ]
      },
      {
        "insertions": 284,
        "deletions": 171,
        "date": "2019-09-03",
        "commitResults": [
          {
            "hash": "6432cdd6c1df50e7f2eda24a17573af1843bd07f",
            "messageTitle": "trying to implement commands",
            "messageBody": "",
            "insertions": 17,
            "deletions": 6
          },
          {
            "hash": "c54df8d71f92c7e14490040b0bf1c94c8e2625f8",
            "messageTitle": "implemented command class and other sub classes",
            "messageBody": "",
            "insertions": 267,
            "deletions": 165
          }
        ]
      },
      {
        "insertions": 113,
        "deletions": 10,
        "date": "2019-09-04",
        "commitResults": [
          {
            "hash": "3f7423f26ece24f2544200cd043f8337ff091d31",
            "messageTitle": "seperated similar classes into packages",
            "messageBody": "",
            "insertions": 111,
            "deletions": 5
          },
          {
            "hash": "adbdca4449be711d34b4e4a0cd232581daa77259",
            "messageTitle": "no changes",
            "messageBody": "",
            "insertions": 0,
            "deletions": 1
          },
          {
            "hash": "c2ec4cfcd6da21f504c206f4f15b1f9a7e7e931a",
            "messageTitle": "some minor changes",
            "messageBody": "",
            "insertions": 2,
            "deletions": 4
          }
        ]
      },
      {
        "insertions": 11,
        "deletions": 8,
        "date": "2019-09-05",
        "commitResults": [
          {
            "hash": "d7d43986d779be9cb5bd1c8833d9af75049bb5d8",
            "messageTitle": "regressive testing",
            "messageBody": "",
            "insertions": 11,
            "deletions": 8
          }
        ]
      }
    ]
  },
  "authorFinalContributionMap": {
    "iamabhishek98": 792
  },
  "authorFileTypeContributionMap": {
    "iamabhishek98": {
      "java": 788,
      "gradle": 4,
      "css": 0,
      "fxml": 0
    }
  },
  "authorContributionVariance": {
    "iamabhishek98": 29001.418
  },
  "authorDisplayNameMap": {
    "iamabhishek98": "T13-1 KAR..HEK"
  }
}
