[
  {
    "path": "src/main/java/Deadline.java",
    "lines": [
      {
        "lineNumber": 1,
        "author": {
          "gitId": "e0313687"
        },
        "content": " public class Deadline extends Task {"
      },
      {
        "lineNumber": 2,
        "author": {
          "gitId": "e0313687"
        },
        "content": "    protected String by;"
      },
      {
        "lineNumber": 3,
        "author": {
          "gitId": "e0313687"
        },
        "content": ""
      },
      {
        "lineNumber": 4,
        "author": {
          "gitId": "e0313687"
        },
        "content": "    public String getBy() {"
      },
      {
        "lineNumber": 5,
        "author": {
          "gitId": "e0313687"
        },
        "content": "        return this.by;"
      },
      {
        "lineNumber": 6,
        "author": {
          "gitId": "e0313687"
        },
        "content": "    }"
      },
      {
        "lineNumber": 7,
        "author": {
          "gitId": "e0313687"
        },
        "content": ""
      },
      {
        "lineNumber": 8,
        "author": {
          "gitId": "e0313687"
        },
        "content": "    public void setBy(String by) {"
      },
      {
        "lineNumber": 9,
        "author": {
          "gitId": "e0313687"
        },
        "content": "        this.by \u003d by;"
      },
      {
        "lineNumber": 10,
        "author": {
          "gitId": "e0313687"
        },
        "content": "    }"
      },
      {
        "lineNumber": 11,
        "author": {
          "gitId": "e0313687"
        },
        "content": ""
      },
      {
        "lineNumber": 12,
        "author": {
          "gitId": "e0313687"
        },
        "content": "    public Deadline (String description, String by) {"
      },
      {
        "lineNumber": 13,
        "author": {
          "gitId": "e0313687"
        },
        "content": "        super(description);"
      },
      {
        "lineNumber": 14,
        "author": {
          "gitId": "e0313687"
        },
        "content": "        this.by \u003d by;"
      },
      {
        "lineNumber": 15,
        "author": {
          "gitId": "e0313687"
        },
        "content": "    }"
      },
      {
        "lineNumber": 16,
        "author": {
          "gitId": "e0313687"
        },
        "content": ""
      },
      {
        "lineNumber": 17,
        "author": {
          "gitId": "e0313687"
        },
        "content": "    @Override"
      },
      {
        "lineNumber": 18,
        "author": {
          "gitId": "e0313687"
        },
        "content": "     public String toString() {"
      },
      {
        "lineNumber": 19,
        "author": {
          "gitId": "e0313687"
        },
        "content": "        return \"[D]\" + super.toString() + \" (by: \" + by + \")\";"
      },
      {
        "lineNumber": 20,
        "author": {
          "gitId": "e0313687"
        },
        "content": "    }"
      },
      {
        "lineNumber": 21,
        "author": {
          "gitId": "e0313687"
        },
        "content": "}"
      }
    ],
    "authorContributionMap": {
      "e0313687": 21
    }
  },
  {
    "path": "src/main/java/Duke.java",
    "lines": [
      {
        "lineNumber": 1,
        "author": {
          "gitId": "e0313687"
        },
        "content": "import java.util.Scanner;"
      },
      {
        "lineNumber": 2,
        "author": {
          "gitId": "e0313687"
        },
        "content": "import java.util.StringTokenizer;"
      },
      {
        "lineNumber": 3,
        "author": {
          "gitId": "e0313687"
        },
        "content": ""
      },
      {
        "lineNumber": 4,
        "author": {
          "gitId": "-"
        },
        "content": "public class Duke {"
      },
      {
        "lineNumber": 5,
        "author": {
          "gitId": "-"
        },
        "content": "    public static void main(String[] args) {"
      },
      {
        "lineNumber": 6,
        "author": {
          "gitId": "e0313687"
        },
        "content": ""
      },
      {
        "lineNumber": 7,
        "author": {
          "gitId": "e0313687"
        },
        "content": "        //Level 0"
      },
      {
        "lineNumber": 8,
        "author": {
          "gitId": "e0313687"
        },
        "content": "        /*String logo \u003d \" ____        _        \\n\""
      },
      {
        "lineNumber": 9,
        "author": {
          "gitId": "-"
        },
        "content": "                + \"|  _ \\\\ _   _| | _____ \\n\""
      },
      {
        "lineNumber": 10,
        "author": {
          "gitId": "-"
        },
        "content": "                + \"| | | | | | | |/ / _ \\\\\\n\""
      },
      {
        "lineNumber": 11,
        "author": {
          "gitId": "-"
        },
        "content": "                + \"| |_| | |_| |   \u003c  __/\\n\""
      },
      {
        "lineNumber": 12,
        "author": {
          "gitId": "-"
        },
        "content": "                + \"|____/ \\\\__,_|_|\\\\_\\\\___|\\n\";"
      },
      {
        "lineNumber": 13,
        "author": {
          "gitId": "e0313687"
        },
        "content": "        System.out.println(\"Hello from\\n\" + logo);*/"
      },
      {
        "lineNumber": 14,
        "author": {
          "gitId": "e0313687"
        },
        "content": ""
      },
      {
        "lineNumber": 15,
        "author": {
          "gitId": "e0313687"
        },
        "content": "        //Level 1"
      },
      {
        "lineNumber": 16,
        "author": {
          "gitId": "e0313687"
        },
        "content": "        /*System.out.println(\"Hello! I\u0027m Duke\");"
      },
      {
        "lineNumber": 17,
        "author": {
          "gitId": "e0313687"
        },
        "content": "        System.out.println(\"What can I do for you?\");"
      },
      {
        "lineNumber": 18,
        "author": {
          "gitId": "e0313687"
        },
        "content": "        while(true){"
      },
      {
        "lineNumber": 19,
        "author": {
          "gitId": "e0313687"
        },
        "content": "            Scanner command \u003d new Scanner(System.in);"
      },
      {
        "lineNumber": 20,
        "author": {
          "gitId": "e0313687"
        },
        "content": "            String userCommand \u003d command.nextLine();"
      },
      {
        "lineNumber": 21,
        "author": {
          "gitId": "e0313687"
        },
        "content": "            if (userCommand.equals(\"bye\")) {"
      },
      {
        "lineNumber": 22,
        "author": {
          "gitId": "e0313687"
        },
        "content": "                System.out.println(\"Bye. Hope to see you again soon!\");"
      },
      {
        "lineNumber": 23,
        "author": {
          "gitId": "e0313687"
        },
        "content": "                break;"
      },
      {
        "lineNumber": 24,
        "author": {
          "gitId": "e0313687"
        },
        "content": "            }"
      },
      {
        "lineNumber": 25,
        "author": {
          "gitId": "e0313687"
        },
        "content": "            System.out.println(userCommand);"
      },
      {
        "lineNumber": 26,
        "author": {
          "gitId": "e0313687"
        },
        "content": "        }*/"
      },
      {
        "lineNumber": 27,
        "author": {
          "gitId": "e0313687"
        },
        "content": ""
      },
      {
        "lineNumber": 28,
        "author": {
          "gitId": "e0313687"
        },
        "content": "        //Level 2"
      },
      {
        "lineNumber": 29,
        "author": {
          "gitId": "e0313687"
        },
        "content": "        /*System.out.println(\"Hello! I\u0027m Duke\");"
      },
      {
        "lineNumber": 30,
        "author": {
          "gitId": "e0313687"
        },
        "content": "        System.out.println(\"What can I do for you?\");"
      },
      {
        "lineNumber": 31,
        "author": {
          "gitId": "e0313687"
        },
        "content": "        String userCommands[] \u003d new String[100];"
      },
      {
        "lineNumber": 32,
        "author": {
          "gitId": "e0313687"
        },
        "content": "        int temp \u003d 0;"
      },
      {
        "lineNumber": 33,
        "author": {
          "gitId": "e0313687"
        },
        "content": ""
      },
      {
        "lineNumber": 34,
        "author": {
          "gitId": "e0313687"
        },
        "content": "        while(true) {"
      },
      {
        "lineNumber": 35,
        "author": {
          "gitId": "e0313687"
        },
        "content": "            Scanner command \u003d new Scanner(System.in);"
      },
      {
        "lineNumber": 36,
        "author": {
          "gitId": "e0313687"
        },
        "content": "            String userCommand \u003d command.nextLine();"
      },
      {
        "lineNumber": 37,
        "author": {
          "gitId": "e0313687"
        },
        "content": "            if (userCommand.equals(\"bye\")) {"
      },
      {
        "lineNumber": 38,
        "author": {
          "gitId": "e0313687"
        },
        "content": "                System.out.println(\"Bye. Hope to see you again soon!\");"
      },
      {
        "lineNumber": 39,
        "author": {
          "gitId": "e0313687"
        },
        "content": "                break;"
      },
      {
        "lineNumber": 40,
        "author": {
          "gitId": "e0313687"
        },
        "content": "            }"
      },
      {
        "lineNumber": 41,
        "author": {
          "gitId": "e0313687"
        },
        "content": "            if (userCommand.equals(\"list\")) {"
      },
      {
        "lineNumber": 42,
        "author": {
          "gitId": "e0313687"
        },
        "content": "                for (int i \u003d 0; i \u003c temp; i++) {"
      },
      {
        "lineNumber": 43,
        "author": {
          "gitId": "e0313687"
        },
        "content": "                    System.out.println(i+1 + \". \" + userCommands[i]);"
      },
      {
        "lineNumber": 44,
        "author": {
          "gitId": "e0313687"
        },
        "content": "                }"
      },
      {
        "lineNumber": 45,
        "author": {
          "gitId": "e0313687"
        },
        "content": "            }"
      },
      {
        "lineNumber": 46,
        "author": {
          "gitId": "e0313687"
        },
        "content": "            else {"
      },
      {
        "lineNumber": 47,
        "author": {
          "gitId": "e0313687"
        },
        "content": "                userCommands[temp] \u003d userCommand;"
      },
      {
        "lineNumber": 48,
        "author": {
          "gitId": "e0313687"
        },
        "content": "                temp++;"
      },
      {
        "lineNumber": 49,
        "author": {
          "gitId": "e0313687"
        },
        "content": "                System.out.println(\"added: \" + userCommand);"
      },
      {
        "lineNumber": 50,
        "author": {
          "gitId": "e0313687"
        },
        "content": "            }"
      },
      {
        "lineNumber": 51,
        "author": {
          "gitId": "e0313687"
        },
        "content": "        }*/"
      },
      {
        "lineNumber": 52,
        "author": {
          "gitId": "e0313687"
        },
        "content": ""
      },
      {
        "lineNumber": 53,
        "author": {
          "gitId": "e0313687"
        },
        "content": "        //Level 3"
      },
      {
        "lineNumber": 54,
        "author": {
          "gitId": "e0313687"
        },
        "content": "        /*System.out.println(\"Hello! I\u0027m Duke\");"
      },
      {
        "lineNumber": 55,
        "author": {
          "gitId": "e0313687"
        },
        "content": "        System.out.println(\"What can I do for you?\");"
      },
      {
        "lineNumber": 56,
        "author": {
          "gitId": "e0313687"
        },
        "content": "        Task[] userCommands \u003d new Task[100];"
      },
      {
        "lineNumber": 57,
        "author": {
          "gitId": "e0313687"
        },
        "content": ""
      },
      {
        "lineNumber": 58,
        "author": {
          "gitId": "e0313687"
        },
        "content": "        int temp \u003d 0;"
      },
      {
        "lineNumber": 59,
        "author": {
          "gitId": "e0313687"
        },
        "content": ""
      },
      {
        "lineNumber": 60,
        "author": {
          "gitId": "e0313687"
        },
        "content": "        while(true) {"
      },
      {
        "lineNumber": 61,
        "author": {
          "gitId": "e0313687"
        },
        "content": "            Scanner command \u003d new Scanner(System.in);"
      },
      {
        "lineNumber": 62,
        "author": {
          "gitId": "e0313687"
        },
        "content": "            String userCommand \u003d command.nextLine();"
      },
      {
        "lineNumber": 63,
        "author": {
          "gitId": "e0313687"
        },
        "content": "            StringTokenizer defaultTokenizer \u003d new StringTokenizer(userCommand);"
      },
      {
        "lineNumber": 64,
        "author": {
          "gitId": "e0313687"
        },
        "content": ""
      },
      {
        "lineNumber": 65,
        "author": {
          "gitId": "e0313687"
        },
        "content": "            if (userCommand.equals(\"bye\")) {"
      },
      {
        "lineNumber": 66,
        "author": {
          "gitId": "e0313687"
        },
        "content": "                System.out.println(\"Bye. Hope to see you again soon!\");"
      },
      {
        "lineNumber": 67,
        "author": {
          "gitId": "e0313687"
        },
        "content": "                break;"
      },
      {
        "lineNumber": 68,
        "author": {
          "gitId": "e0313687"
        },
        "content": "            }"
      },
      {
        "lineNumber": 69,
        "author": {
          "gitId": "e0313687"
        },
        "content": "            if (defaultTokenizer.countTokens() \u003d\u003d 2 \u0026\u0026 defaultTokenizer.nextToken().equals(\"done\")) {"
      },
      {
        "lineNumber": 70,
        "author": {
          "gitId": "e0313687"
        },
        "content": "                int done \u003d Integer.parseInt(defaultTokenizer.nextToken());"
      },
      {
        "lineNumber": 71,
        "author": {
          "gitId": "e0313687"
        },
        "content": "                userCommands[done-1].markAsDone();"
      },
      {
        "lineNumber": 72,
        "author": {
          "gitId": "e0313687"
        },
        "content": "                System.out.println(\"Nice! I\u0027ve marked this task as done:\");"
      },
      {
        "lineNumber": 73,
        "author": {
          "gitId": "e0313687"
        },
        "content": "                System.out.println(\"  [\" + userCommands[done-1].getStatusIcon() + \"] \" + userCommands[done-1].getDescription());"
      },
      {
        "lineNumber": 74,
        "author": {
          "gitId": "e0313687"
        },
        "content": ""
      },
      {
        "lineNumber": 75,
        "author": {
          "gitId": "-"
        },
        "content": "            }"
      },
      {
        "lineNumber": 76,
        "author": {
          "gitId": "e0313687"
        },
        "content": "            else if (userCommand.equals(\"list\")) {"
      },
      {
        "lineNumber": 77,
        "author": {
          "gitId": "e0313687"
        },
        "content": "                for (int i \u003d 0; i \u003c temp; i++) {"
      },
      {
        "lineNumber": 78,
        "author": {
          "gitId": "e0313687"
        },
        "content": "                    System.out.println(i+1 + \".[\" + userCommands[i].getStatusIcon() + \"] \" + userCommands[i].getDescription());"
      },
      {
        "lineNumber": 79,
        "author": {
          "gitId": "e0313687"
        },
        "content": "                }"
      },
      {
        "lineNumber": 80,
        "author": {
          "gitId": "e0313687"
        },
        "content": "            }"
      },
      {
        "lineNumber": 81,
        "author": {
          "gitId": "e0313687"
        },
        "content": "            else {"
      },
      {
        "lineNumber": 82,
        "author": {
          "gitId": "e0313687"
        },
        "content": "                userCommands[temp] \u003d new Task(userCommand);"
      },
      {
        "lineNumber": 83,
        "author": {
          "gitId": "e0313687"
        },
        "content": "                temp++;"
      },
      {
        "lineNumber": 84,
        "author": {
          "gitId": "e0313687"
        },
        "content": "                System.out.println(\"added: \" + userCommand);"
      },
      {
        "lineNumber": 85,
        "author": {
          "gitId": "e0313687"
        },
        "content": "            }"
      },
      {
        "lineNumber": 86,
        "author": {
          "gitId": "e0313687"
        },
        "content": "        }*/"
      },
      {
        "lineNumber": 87,
        "author": {
          "gitId": "e0313687"
        },
        "content": ""
      },
      {
        "lineNumber": 88,
        "author": {
          "gitId": "e0313687"
        },
        "content": "        //Level 4 \u0026 5"
      },
      {
        "lineNumber": 89,
        "author": {
          "gitId": "e0313687"
        },
        "content": "        System.out.println(\"Hello! I\u0027m Duke\");"
      },
      {
        "lineNumber": 90,
        "author": {
          "gitId": "e0313687"
        },
        "content": "        System.out.println(\"What can I do for you?\");"
      },
      {
        "lineNumber": 91,
        "author": {
          "gitId": "e0313687"
        },
        "content": "        Task[] userCommands \u003d new Task[100];"
      },
      {
        "lineNumber": 92,
        "author": {
          "gitId": "e0313687"
        },
        "content": ""
      },
      {
        "lineNumber": 93,
        "author": {
          "gitId": "e0313687"
        },
        "content": "        int temp \u003d 0;"
      },
      {
        "lineNumber": 94,
        "author": {
          "gitId": "e0313687"
        },
        "content": ""
      },
      {
        "lineNumber": 95,
        "author": {
          "gitId": "e0313687"
        },
        "content": "        while(true) {"
      },
      {
        "lineNumber": 96,
        "author": {
          "gitId": "e0313687"
        },
        "content": "            Scanner command \u003d new Scanner(System.in);"
      },
      {
        "lineNumber": 97,
        "author": {
          "gitId": "e0313687"
        },
        "content": "            String userCommand \u003d command.nextLine();"
      },
      {
        "lineNumber": 98,
        "author": {
          "gitId": "e0313687"
        },
        "content": "            StringTokenizer defaultTokenizer \u003d new StringTokenizer(userCommand);"
      },
      {
        "lineNumber": 99,
        "author": {
          "gitId": "e0313687"
        },
        "content": "            String firstWord \u003d defaultTokenizer.nextToken();"
      },
      {
        "lineNumber": 100,
        "author": {
          "gitId": "e0313687"
        },
        "content": ""
      },
      {
        "lineNumber": 101,
        "author": {
          "gitId": "e0313687"
        },
        "content": "            if (userCommand.equals(\"bye\")) {"
      },
      {
        "lineNumber": 102,
        "author": {
          "gitId": "e0313687"
        },
        "content": "                System.out.println(\"Bye. Hope to see you again soon!\");"
      },
      {
        "lineNumber": 103,
        "author": {
          "gitId": "e0313687"
        },
        "content": "                break;"
      },
      {
        "lineNumber": 104,
        "author": {
          "gitId": "e0313687"
        },
        "content": "            }"
      },
      {
        "lineNumber": 105,
        "author": {
          "gitId": "e0313687"
        },
        "content": "            if (firstWord.equals(\"done\")) {"
      },
      {
        "lineNumber": 106,
        "author": {
          "gitId": "e0313687"
        },
        "content": "                if (defaultTokenizer.countTokens() \u003e 0) {"
      },
      {
        "lineNumber": 107,
        "author": {
          "gitId": "e0313687"
        },
        "content": "                    int done \u003d Integer.parseInt(defaultTokenizer.nextToken());"
      },
      {
        "lineNumber": 108,
        "author": {
          "gitId": "e0313687"
        },
        "content": "                    if (temp \u003c 1) {"
      },
      {
        "lineNumber": 109,
        "author": {
          "gitId": "e0313687"
        },
        "content": "                        System.out.println(\" ☹ OOPS!!! You don\u0027t have any tasks in your list yet.\");"
      },
      {
        "lineNumber": 110,
        "author": {
          "gitId": "e0313687"
        },
        "content": "                    }"
      },
      {
        "lineNumber": 111,
        "author": {
          "gitId": "e0313687"
        },
        "content": "                    else if (done \u003e temp) {"
      },
      {
        "lineNumber": 112,
        "author": {
          "gitId": "e0313687"
        },
        "content": "                        System.out.println(\" ☹ OOPS!!! You only have \" + temp + \" tasks in your list.\");"
      },
      {
        "lineNumber": 113,
        "author": {
          "gitId": "e0313687"
        },
        "content": "                    }"
      },
      {
        "lineNumber": 114,
        "author": {
          "gitId": "e0313687"
        },
        "content": "                    else {"
      },
      {
        "lineNumber": 115,
        "author": {
          "gitId": "e0313687"
        },
        "content": "                        userCommands[done - 1].markAsDone();"
      },
      {
        "lineNumber": 116,
        "author": {
          "gitId": "e0313687"
        },
        "content": "                        System.out.println(\"Nice! I\u0027ve marked this task as done:\");"
      },
      {
        "lineNumber": 117,
        "author": {
          "gitId": "e0313687"
        },
        "content": "                        System.out.println(\"  [\" + userCommands[done - 1].getStatusIcon() + \"] \" + userCommands[done - 1].getDescription());"
      },
      {
        "lineNumber": 118,
        "author": {
          "gitId": "e0313687"
        },
        "content": "                    }"
      },
      {
        "lineNumber": 119,
        "author": {
          "gitId": "e0313687"
        },
        "content": "                }"
      },
      {
        "lineNumber": 120,
        "author": {
          "gitId": "e0313687"
        },
        "content": "                else {"
      },
      {
        "lineNumber": 121,
        "author": {
          "gitId": "e0313687"
        },
        "content": "                    System.out.println(\" ☹ OOPS!!! Please tell me which task you have completed.\");"
      },
      {
        "lineNumber": 122,
        "author": {
          "gitId": "e0313687"
        },
        "content": "                }"
      },
      {
        "lineNumber": 123,
        "author": {
          "gitId": "e0313687"
        },
        "content": "            }"
      },
      {
        "lineNumber": 124,
        "author": {
          "gitId": "e0313687"
        },
        "content": "            else if (firstWord.equals(\"list\")) {"
      },
      {
        "lineNumber": 125,
        "author": {
          "gitId": "e0313687"
        },
        "content": "                System.out.println(\"Here are the tasks in your list:\");"
      },
      {
        "lineNumber": 126,
        "author": {
          "gitId": "e0313687"
        },
        "content": "                for (int i \u003d 0; i \u003c temp; i++) {"
      },
      {
        "lineNumber": 127,
        "author": {
          "gitId": "e0313687"
        },
        "content": "                    //System.out.println(i+1 + \".[\" + userCommands[i].getStatusIcon() + \"] \" + userCommands[i].getDescription());"
      },
      {
        "lineNumber": 128,
        "author": {
          "gitId": "e0313687"
        },
        "content": "                    System.out.println(i+1 + \".\" + userCommands[i].toString());"
      },
      {
        "lineNumber": 129,
        "author": {
          "gitId": "e0313687"
        },
        "content": "                }"
      },
      {
        "lineNumber": 130,
        "author": {
          "gitId": "e0313687"
        },
        "content": "            }"
      },
      {
        "lineNumber": 131,
        "author": {
          "gitId": "e0313687"
        },
        "content": "            else if (firstWord.equals(\"todo\")){"
      },
      {
        "lineNumber": 132,
        "author": {
          "gitId": "e0313687"
        },
        "content": "                if (defaultTokenizer.countTokens() \u003e 0){"
      },
      {
        "lineNumber": 133,
        "author": {
          "gitId": "e0313687"
        },
        "content": "                    String[] tempTodo \u003d userCommand.split(\" \", 2);"
      },
      {
        "lineNumber": 134,
        "author": {
          "gitId": "e0313687"
        },
        "content": "                    userCommands[temp] \u003d new Todo(tempTodo[1]);"
      },
      {
        "lineNumber": 135,
        "author": {
          "gitId": "e0313687"
        },
        "content": "                    System.out.println(\"Got it. I\u0027ve added this task:\");"
      },
      {
        "lineNumber": 136,
        "author": {
          "gitId": "e0313687"
        },
        "content": "                    System.out.println(\"  \" + userCommands[temp].toString());"
      },
      {
        "lineNumber": 137,
        "author": {
          "gitId": "e0313687"
        },
        "content": "                    temp++;"
      },
      {
        "lineNumber": 138,
        "author": {
          "gitId": "e0313687"
        },
        "content": "                    System.out.println(\"Now you have \" + temp + \" tasks in the list.\");"
      },
      {
        "lineNumber": 139,
        "author": {
          "gitId": "e0313687"
        },
        "content": "                }"
      },
      {
        "lineNumber": 140,
        "author": {
          "gitId": "e0313687"
        },
        "content": "                else {"
      },
      {
        "lineNumber": 141,
        "author": {
          "gitId": "e0313687"
        },
        "content": "                    System.out.println(\" ☹ OOPS!!! The description of a todo cannot be empty.\");"
      },
      {
        "lineNumber": 142,
        "author": {
          "gitId": "e0313687"
        },
        "content": "                }"
      },
      {
        "lineNumber": 143,
        "author": {
          "gitId": "e0313687"
        },
        "content": "            }"
      },
      {
        "lineNumber": 144,
        "author": {
          "gitId": "e0313687"
        },
        "content": "            else if (firstWord.equals(\"deadline\")){"
      },
      {
        "lineNumber": 145,
        "author": {
          "gitId": "e0313687"
        },
        "content": "                if (defaultTokenizer.countTokens() \u003e 0) {"
      },
      {
        "lineNumber": 146,
        "author": {
          "gitId": "e0313687"
        },
        "content": "                    String[] tempDeadline \u003d userCommand.split(\"/\");"
      },
      {
        "lineNumber": 147,
        "author": {
          "gitId": "e0313687"
        },
        "content": "                    String[] taskName \u003d tempDeadline[0].split(\" \", 2);"
      },
      {
        "lineNumber": 148,
        "author": {
          "gitId": "e0313687"
        },
        "content": "                    String[] byDate \u003d tempDeadline[1].split(\" \", 2);"
      },
      {
        "lineNumber": 149,
        "author": {
          "gitId": "e0313687"
        },
        "content": "                    userCommands[temp] \u003d new Deadline(taskName[1], byDate[1]);"
      },
      {
        "lineNumber": 150,
        "author": {
          "gitId": "e0313687"
        },
        "content": "                    System.out.println(\"Got it. I\u0027ve added this task:\");"
      },
      {
        "lineNumber": 151,
        "author": {
          "gitId": "e0313687"
        },
        "content": "                    System.out.println(\"  \" + userCommands[temp].toString());"
      },
      {
        "lineNumber": 152,
        "author": {
          "gitId": "e0313687"
        },
        "content": "                    temp++;"
      },
      {
        "lineNumber": 153,
        "author": {
          "gitId": "e0313687"
        },
        "content": "                    System.out.println(\"Now you have \" + temp + \" tasks in the list.\");"
      },
      {
        "lineNumber": 154,
        "author": {
          "gitId": "e0313687"
        },
        "content": "                }"
      },
      {
        "lineNumber": 155,
        "author": {
          "gitId": "e0313687"
        },
        "content": "                else {"
      },
      {
        "lineNumber": 156,
        "author": {
          "gitId": "e0313687"
        },
        "content": "                    System.out.println(\" ☹ OOPS!!! The description of a deadline cannot be empty.\");"
      },
      {
        "lineNumber": 157,
        "author": {
          "gitId": "e0313687"
        },
        "content": "                }"
      },
      {
        "lineNumber": 158,
        "author": {
          "gitId": "e0313687"
        },
        "content": "            }"
      },
      {
        "lineNumber": 159,
        "author": {
          "gitId": "e0313687"
        },
        "content": "            else if (firstWord.equals(\"event\")){"
      },
      {
        "lineNumber": 160,
        "author": {
          "gitId": "e0313687"
        },
        "content": "                if (defaultTokenizer.countTokens() \u003e 0) {"
      },
      {
        "lineNumber": 161,
        "author": {
          "gitId": "e0313687"
        },
        "content": "                    String[] tempEvent \u003d userCommand.split(\"/\");"
      },
      {
        "lineNumber": 162,
        "author": {
          "gitId": "e0313687"
        },
        "content": "                    String[] taskName \u003d tempEvent[0].split(\" \", 2);"
      },
      {
        "lineNumber": 163,
        "author": {
          "gitId": "e0313687"
        },
        "content": "                    String[] atPlace \u003d tempEvent[1].split(\" \", 2);"
      },
      {
        "lineNumber": 164,
        "author": {
          "gitId": "e0313687"
        },
        "content": "                    userCommands[temp] \u003d new Event(taskName[1], atPlace[1]);"
      },
      {
        "lineNumber": 165,
        "author": {
          "gitId": "e0313687"
        },
        "content": "                    System.out.println(\"Got it. I\u0027ve added this task:\");"
      },
      {
        "lineNumber": 166,
        "author": {
          "gitId": "e0313687"
        },
        "content": "                    System.out.println(\"  \" + userCommands[temp].toString());"
      },
      {
        "lineNumber": 167,
        "author": {
          "gitId": "e0313687"
        },
        "content": "                    temp++;"
      },
      {
        "lineNumber": 168,
        "author": {
          "gitId": "e0313687"
        },
        "content": "                    System.out.println(\"Now you have \" + temp + \" tasks in the list.\");"
      },
      {
        "lineNumber": 169,
        "author": {
          "gitId": "e0313687"
        },
        "content": "                }"
      },
      {
        "lineNumber": 170,
        "author": {
          "gitId": "e0313687"
        },
        "content": "                else {"
      },
      {
        "lineNumber": 171,
        "author": {
          "gitId": "e0313687"
        },
        "content": "                    System.out.println(\" ☹ OOPS!!! The description of an event cannot be empty.\");"
      },
      {
        "lineNumber": 172,
        "author": {
          "gitId": "e0313687"
        },
        "content": "                }"
      },
      {
        "lineNumber": 173,
        "author": {
          "gitId": "e0313687"
        },
        "content": "            }"
      },
      {
        "lineNumber": 174,
        "author": {
          "gitId": "e0313687"
        },
        "content": "            else {"
      },
      {
        "lineNumber": 175,
        "author": {
          "gitId": "e0313687"
        },
        "content": "                System.out.println(\" ☹ OOPS!!! I don\u0027t understand.\");"
      },
      {
        "lineNumber": 176,
        "author": {
          "gitId": "e0313687"
        },
        "content": "            }"
      },
      {
        "lineNumber": 177,
        "author": {
          "gitId": "e0313687"
        },
        "content": "        }"
      },
      {
        "lineNumber": 178,
        "author": {
          "gitId": "-"
        },
        "content": "    }"
      },
      {
        "lineNumber": 179,
        "author": {
          "gitId": "-"
        },
        "content": "}"
      }
    ],
    "authorContributionMap": {
      "e0313687": 170,
      "-": 9
    }
  },
  {
    "path": "src/main/java/Event.java",
    "lines": [
      {
        "lineNumber": 1,
        "author": {
          "gitId": "e0313687"
        },
        "content": "public class Event extends Task {"
      },
      {
        "lineNumber": 2,
        "author": {
          "gitId": "e0313687"
        },
        "content": "    protected String at;"
      },
      {
        "lineNumber": 3,
        "author": {
          "gitId": "e0313687"
        },
        "content": ""
      },
      {
        "lineNumber": 4,
        "author": {
          "gitId": "e0313687"
        },
        "content": "    public String getAt() {"
      },
      {
        "lineNumber": 5,
        "author": {
          "gitId": "e0313687"
        },
        "content": "        return this.at;"
      },
      {
        "lineNumber": 6,
        "author": {
          "gitId": "e0313687"
        },
        "content": "    }"
      },
      {
        "lineNumber": 7,
        "author": {
          "gitId": "e0313687"
        },
        "content": ""
      },
      {
        "lineNumber": 8,
        "author": {
          "gitId": "e0313687"
        },
        "content": "    public void setAt(String at) {"
      },
      {
        "lineNumber": 9,
        "author": {
          "gitId": "e0313687"
        },
        "content": "        this.at \u003d at;"
      },
      {
        "lineNumber": 10,
        "author": {
          "gitId": "e0313687"
        },
        "content": "    }"
      },
      {
        "lineNumber": 11,
        "author": {
          "gitId": "e0313687"
        },
        "content": ""
      },
      {
        "lineNumber": 12,
        "author": {
          "gitId": "e0313687"
        },
        "content": "    public Event (String description, String at) {"
      },
      {
        "lineNumber": 13,
        "author": {
          "gitId": "e0313687"
        },
        "content": "        super(description);"
      },
      {
        "lineNumber": 14,
        "author": {
          "gitId": "e0313687"
        },
        "content": "        this.at \u003d at;"
      },
      {
        "lineNumber": 15,
        "author": {
          "gitId": "e0313687"
        },
        "content": "    }"
      },
      {
        "lineNumber": 16,
        "author": {
          "gitId": "e0313687"
        },
        "content": ""
      },
      {
        "lineNumber": 17,
        "author": {
          "gitId": "e0313687"
        },
        "content": "    @Override"
      },
      {
        "lineNumber": 18,
        "author": {
          "gitId": "e0313687"
        },
        "content": "    public String toString() {"
      },
      {
        "lineNumber": 19,
        "author": {
          "gitId": "e0313687"
        },
        "content": "        return \"[E]\" + super.toString() + \" (at: \" + at + \")\";"
      },
      {
        "lineNumber": 20,
        "author": {
          "gitId": "e0313687"
        },
        "content": "    }"
      },
      {
        "lineNumber": 21,
        "author": {
          "gitId": "e0313687"
        },
        "content": "}"
      }
    ],
    "authorContributionMap": {
      "e0313687": 21
    }
  },
  {
    "path": "src/main/java/Task.java",
    "lines": [
      {
        "lineNumber": 1,
        "author": {
          "gitId": "e0313687"
        },
        "content": "public class Task {"
      },
      {
        "lineNumber": 2,
        "author": {
          "gitId": "e0313687"
        },
        "content": "    protected String description;"
      },
      {
        "lineNumber": 3,
        "author": {
          "gitId": "e0313687"
        },
        "content": "    protected boolean isDone;"
      },
      {
        "lineNumber": 4,
        "author": {
          "gitId": "e0313687"
        },
        "content": ""
      },
      {
        "lineNumber": 5,
        "author": {
          "gitId": "e0313687"
        },
        "content": "    public Task(String description) {"
      },
      {
        "lineNumber": 6,
        "author": {
          "gitId": "e0313687"
        },
        "content": "        this.description \u003d description;"
      },
      {
        "lineNumber": 7,
        "author": {
          "gitId": "e0313687"
        },
        "content": "        this.isDone \u003d false;"
      },
      {
        "lineNumber": 8,
        "author": {
          "gitId": "e0313687"
        },
        "content": "    }"
      },
      {
        "lineNumber": 9,
        "author": {
          "gitId": "e0313687"
        },
        "content": ""
      },
      {
        "lineNumber": 10,
        "author": {
          "gitId": "e0313687"
        },
        "content": "    public String getStatusIcon() {"
      },
      {
        "lineNumber": 11,
        "author": {
          "gitId": "e0313687"
        },
        "content": "        return (isDone ? \"✓\" : \"\\u2718\");"
      },
      {
        "lineNumber": 12,
        "author": {
          "gitId": "e0313687"
        },
        "content": "    }"
      },
      {
        "lineNumber": 13,
        "author": {
          "gitId": "e0313687"
        },
        "content": ""
      },
      {
        "lineNumber": 14,
        "author": {
          "gitId": "e0313687"
        },
        "content": "    public String getDescription() {"
      },
      {
        "lineNumber": 15,
        "author": {
          "gitId": "e0313687"
        },
        "content": "        return this.description;"
      },
      {
        "lineNumber": 16,
        "author": {
          "gitId": "e0313687"
        },
        "content": "    }"
      },
      {
        "lineNumber": 17,
        "author": {
          "gitId": "e0313687"
        },
        "content": ""
      },
      {
        "lineNumber": 18,
        "author": {
          "gitId": "e0313687"
        },
        "content": "    public void markAsDone() {"
      },
      {
        "lineNumber": 19,
        "author": {
          "gitId": "e0313687"
        },
        "content": "        this.isDone \u003d true;"
      },
      {
        "lineNumber": 20,
        "author": {
          "gitId": "e0313687"
        },
        "content": "    }"
      },
      {
        "lineNumber": 21,
        "author": {
          "gitId": "e0313687"
        },
        "content": ""
      },
      {
        "lineNumber": 22,
        "author": {
          "gitId": "e0313687"
        },
        "content": "    public String toString(){"
      },
      {
        "lineNumber": 23,
        "author": {
          "gitId": "e0313687"
        },
        "content": "        return \"[\" + this.getStatusIcon() + \"] \" + this.getDescription() + \" \";"
      },
      {
        "lineNumber": 24,
        "author": {
          "gitId": "e0313687"
        },
        "content": "    }"
      },
      {
        "lineNumber": 25,
        "author": {
          "gitId": "e0313687"
        },
        "content": "}"
      },
      {
        "lineNumber": 26,
        "author": {
          "gitId": "e0313687"
        },
        "content": ""
      },
      {
        "lineNumber": 27,
        "author": {
          "gitId": "e0313687"
        },
        "content": ""
      }
    ],
    "authorContributionMap": {
      "e0313687": 27
    }
  },
  {
    "path": "src/main/java/Todo.java",
    "lines": [
      {
        "lineNumber": 1,
        "author": {
          "gitId": "e0313687"
        },
        "content": "public class Todo extends Task {"
      },
      {
        "lineNumber": 2,
        "author": {
          "gitId": "e0313687"
        },
        "content": "    protected boolean isDone;"
      },
      {
        "lineNumber": 3,
        "author": {
          "gitId": "e0313687"
        },
        "content": ""
      },
      {
        "lineNumber": 4,
        "author": {
          "gitId": "e0313687"
        },
        "content": "    public Todo (String description) {"
      },
      {
        "lineNumber": 5,
        "author": {
          "gitId": "e0313687"
        },
        "content": "        super(description);"
      },
      {
        "lineNumber": 6,
        "author": {
          "gitId": "e0313687"
        },
        "content": "        isDone \u003d false;"
      },
      {
        "lineNumber": 7,
        "author": {
          "gitId": "e0313687"
        },
        "content": "    }"
      },
      {
        "lineNumber": 8,
        "author": {
          "gitId": "e0313687"
        },
        "content": ""
      },
      {
        "lineNumber": 9,
        "author": {
          "gitId": "e0313687"
        },
        "content": "    @Override"
      },
      {
        "lineNumber": 10,
        "author": {
          "gitId": "e0313687"
        },
        "content": "    public String toString() {"
      },
      {
        "lineNumber": 11,
        "author": {
          "gitId": "e0313687"
        },
        "content": "        return \"[T]\" + super.toString();"
      },
      {
        "lineNumber": 12,
        "author": {
          "gitId": "e0313687"
        },
        "content": "    }"
      },
      {
        "lineNumber": 13,
        "author": {
          "gitId": "e0313687"
        },
        "content": "}"
      }
    ],
    "authorContributionMap": {
      "e0313687": 13
    }
  }
]
