{
  "authorDailyContributionsMap": {
    "e0313687": [
      {
        "insertions": 48,
        "deletions": 6,
        "date": "2019-08-25",
        "commitResults": [
          {
            "hash": "7cc38f1e317013e1385052e662f7340828753f91",
            "message": "first commit",
            "insertions": 10,
            "deletions": 3
          },
          {
            "hash": "1871d25b26dd1d119fec1456b3d3c44df00abd28",
            "message": "Level-1: Greet, Echo, Exit",
            "insertions": 9,
            "deletions": 2
          },
          {
            "hash": "9b81edbdeb62e6cac123c6ad640d91d7151a6c9f",
            "message": "Level 2: Add, List",
            "insertions": 29,
            "deletions": 1
          }
        ]
      },
      {
        "insertions": 58,
        "deletions": 2,
        "date": "2019-08-26",
        "commitResults": [
          {
            "hash": "e8b38b5cd5871161a9c624968c23179a2d54575c",
            "message": "Level 3: Mark as Done",
            "insertions": 58,
            "deletions": 2
          }
        ]
      },
      {
        "insertions": 188,
        "deletions": 35,
        "date": "2019-08-27",
        "commitResults": [
          {
            "hash": "8fd9ee1b14ede0e43ae9509cb9adaf774f8fba13",
            "message": "Level 4: ToDo, Event, Deadline, A-Inheritance",
            "insertions": 128,
            "deletions": 1
          },
          {
            "hash": "a8537be4fa0854ae5ee3bdff0e40dd40d0df1c6b",
            "message": "Level 5: Handle Errors",
            "insertions": 60,
            "deletions": 34
          }
        ]
      },
      {
        "insertions": 20,
        "deletions": 27,
        "date": "2019-08-28",
        "commitResults": [
          {
            "hash": "33a612d516aa389316bcf408348f42384e3ef354",
            "message": "Level 5: Handle Errors, A-Exception",
            "insertions": 20,
            "deletions": 27
          }
        ]
      }
    ]
  },
  "authorFinalContributionMap": {
    "e0313687": 245
  },
  "authorFileFormatContributionMap": {
    "e0313687": {
      "java": 245,
      "gradle": 0,
      "css": 0,
      "fxml": 0
    }
  },
  "authorContributionVariance": {
    "e0313687": 3623.941
  },
  "authorDisplayNameMap": {
    "e0313687": "EVE ... HEN"
  }
}
