{
  "authorDailyContributionsMap": {
    "Mudaafi": [
      {
        "insertions": 45,
        "deletions": 10,
        "date": "2019-08-21",
        "commitResults": [
          {
            "hash": "ef902db1a9310562f0a3486093b6765bc01202f4",
            "message": "Duke will now echo the input provided by the user and only exit when the user types the exact string \"bye\".",
            "insertions": 36,
            "deletions": 6
          },
          {
            "hash": "9ee8aa349dbbadc7907c4ecea0550fe91a4e2dcb",
            "message": "Abstracted the printing of the line separator into the method \"printSeparator()\". Added some comments.",
            "insertions": 9,
            "deletions": 4
          }
        ]
      },
      {
        "insertions": 30,
        "deletions": 5,
        "date": "2019-08-23",
        "commitResults": [
          {
            "hash": "f6737272f319faffded09c533cb14d12f8a37a44",
            "message": "[Level 2] - Moved Level 1 into abstracted method \"echoUser(String)\" - Created Level 2 Method \"recordUser(String)\"",
            "insertions": 30,
            "deletions": 5
          }
        ]
      },
      {
        "insertions": 43,
        "deletions": 17,
        "date": "2019-08-26",
        "commitResults": [
          {
            "hash": "d7720cc9bf4e8f665f8bfecde2a8c0860536f166",
            "message": "Fixed A-Gradle mainClassPath",
            "insertions": 5,
            "deletions": 1
          },
          {
            "hash": "99dcef363f8603358013b69de971bb6d9dbb193b",
            "message": "Added checkstyle plugin",
            "insertions": 5,
            "deletions": 0
          },
          {
            "hash": "f1cef30ec3b6b85b163930067aa6f5735b053b06",
            "message": "Amended checkstyle violations",
            "insertions": 17,
            "deletions": 16
          },
          {
            "hash": "a3e232b7f1fbc939a3407b304bac6e5ee1594ef0",
            "message": "Added in the Shadow plugin and JUnit Dependency for unit tests.",
            "insertions": 16,
            "deletions": 0
          }
        ]
      }
    ]
  },
  "authorFinalContributionMap": {
    "Mudaafi": 90
  },
  "authorFileFormatContributionMap": {
    "Mudaafi": {
      "adoc": 0,
      "cs": 0,
      "css": 0,
      "fxml": 0,
      "gradle": 26,
      "html": 0,
      "java": 64,
      "js": 0,
      "json": 0,
      "jsp": 0,
      "md": 0,
      "py": 0,
      "tag": 0,
      "txt": 0,
      "xml": 0
    }
  },
  "authorContributionVariance": {
    "Mudaafi": 683.3333
  },
  "authorDisplayNameMap": {
    "Mudaafi": "AHM ... DIN"
  }
}
