{
  "authorDailyContributionsMap": {
    "LongLeCE": [
      {
        "insertions": 42,
        "deletions": 7,
        "date": "2019-08-28",
        "commitResults": [
          {
            "hash": "2cbd92f844a5221fe57fe56fe0607336e437e43e",
            "message": "Level-3",
            "insertions": 42,
            "deletions": 7
          }
        ]
      },
      {
        "insertions": 74,
        "deletions": 4,
        "date": "2019-08-29",
        "commitResults": [
          {
            "hash": "88ef25d4125e220a6483fe1d1ecc80130104a740",
            "message": "Level-4",
            "insertions": 74,
            "deletions": 4
          }
        ]
      }
    ]
  },
  "authorFinalContributionMap": {
    "LongLeCE": 113
  },
  "authorFileFormatContributionMap": {
    "LongLeCE": {
      "java": 113,
      "gradle": 0,
      "css": 0,
      "fxml": 0
    }
  },
  "authorContributionVariance": {
    "LongLeCE": 523.78064
  },
  "authorDisplayNameMap": {
    "LongLeCE": "LE  ... ONG"
  }
}
