[
  {
    "path": "src/main/java/Command.java",
    "fileType": "java",
    "lines": [
      {
        "lineNumber": 1,
        "author": {
          "gitId": "lpeize"
        },
        "content": "import jdk.jfr.Event;"
      },
      {
        "lineNumber": 2,
        "author": {
          "gitId": "lpeize"
        },
        "content": ""
      },
      {
        "lineNumber": 3,
        "author": {
          "gitId": "lpeize"
        },
        "content": "import java.util.Scanner;"
      },
      {
        "lineNumber": 4,
        "author": {
          "gitId": "lpeize"
        },
        "content": "import java.util.StringTokenizer;"
      },
      {
        "lineNumber": 5,
        "author": {
          "gitId": "lpeize"
        },
        "content": ""
      },
      {
        "lineNumber": 6,
        "author": {
          "gitId": "lpeize"
        },
        "content": "public class Command {"
      },
      {
        "lineNumber": 7,
        "author": {
          "gitId": "lpeize"
        },
        "content": "    private String currCommand;"
      },
      {
        "lineNumber": 8,
        "author": {
          "gitId": "lpeize"
        },
        "content": ""
      },
      {
        "lineNumber": 9,
        "author": {
          "gitId": "lpeize"
        },
        "content": "    public void scantoProcess(Tasks currTask[], int size) {"
      },
      {
        "lineNumber": 10,
        "author": {
          "gitId": "lpeize"
        },
        "content": "        Scanner in \u003d new Scanner(System.in);"
      },
      {
        "lineNumber": 11,
        "author": {
          "gitId": "lpeize"
        },
        "content": "        currCommand \u003d in.nextLine();"
      },
      {
        "lineNumber": 12,
        "author": {
          "gitId": "lpeize"
        },
        "content": "        if (check().equals(\"bye\")) {"
      },
      {
        "lineNumber": 13,
        "author": {
          "gitId": "lpeize"
        },
        "content": "            //exit"
      },
      {
        "lineNumber": 14,
        "author": {
          "gitId": "lpeize"
        },
        "content": "            goodbye();"
      },
      {
        "lineNumber": 15,
        "author": {
          "gitId": "lpeize"
        },
        "content": "        } else if (check().equals(\"done\")) {"
      },
      {
        "lineNumber": 16,
        "author": {
          "gitId": "lpeize"
        },
        "content": "            //done the task in the list"
      },
      {
        "lineNumber": 17,
        "author": {
          "gitId": "lpeize"
        },
        "content": "            doneTask(currTask);"
      },
      {
        "lineNumber": 18,
        "author": {
          "gitId": "lpeize"
        },
        "content": "            scantoProcess(currTask, size);"
      },
      {
        "lineNumber": 19,
        "author": {
          "gitId": "lpeize"
        },
        "content": "        } else if (check().equals(\"list\")) {"
      },
      {
        "lineNumber": 20,
        "author": {
          "gitId": "lpeize"
        },
        "content": "            //list the task in the list"
      },
      {
        "lineNumber": 21,
        "author": {
          "gitId": "lpeize"
        },
        "content": "            listTask(currTask, size);"
      },
      {
        "lineNumber": 22,
        "author": {
          "gitId": "lpeize"
        },
        "content": "            scantoProcess(currTask, size);"
      },
      {
        "lineNumber": 23,
        "author": {
          "gitId": "lpeize"
        },
        "content": "        } else if (check().equals(\"todo\")) {"
      },
      {
        "lineNumber": 24,
        "author": {
          "gitId": "lpeize"
        },
        "content": "            //add"
      },
      {
        "lineNumber": 25,
        "author": {
          "gitId": "lpeize"
        },
        "content": "            addToDo(currTask, size);"
      },
      {
        "lineNumber": 26,
        "author": {
          "gitId": "lpeize"
        },
        "content": "            size++;"
      },
      {
        "lineNumber": 27,
        "author": {
          "gitId": "lpeize"
        },
        "content": "            scantoProcess(currTask, size);"
      },
      {
        "lineNumber": 28,
        "author": {
          "gitId": "lpeize"
        },
        "content": "        } else if (check().equals(\"deadline\")) {"
      },
      {
        "lineNumber": 29,
        "author": {
          "gitId": "lpeize"
        },
        "content": "            //add"
      },
      {
        "lineNumber": 30,
        "author": {
          "gitId": "lpeize"
        },
        "content": "            addDDL(currTask, size);"
      },
      {
        "lineNumber": 31,
        "author": {
          "gitId": "lpeize"
        },
        "content": "            size++;"
      },
      {
        "lineNumber": 32,
        "author": {
          "gitId": "lpeize"
        },
        "content": "            scantoProcess(currTask, size);"
      },
      {
        "lineNumber": 33,
        "author": {
          "gitId": "lpeize"
        },
        "content": "        } else {"
      },
      {
        "lineNumber": 34,
        "author": {
          "gitId": "lpeize"
        },
        "content": "            //event"
      },
      {
        "lineNumber": 35,
        "author": {
          "gitId": "lpeize"
        },
        "content": "            addEvent(currTask, size);"
      },
      {
        "lineNumber": 36,
        "author": {
          "gitId": "lpeize"
        },
        "content": "            size++;"
      },
      {
        "lineNumber": 37,
        "author": {
          "gitId": "lpeize"
        },
        "content": "            scantoProcess(currTask, size);"
      },
      {
        "lineNumber": 38,
        "author": {
          "gitId": "lpeize"
        },
        "content": "        }"
      },
      {
        "lineNumber": 39,
        "author": {
          "gitId": "lpeize"
        },
        "content": "    }"
      },
      {
        "lineNumber": 40,
        "author": {
          "gitId": "lpeize"
        },
        "content": ""
      },
      {
        "lineNumber": 41,
        "author": {
          "gitId": "lpeize"
        },
        "content": "    private String check() {"
      },
      {
        "lineNumber": 42,
        "author": {
          "gitId": "lpeize"
        },
        "content": "        StringTokenizer tok \u003d new StringTokenizer(currCommand);"
      },
      {
        "lineNumber": 43,
        "author": {
          "gitId": "lpeize"
        },
        "content": "        String command1 \u003d tok.nextToken();"
      },
      {
        "lineNumber": 44,
        "author": {
          "gitId": "lpeize"
        },
        "content": "        return command1;"
      },
      {
        "lineNumber": 45,
        "author": {
          "gitId": "lpeize"
        },
        "content": "    }"
      },
      {
        "lineNumber": 46,
        "author": {
          "gitId": "lpeize"
        },
        "content": ""
      },
      {
        "lineNumber": 47,
        "author": {
          "gitId": "lpeize"
        },
        "content": "    private void doneTask(Tasks currTask[]) {"
      },
      {
        "lineNumber": 48,
        "author": {
          "gitId": "lpeize"
        },
        "content": "        StringTokenizer tok \u003d new StringTokenizer(currCommand);"
      },
      {
        "lineNumber": 49,
        "author": {
          "gitId": "lpeize"
        },
        "content": "        String command1 \u003d tok.nextToken();"
      },
      {
        "lineNumber": 50,
        "author": {
          "gitId": "lpeize"
        },
        "content": "        String numinString \u003d tok.nextToken();"
      },
      {
        "lineNumber": 51,
        "author": {
          "gitId": "lpeize"
        },
        "content": "        int num \u003d Integer.parseInt(numinString);"
      },
      {
        "lineNumber": 52,
        "author": {
          "gitId": "lpeize"
        },
        "content": "        int i;"
      },
      {
        "lineNumber": 53,
        "author": {
          "gitId": "lpeize"
        },
        "content": "        for (i \u003d 0; i \u003c num - 1; i++);"
      },
      {
        "lineNumber": 54,
        "author": {
          "gitId": "lpeize"
        },
        "content": "        currTask[i].done();"
      },
      {
        "lineNumber": 55,
        "author": {
          "gitId": "lpeize"
        },
        "content": "        System.out.println(\"\\tNice! I\u0027ve marked this task as done:\");"
      },
      {
        "lineNumber": 56,
        "author": {
          "gitId": "lpeize"
        },
        "content": "        if (currTask[i].getType().equals(\"todo\")) System.out.println(\"\\t[T]\" + currTask[i].toString());"
      },
      {
        "lineNumber": 57,
        "author": {
          "gitId": "lpeize"
        },
        "content": "        else System.out.println(\"\\t\" + currTask[i].toString());"
      },
      {
        "lineNumber": 58,
        "author": {
          "gitId": "lpeize"
        },
        "content": "    }"
      },
      {
        "lineNumber": 59,
        "author": {
          "gitId": "lpeize"
        },
        "content": ""
      },
      {
        "lineNumber": 60,
        "author": {
          "gitId": "lpeize"
        },
        "content": "    private void listTask(Tasks currTask[], int size) {"
      },
      {
        "lineNumber": 61,
        "author": {
          "gitId": "lpeize"
        },
        "content": "        System.out.println(\"\\tHere are the tasks in your list:\");"
      },
      {
        "lineNumber": 62,
        "author": {
          "gitId": "lpeize"
        },
        "content": "        for (int i \u003d 0; i \u003c size; i++) {"
      },
      {
        "lineNumber": 63,
        "author": {
          "gitId": "lpeize"
        },
        "content": "            if (currTask[i].getType().equals(\"todo\")) System.out.println(\"\\t\" + (i + 1) + \".[T]\" + currTask[i].toString());"
      },
      {
        "lineNumber": 64,
        "author": {
          "gitId": "lpeize"
        },
        "content": "            else System.out.println(\"\\t\" + (i + 1) + \".\" + currTask[i].toString());"
      },
      {
        "lineNumber": 65,
        "author": {
          "gitId": "lpeize"
        },
        "content": "        }"
      },
      {
        "lineNumber": 66,
        "author": {
          "gitId": "lpeize"
        },
        "content": "    }"
      },
      {
        "lineNumber": 67,
        "author": {
          "gitId": "lpeize"
        },
        "content": ""
      },
      {
        "lineNumber": 68,
        "author": {
          "gitId": "lpeize"
        },
        "content": "    private  void addToDo(Tasks currTask[], int size) {"
      },
      {
        "lineNumber": 69,
        "author": {
          "gitId": "lpeize"
        },
        "content": "        String content \u003d currCommand.substring(currCommand.indexOf(\" \"));"
      },
      {
        "lineNumber": 70,
        "author": {
          "gitId": "lpeize"
        },
        "content": "        currTask[size] \u003d new Tasks(content);"
      },
      {
        "lineNumber": 71,
        "author": {
          "gitId": "lpeize"
        },
        "content": "        currTask[size].setType(\"todo\");"
      },
      {
        "lineNumber": 72,
        "author": {
          "gitId": "lpeize"
        },
        "content": "        System.out.println(\"\\tGot it. I\u0027ve added this task:\");"
      },
      {
        "lineNumber": 73,
        "author": {
          "gitId": "lpeize"
        },
        "content": "        System.out.println(\"\\t \" + currTask[size].toString());"
      },
      {
        "lineNumber": 74,
        "author": {
          "gitId": "lpeize"
        },
        "content": "        System.out.println(\"\\tNow you have \"+ (size + 1) + \" tasks in the list.\");"
      },
      {
        "lineNumber": 75,
        "author": {
          "gitId": "lpeize"
        },
        "content": "    }"
      },
      {
        "lineNumber": 76,
        "author": {
          "gitId": "lpeize"
        },
        "content": ""
      },
      {
        "lineNumber": 77,
        "author": {
          "gitId": "lpeize"
        },
        "content": "    private  void addDDL(Tasks currTask[], int size) {"
      },
      {
        "lineNumber": 78,
        "author": {
          "gitId": "lpeize"
        },
        "content": "        String content \u003d currCommand.substring(currCommand.indexOf(\" \"), currCommand.indexOf(\" /by\"));"
      },
      {
        "lineNumber": 79,
        "author": {
          "gitId": "lpeize"
        },
        "content": "        String by \u003d currCommand.substring(currCommand.indexOf(\" /by\") + 5);"
      },
      {
        "lineNumber": 80,
        "author": {
          "gitId": "lpeize"
        },
        "content": "        currTask[size] \u003d new Deadline(content, by);"
      },
      {
        "lineNumber": 81,
        "author": {
          "gitId": "lpeize"
        },
        "content": "        currTask[size].setType(\"deadline\");"
      },
      {
        "lineNumber": 82,
        "author": {
          "gitId": "lpeize"
        },
        "content": "        System.out.println(\"\\tGot it. I\u0027ve added this task:\");"
      },
      {
        "lineNumber": 83,
        "author": {
          "gitId": "lpeize"
        },
        "content": "        System.out.println(\"\\t \" + currTask[size].toString());"
      },
      {
        "lineNumber": 84,
        "author": {
          "gitId": "lpeize"
        },
        "content": "        System.out.println(\"\\tNow you have \"+ (size + 1) + \" tasks in the list.\");"
      },
      {
        "lineNumber": 85,
        "author": {
          "gitId": "lpeize"
        },
        "content": "    }"
      },
      {
        "lineNumber": 86,
        "author": {
          "gitId": "lpeize"
        },
        "content": "    private  void addEvent(Tasks currTask[], int size) {"
      },
      {
        "lineNumber": 87,
        "author": {
          "gitId": "lpeize"
        },
        "content": "        String content \u003d currCommand.substring(currCommand.indexOf(\" \"), currCommand.indexOf(\" /at\"));"
      },
      {
        "lineNumber": 88,
        "author": {
          "gitId": "lpeize"
        },
        "content": "        String at \u003d currCommand.substring(currCommand.indexOf(\" /at\") + 5);"
      },
      {
        "lineNumber": 89,
        "author": {
          "gitId": "lpeize"
        },
        "content": "        currTask[size] \u003d new Events(content, at);"
      },
      {
        "lineNumber": 90,
        "author": {
          "gitId": "lpeize"
        },
        "content": "        currTask[size].setType(\"event\");"
      },
      {
        "lineNumber": 91,
        "author": {
          "gitId": "lpeize"
        },
        "content": "        System.out.println(\"\\tGot it. I\u0027ve added this task:\");"
      },
      {
        "lineNumber": 92,
        "author": {
          "gitId": "lpeize"
        },
        "content": "        System.out.println(\"\\t \" + currTask[size].toString());"
      },
      {
        "lineNumber": 93,
        "author": {
          "gitId": "lpeize"
        },
        "content": "        System.out.println(\"\\tNow you have \"+ (size + 1) + \" tasks in the list.\");"
      },
      {
        "lineNumber": 94,
        "author": {
          "gitId": "lpeize"
        },
        "content": "    }"
      },
      {
        "lineNumber": 95,
        "author": {
          "gitId": "lpeize"
        },
        "content": ""
      },
      {
        "lineNumber": 96,
        "author": {
          "gitId": "lpeize"
        },
        "content": "    private void goodbye() {"
      },
      {
        "lineNumber": 97,
        "author": {
          "gitId": "lpeize"
        },
        "content": "        System.out.println(\"\\tBye. Hope to see you again soon!\");"
      },
      {
        "lineNumber": 98,
        "author": {
          "gitId": "lpeize"
        },
        "content": "    }"
      },
      {
        "lineNumber": 99,
        "author": {
          "gitId": "lpeize"
        },
        "content": "}"
      }
    ],
    "authorContributionMap": {
      "lpeize": 99
    }
  },
  {
    "path": "src/main/java/Deadline.java",
    "fileType": "java",
    "lines": [
      {
        "lineNumber": 1,
        "author": {
          "gitId": "lpeize"
        },
        "content": "public class Deadline extends Tasks{"
      },
      {
        "lineNumber": 2,
        "author": {
          "gitId": "lpeize"
        },
        "content": "    protected String by;"
      },
      {
        "lineNumber": 3,
        "author": {
          "gitId": "lpeize"
        },
        "content": ""
      },
      {
        "lineNumber": 4,
        "author": {
          "gitId": "lpeize"
        },
        "content": "    public Deadline(String description, String by) {"
      },
      {
        "lineNumber": 5,
        "author": {
          "gitId": "lpeize"
        },
        "content": "        super(description);"
      },
      {
        "lineNumber": 6,
        "author": {
          "gitId": "lpeize"
        },
        "content": "        this.by \u003d by;"
      },
      {
        "lineNumber": 7,
        "author": {
          "gitId": "lpeize"
        },
        "content": "    }"
      },
      {
        "lineNumber": 8,
        "author": {
          "gitId": "lpeize"
        },
        "content": ""
      },
      {
        "lineNumber": 9,
        "author": {
          "gitId": "lpeize"
        },
        "content": "    @Override"
      },
      {
        "lineNumber": 10,
        "author": {
          "gitId": "lpeize"
        },
        "content": "    public String toString() {"
      },
      {
        "lineNumber": 11,
        "author": {
          "gitId": "lpeize"
        },
        "content": "        return \"[D]\" + super.toString() + \" (by: \" + by + \")\";"
      },
      {
        "lineNumber": 12,
        "author": {
          "gitId": "lpeize"
        },
        "content": "    }"
      },
      {
        "lineNumber": 13,
        "author": {
          "gitId": "lpeize"
        },
        "content": "}"
      }
    ],
    "authorContributionMap": {
      "lpeize": 13
    }
  },
  {
    "path": "src/main/java/Duke.java",
    "fileType": "java",
    "lines": [
      {
        "lineNumber": 1,
        "author": {
          "gitId": "-"
        },
        "content": "public class Duke {"
      },
      {
        "lineNumber": 2,
        "author": {
          "gitId": "lpeize"
        },
        "content": "    public static void main(String args[]) {"
      },
      {
        "lineNumber": 3,
        "author": {
          "gitId": "lpeize"
        },
        "content": "        System.out.println(\"\\tHello! I\u0027m Duke\\n\\tWhat can I do for you?\");"
      },
      {
        "lineNumber": 4,
        "author": {
          "gitId": "lpeize"
        },
        "content": "        Tasks[] lists \u003d new Tasks[100];"
      },
      {
        "lineNumber": 5,
        "author": {
          "gitId": "lpeize"
        },
        "content": "        Command userEnter \u003d new Command();"
      },
      {
        "lineNumber": 6,
        "author": {
          "gitId": "lpeize"
        },
        "content": "        userEnter.scantoProcess(lists, 0);"
      },
      {
        "lineNumber": 7,
        "author": {
          "gitId": "-"
        },
        "content": "    }"
      },
      {
        "lineNumber": 8,
        "author": {
          "gitId": "Jeffry Lum"
        },
        "content": "}"
      }
    ],
    "authorContributionMap": {
      "lpeize": 5,
      "Jeffry Lum": 1,
      "-": 2
    }
  },
  {
    "path": "src/main/java/Events.java",
    "fileType": "java",
    "lines": [
      {
        "lineNumber": 1,
        "author": {
          "gitId": "lpeize"
        },
        "content": "public class Events extends Tasks {"
      },
      {
        "lineNumber": 2,
        "author": {
          "gitId": "lpeize"
        },
        "content": "    protected String at;"
      },
      {
        "lineNumber": 3,
        "author": {
          "gitId": "lpeize"
        },
        "content": ""
      },
      {
        "lineNumber": 4,
        "author": {
          "gitId": "lpeize"
        },
        "content": "    public Events(String description, String at) {"
      },
      {
        "lineNumber": 5,
        "author": {
          "gitId": "lpeize"
        },
        "content": "        super(description);"
      },
      {
        "lineNumber": 6,
        "author": {
          "gitId": "lpeize"
        },
        "content": "        this.at \u003d at;"
      },
      {
        "lineNumber": 7,
        "author": {
          "gitId": "lpeize"
        },
        "content": "    }"
      },
      {
        "lineNumber": 8,
        "author": {
          "gitId": "lpeize"
        },
        "content": ""
      },
      {
        "lineNumber": 9,
        "author": {
          "gitId": "lpeize"
        },
        "content": "    @Override"
      },
      {
        "lineNumber": 10,
        "author": {
          "gitId": "lpeize"
        },
        "content": "    public String toString() {"
      },
      {
        "lineNumber": 11,
        "author": {
          "gitId": "lpeize"
        },
        "content": "        return \"[E]\" + super.toString() + \" (at: \" + at + \")\";"
      },
      {
        "lineNumber": 12,
        "author": {
          "gitId": "lpeize"
        },
        "content": "    }"
      },
      {
        "lineNumber": 13,
        "author": {
          "gitId": "lpeize"
        },
        "content": "}"
      }
    ],
    "authorContributionMap": {
      "lpeize": 13
    }
  },
  {
    "path": "src/main/java/Tasks.java",
    "fileType": "java",
    "lines": [
      {
        "lineNumber": 1,
        "author": {
          "gitId": "lpeize"
        },
        "content": "public class Tasks {"
      },
      {
        "lineNumber": 2,
        "author": {
          "gitId": "lpeize"
        },
        "content": "    protected String description;"
      },
      {
        "lineNumber": 3,
        "author": {
          "gitId": "lpeize"
        },
        "content": "    protected boolean isDone;"
      },
      {
        "lineNumber": 4,
        "author": {
          "gitId": "lpeize"
        },
        "content": "    protected String type;"
      },
      {
        "lineNumber": 5,
        "author": {
          "gitId": "lpeize"
        },
        "content": ""
      },
      {
        "lineNumber": 6,
        "author": {
          "gitId": "lpeize"
        },
        "content": "    public Tasks() {"
      },
      {
        "lineNumber": 7,
        "author": {
          "gitId": "lpeize"
        },
        "content": ""
      },
      {
        "lineNumber": 8,
        "author": {
          "gitId": "lpeize"
        },
        "content": "    }"
      },
      {
        "lineNumber": 9,
        "author": {
          "gitId": "lpeize"
        },
        "content": ""
      },
      {
        "lineNumber": 10,
        "author": {
          "gitId": "lpeize"
        },
        "content": "    public Tasks(String description) {"
      },
      {
        "lineNumber": 11,
        "author": {
          "gitId": "lpeize"
        },
        "content": "        this.description \u003d description;"
      },
      {
        "lineNumber": 12,
        "author": {
          "gitId": "lpeize"
        },
        "content": "        this.isDone \u003d false;"
      },
      {
        "lineNumber": 13,
        "author": {
          "gitId": "lpeize"
        },
        "content": "    }"
      },
      {
        "lineNumber": 14,
        "author": {
          "gitId": "lpeize"
        },
        "content": ""
      },
      {
        "lineNumber": 15,
        "author": {
          "gitId": "lpeize"
        },
        "content": "    public void setType(String type) {"
      },
      {
        "lineNumber": 16,
        "author": {
          "gitId": "lpeize"
        },
        "content": "        this.type \u003d type;"
      },
      {
        "lineNumber": 17,
        "author": {
          "gitId": "lpeize"
        },
        "content": "    }"
      },
      {
        "lineNumber": 18,
        "author": {
          "gitId": "lpeize"
        },
        "content": ""
      },
      {
        "lineNumber": 19,
        "author": {
          "gitId": "lpeize"
        },
        "content": "    public String getType() {"
      },
      {
        "lineNumber": 20,
        "author": {
          "gitId": "lpeize"
        },
        "content": "        return type;"
      },
      {
        "lineNumber": 21,
        "author": {
          "gitId": "lpeize"
        },
        "content": "    }"
      },
      {
        "lineNumber": 22,
        "author": {
          "gitId": "lpeize"
        },
        "content": ""
      },
      {
        "lineNumber": 23,
        "author": {
          "gitId": "lpeize"
        },
        "content": "    public String getDescription() {"
      },
      {
        "lineNumber": 24,
        "author": {
          "gitId": "lpeize"
        },
        "content": "        return description;"
      },
      {
        "lineNumber": 25,
        "author": {
          "gitId": "lpeize"
        },
        "content": "    }"
      },
      {
        "lineNumber": 26,
        "author": {
          "gitId": "lpeize"
        },
        "content": ""
      },
      {
        "lineNumber": 27,
        "author": {
          "gitId": "lpeize"
        },
        "content": "    public String toString() {"
      },
      {
        "lineNumber": 28,
        "author": {
          "gitId": "lpeize"
        },
        "content": "        if (isDone \u003d\u003d true) return \"[\\u2713]\" + description;"
      },
      {
        "lineNumber": 29,
        "author": {
          "gitId": "lpeize"
        },
        "content": "        else return \"[\\u2717]\" + description;"
      },
      {
        "lineNumber": 30,
        "author": {
          "gitId": "lpeize"
        },
        "content": "    }"
      },
      {
        "lineNumber": 31,
        "author": {
          "gitId": "lpeize"
        },
        "content": ""
      },
      {
        "lineNumber": 32,
        "author": {
          "gitId": "lpeize"
        },
        "content": "    public void done(){"
      },
      {
        "lineNumber": 33,
        "author": {
          "gitId": "lpeize"
        },
        "content": "        this.isDone \u003d true;"
      },
      {
        "lineNumber": 34,
        "author": {
          "gitId": "lpeize"
        },
        "content": "    }"
      },
      {
        "lineNumber": 35,
        "author": {
          "gitId": "lpeize"
        },
        "content": "}"
      },
      {
        "lineNumber": 36,
        "author": {
          "gitId": "lpeize"
        },
        "content": ""
      }
    ],
    "authorContributionMap": {
      "lpeize": 36
    }
  }
]
