{
  "authorDailyContributionsMap": {
    "lpeize": [
      {
        "insertions": 101,
        "deletions": 39,
        "date": "2019-08-25",
        "commitResults": [
          {
            "hash": "6acb37be950193e21e5e27163c84a383ef5d96a1",
            "message": "Level-1 First version",
            "insertions": 11,
            "deletions": 7
          },
          {
            "hash": "d99e5f7ec862bf545467bbbfceccc9173dca170d",
            "message": "level-1,second_version",
            "insertions": 4,
            "deletions": 3
          },
          {
            "hash": "6d6c69428fb1b59e810d2e42bfe04ca861251ab3",
            "message": "Level-1,oopVersion",
            "insertions": 27,
            "deletions": 7
          },
          {
            "hash": "d731d7cd9e7f1e248f1790d25232bd749ac0375a",
            "message": "Level-1,Great,Echo,Exit",
            "insertions": 10,
            "deletions": 10
          },
          {
            "hash": "5f51dd95180b727ebb8d5e7424fafd6f8794092f",
            "message": "Level-2. Add, List",
            "insertions": 24,
            "deletions": 8
          },
          {
            "hash": "3d5c071832fc477b6af032be0b99d825c324abe1",
            "message": "Level-3. Mark as Done",
            "insertions": 25,
            "deletions": 4
          }
        ]
      },
      {
        "insertions": 100,
        "deletions": 69,
        "date": "2019-08-27",
        "commitResults": [
          {
            "hash": "a9b4dd27c67be9f0b8363230c6b0b3ad82d9c725",
            "message": "Level-3. Mark as Done",
            "insertions": 3,
            "deletions": 3
          },
          {
            "hash": "ef880ca3e9e79012a8e6b7d69977f973dc4406b4",
            "message": "Level-3. Mark as Done",
            "insertions": 97,
            "deletions": 66
          }
        ]
      },
      {
        "insertions": 213,
        "deletions": 78,
        "date": "2019-08-28",
        "commitResults": [
          {
            "hash": "9c83974b299b8259f0eed1eb98b10d97359126e7",
            "message": "Level-4. ToDos, Events, Deadlines",
            "insertions": 86,
            "deletions": 20
          },
          {
            "hash": "01bfff25991bd1e8e5c1004ab85a706259f2b779",
            "message": "Level-5. Handle Errors",
            "insertions": 127,
            "deletions": 58
          }
        ]
      },
      {
        "insertions": 50,
        "deletions": 32,
        "date": "2019-08-29",
        "commitResults": [
          {
            "hash": "7f15d7eadbb6b7f47b834c07a469562f0e59b0c3",
            "message": "Level-5. Handle Errors",
            "insertions": 50,
            "deletions": 32
          }
        ]
      },
      {
        "insertions": 342,
        "deletions": 191,
        "date": "2019-08-30",
        "commitResults": [
          {
            "hash": "c675a47cb1c2462bdb4cfb8325bcd55c2d83c39c",
            "message": "Level-7. Save",
            "insertions": 290,
            "deletions": 161
          },
          {
            "hash": "badca0e21d132d1eaf10d1a9be9392f20c9310c2",
            "message": "Level-8. Dates and times",
            "insertions": 24,
            "deletions": 18
          },
          {
            "hash": "34156d4ace8b4386cf8d30bb93cb9205fa5a575b",
            "message": "Level-8. Dates and times",
            "insertions": 28,
            "deletions": 12
          }
        ]
      },
      {
        "insertions": 1046,
        "deletions": 895,
        "date": "2019-09-01",
        "commitResults": [
          {
            "hash": "77bd21ce34fe2b0d6e61c3e2c931844c237d8185",
            "message": "Level-6. Delete",
            "insertions": 339,
            "deletions": 304
          },
          {
            "hash": "9e3d9c58b0ee640176d6c6c331083bd09dd9a989",
            "message": "Level-9. Find",
            "insertions": 61,
            "deletions": 29
          },
          {
            "hash": "113decd6232cfe3bf1f67648b659315d5ebc3faa",
            "message": "Level-9. Find",
            "insertions": 209,
            "deletions": 197
          },
          {
            "hash": "08a84204ec41161a7ec708a80b8431283e47f1e1",
            "message": "Level-9. Find",
            "insertions": 0,
            "deletions": 12
          },
          {
            "hash": "1c0e50f444ba9b1e9b0c2cb40ac5ccce895e87f6",
            "message": "Level-6. Level-9. Merged",
            "insertions": 0,
            "deletions": 18
          },
          {
            "hash": "227936ebb4a4609ff81945d675c9c7ddc3dc0cc8",
            "message": "Level-9. Delete (A-MoreOOP)",
            "insertions": 437,
            "deletions": 335
          }
        ]
      },
      {
        "insertions": 0,
        "deletions": 5,
        "date": "2019-09-03",
        "commitResults": [
          {
            "hash": "dc36aeaf28ac79c4bbebaa253e8644fb64fd4279",
            "message": "Level-9. Delete(More OOP)",
            "insertions": 0,
            "deletions": 5
          }
        ]
      }
    ]
  },
  "authorFinalContributionMap": {
    "lpeize": 563
  },
  "authorFileFormatContributionMap": {
    "lpeize": {
      "java": 563,
      "gradle": 0,
      "css": 0,
      "fxml": 0
    }
  },
  "authorContributionVariance": {
    "lpeize": 211964.77
  },
  "authorDisplayNameMap": {
    "lpeize": "lpeize"
  }
}
