[
  {
    "path": "src/main/java/Deadline.java",
    "fileType": "java",
    "lines": [
      {
        "lineNumber": 1,
        "author": {
          "gitId": "chengweixuan"
        },
        "content": "import java.time.LocalDateTime;"
      },
      {
        "lineNumber": 2,
        "author": {
          "gitId": "chengweixuan"
        },
        "content": "import java.time.format.DateTimeFormatter;"
      },
      {
        "lineNumber": 3,
        "author": {
          "gitId": "chengweixuan"
        },
        "content": ""
      },
      {
        "lineNumber": 4,
        "author": {
          "gitId": "chengweixuan"
        },
        "content": "public class Deadline extends Task {"
      },
      {
        "lineNumber": 5,
        "author": {
          "gitId": "chengweixuan"
        },
        "content": "    private LocalDateTime by;"
      },
      {
        "lineNumber": 6,
        "author": {
          "gitId": "chengweixuan"
        },
        "content": ""
      },
      {
        "lineNumber": 7,
        "author": {
          "gitId": "chengweixuan"
        },
        "content": "    public Deadline(String description, LocalDateTime by) {"
      },
      {
        "lineNumber": 8,
        "author": {
          "gitId": "chengweixuan"
        },
        "content": "        super(description);"
      },
      {
        "lineNumber": 9,
        "author": {
          "gitId": "chengweixuan"
        },
        "content": "        this.by \u003d by;"
      },
      {
        "lineNumber": 10,
        "author": {
          "gitId": "chengweixuan"
        },
        "content": "    }"
      },
      {
        "lineNumber": 11,
        "author": {
          "gitId": "chengweixuan"
        },
        "content": ""
      },
      {
        "lineNumber": 12,
        "author": {
          "gitId": "chengweixuan"
        },
        "content": "    @Override"
      },
      {
        "lineNumber": 13,
        "author": {
          "gitId": "chengweixuan"
        },
        "content": "    public String toPrint() {"
      },
      {
        "lineNumber": 14,
        "author": {
          "gitId": "chengweixuan"
        },
        "content": "        DateTimeFormatter formatter \u003d DateTimeFormatter.ofPattern(\" d/MM/yyyy HHmm\");"
      },
      {
        "lineNumber": 15,
        "author": {
          "gitId": "chengweixuan"
        },
        "content": "        String printBy \u003d by.format(formatter);"
      },
      {
        "lineNumber": 16,
        "author": {
          "gitId": "chengweixuan"
        },
        "content": "        return \"[D]\" + super.toPrint() + \" (by: \" + printBy + \")\";"
      },
      {
        "lineNumber": 17,
        "author": {
          "gitId": "chengweixuan"
        },
        "content": "    }"
      },
      {
        "lineNumber": 18,
        "author": {
          "gitId": "chengweixuan"
        },
        "content": "}"
      }
    ],
    "authorContributionMap": {
      "chengweixuan": 18
    }
  },
  {
    "path": "src/main/java/Duke.java",
    "fileType": "java",
    "lines": [
      {
        "lineNumber": 1,
        "author": {
          "gitId": "chengweixuan"
        },
        "content": "import java.io.IOException;"
      },
      {
        "lineNumber": 2,
        "author": {
          "gitId": "chengweixuan"
        },
        "content": "import java.util.Scanner;"
      },
      {
        "lineNumber": 3,
        "author": {
          "gitId": "chengweixuan"
        },
        "content": ""
      },
      {
        "lineNumber": 4,
        "author": {
          "gitId": "chengweixuan"
        },
        "content": ""
      },
      {
        "lineNumber": 5,
        "author": {
          "gitId": "-"
        },
        "content": "public class Duke {"
      },
      {
        "lineNumber": 6,
        "author": {
          "gitId": "chengweixuan"
        },
        "content": ""
      },
      {
        "lineNumber": 7,
        "author": {
          "gitId": "chengweixuan"
        },
        "content": "    private Storage storage;"
      },
      {
        "lineNumber": 8,
        "author": {
          "gitId": "chengweixuan"
        },
        "content": "    private TaskList tasks;"
      },
      {
        "lineNumber": 9,
        "author": {
          "gitId": "chengweixuan"
        },
        "content": "    private Ui ui;"
      },
      {
        "lineNumber": 10,
        "author": {
          "gitId": "chengweixuan"
        },
        "content": ""
      },
      {
        "lineNumber": 11,
        "author": {
          "gitId": "chengweixuan"
        },
        "content": "    int print \u003d 1;"
      },
      {
        "lineNumber": 12,
        "author": {
          "gitId": "chengweixuan"
        },
        "content": "    String input \u003d \"\";"
      },
      {
        "lineNumber": 13,
        "author": {
          "gitId": "chengweixuan"
        },
        "content": ""
      },
      {
        "lineNumber": 14,
        "author": {
          "gitId": "chengweixuan"
        },
        "content": "    String filePath \u003d \"/Users/chengweixuanmacbook/Desktop/School/CS2113/saved.txt\";"
      },
      {
        "lineNumber": 15,
        "author": {
          "gitId": "chengweixuan"
        },
        "content": ""
      },
      {
        "lineNumber": 16,
        "author": {
          "gitId": "chengweixuan"
        },
        "content": "    public Duke(String filePath) throws IOException {"
      },
      {
        "lineNumber": 17,
        "author": {
          "gitId": "chengweixuan"
        },
        "content": "        ui \u003d new Ui();"
      },
      {
        "lineNumber": 18,
        "author": {
          "gitId": "chengweixuan"
        },
        "content": "        tasks \u003d new TaskList();"
      },
      {
        "lineNumber": 19,
        "author": {
          "gitId": "chengweixuan"
        },
        "content": "        storage \u003d new Storage(tasks, filePath);"
      },
      {
        "lineNumber": 20,
        "author": {
          "gitId": "-"
        },
        "content": "    }"
      },
      {
        "lineNumber": 21,
        "author": {
          "gitId": "chengweixuan"
        },
        "content": ""
      },
      {
        "lineNumber": 22,
        "author": {
          "gitId": "chengweixuan"
        },
        "content": "    public void run() throws IOException {"
      },
      {
        "lineNumber": 23,
        "author": {
          "gitId": "chengweixuan"
        },
        "content": ""
      },
      {
        "lineNumber": 24,
        "author": {
          "gitId": "chengweixuan"
        },
        "content": "        int counter \u003d tasks.tasks.size();"
      },
      {
        "lineNumber": 25,
        "author": {
          "gitId": "chengweixuan"
        },
        "content": "        ui.printStart(); // prints start message"
      },
      {
        "lineNumber": 26,
        "author": {
          "gitId": "chengweixuan"
        },
        "content": ""
      },
      {
        "lineNumber": 27,
        "author": {
          "gitId": "chengweixuan"
        },
        "content": "        while (true) {"
      },
      {
        "lineNumber": 28,
        "author": {
          "gitId": "chengweixuan"
        },
        "content": "            Scanner myObj \u003d new Scanner(System.in);"
      },
      {
        "lineNumber": 29,
        "author": {
          "gitId": "chengweixuan"
        },
        "content": "            if (!myObj.hasNextLine()) {"
      },
      {
        "lineNumber": 30,
        "author": {
          "gitId": "chengweixuan"
        },
        "content": "                break;"
      },
      {
        "lineNumber": 31,
        "author": {
          "gitId": "chengweixuan"
        },
        "content": "            } else {"
      },
      {
        "lineNumber": 32,
        "author": {
          "gitId": "chengweixuan"
        },
        "content": "                input \u003d myObj.nextLine();"
      },
      {
        "lineNumber": 33,
        "author": {
          "gitId": "chengweixuan"
        },
        "content": "            }"
      },
      {
        "lineNumber": 34,
        "author": {
          "gitId": "chengweixuan"
        },
        "content": "            String[] splitStr \u003d input.split(\" \", 2);"
      },
      {
        "lineNumber": 35,
        "author": {
          "gitId": "chengweixuan"
        },
        "content": ""
      },
      {
        "lineNumber": 36,
        "author": {
          "gitId": "chengweixuan"
        },
        "content": "            if (splitStr[0].equals(\"bye\")) { // break condition"
      },
      {
        "lineNumber": 37,
        "author": {
          "gitId": "chengweixuan"
        },
        "content": "                Storage.clearText(filePath);"
      },
      {
        "lineNumber": 38,
        "author": {
          "gitId": "chengweixuan"
        },
        "content": "                break;"
      },
      {
        "lineNumber": 39,
        "author": {
          "gitId": "chengweixuan"
        },
        "content": "            }"
      },
      {
        "lineNumber": 40,
        "author": {
          "gitId": "chengweixuan"
        },
        "content": "            ui.printLine(); // start of logic"
      },
      {
        "lineNumber": 41,
        "author": {
          "gitId": "chengweixuan"
        },
        "content": ""
      },
      {
        "lineNumber": 42,
        "author": {
          "gitId": "chengweixuan"
        },
        "content": "            if (splitStr[0].equals(\"list\")) {"
      },
      {
        "lineNumber": 43,
        "author": {
          "gitId": "chengweixuan"
        },
        "content": "                ui.printList(tasks);"
      },
      {
        "lineNumber": 44,
        "author": {
          "gitId": "chengweixuan"
        },
        "content": ""
      },
      {
        "lineNumber": 45,
        "author": {
          "gitId": "chengweixuan"
        },
        "content": "            } else if (splitStr[0].equals(\"done\")) {"
      },
      {
        "lineNumber": 46,
        "author": {
          "gitId": "chengweixuan"
        },
        "content": "                Parser.setDone(tasks, splitStr[1], ui);"
      },
      {
        "lineNumber": 47,
        "author": {
          "gitId": "chengweixuan"
        },
        "content": ""
      },
      {
        "lineNumber": 48,
        "author": {
          "gitId": "chengweixuan"
        },
        "content": "            } else if (splitStr[0].equals(\"deadline\")) {"
      },
      {
        "lineNumber": 49,
        "author": {
          "gitId": "chengweixuan"
        },
        "content": "                Parser.addDeadline(tasks, splitStr[1], ui, counter);"
      },
      {
        "lineNumber": 50,
        "author": {
          "gitId": "chengweixuan"
        },
        "content": "                counter++;"
      },
      {
        "lineNumber": 51,
        "author": {
          "gitId": "chengweixuan"
        },
        "content": ""
      },
      {
        "lineNumber": 52,
        "author": {
          "gitId": "chengweixuan"
        },
        "content": "            } else if (splitStr[0].equals(\"todo\")) {"
      },
      {
        "lineNumber": 53,
        "author": {
          "gitId": "chengweixuan"
        },
        "content": "                Parser.addTodo(tasks, splitStr[1], ui, counter);"
      },
      {
        "lineNumber": 54,
        "author": {
          "gitId": "chengweixuan"
        },
        "content": "                counter++;"
      },
      {
        "lineNumber": 55,
        "author": {
          "gitId": "chengweixuan"
        },
        "content": ""
      },
      {
        "lineNumber": 56,
        "author": {
          "gitId": "chengweixuan"
        },
        "content": "            } else if (splitStr[0].equals(\"event\")) {"
      },
      {
        "lineNumber": 57,
        "author": {
          "gitId": "chengweixuan"
        },
        "content": "                Parser.addEvent(tasks, splitStr[1], ui, counter);"
      },
      {
        "lineNumber": 58,
        "author": {
          "gitId": "chengweixuan"
        },
        "content": "                counter++;"
      },
      {
        "lineNumber": 59,
        "author": {
          "gitId": "chengweixuan"
        },
        "content": ""
      },
      {
        "lineNumber": 60,
        "author": {
          "gitId": "chengweixuan"
        },
        "content": "            } else if (splitStr[0].equals(\"delete\")) {"
      },
      {
        "lineNumber": 61,
        "author": {
          "gitId": "chengweixuan"
        },
        "content": "                Parser.deleteTask(tasks, splitStr[1], ui, counter);"
      },
      {
        "lineNumber": 62,
        "author": {
          "gitId": "chengweixuan"
        },
        "content": "                counter--;"
      },
      {
        "lineNumber": 63,
        "author": {
          "gitId": "chengweixuan"
        },
        "content": ""
      },
      {
        "lineNumber": 64,
        "author": {
          "gitId": "chengweixuan"
        },
        "content": "            } else if (splitStr[0].equals(\"find\")) {"
      },
      {
        "lineNumber": 65,
        "author": {
          "gitId": "chengweixuan"
        },
        "content": "                ui.foundTasks(tasks, splitStr[1]);"
      },
      {
        "lineNumber": 66,
        "author": {
          "gitId": "chengweixuan"
        },
        "content": ""
      },
      {
        "lineNumber": 67,
        "author": {
          "gitId": "chengweixuan"
        },
        "content": "            } else {"
      },
      {
        "lineNumber": 68,
        "author": {
          "gitId": "chengweixuan"
        },
        "content": "                ui.errorInput();"
      },
      {
        "lineNumber": 69,
        "author": {
          "gitId": "chengweixuan"
        },
        "content": "            }"
      },
      {
        "lineNumber": 70,
        "author": {
          "gitId": "chengweixuan"
        },
        "content": "            ui.printLine();"
      },
      {
        "lineNumber": 71,
        "author": {
          "gitId": "chengweixuan"
        },
        "content": "        }"
      },
      {
        "lineNumber": 72,
        "author": {
          "gitId": "chengweixuan"
        },
        "content": "        ui.goodbye();"
      },
      {
        "lineNumber": 73,
        "author": {
          "gitId": "-"
        },
        "content": "    }"
      },
      {
        "lineNumber": 74,
        "author": {
          "gitId": "chengweixuan"
        },
        "content": ""
      },
      {
        "lineNumber": 75,
        "author": {
          "gitId": "chengweixuan"
        },
        "content": "    public static void main(String[] args) throws IOException {"
      },
      {
        "lineNumber": 76,
        "author": {
          "gitId": "chengweixuan"
        },
        "content": "        String filePath \u003d \"/Users/chengweixuanmacbook/Desktop/School/CS2113/saved.txt\";"
      },
      {
        "lineNumber": 77,
        "author": {
          "gitId": "chengweixuan"
        },
        "content": "        new Duke(filePath).run();"
      },
      {
        "lineNumber": 78,
        "author": {
          "gitId": "chengweixuan"
        },
        "content": "    }"
      },
      {
        "lineNumber": 79,
        "author": {
          "gitId": "chengweixuan"
        },
        "content": ""
      },
      {
        "lineNumber": 80,
        "author": {
          "gitId": "-"
        },
        "content": "}"
      }
    ],
    "authorContributionMap": {
      "chengweixuan": 76,
      "-": 4
    }
  },
  {
    "path": "src/main/java/Event.java",
    "fileType": "java",
    "lines": [
      {
        "lineNumber": 1,
        "author": {
          "gitId": "chengweixuan"
        },
        "content": "public class Event extends Task {"
      },
      {
        "lineNumber": 2,
        "author": {
          "gitId": "chengweixuan"
        },
        "content": "    private String at;"
      },
      {
        "lineNumber": 3,
        "author": {
          "gitId": "chengweixuan"
        },
        "content": ""
      },
      {
        "lineNumber": 4,
        "author": {
          "gitId": "chengweixuan"
        },
        "content": "    public Event(String description, String at) {"
      },
      {
        "lineNumber": 5,
        "author": {
          "gitId": "chengweixuan"
        },
        "content": "        super(description);"
      },
      {
        "lineNumber": 6,
        "author": {
          "gitId": "chengweixuan"
        },
        "content": "        this.at \u003d at;"
      },
      {
        "lineNumber": 7,
        "author": {
          "gitId": "chengweixuan"
        },
        "content": "    }"
      },
      {
        "lineNumber": 8,
        "author": {
          "gitId": "chengweixuan"
        },
        "content": ""
      },
      {
        "lineNumber": 9,
        "author": {
          "gitId": "chengweixuan"
        },
        "content": "    @Override"
      },
      {
        "lineNumber": 10,
        "author": {
          "gitId": "chengweixuan"
        },
        "content": "    public String toPrint() {"
      },
      {
        "lineNumber": 11,
        "author": {
          "gitId": "chengweixuan"
        },
        "content": "        return \"[E]\" + super.toPrint() + \" (at: \" + at + \")\";"
      },
      {
        "lineNumber": 12,
        "author": {
          "gitId": "chengweixuan"
        },
        "content": "    }"
      },
      {
        "lineNumber": 13,
        "author": {
          "gitId": "chengweixuan"
        },
        "content": "}"
      }
    ],
    "authorContributionMap": {
      "chengweixuan": 13
    }
  },
  {
    "path": "src/main/java/Parser.java",
    "fileType": "java",
    "lines": [
      {
        "lineNumber": 1,
        "author": {
          "gitId": "chengweixuan"
        },
        "content": "import java.io.IOException;"
      },
      {
        "lineNumber": 2,
        "author": {
          "gitId": "chengweixuan"
        },
        "content": "import java.time.LocalDateTime;"
      },
      {
        "lineNumber": 3,
        "author": {
          "gitId": "chengweixuan"
        },
        "content": "import java.time.format.DateTimeFormatter;"
      },
      {
        "lineNumber": 4,
        "author": {
          "gitId": "chengweixuan"
        },
        "content": "import java.time.format.DateTimeParseException;"
      },
      {
        "lineNumber": 5,
        "author": {
          "gitId": "chengweixuan"
        },
        "content": "import java.util.Scanner;"
      },
      {
        "lineNumber": 6,
        "author": {
          "gitId": "chengweixuan"
        },
        "content": ""
      },
      {
        "lineNumber": 7,
        "author": {
          "gitId": "chengweixuan"
        },
        "content": "public class Parser {"
      },
      {
        "lineNumber": 8,
        "author": {
          "gitId": "chengweixuan"
        },
        "content": ""
      },
      {
        "lineNumber": 9,
        "author": {
          "gitId": "chengweixuan"
        },
        "content": ""
      },
      {
        "lineNumber": 10,
        "author": {
          "gitId": "chengweixuan"
        },
        "content": "    static LocalDateTime getTIme(String time) {"
      },
      {
        "lineNumber": 11,
        "author": {
          "gitId": "chengweixuan"
        },
        "content": "        DateTimeFormatter formatter \u003d DateTimeFormatter.ofPattern(\" d/MM/yyyy HHmm\");"
      },
      {
        "lineNumber": 12,
        "author": {
          "gitId": "chengweixuan"
        },
        "content": "        return LocalDateTime.parse(time, formatter);"
      },
      {
        "lineNumber": 13,
        "author": {
          "gitId": "chengweixuan"
        },
        "content": "    }"
      },
      {
        "lineNumber": 14,
        "author": {
          "gitId": "chengweixuan"
        },
        "content": ""
      },
      {
        "lineNumber": 15,
        "author": {
          "gitId": "chengweixuan"
        },
        "content": "    static String[] getInput() {"
      },
      {
        "lineNumber": 16,
        "author": {
          "gitId": "chengweixuan"
        },
        "content": "        Scanner myObj \u003d new Scanner(System.in); // scans for input"
      },
      {
        "lineNumber": 17,
        "author": {
          "gitId": "chengweixuan"
        },
        "content": "        String input \u003d myObj.nextLine();"
      },
      {
        "lineNumber": 18,
        "author": {
          "gitId": "chengweixuan"
        },
        "content": "        return input.split(\" \", 2);"
      },
      {
        "lineNumber": 19,
        "author": {
          "gitId": "chengweixuan"
        },
        "content": "    }"
      },
      {
        "lineNumber": 20,
        "author": {
          "gitId": "chengweixuan"
        },
        "content": ""
      },
      {
        "lineNumber": 21,
        "author": {
          "gitId": "chengweixuan"
        },
        "content": "    static void setDone(TaskList tasks, String number, Ui ui) {"
      },
      {
        "lineNumber": 22,
        "author": {
          "gitId": "chengweixuan"
        },
        "content": "        int index \u003d Integer.parseInt(number);"
      },
      {
        "lineNumber": 23,
        "author": {
          "gitId": "chengweixuan"
        },
        "content": "        try {"
      },
      {
        "lineNumber": 24,
        "author": {
          "gitId": "chengweixuan"
        },
        "content": "            tasks.tasks.get(index-1).MarkAsDone();"
      },
      {
        "lineNumber": 25,
        "author": {
          "gitId": "chengweixuan"
        },
        "content": "            ui.printDone();"
      },
      {
        "lineNumber": 26,
        "author": {
          "gitId": "chengweixuan"
        },
        "content": "            ui.printTask(tasks, index);"
      },
      {
        "lineNumber": 27,
        "author": {
          "gitId": "chengweixuan"
        },
        "content": "            Storage.updateTask(index);"
      },
      {
        "lineNumber": 28,
        "author": {
          "gitId": "chengweixuan"
        },
        "content": ""
      },
      {
        "lineNumber": 29,
        "author": {
          "gitId": "chengweixuan"
        },
        "content": "        } catch (NullPointerException | IOException e) {"
      },
      {
        "lineNumber": 30,
        "author": {
          "gitId": "chengweixuan"
        },
        "content": "            ui.printNullError(index);"
      },
      {
        "lineNumber": 31,
        "author": {
          "gitId": "chengweixuan"
        },
        "content": "            ui.printLine();"
      },
      {
        "lineNumber": 32,
        "author": {
          "gitId": "chengweixuan"
        },
        "content": "        }"
      },
      {
        "lineNumber": 33,
        "author": {
          "gitId": "chengweixuan"
        },
        "content": "    }"
      },
      {
        "lineNumber": 34,
        "author": {
          "gitId": "chengweixuan"
        },
        "content": ""
      },
      {
        "lineNumber": 35,
        "author": {
          "gitId": "chengweixuan"
        },
        "content": "    static void addDeadline(TaskList tasks, String command, Ui ui, int counter) throws IOException {"
      },
      {
        "lineNumber": 36,
        "author": {
          "gitId": "chengweixuan"
        },
        "content": "        try {"
      },
      {
        "lineNumber": 37,
        "author": {
          "gitId": "chengweixuan"
        },
        "content": "            String[] newSplit \u003d command.split(\"/by\", 2);"
      },
      {
        "lineNumber": 38,
        "author": {
          "gitId": "chengweixuan"
        },
        "content": "            String description \u003d newSplit[0];"
      },
      {
        "lineNumber": 39,
        "author": {
          "gitId": "chengweixuan"
        },
        "content": ""
      },
      {
        "lineNumber": 40,
        "author": {
          "gitId": "chengweixuan"
        },
        "content": "            try {"
      },
      {
        "lineNumber": 41,
        "author": {
          "gitId": "chengweixuan"
        },
        "content": "                String by \u003d newSplit[1];"
      },
      {
        "lineNumber": 42,
        "author": {
          "gitId": "chengweixuan"
        },
        "content": "                try {"
      },
      {
        "lineNumber": 43,
        "author": {
          "gitId": "chengweixuan"
        },
        "content": "                    LocalDateTime newBy \u003d getTIme(by);"
      },
      {
        "lineNumber": 44,
        "author": {
          "gitId": "chengweixuan"
        },
        "content": "                    tasks.tasks.add(new Deadline(description, newBy));"
      },
      {
        "lineNumber": 45,
        "author": {
          "gitId": "chengweixuan"
        },
        "content": "                    ui.addedTask(tasks, counter);"
      },
      {
        "lineNumber": 46,
        "author": {
          "gitId": "chengweixuan"
        },
        "content": "                    Storage.addText(\"D\", description, by);"
      },
      {
        "lineNumber": 47,
        "author": {
          "gitId": "chengweixuan"
        },
        "content": "                } catch (DateTimeParseException e) {"
      },
      {
        "lineNumber": 48,
        "author": {
          "gitId": "chengweixuan"
        },
        "content": "                    System.out.println(\"OOPS!!! Please enter the time as d/MM/yyy HHmm\");"
      },
      {
        "lineNumber": 49,
        "author": {
          "gitId": "chengweixuan"
        },
        "content": "                    ui.printLine();"
      },
      {
        "lineNumber": 50,
        "author": {
          "gitId": "chengweixuan"
        },
        "content": "                }"
      },
      {
        "lineNumber": 51,
        "author": {
          "gitId": "chengweixuan"
        },
        "content": ""
      },
      {
        "lineNumber": 52,
        "author": {
          "gitId": "chengweixuan"
        },
        "content": "            } catch (ArrayIndexOutOfBoundsException e) {"
      },
      {
        "lineNumber": 53,
        "author": {
          "gitId": "chengweixuan"
        },
        "content": "                ui.noTimeError(\"deadline\");"
      },
      {
        "lineNumber": 54,
        "author": {
          "gitId": "chengweixuan"
        },
        "content": "                ui.printLine();"
      },
      {
        "lineNumber": 55,
        "author": {
          "gitId": "chengweixuan"
        },
        "content": "            }"
      },
      {
        "lineNumber": 56,
        "author": {
          "gitId": "chengweixuan"
        },
        "content": "        } catch (ArrayIndexOutOfBoundsException e) {"
      },
      {
        "lineNumber": 57,
        "author": {
          "gitId": "chengweixuan"
        },
        "content": "            ui.printNoDescriptionError(\"deadline\");"
      },
      {
        "lineNumber": 58,
        "author": {
          "gitId": "chengweixuan"
        },
        "content": "            ui.printLine();"
      },
      {
        "lineNumber": 59,
        "author": {
          "gitId": "chengweixuan"
        },
        "content": "        }"
      },
      {
        "lineNumber": 60,
        "author": {
          "gitId": "chengweixuan"
        },
        "content": "    }"
      },
      {
        "lineNumber": 61,
        "author": {
          "gitId": "chengweixuan"
        },
        "content": ""
      },
      {
        "lineNumber": 62,
        "author": {
          "gitId": "chengweixuan"
        },
        "content": "    static void addTodo(TaskList tasks, String command, Ui ui, int counter) throws IOException {"
      },
      {
        "lineNumber": 63,
        "author": {
          "gitId": "chengweixuan"
        },
        "content": "        try {"
      },
      {
        "lineNumber": 64,
        "author": {
          "gitId": "chengweixuan"
        },
        "content": "            tasks.tasks.add(new ToDos(command));"
      },
      {
        "lineNumber": 65,
        "author": {
          "gitId": "chengweixuan"
        },
        "content": "            ui.addedTask(tasks, counter);"
      },
      {
        "lineNumber": 66,
        "author": {
          "gitId": "chengweixuan"
        },
        "content": "            Storage.addText(\"T\", command, \"\");"
      },
      {
        "lineNumber": 67,
        "author": {
          "gitId": "chengweixuan"
        },
        "content": ""
      },
      {
        "lineNumber": 68,
        "author": {
          "gitId": "chengweixuan"
        },
        "content": "        } catch (ArrayIndexOutOfBoundsException e) {"
      },
      {
        "lineNumber": 69,
        "author": {
          "gitId": "chengweixuan"
        },
        "content": "            ui.printNoDescriptionError(\"todo\");"
      },
      {
        "lineNumber": 70,
        "author": {
          "gitId": "chengweixuan"
        },
        "content": "            ui.printLine();"
      },
      {
        "lineNumber": 71,
        "author": {
          "gitId": "chengweixuan"
        },
        "content": "        }"
      },
      {
        "lineNumber": 72,
        "author": {
          "gitId": "chengweixuan"
        },
        "content": "    }"
      },
      {
        "lineNumber": 73,
        "author": {
          "gitId": "chengweixuan"
        },
        "content": ""
      },
      {
        "lineNumber": 74,
        "author": {
          "gitId": "chengweixuan"
        },
        "content": "    static void addEvent(TaskList tasks, String command, Ui ui, int counter) throws IOException {"
      },
      {
        "lineNumber": 75,
        "author": {
          "gitId": "chengweixuan"
        },
        "content": "        try {"
      },
      {
        "lineNumber": 76,
        "author": {
          "gitId": "chengweixuan"
        },
        "content": "            String[] newSplit \u003d command.split(\"/at\", 2);"
      },
      {
        "lineNumber": 77,
        "author": {
          "gitId": "chengweixuan"
        },
        "content": "            String description \u003d newSplit[0];"
      },
      {
        "lineNumber": 78,
        "author": {
          "gitId": "chengweixuan"
        },
        "content": "            try {"
      },
      {
        "lineNumber": 79,
        "author": {
          "gitId": "chengweixuan"
        },
        "content": "                String at \u003d newSplit[1];"
      },
      {
        "lineNumber": 80,
        "author": {
          "gitId": "chengweixuan"
        },
        "content": "                tasks.tasks.add(new Event(description, at));"
      },
      {
        "lineNumber": 81,
        "author": {
          "gitId": "chengweixuan"
        },
        "content": "                ui.addedTask(tasks, counter);"
      },
      {
        "lineNumber": 82,
        "author": {
          "gitId": "chengweixuan"
        },
        "content": "                Storage.addText(\"E\", description, at);"
      },
      {
        "lineNumber": 83,
        "author": {
          "gitId": "chengweixuan"
        },
        "content": ""
      },
      {
        "lineNumber": 84,
        "author": {
          "gitId": "chengweixuan"
        },
        "content": "            } catch (ArrayIndexOutOfBoundsException e) {"
      },
      {
        "lineNumber": 85,
        "author": {
          "gitId": "chengweixuan"
        },
        "content": "                ui.noTimeError(\"time for the event\");"
      },
      {
        "lineNumber": 86,
        "author": {
          "gitId": "chengweixuan"
        },
        "content": "                ui.printLine();"
      },
      {
        "lineNumber": 87,
        "author": {
          "gitId": "chengweixuan"
        },
        "content": "            }"
      },
      {
        "lineNumber": 88,
        "author": {
          "gitId": "chengweixuan"
        },
        "content": ""
      },
      {
        "lineNumber": 89,
        "author": {
          "gitId": "chengweixuan"
        },
        "content": "        } catch (ArrayIndexOutOfBoundsException e) {"
      },
      {
        "lineNumber": 90,
        "author": {
          "gitId": "chengweixuan"
        },
        "content": "            ui.printNoDescriptionError(\"event\");"
      },
      {
        "lineNumber": 91,
        "author": {
          "gitId": "chengweixuan"
        },
        "content": "            ui.printLine();"
      },
      {
        "lineNumber": 92,
        "author": {
          "gitId": "chengweixuan"
        },
        "content": "        }"
      },
      {
        "lineNumber": 93,
        "author": {
          "gitId": "chengweixuan"
        },
        "content": ""
      },
      {
        "lineNumber": 94,
        "author": {
          "gitId": "chengweixuan"
        },
        "content": "    }"
      },
      {
        "lineNumber": 95,
        "author": {
          "gitId": "chengweixuan"
        },
        "content": ""
      },
      {
        "lineNumber": 96,
        "author": {
          "gitId": "chengweixuan"
        },
        "content": "    static void deleteTask(TaskList tasks, String number, Ui ui, int counter) throws IOException {"
      },
      {
        "lineNumber": 97,
        "author": {
          "gitId": "chengweixuan"
        },
        "content": "        int index \u003d Integer.parseInt(number);"
      },
      {
        "lineNumber": 98,
        "author": {
          "gitId": "chengweixuan"
        },
        "content": "        try {"
      },
      {
        "lineNumber": 99,
        "author": {
          "gitId": "chengweixuan"
        },
        "content": "            Task temp \u003d tasks.tasks.get(index-1);"
      },
      {
        "lineNumber": 100,
        "author": {
          "gitId": "chengweixuan"
        },
        "content": "            tasks.tasks.remove(index - 1);"
      },
      {
        "lineNumber": 101,
        "author": {
          "gitId": "chengweixuan"
        },
        "content": "            ui.printDeleted();"
      },
      {
        "lineNumber": 102,
        "author": {
          "gitId": "chengweixuan"
        },
        "content": "            ui.printTask(tasks, counter-1); int count \u003d counter - 1;"
      },
      {
        "lineNumber": 103,
        "author": {
          "gitId": "chengweixuan"
        },
        "content": "            System.out.println(\"Now you have \" + counter + \" tasks in the list.\");"
      },
      {
        "lineNumber": 104,
        "author": {
          "gitId": "chengweixuan"
        },
        "content": "            Storage.deleteTask(index);"
      },
      {
        "lineNumber": 105,
        "author": {
          "gitId": "chengweixuan"
        },
        "content": ""
      },
      {
        "lineNumber": 106,
        "author": {
          "gitId": "chengweixuan"
        },
        "content": "        } catch (NullPointerException e) {"
      },
      {
        "lineNumber": 107,
        "author": {
          "gitId": "chengweixuan"
        },
        "content": "            ui.printNullError(index);"
      },
      {
        "lineNumber": 108,
        "author": {
          "gitId": "chengweixuan"
        },
        "content": "            ui.printLine();"
      },
      {
        "lineNumber": 109,
        "author": {
          "gitId": "chengweixuan"
        },
        "content": "        }"
      },
      {
        "lineNumber": 110,
        "author": {
          "gitId": "chengweixuan"
        },
        "content": "    }"
      },
      {
        "lineNumber": 111,
        "author": {
          "gitId": "chengweixuan"
        },
        "content": "}"
      }
    ],
    "authorContributionMap": {
      "chengweixuan": 111
    }
  },
  {
    "path": "src/main/java/Storage.java",
    "fileType": "java",
    "lines": [
      {
        "lineNumber": 1,
        "author": {
          "gitId": "chengweixuan"
        },
        "content": "import java.io.*;"
      },
      {
        "lineNumber": 2,
        "author": {
          "gitId": "chengweixuan"
        },
        "content": "import java.io.FileWriter;"
      },
      {
        "lineNumber": 3,
        "author": {
          "gitId": "chengweixuan"
        },
        "content": "import java.io.IOException;"
      },
      {
        "lineNumber": 4,
        "author": {
          "gitId": "chengweixuan"
        },
        "content": "import java.time.LocalDateTime;"
      },
      {
        "lineNumber": 5,
        "author": {
          "gitId": "chengweixuan"
        },
        "content": "import java.time.format.DateTimeFormatter;"
      },
      {
        "lineNumber": 6,
        "author": {
          "gitId": "chengweixuan"
        },
        "content": "import java.util.List;"
      },
      {
        "lineNumber": 7,
        "author": {
          "gitId": "chengweixuan"
        },
        "content": ""
      },
      {
        "lineNumber": 8,
        "author": {
          "gitId": "chengweixuan"
        },
        "content": ""
      },
      {
        "lineNumber": 9,
        "author": {
          "gitId": "chengweixuan"
        },
        "content": "public class Storage {"
      },
      {
        "lineNumber": 10,
        "author": {
          "gitId": "chengweixuan"
        },
        "content": ""
      },
      {
        "lineNumber": 11,
        "author": {
          "gitId": "chengweixuan"
        },
        "content": "    public Storage(TaskList tasks, String filePath) throws IOException{"
      },
      {
        "lineNumber": 12,
        "author": {
          "gitId": "chengweixuan"
        },
        "content": "        FileReader fr \u003d new FileReader(filePath);"
      },
      {
        "lineNumber": 13,
        "author": {
          "gitId": "chengweixuan"
        },
        "content": "        BufferedReader br \u003d new BufferedReader(fr);"
      },
      {
        "lineNumber": 14,
        "author": {
          "gitId": "chengweixuan"
        },
        "content": ""
      },
      {
        "lineNumber": 15,
        "author": {
          "gitId": "chengweixuan"
        },
        "content": "        String line \u003d null;"
      },
      {
        "lineNumber": 16,
        "author": {
          "gitId": "chengweixuan"
        },
        "content": "        while((line \u003d br.readLine()) !\u003d null) {"
      },
      {
        "lineNumber": 17,
        "author": {
          "gitId": "chengweixuan"
        },
        "content": "//            line \u003d br.readLine();"
      },
      {
        "lineNumber": 18,
        "author": {
          "gitId": "chengweixuan"
        },
        "content": "            String[] spliced \u003d line.split(\"/next\", 2);"
      },
      {
        "lineNumber": 19,
        "author": {
          "gitId": "chengweixuan"
        },
        "content": "            if (spliced[0].equals(\"T\")) {"
      },
      {
        "lineNumber": 20,
        "author": {
          "gitId": "chengweixuan"
        },
        "content": "                // do basic command"
      },
      {
        "lineNumber": 21,
        "author": {
          "gitId": "chengweixuan"
        },
        "content": "                String[] furtherSplit \u003d spliced[1].split(\"/time\", 2);"
      },
      {
        "lineNumber": 22,
        "author": {
          "gitId": "chengweixuan"
        },
        "content": "                tasks.tasks.add(new ToDos(furtherSplit[0]));"
      },
      {
        "lineNumber": 23,
        "author": {
          "gitId": "chengweixuan"
        },
        "content": "            } else if (spliced[0].equals(\"D\")) {"
      },
      {
        "lineNumber": 24,
        "author": {
          "gitId": "chengweixuan"
        },
        "content": "                String[] furtherSplit \u003d spliced[1].split(\"/time\", 2);"
      },
      {
        "lineNumber": 25,
        "author": {
          "gitId": "chengweixuan"
        },
        "content": "                String input \u003d furtherSplit[0];"
      },
      {
        "lineNumber": 26,
        "author": {
          "gitId": "chengweixuan"
        },
        "content": "                String time \u003d furtherSplit[1];"
      },
      {
        "lineNumber": 27,
        "author": {
          "gitId": "chengweixuan"
        },
        "content": "                LocalDateTime newTime \u003d Parser.getTIme(time);"
      },
      {
        "lineNumber": 28,
        "author": {
          "gitId": "chengweixuan"
        },
        "content": "                tasks.tasks.add(new Deadline(input, newTime));"
      },
      {
        "lineNumber": 29,
        "author": {
          "gitId": "chengweixuan"
        },
        "content": "                // do deadline command"
      },
      {
        "lineNumber": 30,
        "author": {
          "gitId": "chengweixuan"
        },
        "content": ""
      },
      {
        "lineNumber": 31,
        "author": {
          "gitId": "chengweixuan"
        },
        "content": "            } else if (spliced[0].equals(\"E\")) {"
      },
      {
        "lineNumber": 32,
        "author": {
          "gitId": "chengweixuan"
        },
        "content": "                String[] furtherSplit \u003d spliced[1].split(\"/time\", 2);"
      },
      {
        "lineNumber": 33,
        "author": {
          "gitId": "chengweixuan"
        },
        "content": "                String input \u003d furtherSplit[0];"
      },
      {
        "lineNumber": 34,
        "author": {
          "gitId": "chengweixuan"
        },
        "content": "                String time \u003d furtherSplit[1];"
      },
      {
        "lineNumber": 35,
        "author": {
          "gitId": "chengweixuan"
        },
        "content": "                tasks.tasks.add(new Event(input, time));"
      },
      {
        "lineNumber": 36,
        "author": {
          "gitId": "chengweixuan"
        },
        "content": ""
      },
      {
        "lineNumber": 37,
        "author": {
          "gitId": "chengweixuan"
        },
        "content": "            } else if (spliced[0].equals(\"U\")) {"
      },
      {
        "lineNumber": 38,
        "author": {
          "gitId": "chengweixuan"
        },
        "content": "                String number \u003d spliced[1];"
      },
      {
        "lineNumber": 39,
        "author": {
          "gitId": "chengweixuan"
        },
        "content": "                int index \u003d Integer.parseInt(number);"
      },
      {
        "lineNumber": 40,
        "author": {
          "gitId": "chengweixuan"
        },
        "content": "                tasks.tasks.get(index - 1).MarkAsDone();"
      },
      {
        "lineNumber": 41,
        "author": {
          "gitId": "chengweixuan"
        },
        "content": ""
      },
      {
        "lineNumber": 42,
        "author": {
          "gitId": "chengweixuan"
        },
        "content": "            } else if (spliced[0].equals(\"C\")) {"
      },
      {
        "lineNumber": 43,
        "author": {
          "gitId": "chengweixuan"
        },
        "content": "                String number \u003d spliced[1];"
      },
      {
        "lineNumber": 44,
        "author": {
          "gitId": "chengweixuan"
        },
        "content": "                int index \u003d Integer.parseInt(number);"
      },
      {
        "lineNumber": 45,
        "author": {
          "gitId": "chengweixuan"
        },
        "content": "                tasks.tasks.remove(index-1);"
      },
      {
        "lineNumber": 46,
        "author": {
          "gitId": "chengweixuan"
        },
        "content": "            }"
      },
      {
        "lineNumber": 47,
        "author": {
          "gitId": "chengweixuan"
        },
        "content": ""
      },
      {
        "lineNumber": 48,
        "author": {
          "gitId": "chengweixuan"
        },
        "content": "        }"
      },
      {
        "lineNumber": 49,
        "author": {
          "gitId": "chengweixuan"
        },
        "content": "    }"
      },
      {
        "lineNumber": 50,
        "author": {
          "gitId": "chengweixuan"
        },
        "content": ""
      },
      {
        "lineNumber": 51,
        "author": {
          "gitId": "chengweixuan"
        },
        "content": "    public static void clearText(String filePath) throws IOException {"
      },
      {
        "lineNumber": 52,
        "author": {
          "gitId": "chengweixuan"
        },
        "content": "        FileWriter fw \u003d new FileWriter(filePath);"
      },
      {
        "lineNumber": 53,
        "author": {
          "gitId": "chengweixuan"
        },
        "content": "        fw.write(\"\");"
      },
      {
        "lineNumber": 54,
        "author": {
          "gitId": "chengweixuan"
        },
        "content": "        fw.close();"
      },
      {
        "lineNumber": 55,
        "author": {
          "gitId": "chengweixuan"
        },
        "content": "    }"
      },
      {
        "lineNumber": 56,
        "author": {
          "gitId": "chengweixuan"
        },
        "content": ""
      },
      {
        "lineNumber": 57,
        "author": {
          "gitId": "chengweixuan"
        },
        "content": "    public static void addText(String type, String input, String time) throws IOException {"
      },
      {
        "lineNumber": 58,
        "author": {
          "gitId": "chengweixuan"
        },
        "content": "        BufferedWriter fw \u003d new BufferedWriter("
      },
      {
        "lineNumber": 59,
        "author": {
          "gitId": "chengweixuan"
        },
        "content": "                new FileWriter(\"/Users/chengweixuanmacbook/Desktop/School/CS2113/saved.txt\", true));"
      },
      {
        "lineNumber": 60,
        "author": {
          "gitId": "chengweixuan"
        },
        "content": ""
      },
      {
        "lineNumber": 61,
        "author": {
          "gitId": "chengweixuan"
        },
        "content": "        fw.write(type + \"/next\"  + input + \"/time\" + time + \"\\n\");"
      },
      {
        "lineNumber": 62,
        "author": {
          "gitId": "chengweixuan"
        },
        "content": "        fw.close();"
      },
      {
        "lineNumber": 63,
        "author": {
          "gitId": "chengweixuan"
        },
        "content": "    }"
      },
      {
        "lineNumber": 64,
        "author": {
          "gitId": "chengweixuan"
        },
        "content": ""
      },
      {
        "lineNumber": 65,
        "author": {
          "gitId": "chengweixuan"
        },
        "content": "    public static void updateTask(int index) throws IOException {"
      },
      {
        "lineNumber": 66,
        "author": {
          "gitId": "chengweixuan"
        },
        "content": "        BufferedWriter fw \u003d new BufferedWriter("
      },
      {
        "lineNumber": 67,
        "author": {
          "gitId": "chengweixuan"
        },
        "content": "                new FileWriter(\"/Users/chengweixuanmacbook/Desktop/School/CS2113/saved.txt\", true));"
      },
      {
        "lineNumber": 68,
        "author": {
          "gitId": "chengweixuan"
        },
        "content": "        fw.write(\"U/next\" + index + \"\\n\");"
      },
      {
        "lineNumber": 69,
        "author": {
          "gitId": "chengweixuan"
        },
        "content": "        fw.close();"
      },
      {
        "lineNumber": 70,
        "author": {
          "gitId": "chengweixuan"
        },
        "content": "    }"
      },
      {
        "lineNumber": 71,
        "author": {
          "gitId": "chengweixuan"
        },
        "content": ""
      },
      {
        "lineNumber": 72,
        "author": {
          "gitId": "chengweixuan"
        },
        "content": "    public static void deleteTask(int index) throws IOException {"
      },
      {
        "lineNumber": 73,
        "author": {
          "gitId": "chengweixuan"
        },
        "content": "        BufferedWriter fw \u003d new BufferedWriter("
      },
      {
        "lineNumber": 74,
        "author": {
          "gitId": "chengweixuan"
        },
        "content": "                new FileWriter(\"/Users/chengweixuanmacbook/Desktop/School/CS2113/saved.txt\", true));"
      },
      {
        "lineNumber": 75,
        "author": {
          "gitId": "chengweixuan"
        },
        "content": "        fw.write(\"C/next\" + index + \"\\n\");"
      },
      {
        "lineNumber": 76,
        "author": {
          "gitId": "chengweixuan"
        },
        "content": "        fw.close();"
      },
      {
        "lineNumber": 77,
        "author": {
          "gitId": "chengweixuan"
        },
        "content": "    }"
      },
      {
        "lineNumber": 78,
        "author": {
          "gitId": "chengweixuan"
        },
        "content": ""
      },
      {
        "lineNumber": 79,
        "author": {
          "gitId": "chengweixuan"
        },
        "content": "}"
      }
    ],
    "authorContributionMap": {
      "chengweixuan": 79
    }
  },
  {
    "path": "src/main/java/Task.java",
    "fileType": "java",
    "lines": [
      {
        "lineNumber": 1,
        "author": {
          "gitId": "chengweixuan"
        },
        "content": "public class Task {"
      },
      {
        "lineNumber": 2,
        "author": {
          "gitId": "chengweixuan"
        },
        "content": "    private String description;"
      },
      {
        "lineNumber": 3,
        "author": {
          "gitId": "chengweixuan"
        },
        "content": "    private boolean isDone;"
      },
      {
        "lineNumber": 4,
        "author": {
          "gitId": "chengweixuan"
        },
        "content": "    // to create the task"
      },
      {
        "lineNumber": 5,
        "author": {
          "gitId": "chengweixuan"
        },
        "content": "    public Task(String description) {"
      },
      {
        "lineNumber": 6,
        "author": {
          "gitId": "chengweixuan"
        },
        "content": "        this.description \u003d description;"
      },
      {
        "lineNumber": 7,
        "author": {
          "gitId": "chengweixuan"
        },
        "content": "        this.isDone \u003d false;"
      },
      {
        "lineNumber": 8,
        "author": {
          "gitId": "chengweixuan"
        },
        "content": "    }"
      },
      {
        "lineNumber": 9,
        "author": {
          "gitId": "chengweixuan"
        },
        "content": ""
      },
      {
        "lineNumber": 10,
        "author": {
          "gitId": "chengweixuan"
        },
        "content": "    public String getString() {"
      },
      {
        "lineNumber": 11,
        "author": {
          "gitId": "chengweixuan"
        },
        "content": "        return this.description;"
      },
      {
        "lineNumber": 12,
        "author": {
          "gitId": "chengweixuan"
        },
        "content": "    }"
      },
      {
        "lineNumber": 13,
        "author": {
          "gitId": "chengweixuan"
        },
        "content": ""
      },
      {
        "lineNumber": 14,
        "author": {
          "gitId": "chengweixuan"
        },
        "content": "    public String getStatusIcon() {"
      },
      {
        "lineNumber": 15,
        "author": {
          "gitId": "chengweixuan"
        },
        "content": "        return (isDone ? \"\\u2713\" : \"\\u2718\"); //return tick or X symbols"
      },
      {
        "lineNumber": 16,
        "author": {
          "gitId": "chengweixuan"
        },
        "content": "    }"
      },
      {
        "lineNumber": 17,
        "author": {
          "gitId": "chengweixuan"
        },
        "content": ""
      },
      {
        "lineNumber": 18,
        "author": {
          "gitId": "chengweixuan"
        },
        "content": "    public void MarkAsDone() {"
      },
      {
        "lineNumber": 19,
        "author": {
          "gitId": "chengweixuan"
        },
        "content": "        this.isDone \u003d true;"
      },
      {
        "lineNumber": 20,
        "author": {
          "gitId": "chengweixuan"
        },
        "content": "    }"
      },
      {
        "lineNumber": 21,
        "author": {
          "gitId": "chengweixuan"
        },
        "content": ""
      },
      {
        "lineNumber": 22,
        "author": {
          "gitId": "chengweixuan"
        },
        "content": "    public String toPrint() {"
      },
      {
        "lineNumber": 23,
        "author": {
          "gitId": "chengweixuan"
        },
        "content": "        return \"[\" + this.getStatusIcon() + \"] \" + this.description;"
      },
      {
        "lineNumber": 24,
        "author": {
          "gitId": "chengweixuan"
        },
        "content": "    }"
      },
      {
        "lineNumber": 25,
        "author": {
          "gitId": "chengweixuan"
        },
        "content": ""
      },
      {
        "lineNumber": 26,
        "author": {
          "gitId": "chengweixuan"
        },
        "content": ""
      },
      {
        "lineNumber": 27,
        "author": {
          "gitId": "chengweixuan"
        },
        "content": "}"
      }
    ],
    "authorContributionMap": {
      "chengweixuan": 27
    }
  },
  {
    "path": "src/main/java/TaskList.java",
    "fileType": "java",
    "lines": [
      {
        "lineNumber": 1,
        "author": {
          "gitId": "chengweixuan"
        },
        "content": "import java.time.LocalDateTime;"
      },
      {
        "lineNumber": 2,
        "author": {
          "gitId": "chengweixuan"
        },
        "content": "import java.util.ArrayList;"
      },
      {
        "lineNumber": 3,
        "author": {
          "gitId": "chengweixuan"
        },
        "content": "import java.util.List;"
      },
      {
        "lineNumber": 4,
        "author": {
          "gitId": "chengweixuan"
        },
        "content": ""
      },
      {
        "lineNumber": 5,
        "author": {
          "gitId": "chengweixuan"
        },
        "content": "public class TaskList {"
      },
      {
        "lineNumber": 6,
        "author": {
          "gitId": "chengweixuan"
        },
        "content": "    List\u003cTask\u003e tasks \u003d new ArrayList\u003c\u003e();"
      },
      {
        "lineNumber": 7,
        "author": {
          "gitId": "chengweixuan"
        },
        "content": ""
      },
      {
        "lineNumber": 8,
        "author": {
          "gitId": "chengweixuan"
        },
        "content": "    public void addTDos(String description) {"
      },
      {
        "lineNumber": 9,
        "author": {
          "gitId": "chengweixuan"
        },
        "content": "        tasks.add(new ToDos(description));"
      },
      {
        "lineNumber": 10,
        "author": {
          "gitId": "chengweixuan"
        },
        "content": "    }"
      },
      {
        "lineNumber": 11,
        "author": {
          "gitId": "chengweixuan"
        },
        "content": ""
      },
      {
        "lineNumber": 12,
        "author": {
          "gitId": "chengweixuan"
        },
        "content": "    public void addDeadline(String description, String time) {"
      },
      {
        "lineNumber": 13,
        "author": {
          "gitId": "chengweixuan"
        },
        "content": "        LocalDateTime by \u003d Parser.getTIme(time);"
      },
      {
        "lineNumber": 14,
        "author": {
          "gitId": "chengweixuan"
        },
        "content": "        tasks.add(new Deadline(description, by));"
      },
      {
        "lineNumber": 15,
        "author": {
          "gitId": "chengweixuan"
        },
        "content": "    }"
      },
      {
        "lineNumber": 16,
        "author": {
          "gitId": "chengweixuan"
        },
        "content": ""
      },
      {
        "lineNumber": 17,
        "author": {
          "gitId": "chengweixuan"
        },
        "content": "    public void addEvent(String description, String time) {"
      },
      {
        "lineNumber": 18,
        "author": {
          "gitId": "chengweixuan"
        },
        "content": "        tasks.add(new Event(description, time));"
      },
      {
        "lineNumber": 19,
        "author": {
          "gitId": "chengweixuan"
        },
        "content": "    }"
      },
      {
        "lineNumber": 20,
        "author": {
          "gitId": "chengweixuan"
        },
        "content": ""
      },
      {
        "lineNumber": 21,
        "author": {
          "gitId": "chengweixuan"
        },
        "content": "    public int getSize() {"
      },
      {
        "lineNumber": 22,
        "author": {
          "gitId": "chengweixuan"
        },
        "content": "        return tasks.size();"
      },
      {
        "lineNumber": 23,
        "author": {
          "gitId": "chengweixuan"
        },
        "content": "    }"
      },
      {
        "lineNumber": 24,
        "author": {
          "gitId": "chengweixuan"
        },
        "content": ""
      },
      {
        "lineNumber": 25,
        "author": {
          "gitId": "chengweixuan"
        },
        "content": ""
      },
      {
        "lineNumber": 26,
        "author": {
          "gitId": "chengweixuan"
        },
        "content": "}"
      },
      {
        "lineNumber": 27,
        "author": {
          "gitId": "chengweixuan"
        },
        "content": ""
      }
    ],
    "authorContributionMap": {
      "chengweixuan": 27
    }
  },
  {
    "path": "src/main/java/ToDos.java",
    "fileType": "java",
    "lines": [
      {
        "lineNumber": 1,
        "author": {
          "gitId": "chengweixuan"
        },
        "content": "public class ToDos extends Task {"
      },
      {
        "lineNumber": 2,
        "author": {
          "gitId": "chengweixuan"
        },
        "content": "    public ToDos(String description) {"
      },
      {
        "lineNumber": 3,
        "author": {
          "gitId": "chengweixuan"
        },
        "content": "        super(description);"
      },
      {
        "lineNumber": 4,
        "author": {
          "gitId": "chengweixuan"
        },
        "content": "    }"
      },
      {
        "lineNumber": 5,
        "author": {
          "gitId": "chengweixuan"
        },
        "content": ""
      },
      {
        "lineNumber": 6,
        "author": {
          "gitId": "chengweixuan"
        },
        "content": "    @Override"
      },
      {
        "lineNumber": 7,
        "author": {
          "gitId": "chengweixuan"
        },
        "content": "    public String toPrint() {"
      },
      {
        "lineNumber": 8,
        "author": {
          "gitId": "chengweixuan"
        },
        "content": "        return \"[T]\" + super.toPrint();"
      },
      {
        "lineNumber": 9,
        "author": {
          "gitId": "chengweixuan"
        },
        "content": "    }"
      },
      {
        "lineNumber": 10,
        "author": {
          "gitId": "chengweixuan"
        },
        "content": "}"
      }
    ],
    "authorContributionMap": {
      "chengweixuan": 10
    }
  },
  {
    "path": "src/main/java/Ui.java",
    "fileType": "java",
    "lines": [
      {
        "lineNumber": 1,
        "author": {
          "gitId": "chengweixuan"
        },
        "content": "public class Ui {"
      },
      {
        "lineNumber": 2,
        "author": {
          "gitId": "chengweixuan"
        },
        "content": ""
      },
      {
        "lineNumber": 3,
        "author": {
          "gitId": "chengweixuan"
        },
        "content": "    void printLine() {"
      },
      {
        "lineNumber": 4,
        "author": {
          "gitId": "chengweixuan"
        },
        "content": "        System.out.println(\"____________________\");"
      },
      {
        "lineNumber": 5,
        "author": {
          "gitId": "chengweixuan"
        },
        "content": "    }"
      },
      {
        "lineNumber": 6,
        "author": {
          "gitId": "chengweixuan"
        },
        "content": ""
      },
      {
        "lineNumber": 7,
        "author": {
          "gitId": "chengweixuan"
        },
        "content": "    void printStart() {"
      },
      {
        "lineNumber": 8,
        "author": {
          "gitId": "chengweixuan"
        },
        "content": "        String logo \u003d \" ____        _        \\n\""
      },
      {
        "lineNumber": 9,
        "author": {
          "gitId": "chengweixuan"
        },
        "content": "                + \"|  _ \\\\ _   _| | _____ \\n\""
      },
      {
        "lineNumber": 10,
        "author": {
          "gitId": "chengweixuan"
        },
        "content": "                + \"| | | | | | | |/ / _ \\\\\\n\""
      },
      {
        "lineNumber": 11,
        "author": {
          "gitId": "chengweixuan"
        },
        "content": "                + \"| |_| | |_| |   \u003c  __/\\n\""
      },
      {
        "lineNumber": 12,
        "author": {
          "gitId": "chengweixuan"
        },
        "content": "                + \"|____/ \\\\__,_|_|\\\\_\\\\___|\\n\";"
      },
      {
        "lineNumber": 13,
        "author": {
          "gitId": "chengweixuan"
        },
        "content": "        System.out.println(\"Hello from\\n\" + logo);"
      },
      {
        "lineNumber": 14,
        "author": {
          "gitId": "chengweixuan"
        },
        "content": ""
      },
      {
        "lineNumber": 15,
        "author": {
          "gitId": "chengweixuan"
        },
        "content": "        System.out.println(\"Hello! I\u0027m Duke\\n\" + \"What can I do for you?\");"
      },
      {
        "lineNumber": 16,
        "author": {
          "gitId": "chengweixuan"
        },
        "content": "    }"
      },
      {
        "lineNumber": 17,
        "author": {
          "gitId": "chengweixuan"
        },
        "content": ""
      },
      {
        "lineNumber": 18,
        "author": {
          "gitId": "chengweixuan"
        },
        "content": "    void printList(TaskList tasks) {"
      },
      {
        "lineNumber": 19,
        "author": {
          "gitId": "chengweixuan"
        },
        "content": "        int print \u003d 1;"
      },
      {
        "lineNumber": 20,
        "author": {
          "gitId": "chengweixuan"
        },
        "content": "        for (Task task: tasks.tasks) {"
      },
      {
        "lineNumber": 21,
        "author": {
          "gitId": "chengweixuan"
        },
        "content": "            System.out.println(print + \". \" + task.toPrint());"
      },
      {
        "lineNumber": 22,
        "author": {
          "gitId": "chengweixuan"
        },
        "content": "            print++;"
      },
      {
        "lineNumber": 23,
        "author": {
          "gitId": "chengweixuan"
        },
        "content": "        }"
      },
      {
        "lineNumber": 24,
        "author": {
          "gitId": "chengweixuan"
        },
        "content": "    }"
      },
      {
        "lineNumber": 25,
        "author": {
          "gitId": "chengweixuan"
        },
        "content": ""
      },
      {
        "lineNumber": 26,
        "author": {
          "gitId": "chengweixuan"
        },
        "content": "    void foundTasks(TaskList tasks, String query) {"
      },
      {
        "lineNumber": 27,
        "author": {
          "gitId": "chengweixuan"
        },
        "content": "        int print \u003d 1;"
      },
      {
        "lineNumber": 28,
        "author": {
          "gitId": "chengweixuan"
        },
        "content": "        System.out.println(\"Here are the matching tasks in your list:\");"
      },
      {
        "lineNumber": 29,
        "author": {
          "gitId": "chengweixuan"
        },
        "content": "        for (Task task: tasks.tasks) {"
      },
      {
        "lineNumber": 30,
        "author": {
          "gitId": "chengweixuan"
        },
        "content": "            if (task.getString().contains(query)) {"
      },
      {
        "lineNumber": 31,
        "author": {
          "gitId": "chengweixuan"
        },
        "content": "                System.out.println(print + \". \" + task.toPrint());"
      },
      {
        "lineNumber": 32,
        "author": {
          "gitId": "chengweixuan"
        },
        "content": "            }"
      },
      {
        "lineNumber": 33,
        "author": {
          "gitId": "chengweixuan"
        },
        "content": "            print++;"
      },
      {
        "lineNumber": 34,
        "author": {
          "gitId": "chengweixuan"
        },
        "content": "        }"
      },
      {
        "lineNumber": 35,
        "author": {
          "gitId": "chengweixuan"
        },
        "content": "    }"
      },
      {
        "lineNumber": 36,
        "author": {
          "gitId": "chengweixuan"
        },
        "content": ""
      },
      {
        "lineNumber": 37,
        "author": {
          "gitId": "chengweixuan"
        },
        "content": "    void printTask(TaskList tasks, int index) { // enter actual index"
      },
      {
        "lineNumber": 38,
        "author": {
          "gitId": "chengweixuan"
        },
        "content": "        System.out.println(tasks.tasks.get(index-1).toPrint());"
      },
      {
        "lineNumber": 39,
        "author": {
          "gitId": "chengweixuan"
        },
        "content": "    }"
      },
      {
        "lineNumber": 40,
        "author": {
          "gitId": "chengweixuan"
        },
        "content": ""
      },
      {
        "lineNumber": 41,
        "author": {
          "gitId": "chengweixuan"
        },
        "content": "    void printNullError(int index) {"
      },
      {
        "lineNumber": 42,
        "author": {
          "gitId": "chengweixuan"
        },
        "content": "        System.out.println(\"Task \" + index + \" not in the list!\");"
      },
      {
        "lineNumber": 43,
        "author": {
          "gitId": "chengweixuan"
        },
        "content": "    }"
      },
      {
        "lineNumber": 44,
        "author": {
          "gitId": "chengweixuan"
        },
        "content": ""
      },
      {
        "lineNumber": 45,
        "author": {
          "gitId": "chengweixuan"
        },
        "content": "    void printDone() {"
      },
      {
        "lineNumber": 46,
        "author": {
          "gitId": "chengweixuan"
        },
        "content": "        System.out.println(\"Nice! I\u0027ve marked this task as done:\");"
      },
      {
        "lineNumber": 47,
        "author": {
          "gitId": "chengweixuan"
        },
        "content": "    }"
      },
      {
        "lineNumber": 48,
        "author": {
          "gitId": "chengweixuan"
        },
        "content": ""
      },
      {
        "lineNumber": 49,
        "author": {
          "gitId": "chengweixuan"
        },
        "content": "    void printDeleted() {"
      },
      {
        "lineNumber": 50,
        "author": {
          "gitId": "chengweixuan"
        },
        "content": "        System.out.println(\"Noted. I\u0027ve removed this task:\");"
      },
      {
        "lineNumber": 51,
        "author": {
          "gitId": "chengweixuan"
        },
        "content": "    }"
      },
      {
        "lineNumber": 52,
        "author": {
          "gitId": "chengweixuan"
        },
        "content": ""
      },
      {
        "lineNumber": 53,
        "author": {
          "gitId": "chengweixuan"
        },
        "content": "    void printNoDescriptionError(String type) {"
      },
      {
        "lineNumber": 54,
        "author": {
          "gitId": "chengweixuan"
        },
        "content": "        System.out.println(\"OOPS!!! The description of a \" + type + \" cannot be empty.\");"
      },
      {
        "lineNumber": 55,
        "author": {
          "gitId": "chengweixuan"
        },
        "content": "    }"
      },
      {
        "lineNumber": 56,
        "author": {
          "gitId": "chengweixuan"
        },
        "content": ""
      },
      {
        "lineNumber": 57,
        "author": {
          "gitId": "chengweixuan"
        },
        "content": "    void noTimeError(String type) {"
      },
      {
        "lineNumber": 58,
        "author": {
          "gitId": "chengweixuan"
        },
        "content": "        System.out.println(\"OOPS!!! Please include a \" + type + \".\");"
      },
      {
        "lineNumber": 59,
        "author": {
          "gitId": "chengweixuan"
        },
        "content": "    }"
      },
      {
        "lineNumber": 60,
        "author": {
          "gitId": "chengweixuan"
        },
        "content": ""
      },
      {
        "lineNumber": 61,
        "author": {
          "gitId": "chengweixuan"
        },
        "content": "    void addedTask(TaskList tasks, int counter) {"
      },
      {
        "lineNumber": 62,
        "author": {
          "gitId": "chengweixuan"
        },
        "content": "        System.out.println(\"Got it. I\u0027ve added this task:\");"
      },
      {
        "lineNumber": 63,
        "author": {
          "gitId": "chengweixuan"
        },
        "content": "        System.out.println(tasks.tasks.get(counter).toPrint());"
      },
      {
        "lineNumber": 64,
        "author": {
          "gitId": "chengweixuan"
        },
        "content": "        counter++;"
      },
      {
        "lineNumber": 65,
        "author": {
          "gitId": "chengweixuan"
        },
        "content": "        System.out.println(\"Now you have \" + counter + \" tasks in your list.\");"
      },
      {
        "lineNumber": 66,
        "author": {
          "gitId": "chengweixuan"
        },
        "content": "    }"
      },
      {
        "lineNumber": 67,
        "author": {
          "gitId": "chengweixuan"
        },
        "content": ""
      },
      {
        "lineNumber": 68,
        "author": {
          "gitId": "chengweixuan"
        },
        "content": "    void errorInput() {"
      },
      {
        "lineNumber": 69,
        "author": {
          "gitId": "chengweixuan"
        },
        "content": "        System.out.println(\"OOPS!!! I\u0027m sorry, but I don\u0027t know what that means :-(\");"
      },
      {
        "lineNumber": 70,
        "author": {
          "gitId": "chengweixuan"
        },
        "content": "    }"
      },
      {
        "lineNumber": 71,
        "author": {
          "gitId": "chengweixuan"
        },
        "content": ""
      },
      {
        "lineNumber": 72,
        "author": {
          "gitId": "chengweixuan"
        },
        "content": "    void goodbye() {"
      },
      {
        "lineNumber": 73,
        "author": {
          "gitId": "chengweixuan"
        },
        "content": "        System.out.println(\"Bye. Hope to see you again soon!\");"
      },
      {
        "lineNumber": 74,
        "author": {
          "gitId": "chengweixuan"
        },
        "content": "    }"
      },
      {
        "lineNumber": 75,
        "author": {
          "gitId": "chengweixuan"
        },
        "content": ""
      },
      {
        "lineNumber": 76,
        "author": {
          "gitId": "chengweixuan"
        },
        "content": "}"
      }
    ],
    "authorContributionMap": {
      "chengweixuan": 76
    }
  }
]
