[
  {
    "path": "build.gradle",
    "fileType": "gradle",
    "lines": [
      {
        "lineNumber": 1,
        "author": {
          "gitId": "-"
        },
        "content": "plugins {"
      },
      {
        "lineNumber": 2,
        "author": {
          "gitId": "-"
        },
        "content": "    id \u0027java\u0027"
      },
      {
        "lineNumber": 3,
        "author": {
          "gitId": "-"
        },
        "content": "    id \u0027application\u0027"
      },
      {
        "lineNumber": 4,
        "author": {
          "gitId": "priyan-coder"
        },
        "content": "    id \u0027com.github.johnrengelman.shadow\u0027 version \u00275.1.0\u0027"
      },
      {
        "lineNumber": 5,
        "author": {
          "gitId": "priyan-coder"
        },
        "content": ""
      },
      {
        "lineNumber": 6,
        "author": {
          "gitId": "priyan-coder"
        },
        "content": "}"
      },
      {
        "lineNumber": 7,
        "author": {
          "gitId": "priyan-coder"
        },
        "content": ""
      },
      {
        "lineNumber": 8,
        "author": {
          "gitId": "priyan-coder"
        },
        "content": "dependencies {"
      },
      {
        "lineNumber": 9,
        "author": {
          "gitId": "priyan-coder"
        },
        "content": "    testImplementation \u0027org.junit.jupiter:junit-jupiter:5.5.0\u0027"
      },
      {
        "lineNumber": 10,
        "author": {
          "gitId": "-"
        },
        "content": "}"
      },
      {
        "lineNumber": 11,
        "author": {
          "gitId": "-"
        },
        "content": ""
      },
      {
        "lineNumber": 12,
        "author": {
          "gitId": "priyan-coder"
        },
        "content": ""
      },
      {
        "lineNumber": 13,
        "author": {
          "gitId": "priyan-coder"
        },
        "content": "sourceSets.main.java.srcDirs \u003d [\u0027src\u0027]"
      },
      {
        "lineNumber": 14,
        "author": {
          "gitId": "-"
        },
        "content": "group \u0027seedu.duke\u0027"
      },
      {
        "lineNumber": 15,
        "author": {
          "gitId": "-"
        },
        "content": "version \u00270.1.0\u0027"
      },
      {
        "lineNumber": 16,
        "author": {
          "gitId": "-"
        },
        "content": ""
      },
      {
        "lineNumber": 17,
        "author": {
          "gitId": "-"
        },
        "content": "repositories {"
      },
      {
        "lineNumber": 18,
        "author": {
          "gitId": "-"
        },
        "content": "    mavenCentral()"
      },
      {
        "lineNumber": 19,
        "author": {
          "gitId": "-"
        },
        "content": "}"
      },
      {
        "lineNumber": 20,
        "author": {
          "gitId": "-"
        },
        "content": ""
      },
      {
        "lineNumber": 21,
        "author": {
          "gitId": "-"
        },
        "content": "application {"
      },
      {
        "lineNumber": 22,
        "author": {
          "gitId": "-"
        },
        "content": "    // Change this to your main class."
      },
      {
        "lineNumber": 23,
        "author": {
          "gitId": "priyan-coder"
        },
        "content": "    mainClassName \u003d \"main.java.Duke\""
      },
      {
        "lineNumber": 24,
        "author": {
          "gitId": "priyan-coder"
        },
        "content": "    // They\u0027ve already done the build configuration for you"
      },
      {
        "lineNumber": 25,
        "author": {
          "gitId": "priyan-coder"
        },
        "content": ""
      },
      {
        "lineNumber": 26,
        "author": {
          "gitId": "priyan-coder"
        },
        "content": "}"
      },
      {
        "lineNumber": 27,
        "author": {
          "gitId": "priyan-coder"
        },
        "content": ""
      },
      {
        "lineNumber": 28,
        "author": {
          "gitId": "priyan-coder"
        },
        "content": "shadowJar {"
      },
      {
        "lineNumber": 29,
        "author": {
          "gitId": "priyan-coder"
        },
        "content": "    archiveBaseName \u003d \"duke\""
      },
      {
        "lineNumber": 30,
        "author": {
          "gitId": "priyan-coder"
        },
        "content": "    archiveVersion \u003d \"0.1.3\""
      },
      {
        "lineNumber": 31,
        "author": {
          "gitId": "priyan-coder"
        },
        "content": "    archiveClassifier \u003d null"
      },
      {
        "lineNumber": 32,
        "author": {
          "gitId": "priyan-coder"
        },
        "content": "    archiveAppendix \u003d null"
      },
      {
        "lineNumber": 33,
        "author": {
          "gitId": "-"
        },
        "content": "}"
      },
      {
        "lineNumber": 34,
        "author": {
          "gitId": "-"
        },
        "content": ""
      },
      {
        "lineNumber": 35,
        "author": {
          "gitId": "-"
        },
        "content": "run {"
      },
      {
        "lineNumber": 36,
        "author": {
          "gitId": "-"
        },
        "content": "    standardInput \u003d System.in"
      },
      {
        "lineNumber": 37,
        "author": {
          "gitId": "-"
        },
        "content": "}"
      },
      {
        "lineNumber": 38,
        "author": {
          "gitId": "priyan-coder"
        },
        "content": ""
      },
      {
        "lineNumber": 39,
        "author": {
          "gitId": "priyan-coder"
        },
        "content": "test {"
      },
      {
        "lineNumber": 40,
        "author": {
          "gitId": "priyan-coder"
        },
        "content": "    useJUnitPlatform()"
      },
      {
        "lineNumber": 41,
        "author": {
          "gitId": "priyan-coder"
        },
        "content": "}"
      }
    ],
    "authorContributionMap": {
      "-": 19,
      "priyan-coder": 22
    }
  },
  {
    "path": "src/main/java/Duke.java",
    "fileType": "java",
    "lines": [
      {
        "lineNumber": 1,
        "author": {
          "gitId": "priyan-coder"
        },
        "content": "import java.io.FileInputStream;"
      },
      {
        "lineNumber": 2,
        "author": {
          "gitId": "priyan-coder"
        },
        "content": "import java.io.FileNotFoundException;"
      },
      {
        "lineNumber": 3,
        "author": {
          "gitId": "priyan-coder"
        },
        "content": "import java.io.IOException;"
      },
      {
        "lineNumber": 4,
        "author": {
          "gitId": "priyan-coder"
        },
        "content": "import java.io.ObjectInputStream;"
      },
      {
        "lineNumber": 5,
        "author": {
          "gitId": "priyan-coder"
        },
        "content": "import java.text.ParseException;"
      },
      {
        "lineNumber": 6,
        "author": {
          "gitId": "priyan-coder"
        },
        "content": "import java.util.*;"
      },
      {
        "lineNumber": 7,
        "author": {
          "gitId": "priyan-coder"
        },
        "content": ""
      },
      {
        "lineNumber": 8,
        "author": {
          "gitId": "-"
        },
        "content": "public class Duke {"
      },
      {
        "lineNumber": 9,
        "author": {
          "gitId": "priyan-coder"
        },
        "content": "    protected static String straightLine \u003d \"____________________________________________________________ \\n\";"
      },
      {
        "lineNumber": 10,
        "author": {
          "gitId": "priyan-coder"
        },
        "content": "    protected static List\u003ctask\u003e todoList \u003d new ArrayList\u003c\u003e();"
      },
      {
        "lineNumber": 11,
        "author": {
          "gitId": "priyan-coder"
        },
        "content": "    protected static String UNKNOWN_INPUT \u003d \" ☹ OOPS!!! I\u0027m sorry, but I don\u0027t know what that means :-(\\n\";"
      },
      {
        "lineNumber": 12,
        "author": {
          "gitId": "priyan-coder"
        },
        "content": "    protected static String EMPTY_EVENT_DESC \u003d\"☹ OOPS!!! The description of an event cannot be empty.\\n\";"
      },
      {
        "lineNumber": 13,
        "author": {
          "gitId": "priyan-coder"
        },
        "content": "    protected static String EMPTY_TODO_DESC \u003d \"☹ OOPS!!! The description of a todo cannot be empty.\\n\" ;"
      },
      {
        "lineNumber": 14,
        "author": {
          "gitId": "priyan-coder"
        },
        "content": "    protected static String EMPTY_DEAD_DESC \u003d \"☹ OOPS!!! The description of a deadline cannot be empty.\\n\";"
      },
      {
        "lineNumber": 15,
        "author": {
          "gitId": "priyan-coder"
        },
        "content": "    protected static dateAndTime dateAndTimeHandler \u003d new dateAndTime();"
      },
      {
        "lineNumber": 16,
        "author": {
          "gitId": "priyan-coder"
        },
        "content": ""
      },
      {
        "lineNumber": 17,
        "author": {
          "gitId": "priyan-coder"
        },
        "content": "    public static void main(String[] args) throws dukeException {"
      },
      {
        "lineNumber": 18,
        "author": {
          "gitId": "-"
        },
        "content": "        String logo \u003d \" ____        _        \\n\""
      },
      {
        "lineNumber": 19,
        "author": {
          "gitId": "-"
        },
        "content": "                + \"|  _ \\\\ _   _| | _____ \\n\""
      },
      {
        "lineNumber": 20,
        "author": {
          "gitId": "-"
        },
        "content": "                + \"| | | | | | | |/ / _ \\\\\\n\""
      },
      {
        "lineNumber": 21,
        "author": {
          "gitId": "-"
        },
        "content": "                + \"| |_| | |_| |   \u003c  __/\\n\""
      },
      {
        "lineNumber": 22,
        "author": {
          "gitId": "-"
        },
        "content": "                + \"|____/ \\\\__,_|_|\\\\_\\\\___|\\n\";"
      },
      {
        "lineNumber": 23,
        "author": {
          "gitId": "priyan-coder"
        },
        "content": ""
      },
      {
        "lineNumber": 24,
        "author": {
          "gitId": "priyan-coder"
        },
        "content": "        System.out.println(logo + \"\\n\" + \"Hello! I\u0027m Duke\\n\" +"
      },
      {
        "lineNumber": 25,
        "author": {
          "gitId": "priyan-coder"
        },
        "content": "                \"     What can I do for you?\\n\");"
      },
      {
        "lineNumber": 26,
        "author": {
          "gitId": "priyan-coder"
        },
        "content": ""
      },
      {
        "lineNumber": 27,
        "author": {
          "gitId": "priyan-coder"
        },
        "content": "        dataHandler DataHandler \u003d new dataHandler();"
      },
      {
        "lineNumber": 28,
        "author": {
          "gitId": "priyan-coder"
        },
        "content": ""
      },
      {
        "lineNumber": 29,
        "author": {
          "gitId": "priyan-coder"
        },
        "content": "        // Read in"
      },
      {
        "lineNumber": 30,
        "author": {
          "gitId": "priyan-coder"
        },
        "content": "        try {"
      },
      {
        "lineNumber": 31,
        "author": {
          "gitId": "priyan-coder"
        },
        "content": "            todoList \u003d DataHandler.loader();"
      },
      {
        "lineNumber": 32,
        "author": {
          "gitId": "priyan-coder"
        },
        "content": "        } catch (IOException Io) {"
      },
      {
        "lineNumber": 33,
        "author": {
          "gitId": "priyan-coder"
        },
        "content": "            todoList \u003d new ArrayList\u003c\u003e();"
      },
      {
        "lineNumber": 34,
        "author": {
          "gitId": "priyan-coder"
        },
        "content": "        } catch (ClassNotFoundException Ex) {"
      },
      {
        "lineNumber": 35,
        "author": {
          "gitId": "priyan-coder"
        },
        "content": "            todoList \u003d new ArrayList\u003c\u003e();"
      },
      {
        "lineNumber": 36,
        "author": {
          "gitId": "priyan-coder"
        },
        "content": "        }"
      },
      {
        "lineNumber": 37,
        "author": {
          "gitId": "priyan-coder"
        },
        "content": ""
      },
      {
        "lineNumber": 38,
        "author": {
          "gitId": "priyan-coder"
        },
        "content": "        Scanner sc \u003d new Scanner(System.in);"
      },
      {
        "lineNumber": 39,
        "author": {
          "gitId": "priyan-coder"
        },
        "content": ""
      },
      {
        "lineNumber": 40,
        "author": {
          "gitId": "priyan-coder"
        },
        "content": "        while (true) {"
      },
      {
        "lineNumber": 41,
        "author": {
          "gitId": "priyan-coder"
        },
        "content": "            String line \u003d sc.nextLine();"
      },
      {
        "lineNumber": 42,
        "author": {
          "gitId": "priyan-coder"
        },
        "content": "            // doneLine refers to the user input which is something like  done 2"
      },
      {
        "lineNumber": 43,
        "author": {
          "gitId": "priyan-coder"
        },
        "content": "            String[] doneLine \u003d line.split(\" \"); // delimiter --\u003e so for every \" \" breaks up and adds to the array of strings"
      },
      {
        "lineNumber": 44,
        "author": {
          "gitId": "priyan-coder"
        },
        "content": ""
      },
      {
        "lineNumber": 45,
        "author": {
          "gitId": "priyan-coder"
        },
        "content": "            try {"
      },
      {
        "lineNumber": 46,
        "author": {
          "gitId": "priyan-coder"
        },
        "content": "                if (line.toLowerCase().equals(\"bye\")) {"
      },
      {
        "lineNumber": 47,
        "author": {
          "gitId": "priyan-coder"
        },
        "content": "                    System.out.println(\" Bye. Hope to see you again soon!\\n\");"
      },
      {
        "lineNumber": 48,
        "author": {
          "gitId": "priyan-coder"
        },
        "content": "                    todoList.clear();"
      },
      {
        "lineNumber": 49,
        "author": {
          "gitId": "priyan-coder"
        },
        "content": "                    break;"
      },
      {
        "lineNumber": 50,
        "author": {
          "gitId": "priyan-coder"
        },
        "content": ""
      },
      {
        "lineNumber": 51,
        "author": {
          "gitId": "priyan-coder"
        },
        "content": "                } else if (line.toLowerCase().equals(\"list\")) {"
      },
      {
        "lineNumber": 52,
        "author": {
          "gitId": "priyan-coder"
        },
        "content": "                    System.out.println(straightLine);"
      },
      {
        "lineNumber": 53,
        "author": {
          "gitId": "priyan-coder"
        },
        "content": "                    System.out.println(\"  Here are the tasks in your list: \\n\");"
      },
      {
        "lineNumber": 54,
        "author": {
          "gitId": "priyan-coder"
        },
        "content": "                    for (int i \u003d 0; i \u003c todoList.size(); ++i) {"
      },
      {
        "lineNumber": 55,
        "author": {
          "gitId": "priyan-coder"
        },
        "content": "                        System.out.println("
      },
      {
        "lineNumber": 56,
        "author": {
          "gitId": "priyan-coder"
        },
        "content": "                                (i + 1) + \". \" + todoList.get(i).toString());"
      },
      {
        "lineNumber": 57,
        "author": {
          "gitId": "priyan-coder"
        },
        "content": "                    }"
      },
      {
        "lineNumber": 58,
        "author": {
          "gitId": "priyan-coder"
        },
        "content": "                    System.out.println(straightLine);"
      },
      {
        "lineNumber": 59,
        "author": {
          "gitId": "priyan-coder"
        },
        "content": ""
      },
      {
        "lineNumber": 60,
        "author": {
          "gitId": "priyan-coder"
        },
        "content": "                } else if (doneLine[0].equals(\"done\")) {"
      },
      {
        "lineNumber": 61,
        "author": {
          "gitId": "priyan-coder"
        },
        "content": "                    int index \u003d Integer.parseInt(doneLine[1]) - 1;"
      },
      {
        "lineNumber": 62,
        "author": {
          "gitId": "priyan-coder"
        },
        "content": "                    todoList.get(index).markAsDone();"
      },
      {
        "lineNumber": 63,
        "author": {
          "gitId": "priyan-coder"
        },
        "content": "                    System.out.println(straightLine);"
      },
      {
        "lineNumber": 64,
        "author": {
          "gitId": "priyan-coder"
        },
        "content": "                    System.out.println(\"Nice! I\u0027ve marked this task as done: \\n\""
      },
      {
        "lineNumber": 65,
        "author": {
          "gitId": "priyan-coder"
        },
        "content": "                            + todoList.get(index).toString());"
      },
      {
        "lineNumber": 66,
        "author": {
          "gitId": "priyan-coder"
        },
        "content": "                    System.out.println(straightLine);"
      },
      {
        "lineNumber": 67,
        "author": {
          "gitId": "priyan-coder"
        },
        "content": "                } else {"
      },
      {
        "lineNumber": 68,
        "author": {
          "gitId": "priyan-coder"
        },
        "content": "                    // String Parsing"
      },
      {
        "lineNumber": 69,
        "author": {
          "gitId": "priyan-coder"
        },
        "content": "                    String typeOfTask \u003d doneLine[0];"
      },
      {
        "lineNumber": 70,
        "author": {
          "gitId": "priyan-coder"
        },
        "content": "                    List\u003cString\u003e fullDetailOfTask \u003d new LinkedList\u003c\u003e(Arrays.asList(doneLine));"
      },
      {
        "lineNumber": 71,
        "author": {
          "gitId": "priyan-coder"
        },
        "content": "                    fullDetailOfTask.remove(0);"
      },
      {
        "lineNumber": 72,
        "author": {
          "gitId": "priyan-coder"
        },
        "content": "                    String temp \u003d String.join(\" \", fullDetailOfTask);"
      },
      {
        "lineNumber": 73,
        "author": {
          "gitId": "priyan-coder"
        },
        "content": ""
      },
      {
        "lineNumber": 74,
        "author": {
          "gitId": "priyan-coder"
        },
        "content": "                    if (typeOfTask.toLowerCase().equals(\"todo\")) {"
      },
      {
        "lineNumber": 75,
        "author": {
          "gitId": "priyan-coder"
        },
        "content": ""
      },
      {
        "lineNumber": 76,
        "author": {
          "gitId": "priyan-coder"
        },
        "content": "                        task TODO \u003d new task(temp);"
      },
      {
        "lineNumber": 77,
        "author": {
          "gitId": "priyan-coder"
        },
        "content": "                        if (temp.length() \u003d\u003d 0) {"
      },
      {
        "lineNumber": 78,
        "author": {
          "gitId": "priyan-coder"
        },
        "content": "                            throw new dukeException(EMPTY_TODO_DESC);"
      },
      {
        "lineNumber": 79,
        "author": {
          "gitId": "priyan-coder"
        },
        "content": "                        }"
      },
      {
        "lineNumber": 80,
        "author": {
          "gitId": "priyan-coder"
        },
        "content": "                        todoList.add(TODO);"
      },
      {
        "lineNumber": 81,
        "author": {
          "gitId": "priyan-coder"
        },
        "content": "                        System.out.println(straightLine +"
      },
      {
        "lineNumber": 82,
        "author": {
          "gitId": "priyan-coder"
        },
        "content": "                                \"  Got it. I\u0027ve added this task: \\n \" +"
      },
      {
        "lineNumber": 83,
        "author": {
          "gitId": "priyan-coder"
        },
        "content": "                                \"   \" + TODO.toString()+ \" \\n\" +"
      },
      {
        "lineNumber": 84,
        "author": {
          "gitId": "priyan-coder"
        },
        "content": "                                \"  Now you have \" + todoList.size() + \" \" + \"tasks in the list.\\n\" +"
      },
      {
        "lineNumber": 85,
        "author": {
          "gitId": "priyan-coder"
        },
        "content": "                                straightLine + \"\\n\");"
      },
      {
        "lineNumber": 86,
        "author": {
          "gitId": "priyan-coder"
        },
        "content": ""
      },
      {
        "lineNumber": 87,
        "author": {
          "gitId": "priyan-coder"
        },
        "content": "                    } else if (typeOfTask.toLowerCase().equals(\"deadline\")) {"
      },
      {
        "lineNumber": 88,
        "author": {
          "gitId": "priyan-coder"
        },
        "content": ""
      },
      {
        "lineNumber": 89,
        "author": {
          "gitId": "priyan-coder"
        },
        "content": "                        if (temp.length() \u003d\u003d 0) {"
      },
      {
        "lineNumber": 90,
        "author": {
          "gitId": "priyan-coder"
        },
        "content": "                            throw new dukeException(EMPTY_DEAD_DESC);"
      },
      {
        "lineNumber": 91,
        "author": {
          "gitId": "priyan-coder"
        },
        "content": "                        }"
      },
      {
        "lineNumber": 92,
        "author": {
          "gitId": "priyan-coder"
        },
        "content": "                        String[] actualTask \u003d temp.split(\"/by\");"
      },
      {
        "lineNumber": 93,
        "author": {
          "gitId": "priyan-coder"
        },
        "content": "                        deadline DEADLINE \u003d new deadline(actualTask[0], actualTask[1]);"
      },
      {
        "lineNumber": 94,
        "author": {
          "gitId": "priyan-coder"
        },
        "content": "                        DEADLINE.setDateAndTime(dateAndTimeHandler.getDateAndTime(actualTask[1]));"
      },
      {
        "lineNumber": 95,
        "author": {
          "gitId": "priyan-coder"
        },
        "content": "                        todoList.add(DEADLINE);"
      },
      {
        "lineNumber": 96,
        "author": {
          "gitId": "priyan-coder"
        },
        "content": ""
      },
      {
        "lineNumber": 97,
        "author": {
          "gitId": "priyan-coder"
        },
        "content": "                        System.out.println(straightLine +"
      },
      {
        "lineNumber": 98,
        "author": {
          "gitId": "priyan-coder"
        },
        "content": "                                \"  Got it. I\u0027ve added this task: \\n \" +"
      },
      {
        "lineNumber": 99,
        "author": {
          "gitId": "priyan-coder"
        },
        "content": "                                \"   \" + DEADLINE.toString() + \" \\n\" +"
      },
      {
        "lineNumber": 100,
        "author": {
          "gitId": "priyan-coder"
        },
        "content": "                                \"  Now you have \" + todoList.size() + \" \" + \"tasks in the list.\\n\" +"
      },
      {
        "lineNumber": 101,
        "author": {
          "gitId": "priyan-coder"
        },
        "content": "                                straightLine + \"\\n\");"
      },
      {
        "lineNumber": 102,
        "author": {
          "gitId": "priyan-coder"
        },
        "content": ""
      },
      {
        "lineNumber": 103,
        "author": {
          "gitId": "priyan-coder"
        },
        "content": "                    } else if (typeOfTask.toLowerCase().equals(\"event\")) {"
      },
      {
        "lineNumber": 104,
        "author": {
          "gitId": "priyan-coder"
        },
        "content": ""
      },
      {
        "lineNumber": 105,
        "author": {
          "gitId": "priyan-coder"
        },
        "content": "                        if (temp.length() \u003d\u003d 0) {"
      },
      {
        "lineNumber": 106,
        "author": {
          "gitId": "priyan-coder"
        },
        "content": "                            throw new dukeException(EMPTY_EVENT_DESC);"
      },
      {
        "lineNumber": 107,
        "author": {
          "gitId": "priyan-coder"
        },
        "content": "                        }"
      },
      {
        "lineNumber": 108,
        "author": {
          "gitId": "priyan-coder"
        },
        "content": "                        String[] actualTask \u003d temp.split(\"/at\");"
      },
      {
        "lineNumber": 109,
        "author": {
          "gitId": "priyan-coder"
        },
        "content": "                        event EVENT \u003d new event(actualTask[0], actualTask[1]);"
      },
      {
        "lineNumber": 110,
        "author": {
          "gitId": "priyan-coder"
        },
        "content": "                        String [] duration \u003d actualTask[1].split(\"-\");"
      },
      {
        "lineNumber": 111,
        "author": {
          "gitId": "priyan-coder"
        },
        "content": "                        EVENT.time_1 \u003d dateAndTimeHandler.getDateAndTime(duration[0]).toString();"
      },
      {
        "lineNumber": 112,
        "author": {
          "gitId": "priyan-coder"
        },
        "content": "                        EVENT.time_2 \u003d dateAndTimeHandler.getDateAndTime(duration[1]).toString();"
      },
      {
        "lineNumber": 113,
        "author": {
          "gitId": "priyan-coder"
        },
        "content": "                        todoList.add(EVENT);"
      },
      {
        "lineNumber": 114,
        "author": {
          "gitId": "priyan-coder"
        },
        "content": "                        System.out.println(straightLine +"
      },
      {
        "lineNumber": 115,
        "author": {
          "gitId": "priyan-coder"
        },
        "content": "                                \"  Got it. I\u0027ve added this task: \\n \" +"
      },
      {
        "lineNumber": 116,
        "author": {
          "gitId": "priyan-coder"
        },
        "content": "                                \"   \" + EVENT.toString() + \" \\n\" +"
      },
      {
        "lineNumber": 117,
        "author": {
          "gitId": "priyan-coder"
        },
        "content": "                                \"  Now you have \" + todoList.size() + \" \" + \"tasks in the list.\\n\" +"
      },
      {
        "lineNumber": 118,
        "author": {
          "gitId": "priyan-coder"
        },
        "content": "                                straightLine + \"\\n\");"
      },
      {
        "lineNumber": 119,
        "author": {
          "gitId": "priyan-coder"
        },
        "content": "                    } else {"
      },
      {
        "lineNumber": 120,
        "author": {
          "gitId": "priyan-coder"
        },
        "content": "                        throw new dukeException(UNKNOWN_INPUT);"
      },
      {
        "lineNumber": 121,
        "author": {
          "gitId": "priyan-coder"
        },
        "content": "                    }"
      },
      {
        "lineNumber": 122,
        "author": {
          "gitId": "priyan-coder"
        },
        "content": "                }"
      },
      {
        "lineNumber": 123,
        "author": {
          "gitId": "priyan-coder"
        },
        "content": ""
      },
      {
        "lineNumber": 124,
        "author": {
          "gitId": "priyan-coder"
        },
        "content": "                // Save the current list"
      },
      {
        "lineNumber": 125,
        "author": {
          "gitId": "priyan-coder"
        },
        "content": "                try {"
      },
      {
        "lineNumber": 126,
        "author": {
          "gitId": "priyan-coder"
        },
        "content": "                    DataHandler.writer(todoList);"
      },
      {
        "lineNumber": 127,
        "author": {
          "gitId": "priyan-coder"
        },
        "content": "                } catch (IOException Io) {"
      },
      {
        "lineNumber": 128,
        "author": {
          "gitId": "priyan-coder"
        },
        "content": "                    System.out.println(Io.getMessage());"
      },
      {
        "lineNumber": 129,
        "author": {
          "gitId": "priyan-coder"
        },
        "content": "                }"
      },
      {
        "lineNumber": 130,
        "author": {
          "gitId": "priyan-coder"
        },
        "content": ""
      },
      {
        "lineNumber": 131,
        "author": {
          "gitId": "priyan-coder"
        },
        "content": "            } catch (dukeException | ParseException EX) {"
      },
      {
        "lineNumber": 132,
        "author": {
          "gitId": "priyan-coder"
        },
        "content": "                System.out.println(EX.getMessage());"
      },
      {
        "lineNumber": 133,
        "author": {
          "gitId": "priyan-coder"
        },
        "content": "            }"
      },
      {
        "lineNumber": 134,
        "author": {
          "gitId": "priyan-coder"
        },
        "content": "        }"
      },
      {
        "lineNumber": 135,
        "author": {
          "gitId": "priyan-coder"
        },
        "content": "        sc.close();"
      },
      {
        "lineNumber": 136,
        "author": {
          "gitId": "-"
        },
        "content": "    }"
      },
      {
        "lineNumber": 137,
        "author": {
          "gitId": "-"
        },
        "content": "}"
      },
      {
        "lineNumber": 138,
        "author": {
          "gitId": "priyan-coder"
        },
        "content": ""
      },
      {
        "lineNumber": 139,
        "author": {
          "gitId": "priyan-coder"
        },
        "content": ""
      },
      {
        "lineNumber": 140,
        "author": {
          "gitId": "priyan-coder"
        },
        "content": "//Array List of to-do"
      },
      {
        "lineNumber": 141,
        "author": {
          "gitId": "priyan-coder"
        },
        "content": "//List\u003ctask\u003e todoList \u003d new ArrayList\u003c\u003e();"
      },
      {
        "lineNumber": 142,
        "author": {
          "gitId": "priyan-coder"
        },
        "content": ""
      },
      {
        "lineNumber": 143,
        "author": {
          "gitId": "priyan-coder"
        },
        "content": "//Managing the inputs"
      },
      {
        "lineNumber": 144,
        "author": {
          "gitId": "priyan-coder"
        },
        "content": "// Store the List of tasks as a linked list --\u003e easy access and remove"
      },
      {
        "lineNumber": 145,
        "author": {
          "gitId": "priyan-coder"
        },
        "content": "// Store the input of user as a array --\u003e split using  \" \""
      },
      {
        "lineNumber": 146,
        "author": {
          "gitId": "priyan-coder"
        },
        "content": "// convert to a linked list"
      },
      {
        "lineNumber": 147,
        "author": {
          "gitId": "priyan-coder"
        },
        "content": "// remove the first word (type of task )  --\u003e join the rest of it as a task"
      },
      {
        "lineNumber": 148,
        "author": {
          "gitId": "priyan-coder"
        },
        "content": "// again split the remaining words based on \"/at\" or \"/by\""
      },
      {
        "lineNumber": 149,
        "author": {
          "gitId": "priyan-coder"
        },
        "content": ""
      },
      {
        "lineNumber": 150,
        "author": {
          "gitId": "priyan-coder"
        },
        "content": "//try{"
      },
      {
        "lineNumber": 151,
        "author": {
          "gitId": "priyan-coder"
        },
        "content": "//whole block of code --\u003e in between have if statements for different error and throw the messages needed"
      },
      {
        "lineNumber": 152,
        "author": {
          "gitId": "priyan-coder"
        },
        "content": "//catch ( initialise ex object ){"
      },
      {
        "lineNumber": 153,
        "author": {
          "gitId": "priyan-coder"
        },
        "content": "//print the message }"
      }
    ],
    "authorContributionMap": {
      "-": 8,
      "priyan-coder": 145
    }
  },
  {
    "path": "src/main/java/dataHandler.java",
    "fileType": "java",
    "lines": [
      {
        "lineNumber": 1,
        "author": {
          "gitId": "priyan-coder"
        },
        "content": "import java.io.*;"
      },
      {
        "lineNumber": 2,
        "author": {
          "gitId": "priyan-coder"
        },
        "content": "import java.util.ArrayList;"
      },
      {
        "lineNumber": 3,
        "author": {
          "gitId": "priyan-coder"
        },
        "content": "import java.util.List;"
      },
      {
        "lineNumber": 4,
        "author": {
          "gitId": "priyan-coder"
        },
        "content": "import java.util.Scanner;"
      },
      {
        "lineNumber": 5,
        "author": {
          "gitId": "priyan-coder"
        },
        "content": ""
      },
      {
        "lineNumber": 6,
        "author": {
          "gitId": "priyan-coder"
        },
        "content": "public class dataHandler {"
      },
      {
        "lineNumber": 7,
        "author": {
          "gitId": "priyan-coder"
        },
        "content": ""
      },
      {
        "lineNumber": 8,
        "author": {
          "gitId": "priyan-coder"
        },
        "content": "    public static List\u003ctask\u003e loader() throws IOException, ClassNotFoundException {"
      },
      {
        "lineNumber": 9,
        "author": {
          "gitId": "priyan-coder"
        },
        "content": "        FileInputStream fileInputStream \u003d new FileInputStream(System.getProperty(\"user.dir\") + \"taskData.txt\");"
      },
      {
        "lineNumber": 10,
        "author": {
          "gitId": "priyan-coder"
        },
        "content": "        ObjectInputStream objectInputStream \u003d new ObjectInputStream(fileInputStream);"
      },
      {
        "lineNumber": 11,
        "author": {
          "gitId": "priyan-coder"
        },
        "content": "        List\u003ctask\u003e todoList \u003d (List\u003ctask\u003e) objectInputStream.readObject();"
      },
      {
        "lineNumber": 12,
        "author": {
          "gitId": "priyan-coder"
        },
        "content": "        objectInputStream.close();"
      },
      {
        "lineNumber": 13,
        "author": {
          "gitId": "priyan-coder"
        },
        "content": "        return todoList;"
      },
      {
        "lineNumber": 14,
        "author": {
          "gitId": "priyan-coder"
        },
        "content": "    }"
      },
      {
        "lineNumber": 15,
        "author": {
          "gitId": "priyan-coder"
        },
        "content": ""
      },
      {
        "lineNumber": 16,
        "author": {
          "gitId": "priyan-coder"
        },
        "content": ""
      },
      {
        "lineNumber": 17,
        "author": {
          "gitId": "priyan-coder"
        },
        "content": "    public static void writer(List\u003ctask\u003e todoList) throws IOException {"
      },
      {
        "lineNumber": 18,
        "author": {
          "gitId": "priyan-coder"
        },
        "content": "        FileOutputStream fileOutputStream \u003d new FileOutputStream(System.getProperty(\"user.dir\") + \"taskData.txt\");"
      },
      {
        "lineNumber": 19,
        "author": {
          "gitId": "priyan-coder"
        },
        "content": "        ObjectOutputStream objectOutputStream \u003d new ObjectOutputStream(fileOutputStream);"
      },
      {
        "lineNumber": 20,
        "author": {
          "gitId": "priyan-coder"
        },
        "content": "        objectOutputStream.writeObject(todoList);"
      },
      {
        "lineNumber": 21,
        "author": {
          "gitId": "priyan-coder"
        },
        "content": "        objectOutputStream.close();"
      },
      {
        "lineNumber": 22,
        "author": {
          "gitId": "priyan-coder"
        },
        "content": "    }"
      },
      {
        "lineNumber": 23,
        "author": {
          "gitId": "priyan-coder"
        },
        "content": ""
      },
      {
        "lineNumber": 24,
        "author": {
          "gitId": "priyan-coder"
        },
        "content": "    // references to https://stackoverflow.com/questions/16111496/java-how-can-i-write-my-arraylist-to-a-file-and-read-load-that-file-to-the"
      },
      {
        "lineNumber": 25,
        "author": {
          "gitId": "priyan-coder"
        },
        "content": ""
      },
      {
        "lineNumber": 26,
        "author": {
          "gitId": "priyan-coder"
        },
        "content": "}"
      }
    ],
    "authorContributionMap": {
      "priyan-coder": 26
    }
  },
  {
    "path": "src/main/java/dateAndTime.java",
    "fileType": "java",
    "lines": [
      {
        "lineNumber": 1,
        "author": {
          "gitId": "priyan-coder"
        },
        "content": "import java.text.ParseException;"
      },
      {
        "lineNumber": 2,
        "author": {
          "gitId": "priyan-coder"
        },
        "content": "import java.text.SimpleDateFormat;"
      },
      {
        "lineNumber": 3,
        "author": {
          "gitId": "priyan-coder"
        },
        "content": "import java.util.Date;"
      },
      {
        "lineNumber": 4,
        "author": {
          "gitId": "priyan-coder"
        },
        "content": ""
      },
      {
        "lineNumber": 5,
        "author": {
          "gitId": "priyan-coder"
        },
        "content": "public class dateAndTime {"
      },
      {
        "lineNumber": 6,
        "author": {
          "gitId": "priyan-coder"
        },
        "content": ""
      },
      {
        "lineNumber": 7,
        "author": {
          "gitId": "priyan-coder"
        },
        "content": "    public Date getDateAndTime(String userInput) throws ParseException {"
      },
      {
        "lineNumber": 8,
        "author": {
          "gitId": "priyan-coder"
        },
        "content": "//        String[] pattern \u003d {\"yyyy-MM-dd HH:mm:ss\", \"dd-MM-yy\", \"dd-MM-yyyy\", \"MM-dd-yyyy\", \"yyyy-MM-dd\", \"yyyy-MM-dd HH:mm:ss\"};"
      },
      {
        "lineNumber": 9,
        "author": {
          "gitId": "priyan-coder"
        },
        "content": "        String pattern \u003d \"dd/MM/yyyy HH:mm\";"
      },
      {
        "lineNumber": 10,
        "author": {
          "gitId": "priyan-coder"
        },
        "content": ""
      },
      {
        "lineNumber": 11,
        "author": {
          "gitId": "priyan-coder"
        },
        "content": "//        int i \u003d 0;"
      },
      {
        "lineNumber": 12,
        "author": {
          "gitId": "priyan-coder"
        },
        "content": "//        Date dateAndTime \u003d null;"
      },
      {
        "lineNumber": 13,
        "author": {
          "gitId": "priyan-coder"
        },
        "content": "//        while (i \u003c 6) {"
      },
      {
        "lineNumber": 14,
        "author": {
          "gitId": "priyan-coder"
        },
        "content": "        Date dateAndTime \u003d null;"
      },
      {
        "lineNumber": 15,
        "author": {
          "gitId": "priyan-coder"
        },
        "content": "        try {"
      },
      {
        "lineNumber": 16,
        "author": {
          "gitId": "priyan-coder"
        },
        "content": "            SimpleDateFormat simpleDateFormat \u003d new SimpleDateFormat(pattern);"
      },
      {
        "lineNumber": 17,
        "author": {
          "gitId": "priyan-coder"
        },
        "content": "            dateAndTime \u003d simpleDateFormat.parse(userInput);"
      },
      {
        "lineNumber": 18,
        "author": {
          "gitId": "priyan-coder"
        },
        "content": "        } catch (Exception ex) {"
      },
      {
        "lineNumber": 19,
        "author": {
          "gitId": "priyan-coder"
        },
        "content": "            System.out.println(\"ENTER IN THE FOLLOWING FORMAT --\u003e dd/MM/yyyy HH:mm\");"
      },
      {
        "lineNumber": 20,
        "author": {
          "gitId": "priyan-coder"
        },
        "content": "        }"
      },
      {
        "lineNumber": 21,
        "author": {
          "gitId": "priyan-coder"
        },
        "content": "        return dateAndTime;"
      },
      {
        "lineNumber": 22,
        "author": {
          "gitId": "priyan-coder"
        },
        "content": "    }"
      },
      {
        "lineNumber": 23,
        "author": {
          "gitId": "priyan-coder"
        },
        "content": ""
      },
      {
        "lineNumber": 24,
        "author": {
          "gitId": "priyan-coder"
        },
        "content": "//    public String convert12(String str)"
      },
      {
        "lineNumber": 25,
        "author": {
          "gitId": "priyan-coder"
        },
        "content": "//    {"
      },
      {
        "lineNumber": 26,
        "author": {
          "gitId": "priyan-coder"
        },
        "content": "//        // Get Hours"
      },
      {
        "lineNumber": 27,
        "author": {
          "gitId": "priyan-coder"
        },
        "content": "//        int h1 \u003d (int)str.charAt(0) - \u00270\u0027;"
      },
      {
        "lineNumber": 28,
        "author": {
          "gitId": "priyan-coder"
        },
        "content": "//        int h2 \u003d (int)str.charAt(1)- \u00270\u0027;"
      },
      {
        "lineNumber": 29,
        "author": {
          "gitId": "priyan-coder"
        },
        "content": "//"
      },
      {
        "lineNumber": 30,
        "author": {
          "gitId": "priyan-coder"
        },
        "content": "//        int hh \u003d h1 * 10 + h2;"
      },
      {
        "lineNumber": 31,
        "author": {
          "gitId": "priyan-coder"
        },
        "content": "//"
      },
      {
        "lineNumber": 32,
        "author": {
          "gitId": "priyan-coder"
        },
        "content": "//        // Finding out the Meridien of time"
      },
      {
        "lineNumber": 33,
        "author": {
          "gitId": "priyan-coder"
        },
        "content": "//        // ie. AM or PM"
      },
      {
        "lineNumber": 34,
        "author": {
          "gitId": "priyan-coder"
        },
        "content": "//        String Meridien;"
      },
      {
        "lineNumber": 35,
        "author": {
          "gitId": "priyan-coder"
        },
        "content": "//"
      },
      {
        "lineNumber": 36,
        "author": {
          "gitId": "priyan-coder"
        },
        "content": "//"
      },
      {
        "lineNumber": 37,
        "author": {
          "gitId": "priyan-coder"
        },
        "content": "//        hh %\u003d 12;"
      },
      {
        "lineNumber": 38,
        "author": {
          "gitId": "priyan-coder"
        },
        "content": "//"
      },
      {
        "lineNumber": 39,
        "author": {
          "gitId": "priyan-coder"
        },
        "content": "//        // Handle 00 and 12 case separately"
      },
      {
        "lineNumber": 40,
        "author": {
          "gitId": "priyan-coder"
        },
        "content": "//        if (hh \u003d\u003d 0) {"
      },
      {
        "lineNumber": 41,
        "author": {
          "gitId": "priyan-coder"
        },
        "content": "//            System.out.print(\"12\");"
      },
      {
        "lineNumber": 42,
        "author": {
          "gitId": "priyan-coder"
        },
        "content": "//"
      },
      {
        "lineNumber": 43,
        "author": {
          "gitId": "priyan-coder"
        },
        "content": "//            // Printing minutes and seconds"
      },
      {
        "lineNumber": 44,
        "author": {
          "gitId": "priyan-coder"
        },
        "content": "//            for (int i \u003d 2; i \u003c 8; ++i) {"
      },
      {
        "lineNumber": 45,
        "author": {
          "gitId": "priyan-coder"
        },
        "content": "//                System.out.print(str.charAt(i));"
      },
      {
        "lineNumber": 46,
        "author": {
          "gitId": "priyan-coder"
        },
        "content": "//            }"
      },
      {
        "lineNumber": 47,
        "author": {
          "gitId": "priyan-coder"
        },
        "content": "//        }"
      },
      {
        "lineNumber": 48,
        "author": {
          "gitId": "priyan-coder"
        },
        "content": "//        else {"
      },
      {
        "lineNumber": 49,
        "author": {
          "gitId": "priyan-coder"
        },
        "content": "//            System.out.print(hh);"
      },
      {
        "lineNumber": 50,
        "author": {
          "gitId": "priyan-coder"
        },
        "content": "//            // Printing minutes and seconds"
      },
      {
        "lineNumber": 51,
        "author": {
          "gitId": "priyan-coder"
        },
        "content": "//            for (int i \u003d 2; i \u003c 8; ++i) {"
      },
      {
        "lineNumber": 52,
        "author": {
          "gitId": "priyan-coder"
        },
        "content": "//                System.out.print(str.charAt(i));"
      },
      {
        "lineNumber": 53,
        "author": {
          "gitId": "priyan-coder"
        },
        "content": "//            }"
      },
      {
        "lineNumber": 54,
        "author": {
          "gitId": "priyan-coder"
        },
        "content": "//        }"
      },
      {
        "lineNumber": 55,
        "author": {
          "gitId": "priyan-coder"
        },
        "content": "//"
      },
      {
        "lineNumber": 56,
        "author": {
          "gitId": "priyan-coder"
        },
        "content": "//        // After time is printed"
      },
      {
        "lineNumber": 57,
        "author": {
          "gitId": "priyan-coder"
        },
        "content": "//        // cout Meridien"
      },
      {
        "lineNumber": 58,
        "author": {
          "gitId": "priyan-coder"
        },
        "content": "//        System.out.println(\" \"+Meridien);"
      },
      {
        "lineNumber": 59,
        "author": {
          "gitId": "priyan-coder"
        },
        "content": "//    }"
      },
      {
        "lineNumber": 60,
        "author": {
          "gitId": "priyan-coder"
        },
        "content": "}"
      }
    ],
    "authorContributionMap": {
      "priyan-coder": 60
    }
  },
  {
    "path": "src/main/java/deadline.java",
    "fileType": "java",
    "lines": [
      {
        "lineNumber": 1,
        "author": {
          "gitId": "priyan-coder"
        },
        "content": "import java.util.Date;"
      },
      {
        "lineNumber": 2,
        "author": {
          "gitId": "priyan-coder"
        },
        "content": ""
      },
      {
        "lineNumber": 3,
        "author": {
          "gitId": "priyan-coder"
        },
        "content": "public class deadline extends task {"
      },
      {
        "lineNumber": 4,
        "author": {
          "gitId": "priyan-coder"
        },
        "content": "    protected String by; // the deadline"
      },
      {
        "lineNumber": 5,
        "author": {
          "gitId": "priyan-coder"
        },
        "content": "    protected Date dateAndTime;"
      },
      {
        "lineNumber": 6,
        "author": {
          "gitId": "priyan-coder"
        },
        "content": ""
      },
      {
        "lineNumber": 7,
        "author": {
          "gitId": "priyan-coder"
        },
        "content": "    public deadline(String todo, String by) {"
      },
      {
        "lineNumber": 8,
        "author": {
          "gitId": "priyan-coder"
        },
        "content": "        super(todo);"
      },
      {
        "lineNumber": 9,
        "author": {
          "gitId": "priyan-coder"
        },
        "content": "        this.by \u003d by;"
      },
      {
        "lineNumber": 10,
        "author": {
          "gitId": "priyan-coder"
        },
        "content": "        this.icon \u003d \"[D]\";"
      },
      {
        "lineNumber": 11,
        "author": {
          "gitId": "priyan-coder"
        },
        "content": "    }"
      },
      {
        "lineNumber": 12,
        "author": {
          "gitId": "priyan-coder"
        },
        "content": ""
      },
      {
        "lineNumber": 13,
        "author": {
          "gitId": "priyan-coder"
        },
        "content": "    public String getBy() {"
      },
      {
        "lineNumber": 14,
        "author": {
          "gitId": "priyan-coder"
        },
        "content": "        return \" (by: \" + this.dateAndTime.toString() + \")\";"
      },
      {
        "lineNumber": 15,
        "author": {
          "gitId": "priyan-coder"
        },
        "content": "    }"
      },
      {
        "lineNumber": 16,
        "author": {
          "gitId": "priyan-coder"
        },
        "content": ""
      },
      {
        "lineNumber": 17,
        "author": {
          "gitId": "priyan-coder"
        },
        "content": "    @Override"
      },
      {
        "lineNumber": 18,
        "author": {
          "gitId": "priyan-coder"
        },
        "content": "    public String toString() {"
      },
      {
        "lineNumber": 19,
        "author": {
          "gitId": "priyan-coder"
        },
        "content": "        return super.toString() + this.getBy();"
      },
      {
        "lineNumber": 20,
        "author": {
          "gitId": "priyan-coder"
        },
        "content": "    }"
      },
      {
        "lineNumber": 21,
        "author": {
          "gitId": "priyan-coder"
        },
        "content": ""
      },
      {
        "lineNumber": 22,
        "author": {
          "gitId": "priyan-coder"
        },
        "content": "    public void setDateAndTime(Date dateAndTime) {"
      },
      {
        "lineNumber": 23,
        "author": {
          "gitId": "priyan-coder"
        },
        "content": "        this.dateAndTime \u003d dateAndTime;"
      },
      {
        "lineNumber": 24,
        "author": {
          "gitId": "priyan-coder"
        },
        "content": "    }"
      },
      {
        "lineNumber": 25,
        "author": {
          "gitId": "priyan-coder"
        },
        "content": "}"
      }
    ],
    "authorContributionMap": {
      "priyan-coder": 25
    }
  },
  {
    "path": "src/main/java/dukeException.java",
    "fileType": "java",
    "lines": [
      {
        "lineNumber": 1,
        "author": {
          "gitId": "priyan-coder"
        },
        "content": "public class dukeException extends Exception {"
      },
      {
        "lineNumber": 2,
        "author": {
          "gitId": "priyan-coder"
        },
        "content": "    public dukeException(String message) {"
      },
      {
        "lineNumber": 3,
        "author": {
          "gitId": "priyan-coder"
        },
        "content": "        super(message);"
      },
      {
        "lineNumber": 4,
        "author": {
          "gitId": "priyan-coder"
        },
        "content": "    }"
      },
      {
        "lineNumber": 5,
        "author": {
          "gitId": "priyan-coder"
        },
        "content": "}"
      }
    ],
    "authorContributionMap": {
      "priyan-coder": 5
    }
  },
  {
    "path": "src/main/java/event.java",
    "fileType": "java",
    "lines": [
      {
        "lineNumber": 1,
        "author": {
          "gitId": "priyan-coder"
        },
        "content": "import java.io.FileOutputStream;"
      },
      {
        "lineNumber": 2,
        "author": {
          "gitId": "priyan-coder"
        },
        "content": "import java.io.ObjectOutputStream;"
      },
      {
        "lineNumber": 3,
        "author": {
          "gitId": "priyan-coder"
        },
        "content": ""
      },
      {
        "lineNumber": 4,
        "author": {
          "gitId": "priyan-coder"
        },
        "content": "public class event extends task {"
      },
      {
        "lineNumber": 5,
        "author": {
          "gitId": "priyan-coder"
        },
        "content": ""
      },
      {
        "lineNumber": 6,
        "author": {
          "gitId": "priyan-coder"
        },
        "content": "    protected String at; // duration"
      },
      {
        "lineNumber": 7,
        "author": {
          "gitId": "priyan-coder"
        },
        "content": "    protected String time_1;"
      },
      {
        "lineNumber": 8,
        "author": {
          "gitId": "priyan-coder"
        },
        "content": "    protected String time_2;"
      },
      {
        "lineNumber": 9,
        "author": {
          "gitId": "priyan-coder"
        },
        "content": ""
      },
      {
        "lineNumber": 10,
        "author": {
          "gitId": "priyan-coder"
        },
        "content": "    public event(String todo, String at) {"
      },
      {
        "lineNumber": 11,
        "author": {
          "gitId": "priyan-coder"
        },
        "content": "        super(todo);"
      },
      {
        "lineNumber": 12,
        "author": {
          "gitId": "priyan-coder"
        },
        "content": "        this.at \u003d at;"
      },
      {
        "lineNumber": 13,
        "author": {
          "gitId": "priyan-coder"
        },
        "content": "        this.icon \u003d \"[E]\";"
      },
      {
        "lineNumber": 14,
        "author": {
          "gitId": "priyan-coder"
        },
        "content": "    }"
      },
      {
        "lineNumber": 15,
        "author": {
          "gitId": "priyan-coder"
        },
        "content": ""
      },
      {
        "lineNumber": 16,
        "author": {
          "gitId": "priyan-coder"
        },
        "content": "    public String getAt() {"
      },
      {
        "lineNumber": 17,
        "author": {
          "gitId": "priyan-coder"
        },
        "content": "        return \" (at: \" + this.time_1 + \" to \" + this.time_2 + \")\";"
      },
      {
        "lineNumber": 18,
        "author": {
          "gitId": "priyan-coder"
        },
        "content": "    }"
      },
      {
        "lineNumber": 19,
        "author": {
          "gitId": "priyan-coder"
        },
        "content": ""
      },
      {
        "lineNumber": 20,
        "author": {
          "gitId": "priyan-coder"
        },
        "content": "    @Override"
      },
      {
        "lineNumber": 21,
        "author": {
          "gitId": "priyan-coder"
        },
        "content": "    public String toString() {"
      },
      {
        "lineNumber": 22,
        "author": {
          "gitId": "priyan-coder"
        },
        "content": "        return super.toString() + this.getAt();"
      },
      {
        "lineNumber": 23,
        "author": {
          "gitId": "priyan-coder"
        },
        "content": "    }"
      },
      {
        "lineNumber": 24,
        "author": {
          "gitId": "priyan-coder"
        },
        "content": ""
      },
      {
        "lineNumber": 25,
        "author": {
          "gitId": "priyan-coder"
        },
        "content": "}"
      }
    ],
    "authorContributionMap": {
      "priyan-coder": 25
    }
  },
  {
    "path": "src/main/java/task.java",
    "fileType": "java",
    "lines": [
      {
        "lineNumber": 1,
        "author": {
          "gitId": "priyan-coder"
        },
        "content": "// every non list / non bye is a task"
      },
      {
        "lineNumber": 2,
        "author": {
          "gitId": "priyan-coder"
        },
        "content": "// add to the arrayList of task"
      },
      {
        "lineNumber": 3,
        "author": {
          "gitId": "priyan-coder"
        },
        "content": "// each task has a status"
      },
      {
        "lineNumber": 4,
        "author": {
          "gitId": "priyan-coder"
        },
        "content": "// status whether done or not done"
      },
      {
        "lineNumber": 5,
        "author": {
          "gitId": "priyan-coder"
        },
        "content": "// if the user says done 2 -- \u003e we"
      },
      {
        "lineNumber": 6,
        "author": {
          "gitId": "priyan-coder"
        },
        "content": ""
      },
      {
        "lineNumber": 7,
        "author": {
          "gitId": "priyan-coder"
        },
        "content": "import java.io.FileOutputStream;"
      },
      {
        "lineNumber": 8,
        "author": {
          "gitId": "priyan-coder"
        },
        "content": "import java.io.IOException;"
      },
      {
        "lineNumber": 9,
        "author": {
          "gitId": "priyan-coder"
        },
        "content": "import java.io.ObjectOutputStream;"
      },
      {
        "lineNumber": 10,
        "author": {
          "gitId": "priyan-coder"
        },
        "content": "import java.io.Serializable;"
      },
      {
        "lineNumber": 11,
        "author": {
          "gitId": "priyan-coder"
        },
        "content": "import java.util.LinkedList;"
      },
      {
        "lineNumber": 12,
        "author": {
          "gitId": "priyan-coder"
        },
        "content": ""
      },
      {
        "lineNumber": 13,
        "author": {
          "gitId": "priyan-coder"
        },
        "content": "public class task implements Serializable {"
      },
      {
        "lineNumber": 14,
        "author": {
          "gitId": "priyan-coder"
        },
        "content": "    protected boolean done \u003d false; // is it done yet ?"
      },
      {
        "lineNumber": 15,
        "author": {
          "gitId": "priyan-coder"
        },
        "content": "    protected char status \u003d \u0027\\u2718\u0027; //cross"
      },
      {
        "lineNumber": 16,
        "author": {
          "gitId": "priyan-coder"
        },
        "content": "    protected String todo \u003d \" \"; // description"
      },
      {
        "lineNumber": 17,
        "author": {
          "gitId": "priyan-coder"
        },
        "content": "    protected String icon \u003d \"[T]\"; // the kind of task --\u003e this is a todo"
      },
      {
        "lineNumber": 18,
        "author": {
          "gitId": "priyan-coder"
        },
        "content": ""
      },
      {
        "lineNumber": 19,
        "author": {
          "gitId": "priyan-coder"
        },
        "content": ""
      },
      {
        "lineNumber": 20,
        "author": {
          "gitId": "priyan-coder"
        },
        "content": "    //markAsDone"
      },
      {
        "lineNumber": 21,
        "author": {
          "gitId": "priyan-coder"
        },
        "content": "    public void markAsDone ( ){"
      },
      {
        "lineNumber": 22,
        "author": {
          "gitId": "priyan-coder"
        },
        "content": "        this.done \u003d true;"
      },
      {
        "lineNumber": 23,
        "author": {
          "gitId": "priyan-coder"
        },
        "content": "        this.status \u003d \u0027\\u2713\u0027; // tick"
      },
      {
        "lineNumber": 24,
        "author": {
          "gitId": "priyan-coder"
        },
        "content": "    }"
      },
      {
        "lineNumber": 25,
        "author": {
          "gitId": "priyan-coder"
        },
        "content": ""
      },
      {
        "lineNumber": 26,
        "author": {
          "gitId": "priyan-coder"
        },
        "content": "    // constructor to set the todo"
      },
      {
        "lineNumber": 27,
        "author": {
          "gitId": "priyan-coder"
        },
        "content": "    public task(String todo) {"
      },
      {
        "lineNumber": 28,
        "author": {
          "gitId": "priyan-coder"
        },
        "content": "        this.todo \u003d todo;"
      },
      {
        "lineNumber": 29,
        "author": {
          "gitId": "priyan-coder"
        },
        "content": "    }"
      },
      {
        "lineNumber": 30,
        "author": {
          "gitId": "priyan-coder"
        },
        "content": "    // returns the description of the todo"
      },
      {
        "lineNumber": 31,
        "author": {
          "gitId": "priyan-coder"
        },
        "content": "    public String getTodo() {"
      },
      {
        "lineNumber": 32,
        "author": {
          "gitId": "priyan-coder"
        },
        "content": "        return todo;"
      },
      {
        "lineNumber": 33,
        "author": {
          "gitId": "priyan-coder"
        },
        "content": "    }"
      },
      {
        "lineNumber": 34,
        "author": {
          "gitId": "priyan-coder"
        },
        "content": ""
      },
      {
        "lineNumber": 35,
        "author": {
          "gitId": "priyan-coder"
        },
        "content": "    //check if tick or cross"
      },
      {
        "lineNumber": 36,
        "author": {
          "gitId": "priyan-coder"
        },
        "content": "    public String getStatus() {"
      },
      {
        "lineNumber": 37,
        "author": {
          "gitId": "priyan-coder"
        },
        "content": "        return \"[\" + status +\"]\";"
      },
      {
        "lineNumber": 38,
        "author": {
          "gitId": "priyan-coder"
        },
        "content": "    }"
      },
      {
        "lineNumber": 39,
        "author": {
          "gitId": "priyan-coder"
        },
        "content": ""
      },
      {
        "lineNumber": 40,
        "author": {
          "gitId": "priyan-coder"
        },
        "content": "    //changes the description of the todo"
      },
      {
        "lineNumber": 41,
        "author": {
          "gitId": "priyan-coder"
        },
        "content": "    public void setTodo(String todo) {"
      },
      {
        "lineNumber": 42,
        "author": {
          "gitId": "priyan-coder"
        },
        "content": "        this.todo \u003d todo;"
      },
      {
        "lineNumber": 43,
        "author": {
          "gitId": "priyan-coder"
        },
        "content": "    }"
      },
      {
        "lineNumber": 44,
        "author": {
          "gitId": "priyan-coder"
        },
        "content": ""
      },
      {
        "lineNumber": 45,
        "author": {
          "gitId": "priyan-coder"
        },
        "content": "    public String toString(){"
      },
      {
        "lineNumber": 46,
        "author": {
          "gitId": "priyan-coder"
        },
        "content": "        return this.getStatus() +  this.icon + \" \" + this.getTodo();"
      },
      {
        "lineNumber": 47,
        "author": {
          "gitId": "priyan-coder"
        },
        "content": "    }"
      },
      {
        "lineNumber": 48,
        "author": {
          "gitId": "priyan-coder"
        },
        "content": ""
      },
      {
        "lineNumber": 49,
        "author": {
          "gitId": "priyan-coder"
        },
        "content": ""
      },
      {
        "lineNumber": 50,
        "author": {
          "gitId": "priyan-coder"
        },
        "content": ""
      },
      {
        "lineNumber": 51,
        "author": {
          "gitId": "priyan-coder"
        },
        "content": ""
      },
      {
        "lineNumber": 52,
        "author": {
          "gitId": "priyan-coder"
        },
        "content": "}"
      }
    ],
    "authorContributionMap": {
      "priyan-coder": 52
    }
  }
]
