{
  "authorDailyContributionsMap": {
    "priyan-coder": [
      {
        "insertions": 59,
        "deletions": 3,
        "date": "2019-08-26",
        "commitResults": [
          {
            "hash": "ec334cd7dd5192534dc3e08b8982450c393bc1f1",
            "messageTitle": "Level 1 done",
            "messageBody": "",
            "insertions": 40,
            "deletions": 2
          },
          {
            "hash": "803885ed491ebd66435fe1a4a43f421885996fc1",
            "messageTitle": "Done with Level-2",
            "messageBody": "",
            "insertions": 19,
            "deletions": 1
          }
        ]
      },
      {
        "insertions": 78,
        "deletions": 33,
        "date": "2019-08-27",
        "commitResults": [
          {
            "hash": "225a6966e918f42c63df93c0725308aec82ab8c6",
            "messageTitle": " Level 3 done",
            "messageBody": "",
            "insertions": 62,
            "deletions": 14
          },
          {
            "hash": "ab64db81c83d4e032e7ca8d2a19e5d1175375f30",
            "messageTitle": "A-Classes",
            "messageBody": "",
            "insertions": 16,
            "deletions": 19
          }
        ]
      },
      {
        "insertions": 100,
        "deletions": 24,
        "date": "2019-08-28",
        "commitResults": [
          {
            "hash": "eae10b548240268ee3e01df421090138bb695c6a",
            "messageTitle": "Level-4",
            "messageBody": "",
            "insertions": 100,
            "deletions": 24
          }
        ]
      },
      {
        "insertions": 287,
        "deletions": 107,
        "date": "2019-08-29",
        "commitResults": [
          {
            "hash": "a38941d01ea0420d927008040a6d1e51ea2cebe0",
            "messageTitle": "Level-5",
            "messageBody": "",
            "insertions": 32,
            "deletions": 4
          },
          {
            "hash": "0a4f15d0f4695af9fd39a7ca129ca94c0ea5bc84",
            "messageTitle": "Level-7",
            "messageBody": "",
            "insertions": 165,
            "deletions": 90
          },
          {
            "hash": "0a02bf7fc263932d73021ae8196bf30923eecc94",
            "messageTitle": "trying to implement date and time",
            "messageBody": "",
            "insertions": 40,
            "deletions": 1
          },
          {
            "hash": "1a998384235516b9a6739c9aca64f5cadf2e0ca2",
            "messageTitle": "added the time and date reading functionality for deadline",
            "messageBody": "",
            "insertions": 5,
            "deletions": 5
          },
          {
            "hash": "4f11e4a24e9f3cc7086ee7dcde0fcf3e305b9024",
            "messageTitle": "EVENT KIND OF WORKS",
            "messageBody": "",
            "insertions": 8,
            "deletions": 7
          },
          {
            "hash": "61b42a5965c9b2680c2676ad4a438840010dca27",
            "messageTitle": "Level-8",
            "messageBody": "",
            "insertions": 37,
            "deletions": 0
          }
        ]
      },
      {
        "insertions": 12,
        "deletions": 2,
        "date": "2019-09-03",
        "commitResults": [
          {
            "hash": "021f4ce0079fb2253bd56b04a1b58fdf8d0de539",
            "messageTitle": "Level-6",
            "messageBody": "",
            "insertions": 12,
            "deletions": 2
          }
        ]
      }
    ]
  },
  "authorFinalContributionMap": {
    "priyan-coder": 370
  },
  "authorFileTypeContributionMap": {
    "priyan-coder": {
      "java": 348,
      "gradle": 22,
      "css": 0,
      "fxml": 0
    }
  },
  "authorContributionVariance": {
    "priyan-coder": 9278.604
  },
  "authorDisplayNameMap": {
    "priyan-coder": "F09-1 RAJ..YAN"
  }
}
