[
  {
    "path": "build.gradle",
    "fileType": "gradle",
    "lines": [
      {
        "lineNumber": 1,
        "author": {
          "gitId": "Jeffry Lum"
        },
        "content": "plugins {"
      },
      {
        "lineNumber": 2,
        "author": {
          "gitId": "Jeffry Lum"
        },
        "content": "    id \u0027java\u0027"
      },
      {
        "lineNumber": 3,
        "author": {
          "gitId": "Jeffry Lum"
        },
        "content": "    id \u0027application\u0027"
      },
      {
        "lineNumber": 4,
        "author": {
          "gitId": "Pdotdeep"
        },
        "content": "    id \u0027checkstyle\u0027"
      },
      {
        "lineNumber": 5,
        "author": {
          "gitId": "Pdotdeep"
        },
        "content": "    id \u0027com.github.johnrengelman.shadow\u0027 version \u00275.1.0\u0027"
      },
      {
        "lineNumber": 6,
        "author": {
          "gitId": "Jeffry Lum"
        },
        "content": "}"
      },
      {
        "lineNumber": 7,
        "author": {
          "gitId": "Jeffry Lum"
        },
        "content": ""
      },
      {
        "lineNumber": 8,
        "author": {
          "gitId": "Pdotdeep"
        },
        "content": "checkstyle {"
      },
      {
        "lineNumber": 9,
        "author": {
          "gitId": "Pdotdeep"
        },
        "content": "    toolVersion \u003d \u00278.23\u0027"
      },
      {
        "lineNumber": 10,
        "author": {
          "gitId": "Pdotdeep"
        },
        "content": "}"
      },
      {
        "lineNumber": 11,
        "author": {
          "gitId": "Pdotdeep"
        },
        "content": ""
      },
      {
        "lineNumber": 12,
        "author": {
          "gitId": "Pdotdeep"
        },
        "content": "shadowJar {"
      },
      {
        "lineNumber": 13,
        "author": {
          "gitId": "Pdotdeep"
        },
        "content": "    archiveBaseName \u003d \"duke\""
      },
      {
        "lineNumber": 14,
        "author": {
          "gitId": "Pdotdeep"
        },
        "content": "    archiveVersion \u003d \"0.1.3\""
      },
      {
        "lineNumber": 15,
        "author": {
          "gitId": "Pdotdeep"
        },
        "content": "    archiveClassifier \u003d null"
      },
      {
        "lineNumber": 16,
        "author": {
          "gitId": "Pdotdeep"
        },
        "content": "    archiveAppendix \u003d null"
      },
      {
        "lineNumber": 17,
        "author": {
          "gitId": "Pdotdeep"
        },
        "content": "}"
      },
      {
        "lineNumber": 18,
        "author": {
          "gitId": "Pdotdeep"
        },
        "content": ""
      },
      {
        "lineNumber": 19,
        "author": {
          "gitId": "Pdotdeep"
        },
        "content": "group \u0027seedu.duke\u0027"
      },
      {
        "lineNumber": 20,
        "author": {
          "gitId": "Jeffry Lum"
        },
        "content": "version \u00270.1.0\u0027"
      },
      {
        "lineNumber": 21,
        "author": {
          "gitId": "Jeffry Lum"
        },
        "content": ""
      },
      {
        "lineNumber": 22,
        "author": {
          "gitId": "Jeffry Lum"
        },
        "content": "repositories {"
      },
      {
        "lineNumber": 23,
        "author": {
          "gitId": "Jeffry Lum"
        },
        "content": "    mavenCentral()"
      },
      {
        "lineNumber": 24,
        "author": {
          "gitId": "Jeffry Lum"
        },
        "content": "}"
      },
      {
        "lineNumber": 25,
        "author": {
          "gitId": "Jeffry Lum"
        },
        "content": ""
      },
      {
        "lineNumber": 26,
        "author": {
          "gitId": "Jeffry Lum"
        },
        "content": "application {"
      },
      {
        "lineNumber": 27,
        "author": {
          "gitId": "Jeffry Lum"
        },
        "content": "    // Change this to your main class."
      },
      {
        "lineNumber": 28,
        "author": {
          "gitId": "Pdotdeep"
        },
        "content": "    mainClassName \u003d \"Duke\""
      },
      {
        "lineNumber": 29,
        "author": {
          "gitId": "Pdotdeep"
        },
        "content": "}"
      },
      {
        "lineNumber": 30,
        "author": {
          "gitId": "Pdotdeep"
        },
        "content": ""
      },
      {
        "lineNumber": 31,
        "author": {
          "gitId": "Pdotdeep"
        },
        "content": "dependencies {"
      },
      {
        "lineNumber": 32,
        "author": {
          "gitId": "Pdotdeep"
        },
        "content": "    testImplementation \u0027org.junit.jupiter:junit-jupiter:5.5.0\u0027"
      },
      {
        "lineNumber": 33,
        "author": {
          "gitId": "Pdotdeep"
        },
        "content": "}"
      },
      {
        "lineNumber": 34,
        "author": {
          "gitId": "Pdotdeep"
        },
        "content": ""
      },
      {
        "lineNumber": 35,
        "author": {
          "gitId": "Pdotdeep"
        },
        "content": "test {"
      },
      {
        "lineNumber": 36,
        "author": {
          "gitId": "Pdotdeep"
        },
        "content": "    useJUnitPlatform()"
      },
      {
        "lineNumber": 37,
        "author": {
          "gitId": "Jeffry Lum"
        },
        "content": "}"
      }
    ],
    "authorContributionMap": {
      "Jeffry Lum": 14,
      "Pdotdeep": 23
    }
  },
  {
    "path": "settings.gradle",
    "fileType": "gradle",
    "lines": [
      {
        "lineNumber": 1,
        "author": {
          "gitId": "Jeffry Lum"
        },
        "content": "rootProject.name \u003d \u0027duke\u0027"
      }
    ],
    "authorContributionMap": {
      "Jeffry Lum": 1
    }
  },
  {
    "path": "src/main/java/Deadlines.java",
    "fileType": "java",
    "lines": [
      {
        "lineNumber": 1,
        "author": {
          "gitId": "Pdotdeep"
        },
        "content": "import java.util.Date;"
      },
      {
        "lineNumber": 2,
        "author": {
          "gitId": "Pdotdeep"
        },
        "content": ""
      },
      {
        "lineNumber": 3,
        "author": {
          "gitId": "Pdotdeep"
        },
        "content": "public class Deadlines extends Task {"
      },
      {
        "lineNumber": 4,
        "author": {
          "gitId": "Pdotdeep"
        },
        "content": ""
      },
      {
        "lineNumber": 5,
        "author": {
          "gitId": "Pdotdeep"
        },
        "content": "    private MyDate DeadLineDate;"
      },
      {
        "lineNumber": 6,
        "author": {
          "gitId": "Pdotdeep"
        },
        "content": ""
      },
      {
        "lineNumber": 7,
        "author": {
          "gitId": "Pdotdeep"
        },
        "content": "    Deadlines(String TaskName , MyDate DeadLineDate ){"
      },
      {
        "lineNumber": 8,
        "author": {
          "gitId": "Pdotdeep"
        },
        "content": "        super(TaskName , 2);"
      },
      {
        "lineNumber": 9,
        "author": {
          "gitId": "Pdotdeep"
        },
        "content": "        this.DeadLineDate \u003d DeadLineDate;"
      },
      {
        "lineNumber": 10,
        "author": {
          "gitId": "Pdotdeep"
        },
        "content": "    }"
      },
      {
        "lineNumber": 11,
        "author": {
          "gitId": "Pdotdeep"
        },
        "content": ""
      },
      {
        "lineNumber": 12,
        "author": {
          "gitId": "Pdotdeep"
        },
        "content": "    Deadlines(String TaskName , MyDate DeadLineDate , boolean done){"
      },
      {
        "lineNumber": 13,
        "author": {
          "gitId": "Pdotdeep"
        },
        "content": "        super(TaskName , 2 , done);"
      },
      {
        "lineNumber": 14,
        "author": {
          "gitId": "Pdotdeep"
        },
        "content": "        this.DeadLineDate \u003d DeadLineDate;"
      },
      {
        "lineNumber": 15,
        "author": {
          "gitId": "Pdotdeep"
        },
        "content": "    }"
      },
      {
        "lineNumber": 16,
        "author": {
          "gitId": "Pdotdeep"
        },
        "content": ""
      },
      {
        "lineNumber": 17,
        "author": {
          "gitId": "Pdotdeep"
        },
        "content": "    public MyDate getDate(){"
      },
      {
        "lineNumber": 18,
        "author": {
          "gitId": "Pdotdeep"
        },
        "content": "        return DeadLineDate;"
      },
      {
        "lineNumber": 19,
        "author": {
          "gitId": "Pdotdeep"
        },
        "content": "    }"
      },
      {
        "lineNumber": 20,
        "author": {
          "gitId": "Pdotdeep"
        },
        "content": ""
      },
      {
        "lineNumber": 21,
        "author": {
          "gitId": "Pdotdeep"
        },
        "content": ""
      },
      {
        "lineNumber": 22,
        "author": {
          "gitId": "Pdotdeep"
        },
        "content": ""
      },
      {
        "lineNumber": 23,
        "author": {
          "gitId": "Pdotdeep"
        },
        "content": "    public String toString(){"
      },
      {
        "lineNumber": 24,
        "author": {
          "gitId": "Pdotdeep"
        },
        "content": "        return(\"[D][\" + getStatusIcon() + \"] \" + this.getTaskName() + \" (by: \" + this.DeadLineDate + \")\") ;"
      },
      {
        "lineNumber": 25,
        "author": {
          "gitId": "Pdotdeep"
        },
        "content": "    }"
      },
      {
        "lineNumber": 26,
        "author": {
          "gitId": "Pdotdeep"
        },
        "content": "}"
      }
    ],
    "authorContributionMap": {
      "Pdotdeep": 26
    }
  },
  {
    "path": "src/main/java/Duke.java",
    "fileType": "java",
    "lines": [
      {
        "lineNumber": 1,
        "author": {
          "gitId": "Pdotdeep"
        },
        "content": "import java.io.File;"
      },
      {
        "lineNumber": 2,
        "author": {
          "gitId": "Pdotdeep"
        },
        "content": "import java.text.ParseException;"
      },
      {
        "lineNumber": 3,
        "author": {
          "gitId": "Pdotdeep"
        },
        "content": "import java.util.Scanner;"
      },
      {
        "lineNumber": 4,
        "author": {
          "gitId": "Pdotdeep"
        },
        "content": ""
      },
      {
        "lineNumber": 5,
        "author": {
          "gitId": "-"
        },
        "content": "public class Duke {"
      },
      {
        "lineNumber": 6,
        "author": {
          "gitId": "Pdotdeep"
        },
        "content": ""
      },
      {
        "lineNumber": 7,
        "author": {
          "gitId": "Pdotdeep"
        },
        "content": "    static final int TODO \u003d 1;"
      },
      {
        "lineNumber": 8,
        "author": {
          "gitId": "Pdotdeep"
        },
        "content": "    static final int DEADLINE \u003d 2;"
      },
      {
        "lineNumber": 9,
        "author": {
          "gitId": "Pdotdeep"
        },
        "content": "    static final int EVENT \u003d 3;"
      },
      {
        "lineNumber": 10,
        "author": {
          "gitId": "Pdotdeep"
        },
        "content": ""
      },
      {
        "lineNumber": 11,
        "author": {
          "gitId": "Pdotdeep"
        },
        "content": ""
      },
      {
        "lineNumber": 12,
        "author": {
          "gitId": "Pdotdeep"
        },
        "content": ""
      },
      {
        "lineNumber": 13,
        "author": {
          "gitId": "-"
        },
        "content": "    public static void main(String[] args) {"
      },
      {
        "lineNumber": 14,
        "author": {
          "gitId": "Pdotdeep"
        },
        "content": "        Scanner scan \u003d new Scanner(System.in);"
      },
      {
        "lineNumber": 15,
        "author": {
          "gitId": "Pdotdeep"
        },
        "content": ""
      },
      {
        "lineNumber": 16,
        "author": {
          "gitId": "Pdotdeep"
        },
        "content": "        ListOfTasks newDuke \u003d new ListOfTasks(FileParser.loadTasks());"
      },
      {
        "lineNumber": 17,
        "author": {
          "gitId": "Pdotdeep"
        },
        "content": ""
      },
      {
        "lineNumber": 18,
        "author": {
          "gitId": "Pdotdeep"
        },
        "content": "        while(true){"
      },
      {
        "lineNumber": 19,
        "author": {
          "gitId": "Pdotdeep"
        },
        "content": "            String s \u003d scan.nextLine();"
      },
      {
        "lineNumber": 20,
        "author": {
          "gitId": "Pdotdeep"
        },
        "content": ""
      },
      {
        "lineNumber": 21,
        "author": {
          "gitId": "Pdotdeep"
        },
        "content": "            try{"
      },
      {
        "lineNumber": 22,
        "author": {
          "gitId": "Pdotdeep"
        },
        "content": ""
      },
      {
        "lineNumber": 23,
        "author": {
          "gitId": "Pdotdeep"
        },
        "content": "                if(s.equals(\"bye\")){"
      },
      {
        "lineNumber": 24,
        "author": {
          "gitId": "Pdotdeep"
        },
        "content": "                    newDuke.closeApp();"
      },
      {
        "lineNumber": 25,
        "author": {
          "gitId": "Pdotdeep"
        },
        "content": "                    break;"
      },
      {
        "lineNumber": 26,
        "author": {
          "gitId": "Pdotdeep"
        },
        "content": "                }else if(s.equals(\"list\")){"
      },
      {
        "lineNumber": 27,
        "author": {
          "gitId": "Pdotdeep"
        },
        "content": "                    newDuke.printList();"
      },
      {
        "lineNumber": 28,
        "author": {
          "gitId": "Pdotdeep"
        },
        "content": "                }else{"
      },
      {
        "lineNumber": 29,
        "author": {
          "gitId": "Pdotdeep"
        },
        "content": "                    String[] tokens\u003ds.split(\"\\\\s\");"
      },
      {
        "lineNumber": 30,
        "author": {
          "gitId": "Pdotdeep"
        },
        "content": "                    if(tokens[0].equals(\"done\")){"
      },
      {
        "lineNumber": 31,
        "author": {
          "gitId": "Pdotdeep"
        },
        "content": "                        int completedTask \u003d Integer.parseInt(tokens[1])-1;"
      },
      {
        "lineNumber": 32,
        "author": {
          "gitId": "Pdotdeep"
        },
        "content": "                        newDuke.complete(completedTask);"
      },
      {
        "lineNumber": 33,
        "author": {
          "gitId": "Pdotdeep"
        },
        "content": "                    }else if(tokens[0].equals(\"todo\")){"
      },
      {
        "lineNumber": 34,
        "author": {
          "gitId": "Pdotdeep"
        },
        "content": "                        newDuke.addTasks(s , TODO);"
      },
      {
        "lineNumber": 35,
        "author": {
          "gitId": "Pdotdeep"
        },
        "content": ""
      },
      {
        "lineNumber": 36,
        "author": {
          "gitId": "Pdotdeep"
        },
        "content": "                    }else if(tokens[0].equals(\"deadline\")){"
      },
      {
        "lineNumber": 37,
        "author": {
          "gitId": "Pdotdeep"
        },
        "content": "                        newDuke.addTasks(s , DEADLINE);"
      },
      {
        "lineNumber": 38,
        "author": {
          "gitId": "Pdotdeep"
        },
        "content": ""
      },
      {
        "lineNumber": 39,
        "author": {
          "gitId": "Pdotdeep"
        },
        "content": "                    }else if(tokens[0].equals(\"event\")){"
      },
      {
        "lineNumber": 40,
        "author": {
          "gitId": "Pdotdeep"
        },
        "content": "                        newDuke.addTasks(s , EVENT);"
      },
      {
        "lineNumber": 41,
        "author": {
          "gitId": "Pdotdeep"
        },
        "content": "                    }else {"
      },
      {
        "lineNumber": 42,
        "author": {
          "gitId": "Pdotdeep"
        },
        "content": "                        throw new UnknownCommandException(\"Unknown Command\");"
      },
      {
        "lineNumber": 43,
        "author": {
          "gitId": "Pdotdeep"
        },
        "content": ""
      },
      {
        "lineNumber": 44,
        "author": {
          "gitId": "Pdotdeep"
        },
        "content": "                    }"
      },
      {
        "lineNumber": 45,
        "author": {
          "gitId": "Pdotdeep"
        },
        "content": "                }"
      },
      {
        "lineNumber": 46,
        "author": {
          "gitId": "Pdotdeep"
        },
        "content": ""
      },
      {
        "lineNumber": 47,
        "author": {
          "gitId": "Pdotdeep"
        },
        "content": "            }catch(UnknownCommandException e){"
      },
      {
        "lineNumber": 48,
        "author": {
          "gitId": "Pdotdeep"
        },
        "content": "                System.out.println(e);"
      },
      {
        "lineNumber": 49,
        "author": {
          "gitId": "Pdotdeep"
        },
        "content": ""
      },
      {
        "lineNumber": 50,
        "author": {
          "gitId": "Pdotdeep"
        },
        "content": "            }catch (IncompleteCommandException e){"
      },
      {
        "lineNumber": 51,
        "author": {
          "gitId": "Pdotdeep"
        },
        "content": "                System.out.println(e);"
      },
      {
        "lineNumber": 52,
        "author": {
          "gitId": "Pdotdeep"
        },
        "content": "            }catch (ParseException e){"
      },
      {
        "lineNumber": 53,
        "author": {
          "gitId": "Pdotdeep"
        },
        "content": "                System.out.println(e);"
      },
      {
        "lineNumber": 54,
        "author": {
          "gitId": "Pdotdeep"
        },
        "content": "            }"
      },
      {
        "lineNumber": 55,
        "author": {
          "gitId": "Pdotdeep"
        },
        "content": ""
      },
      {
        "lineNumber": 56,
        "author": {
          "gitId": "Pdotdeep"
        },
        "content": "        }"
      },
      {
        "lineNumber": 57,
        "author": {
          "gitId": "Pdotdeep"
        },
        "content": ""
      },
      {
        "lineNumber": 58,
        "author": {
          "gitId": "Pdotdeep"
        },
        "content": ""
      },
      {
        "lineNumber": 59,
        "author": {
          "gitId": "-"
        },
        "content": "    }"
      },
      {
        "lineNumber": 60,
        "author": {
          "gitId": "Pdotdeep"
        },
        "content": ""
      },
      {
        "lineNumber": 61,
        "author": {
          "gitId": "-"
        },
        "content": "}"
      }
    ],
    "authorContributionMap": {
      "Pdotdeep": 57,
      "-": 4
    }
  },
  {
    "path": "src/main/java/Events.java",
    "fileType": "java",
    "lines": [
      {
        "lineNumber": 1,
        "author": {
          "gitId": "Pdotdeep"
        },
        "content": "import java.util.Date;"
      },
      {
        "lineNumber": 2,
        "author": {
          "gitId": "Pdotdeep"
        },
        "content": ""
      },
      {
        "lineNumber": 3,
        "author": {
          "gitId": "Pdotdeep"
        },
        "content": "public class Events extends Task{"
      },
      {
        "lineNumber": 4,
        "author": {
          "gitId": "Pdotdeep"
        },
        "content": "    private MyDate EventDate;"
      },
      {
        "lineNumber": 5,
        "author": {
          "gitId": "Pdotdeep"
        },
        "content": "    Events(String TaskName , MyDate EventDate ){"
      },
      {
        "lineNumber": 6,
        "author": {
          "gitId": "Pdotdeep"
        },
        "content": "        super(TaskName , 3);"
      },
      {
        "lineNumber": 7,
        "author": {
          "gitId": "Pdotdeep"
        },
        "content": "        this.EventDate \u003d EventDate;"
      },
      {
        "lineNumber": 8,
        "author": {
          "gitId": "Pdotdeep"
        },
        "content": "    }"
      },
      {
        "lineNumber": 9,
        "author": {
          "gitId": "Pdotdeep"
        },
        "content": "    Events(String TaskName , MyDate EventDate , boolean done){"
      },
      {
        "lineNumber": 10,
        "author": {
          "gitId": "Pdotdeep"
        },
        "content": "        super(TaskName , 3 , done);"
      },
      {
        "lineNumber": 11,
        "author": {
          "gitId": "Pdotdeep"
        },
        "content": "        this.EventDate \u003d EventDate;"
      },
      {
        "lineNumber": 12,
        "author": {
          "gitId": "Pdotdeep"
        },
        "content": "    }"
      },
      {
        "lineNumber": 13,
        "author": {
          "gitId": "Pdotdeep"
        },
        "content": ""
      },
      {
        "lineNumber": 14,
        "author": {
          "gitId": "Pdotdeep"
        },
        "content": "    public MyDate getDate(){"
      },
      {
        "lineNumber": 15,
        "author": {
          "gitId": "Pdotdeep"
        },
        "content": "        return EventDate;"
      },
      {
        "lineNumber": 16,
        "author": {
          "gitId": "Pdotdeep"
        },
        "content": "    }"
      },
      {
        "lineNumber": 17,
        "author": {
          "gitId": "Pdotdeep"
        },
        "content": ""
      },
      {
        "lineNumber": 18,
        "author": {
          "gitId": "Pdotdeep"
        },
        "content": "    @Override"
      },
      {
        "lineNumber": 19,
        "author": {
          "gitId": "Pdotdeep"
        },
        "content": "    public String toString() {"
      },
      {
        "lineNumber": 20,
        "author": {
          "gitId": "Pdotdeep"
        },
        "content": "        return(\"[E][\" + getStatusIcon() + \"] \" + this.getTaskName()) + \" (at: \" + this.EventDate + \")\";"
      },
      {
        "lineNumber": 21,
        "author": {
          "gitId": "Pdotdeep"
        },
        "content": "    }"
      },
      {
        "lineNumber": 22,
        "author": {
          "gitId": "Pdotdeep"
        },
        "content": "}"
      }
    ],
    "authorContributionMap": {
      "Pdotdeep": 22
    }
  },
  {
    "path": "src/main/java/FileParser.java",
    "fileType": "java",
    "lines": [
      {
        "lineNumber": 1,
        "author": {
          "gitId": "Pdotdeep"
        },
        "content": "import java.io.File;"
      },
      {
        "lineNumber": 2,
        "author": {
          "gitId": "Pdotdeep"
        },
        "content": "import java.io.FileNotFoundException;"
      },
      {
        "lineNumber": 3,
        "author": {
          "gitId": "Pdotdeep"
        },
        "content": "import java.io.FileWriter;"
      },
      {
        "lineNumber": 4,
        "author": {
          "gitId": "Pdotdeep"
        },
        "content": "import java.text.ParseException;"
      },
      {
        "lineNumber": 5,
        "author": {
          "gitId": "Pdotdeep"
        },
        "content": "import java.util.ArrayList;"
      },
      {
        "lineNumber": 6,
        "author": {
          "gitId": "Pdotdeep"
        },
        "content": "import java.util.Scanner;"
      },
      {
        "lineNumber": 7,
        "author": {
          "gitId": "Pdotdeep"
        },
        "content": ""
      },
      {
        "lineNumber": 8,
        "author": {
          "gitId": "Pdotdeep"
        },
        "content": "public class FileParser {"
      },
      {
        "lineNumber": 9,
        "author": {
          "gitId": "Pdotdeep"
        },
        "content": ""
      },
      {
        "lineNumber": 10,
        "author": {
          "gitId": "Pdotdeep"
        },
        "content": "    static final int TODO \u003d 1;"
      },
      {
        "lineNumber": 11,
        "author": {
          "gitId": "Pdotdeep"
        },
        "content": "    static final int DEADLINE \u003d 2;"
      },
      {
        "lineNumber": 12,
        "author": {
          "gitId": "Pdotdeep"
        },
        "content": "    static final int EVENT \u003d 3;"
      },
      {
        "lineNumber": 13,
        "author": {
          "gitId": "Pdotdeep"
        },
        "content": ""
      },
      {
        "lineNumber": 14,
        "author": {
          "gitId": "Pdotdeep"
        },
        "content": "    static String getFormattedList(ArrayList\u003cTask\u003e list){"
      },
      {
        "lineNumber": 15,
        "author": {
          "gitId": "Pdotdeep"
        },
        "content": ""
      },
      {
        "lineNumber": 16,
        "author": {
          "gitId": "Pdotdeep"
        },
        "content": ""
      },
      {
        "lineNumber": 17,
        "author": {
          "gitId": "Pdotdeep"
        },
        "content": ""
      },
      {
        "lineNumber": 18,
        "author": {
          "gitId": "Pdotdeep"
        },
        "content": "        String output \u003d \"\";"
      },
      {
        "lineNumber": 19,
        "author": {
          "gitId": "Pdotdeep"
        },
        "content": "        for(Task t : list){"
      },
      {
        "lineNumber": 20,
        "author": {
          "gitId": "Pdotdeep"
        },
        "content": "            output +\u003d \" \";"
      },
      {
        "lineNumber": 21,
        "author": {
          "gitId": "Pdotdeep"
        },
        "content": "            output +\u003d t.getType();"
      },
      {
        "lineNumber": 22,
        "author": {
          "gitId": "Pdotdeep"
        },
        "content": "            output +\u003d \" \";"
      },
      {
        "lineNumber": 23,
        "author": {
          "gitId": "Pdotdeep"
        },
        "content": "            output +\u003d t.getTaskName();"
      },
      {
        "lineNumber": 24,
        "author": {
          "gitId": "Pdotdeep"
        },
        "content": "            output +\u003d \" | \";"
      },
      {
        "lineNumber": 25,
        "author": {
          "gitId": "Pdotdeep"
        },
        "content": "            output +\u003d t.getDoneStatus();"
      },
      {
        "lineNumber": 26,
        "author": {
          "gitId": "Pdotdeep"
        },
        "content": "            if(t.getType() \u003d\u003d DEADLINE){"
      },
      {
        "lineNumber": 27,
        "author": {
          "gitId": "Pdotdeep"
        },
        "content": "                output +\u003d \" \";"
      },
      {
        "lineNumber": 28,
        "author": {
          "gitId": "Pdotdeep"
        },
        "content": "                output +\u003d ((Deadlines)t).getDate();"
      },
      {
        "lineNumber": 29,
        "author": {
          "gitId": "Pdotdeep"
        },
        "content": "            }else if(t.getType() \u003d\u003d EVENT){"
      },
      {
        "lineNumber": 30,
        "author": {
          "gitId": "Pdotdeep"
        },
        "content": "                output +\u003d \" \";"
      },
      {
        "lineNumber": 31,
        "author": {
          "gitId": "Pdotdeep"
        },
        "content": "                output +\u003d ((Events)t).getDate();"
      },
      {
        "lineNumber": 32,
        "author": {
          "gitId": "Pdotdeep"
        },
        "content": "            }else{"
      },
      {
        "lineNumber": 33,
        "author": {
          "gitId": "Pdotdeep"
        },
        "content": "                output +\u003d \" NA \";"
      },
      {
        "lineNumber": 34,
        "author": {
          "gitId": "Pdotdeep"
        },
        "content": "            }"
      },
      {
        "lineNumber": 35,
        "author": {
          "gitId": "Pdotdeep"
        },
        "content": "            output +\u003d \" |\";"
      },
      {
        "lineNumber": 36,
        "author": {
          "gitId": "Pdotdeep"
        },
        "content": "        }"
      },
      {
        "lineNumber": 37,
        "author": {
          "gitId": "Pdotdeep"
        },
        "content": ""
      },
      {
        "lineNumber": 38,
        "author": {
          "gitId": "Pdotdeep"
        },
        "content": "        return output;"
      },
      {
        "lineNumber": 39,
        "author": {
          "gitId": "Pdotdeep"
        },
        "content": ""
      },
      {
        "lineNumber": 40,
        "author": {
          "gitId": "Pdotdeep"
        },
        "content": "    }"
      },
      {
        "lineNumber": 41,
        "author": {
          "gitId": "Pdotdeep"
        },
        "content": ""
      },
      {
        "lineNumber": 42,
        "author": {
          "gitId": "Pdotdeep"
        },
        "content": "    static void saveToFile(ArrayList\u003cTask\u003e list){"
      },
      {
        "lineNumber": 43,
        "author": {
          "gitId": "Pdotdeep"
        },
        "content": "        try{"
      },
      {
        "lineNumber": 44,
        "author": {
          "gitId": "Pdotdeep"
        },
        "content": "            FileWriter fw\u003dnew FileWriter(\"./data/duke.txt\");"
      },
      {
        "lineNumber": 45,
        "author": {
          "gitId": "Pdotdeep"
        },
        "content": "            String formattedList \u003d getFormattedList(list);"
      },
      {
        "lineNumber": 46,
        "author": {
          "gitId": "Pdotdeep"
        },
        "content": ""
      },
      {
        "lineNumber": 47,
        "author": {
          "gitId": "Pdotdeep"
        },
        "content": "            fw.write(formattedList);"
      },
      {
        "lineNumber": 48,
        "author": {
          "gitId": "Pdotdeep"
        },
        "content": "            fw.close();"
      },
      {
        "lineNumber": 49,
        "author": {
          "gitId": "Pdotdeep"
        },
        "content": "        }catch(Exception e){System.out.println(e);}"
      },
      {
        "lineNumber": 50,
        "author": {
          "gitId": "Pdotdeep"
        },
        "content": ""
      },
      {
        "lineNumber": 51,
        "author": {
          "gitId": "Pdotdeep"
        },
        "content": "    }"
      },
      {
        "lineNumber": 52,
        "author": {
          "gitId": "Pdotdeep"
        },
        "content": ""
      },
      {
        "lineNumber": 53,
        "author": {
          "gitId": "Pdotdeep"
        },
        "content": "    static ArrayList\u003cTask\u003e loadTasks(){"
      },
      {
        "lineNumber": 54,
        "author": {
          "gitId": "Pdotdeep"
        },
        "content": ""
      },
      {
        "lineNumber": 55,
        "author": {
          "gitId": "Pdotdeep"
        },
        "content": "        ArrayList\u003cTask\u003e list \u003d new ArrayList\u003cTask\u003e();"
      },
      {
        "lineNumber": 56,
        "author": {
          "gitId": "Pdotdeep"
        },
        "content": ""
      },
      {
        "lineNumber": 57,
        "author": {
          "gitId": "Pdotdeep"
        },
        "content": "        try{"
      },
      {
        "lineNumber": 58,
        "author": {
          "gitId": "Pdotdeep"
        },
        "content": "            File file \u003d new File(\"./data/duke.txt\");"
      },
      {
        "lineNumber": 59,
        "author": {
          "gitId": "Pdotdeep"
        },
        "content": "            Scanner input\u003dnew Scanner(file);"
      },
      {
        "lineNumber": 60,
        "author": {
          "gitId": "Pdotdeep"
        },
        "content": "            input.useDelimiter(\" +\");"
      },
      {
        "lineNumber": 61,
        "author": {
          "gitId": "Pdotdeep"
        },
        "content": ""
      },
      {
        "lineNumber": 62,
        "author": {
          "gitId": "Pdotdeep"
        },
        "content": "            while(input.hasNext()){"
      },
      {
        "lineNumber": 63,
        "author": {
          "gitId": "Pdotdeep"
        },
        "content": "                String taskType \u003d input.next();"
      },
      {
        "lineNumber": 64,
        "author": {
          "gitId": "Pdotdeep"
        },
        "content": ""
      },
      {
        "lineNumber": 65,
        "author": {
          "gitId": "Pdotdeep"
        },
        "content": "                String temp \u003d input.next();"
      },
      {
        "lineNumber": 66,
        "author": {
          "gitId": "Pdotdeep"
        },
        "content": "                String taskName \u003d \"\";"
      },
      {
        "lineNumber": 67,
        "author": {
          "gitId": "Pdotdeep"
        },
        "content": "                while(!temp.contains(\"|\") \u0026\u0026 input.hasNext()){"
      },
      {
        "lineNumber": 68,
        "author": {
          "gitId": "Pdotdeep"
        },
        "content": "                    taskName +\u003d temp;"
      },
      {
        "lineNumber": 69,
        "author": {
          "gitId": "Pdotdeep"
        },
        "content": "                    taskName +\u003d \" \";"
      },
      {
        "lineNumber": 70,
        "author": {
          "gitId": "Pdotdeep"
        },
        "content": "                    temp \u003d input.next();"
      },
      {
        "lineNumber": 71,
        "author": {
          "gitId": "Pdotdeep"
        },
        "content": "                }"
      },
      {
        "lineNumber": 72,
        "author": {
          "gitId": "Pdotdeep"
        },
        "content": "                String doneStatus \u003d input.next();"
      },
      {
        "lineNumber": 73,
        "author": {
          "gitId": "Pdotdeep"
        },
        "content": ""
      },
      {
        "lineNumber": 74,
        "author": {
          "gitId": "Pdotdeep"
        },
        "content": "                String tempDate \u003d input.next();"
      },
      {
        "lineNumber": 75,
        "author": {
          "gitId": "Pdotdeep"
        },
        "content": "                String DateBy \u003d \"\";"
      },
      {
        "lineNumber": 76,
        "author": {
          "gitId": "Pdotdeep"
        },
        "content": "                while(!tempDate.contains(\"|\") \u0026\u0026 input.hasNext()){"
      },
      {
        "lineNumber": 77,
        "author": {
          "gitId": "Pdotdeep"
        },
        "content": "                    DateBy +\u003d tempDate;"
      },
      {
        "lineNumber": 78,
        "author": {
          "gitId": "Pdotdeep"
        },
        "content": "                    DateBy +\u003d \" \";"
      },
      {
        "lineNumber": 79,
        "author": {
          "gitId": "Pdotdeep"
        },
        "content": "                    tempDate \u003d input.next();"
      },
      {
        "lineNumber": 80,
        "author": {
          "gitId": "Pdotdeep"
        },
        "content": "//                    System.out.println(\"\\nTest\" + tempDate);"
      },
      {
        "lineNumber": 81,
        "author": {
          "gitId": "Pdotdeep"
        },
        "content": "                }"
      },
      {
        "lineNumber": 82,
        "author": {
          "gitId": "Pdotdeep"
        },
        "content": "                boolean doneStat;"
      },
      {
        "lineNumber": 83,
        "author": {
          "gitId": "Pdotdeep"
        },
        "content": "                if(doneStatus.equals(\"true\")){"
      },
      {
        "lineNumber": 84,
        "author": {
          "gitId": "Pdotdeep"
        },
        "content": "                    doneStat \u003d true;"
      },
      {
        "lineNumber": 85,
        "author": {
          "gitId": "Pdotdeep"
        },
        "content": "                }else{"
      },
      {
        "lineNumber": 86,
        "author": {
          "gitId": "Pdotdeep"
        },
        "content": "                    doneStat \u003d false;"
      },
      {
        "lineNumber": 87,
        "author": {
          "gitId": "Pdotdeep"
        },
        "content": "                }"
      },
      {
        "lineNumber": 88,
        "author": {
          "gitId": "Pdotdeep"
        },
        "content": ""
      },
      {
        "lineNumber": 89,
        "author": {
          "gitId": "Pdotdeep"
        },
        "content": "                MyDate dateBy \u003d null;"
      },
      {
        "lineNumber": 90,
        "author": {
          "gitId": "Pdotdeep"
        },
        "content": ""
      },
      {
        "lineNumber": 91,
        "author": {
          "gitId": "Pdotdeep"
        },
        "content": "                if(!DateBy.contains(\"NA\")){"
      },
      {
        "lineNumber": 92,
        "author": {
          "gitId": "Pdotdeep"
        },
        "content": "                    try {"
      },
      {
        "lineNumber": 93,
        "author": {
          "gitId": "Pdotdeep"
        },
        "content": "                        dateBy \u003d new MyDate(DateBy);"
      },
      {
        "lineNumber": 94,
        "author": {
          "gitId": "Pdotdeep"
        },
        "content": "                    }catch (ParseException e){"
      },
      {
        "lineNumber": 95,
        "author": {
          "gitId": "Pdotdeep"
        },
        "content": ""
      },
      {
        "lineNumber": 96,
        "author": {
          "gitId": "Pdotdeep"
        },
        "content": "                    }"
      },
      {
        "lineNumber": 97,
        "author": {
          "gitId": "Pdotdeep"
        },
        "content": "                }"
      },
      {
        "lineNumber": 98,
        "author": {
          "gitId": "Pdotdeep"
        },
        "content": ""
      },
      {
        "lineNumber": 99,
        "author": {
          "gitId": "Pdotdeep"
        },
        "content": "                if(taskType.contains(\"1\")){"
      },
      {
        "lineNumber": 100,
        "author": {
          "gitId": "Pdotdeep"
        },
        "content": "                    list.add(new ToDos(taskName , doneStat));"
      },
      {
        "lineNumber": 101,
        "author": {
          "gitId": "Pdotdeep"
        },
        "content": "                }else if(taskType.contains(\"2\")){"
      },
      {
        "lineNumber": 102,
        "author": {
          "gitId": "Pdotdeep"
        },
        "content": "                    list.add(new Deadlines(taskName , dateBy,doneStat));"
      },
      {
        "lineNumber": 103,
        "author": {
          "gitId": "Pdotdeep"
        },
        "content": "                }else if(taskType.contains(\"3\")){"
      },
      {
        "lineNumber": 104,
        "author": {
          "gitId": "Pdotdeep"
        },
        "content": "                    list.add(new Events(taskName , dateBy,doneStat));"
      },
      {
        "lineNumber": 105,
        "author": {
          "gitId": "Pdotdeep"
        },
        "content": "                }"
      },
      {
        "lineNumber": 106,
        "author": {
          "gitId": "Pdotdeep"
        },
        "content": ""
      },
      {
        "lineNumber": 107,
        "author": {
          "gitId": "Pdotdeep"
        },
        "content": ""
      },
      {
        "lineNumber": 108,
        "author": {
          "gitId": "Pdotdeep"
        },
        "content": "            }"
      },
      {
        "lineNumber": 109,
        "author": {
          "gitId": "Pdotdeep"
        },
        "content": ""
      },
      {
        "lineNumber": 110,
        "author": {
          "gitId": "Pdotdeep"
        },
        "content": "        }catch(FileNotFoundException e){"
      },
      {
        "lineNumber": 111,
        "author": {
          "gitId": "Pdotdeep"
        },
        "content": "            System.out.println(\"No Saved Data found!\");"
      },
      {
        "lineNumber": 112,
        "author": {
          "gitId": "Pdotdeep"
        },
        "content": "        }"
      },
      {
        "lineNumber": 113,
        "author": {
          "gitId": "Pdotdeep"
        },
        "content": ""
      },
      {
        "lineNumber": 114,
        "author": {
          "gitId": "Pdotdeep"
        },
        "content": "        return list;"
      },
      {
        "lineNumber": 115,
        "author": {
          "gitId": "Pdotdeep"
        },
        "content": ""
      },
      {
        "lineNumber": 116,
        "author": {
          "gitId": "Pdotdeep"
        },
        "content": "    }"
      },
      {
        "lineNumber": 117,
        "author": {
          "gitId": "Pdotdeep"
        },
        "content": ""
      },
      {
        "lineNumber": 118,
        "author": {
          "gitId": "Pdotdeep"
        },
        "content": "}"
      }
    ],
    "authorContributionMap": {
      "Pdotdeep": 118
    }
  },
  {
    "path": "src/main/java/IncompleteCommandException.java",
    "fileType": "java",
    "lines": [
      {
        "lineNumber": 1,
        "author": {
          "gitId": "Pdotdeep"
        },
        "content": "public class IncompleteCommandException  extends Exception{"
      },
      {
        "lineNumber": 2,
        "author": {
          "gitId": "Pdotdeep"
        },
        "content": "    private String ErrType;"
      },
      {
        "lineNumber": 3,
        "author": {
          "gitId": "Pdotdeep"
        },
        "content": "    IncompleteCommandException(String err){"
      },
      {
        "lineNumber": 4,
        "author": {
          "gitId": "Pdotdeep"
        },
        "content": "        super(err);"
      },
      {
        "lineNumber": 5,
        "author": {
          "gitId": "Pdotdeep"
        },
        "content": "        ErrType \u003d err;"
      },
      {
        "lineNumber": 6,
        "author": {
          "gitId": "Pdotdeep"
        },
        "content": "    }"
      },
      {
        "lineNumber": 7,
        "author": {
          "gitId": "Pdotdeep"
        },
        "content": ""
      },
      {
        "lineNumber": 8,
        "author": {
          "gitId": "Pdotdeep"
        },
        "content": "    String printLine(){"
      },
      {
        "lineNumber": 9,
        "author": {
          "gitId": "Pdotdeep"
        },
        "content": "        return \"\\t_______________________________________\\n\";"
      },
      {
        "lineNumber": 10,
        "author": {
          "gitId": "Pdotdeep"
        },
        "content": "    }"
      },
      {
        "lineNumber": 11,
        "author": {
          "gitId": "Pdotdeep"
        },
        "content": "    String errMsg(){"
      },
      {
        "lineNumber": 12,
        "author": {
          "gitId": "Pdotdeep"
        },
        "content": "        return \"\\t ☹ OOPS!!! The description of a \" + ErrType + \" cannot be empty.\\n\";"
      },
      {
        "lineNumber": 13,
        "author": {
          "gitId": "Pdotdeep"
        },
        "content": "    }"
      },
      {
        "lineNumber": 14,
        "author": {
          "gitId": "Pdotdeep"
        },
        "content": ""
      },
      {
        "lineNumber": 15,
        "author": {
          "gitId": "Pdotdeep"
        },
        "content": ""
      },
      {
        "lineNumber": 16,
        "author": {
          "gitId": "Pdotdeep"
        },
        "content": "    @Override"
      },
      {
        "lineNumber": 17,
        "author": {
          "gitId": "Pdotdeep"
        },
        "content": "    public String toString() {"
      },
      {
        "lineNumber": 18,
        "author": {
          "gitId": "Pdotdeep"
        },
        "content": "        return printLine()+errMsg()+printLine();"
      },
      {
        "lineNumber": 19,
        "author": {
          "gitId": "Pdotdeep"
        },
        "content": "    }"
      },
      {
        "lineNumber": 20,
        "author": {
          "gitId": "Pdotdeep"
        },
        "content": "}"
      }
    ],
    "authorContributionMap": {
      "Pdotdeep": 20
    }
  },
  {
    "path": "src/main/java/ListOfTasks.java",
    "fileType": "java",
    "lines": [
      {
        "lineNumber": 1,
        "author": {
          "gitId": "Pdotdeep"
        },
        "content": "import java.text.ParseException;"
      },
      {
        "lineNumber": 2,
        "author": {
          "gitId": "Pdotdeep"
        },
        "content": "import java.util.ArrayList;"
      },
      {
        "lineNumber": 3,
        "author": {
          "gitId": "Pdotdeep"
        },
        "content": ""
      },
      {
        "lineNumber": 4,
        "author": {
          "gitId": "Pdotdeep"
        },
        "content": "public class ListOfTasks {"
      },
      {
        "lineNumber": 5,
        "author": {
          "gitId": "Pdotdeep"
        },
        "content": "    private ArrayList\u003cTask\u003e list;"
      },
      {
        "lineNumber": 6,
        "author": {
          "gitId": "Pdotdeep"
        },
        "content": ""
      },
      {
        "lineNumber": 7,
        "author": {
          "gitId": "Pdotdeep"
        },
        "content": "    final int TODOOFFSET \u003d 5;"
      },
      {
        "lineNumber": 8,
        "author": {
          "gitId": "Pdotdeep"
        },
        "content": "    final int DEADLINEOFFSET \u003d 9;"
      },
      {
        "lineNumber": 9,
        "author": {
          "gitId": "Pdotdeep"
        },
        "content": "    final int EVENTOFFSET \u003d 6;"
      },
      {
        "lineNumber": 10,
        "author": {
          "gitId": "Pdotdeep"
        },
        "content": ""
      },
      {
        "lineNumber": 11,
        "author": {
          "gitId": "Pdotdeep"
        },
        "content": "    static final int TODO \u003d 1;"
      },
      {
        "lineNumber": 12,
        "author": {
          "gitId": "Pdotdeep"
        },
        "content": "    static final int DEADLINE \u003d 2;"
      },
      {
        "lineNumber": 13,
        "author": {
          "gitId": "Pdotdeep"
        },
        "content": "    static final int EVENT \u003d 3;"
      },
      {
        "lineNumber": 14,
        "author": {
          "gitId": "Pdotdeep"
        },
        "content": ""
      },
      {
        "lineNumber": 15,
        "author": {
          "gitId": "Pdotdeep"
        },
        "content": "    void initiateDuke(){"
      },
      {
        "lineNumber": 16,
        "author": {
          "gitId": "Pdotdeep"
        },
        "content": "        printLine();"
      },
      {
        "lineNumber": 17,
        "author": {
          "gitId": "Pdotdeep"
        },
        "content": "        echo(\"Hello! I am Duke\");"
      },
      {
        "lineNumber": 18,
        "author": {
          "gitId": "Pdotdeep"
        },
        "content": "        echo(\"What can i Do for you?\");"
      },
      {
        "lineNumber": 19,
        "author": {
          "gitId": "Pdotdeep"
        },
        "content": "        printLine();"
      },
      {
        "lineNumber": 20,
        "author": {
          "gitId": "Pdotdeep"
        },
        "content": "    }"
      },
      {
        "lineNumber": 21,
        "author": {
          "gitId": "Pdotdeep"
        },
        "content": ""
      },
      {
        "lineNumber": 22,
        "author": {
          "gitId": "Pdotdeep"
        },
        "content": "    ListOfTasks(ArrayList\u003cTask\u003e list){"
      },
      {
        "lineNumber": 23,
        "author": {
          "gitId": "Pdotdeep"
        },
        "content": "        this.list \u003d list;"
      },
      {
        "lineNumber": 24,
        "author": {
          "gitId": "Pdotdeep"
        },
        "content": "        initiateDuke();"
      },
      {
        "lineNumber": 25,
        "author": {
          "gitId": "Pdotdeep"
        },
        "content": ""
      },
      {
        "lineNumber": 26,
        "author": {
          "gitId": "Pdotdeep"
        },
        "content": "    }"
      },
      {
        "lineNumber": 27,
        "author": {
          "gitId": "Pdotdeep"
        },
        "content": ""
      },
      {
        "lineNumber": 28,
        "author": {
          "gitId": "Pdotdeep"
        },
        "content": "    void printLine(){"
      },
      {
        "lineNumber": 29,
        "author": {
          "gitId": "Pdotdeep"
        },
        "content": "        System.out.println(\"\\t________________________________________________\");"
      },
      {
        "lineNumber": 30,
        "author": {
          "gitId": "Pdotdeep"
        },
        "content": "    }"
      },
      {
        "lineNumber": 31,
        "author": {
          "gitId": "Pdotdeep"
        },
        "content": "    void echo(String str){"
      },
      {
        "lineNumber": 32,
        "author": {
          "gitId": "Pdotdeep"
        },
        "content": "        System.out.println(\"\\t\"  + str);"
      },
      {
        "lineNumber": 33,
        "author": {
          "gitId": "Pdotdeep"
        },
        "content": "    }"
      },
      {
        "lineNumber": 34,
        "author": {
          "gitId": "Pdotdeep"
        },
        "content": "    void closeApp(){response(\"Bye. Hope to see you again Soon!\");}"
      },
      {
        "lineNumber": 35,
        "author": {
          "gitId": "Pdotdeep"
        },
        "content": ""
      },
      {
        "lineNumber": 36,
        "author": {
          "gitId": "Pdotdeep"
        },
        "content": "    void response(String s){"
      },
      {
        "lineNumber": 37,
        "author": {
          "gitId": "Pdotdeep"
        },
        "content": "        printLine();"
      },
      {
        "lineNumber": 38,
        "author": {
          "gitId": "Pdotdeep"
        },
        "content": "        echo(s);"
      },
      {
        "lineNumber": 39,
        "author": {
          "gitId": "Pdotdeep"
        },
        "content": "        printLine();"
      },
      {
        "lineNumber": 40,
        "author": {
          "gitId": "Pdotdeep"
        },
        "content": "    }"
      },
      {
        "lineNumber": 41,
        "author": {
          "gitId": "Pdotdeep"
        },
        "content": ""
      },
      {
        "lineNumber": 42,
        "author": {
          "gitId": "Pdotdeep"
        },
        "content": "    void printList(){"
      },
      {
        "lineNumber": 43,
        "author": {
          "gitId": "Pdotdeep"
        },
        "content": "        int i  \u003d1;"
      },
      {
        "lineNumber": 44,
        "author": {
          "gitId": "Pdotdeep"
        },
        "content": "        printLine();"
      },
      {
        "lineNumber": 45,
        "author": {
          "gitId": "Pdotdeep"
        },
        "content": "        for(Task item : this.list){"
      },
      {
        "lineNumber": 46,
        "author": {
          "gitId": "Pdotdeep"
        },
        "content": "            String respondMsg \u003d \"\";"
      },
      {
        "lineNumber": 47,
        "author": {
          "gitId": "Pdotdeep"
        },
        "content": "            respondMsg +\u003d (i + \". \");"
      },
      {
        "lineNumber": 48,
        "author": {
          "gitId": "Pdotdeep"
        },
        "content": "            respondMsg +\u003d item.toString();"
      },
      {
        "lineNumber": 49,
        "author": {
          "gitId": "Pdotdeep"
        },
        "content": "            i++;"
      },
      {
        "lineNumber": 50,
        "author": {
          "gitId": "Pdotdeep"
        },
        "content": "            echo(respondMsg);"
      },
      {
        "lineNumber": 51,
        "author": {
          "gitId": "Pdotdeep"
        },
        "content": "        }"
      },
      {
        "lineNumber": 52,
        "author": {
          "gitId": "Pdotdeep"
        },
        "content": "        printLine();"
      },
      {
        "lineNumber": 53,
        "author": {
          "gitId": "Pdotdeep"
        },
        "content": ""
      },
      {
        "lineNumber": 54,
        "author": {
          "gitId": "Pdotdeep"
        },
        "content": "    }"
      },
      {
        "lineNumber": 55,
        "author": {
          "gitId": "Pdotdeep"
        },
        "content": ""
      },
      {
        "lineNumber": 56,
        "author": {
          "gitId": "Pdotdeep"
        },
        "content": "    public String[] getNameAndDate(String s , int startOffset) throws IncompleteCommandException {"
      },
      {
        "lineNumber": 57,
        "author": {
          "gitId": "Pdotdeep"
        },
        "content": "        int endIndex \u003d s.indexOf(\u0027/\u0027);"
      },
      {
        "lineNumber": 58,
        "author": {
          "gitId": "Pdotdeep"
        },
        "content": ""
      },
      {
        "lineNumber": 59,
        "author": {
          "gitId": "Pdotdeep"
        },
        "content": "        if(s.length() \u003c\u003d startOffset){"
      },
      {
        "lineNumber": 60,
        "author": {
          "gitId": "Pdotdeep"
        },
        "content": "            if(startOffset \u003d\u003d TODOOFFSET){"
      },
      {
        "lineNumber": 61,
        "author": {
          "gitId": "Pdotdeep"
        },
        "content": "                throw new IncompleteCommandException(\"todo\");"
      },
      {
        "lineNumber": 62,
        "author": {
          "gitId": "Pdotdeep"
        },
        "content": "            }else if(startOffset \u003d\u003d DEADLINEOFFSET){"
      },
      {
        "lineNumber": 63,
        "author": {
          "gitId": "Pdotdeep"
        },
        "content": "                throw new IncompleteCommandException(\"deadline\");"
      },
      {
        "lineNumber": 64,
        "author": {
          "gitId": "Pdotdeep"
        },
        "content": "            }else if(startOffset \u003d\u003d EVENTOFFSET){"
      },
      {
        "lineNumber": 65,
        "author": {
          "gitId": "Pdotdeep"
        },
        "content": "                throw new IncompleteCommandException(\"event\");"
      },
      {
        "lineNumber": 66,
        "author": {
          "gitId": "Pdotdeep"
        },
        "content": "            }"
      },
      {
        "lineNumber": 67,
        "author": {
          "gitId": "Pdotdeep"
        },
        "content": ""
      },
      {
        "lineNumber": 68,
        "author": {
          "gitId": "Pdotdeep"
        },
        "content": "        }"
      },
      {
        "lineNumber": 69,
        "author": {
          "gitId": "Pdotdeep"
        },
        "content": "        if(endIndex \u003d\u003d -1 \u0026\u0026 startOffset \u003d\u003d DEADLINEOFFSET){ throw new IncompleteCommandException(\"deadline\"); }"
      },
      {
        "lineNumber": 70,
        "author": {
          "gitId": "Pdotdeep"
        },
        "content": "        if(endIndex \u003d\u003d -1 \u0026\u0026 startOffset \u003d\u003d EVENTOFFSET){ throw new IncompleteCommandException(\"event\"); }"
      },
      {
        "lineNumber": 71,
        "author": {
          "gitId": "Pdotdeep"
        },
        "content": "        if(endIndex \u003d\u003d -1){"
      },
      {
        "lineNumber": 72,
        "author": {
          "gitId": "Pdotdeep"
        },
        "content": "            String taskName \u003d s.substring(startOffset);"
      },
      {
        "lineNumber": 73,
        "author": {
          "gitId": "Pdotdeep"
        },
        "content": "            return new String[]{taskName};"
      },
      {
        "lineNumber": 74,
        "author": {
          "gitId": "Pdotdeep"
        },
        "content": "        }"
      },
      {
        "lineNumber": 75,
        "author": {
          "gitId": "Pdotdeep"
        },
        "content": "        String taskName \u003d s.substring(startOffset , endIndex);"
      },
      {
        "lineNumber": 76,
        "author": {
          "gitId": "Pdotdeep"
        },
        "content": "        String dateBy \u003d s.substring(endIndex + 4);"
      },
      {
        "lineNumber": 77,
        "author": {
          "gitId": "Pdotdeep"
        },
        "content": ""
      },
      {
        "lineNumber": 78,
        "author": {
          "gitId": "Pdotdeep"
        },
        "content": "        return new String[]{taskName , dateBy};"
      },
      {
        "lineNumber": 79,
        "author": {
          "gitId": "Pdotdeep"
        },
        "content": ""
      },
      {
        "lineNumber": 80,
        "author": {
          "gitId": "Pdotdeep"
        },
        "content": "    }"
      },
      {
        "lineNumber": 81,
        "author": {
          "gitId": "Pdotdeep"
        },
        "content": ""
      },
      {
        "lineNumber": 82,
        "author": {
          "gitId": "Pdotdeep"
        },
        "content": "    void addTasks(String s , int type) throws IncompleteCommandException, ParseException {"
      },
      {
        "lineNumber": 83,
        "author": {
          "gitId": "Pdotdeep"
        },
        "content": ""
      },
      {
        "lineNumber": 84,
        "author": {
          "gitId": "Pdotdeep"
        },
        "content": "        Task tempTask;"
      },
      {
        "lineNumber": 85,
        "author": {
          "gitId": "Pdotdeep"
        },
        "content": ""
      },
      {
        "lineNumber": 86,
        "author": {
          "gitId": "Pdotdeep"
        },
        "content": "        if (type \u003d\u003d TODO){"
      },
      {
        "lineNumber": 87,
        "author": {
          "gitId": "Pdotdeep"
        },
        "content": "            String[] breakdown \u003d getNameAndDate(s , TODOOFFSET);"
      },
      {
        "lineNumber": 88,
        "author": {
          "gitId": "Pdotdeep"
        },
        "content": "            tempTask \u003d new ToDos(breakdown[0]);"
      },
      {
        "lineNumber": 89,
        "author": {
          "gitId": "Pdotdeep"
        },
        "content": ""
      },
      {
        "lineNumber": 90,
        "author": {
          "gitId": "Pdotdeep"
        },
        "content": "        }else if (type \u003d\u003d DEADLINE){"
      },
      {
        "lineNumber": 91,
        "author": {
          "gitId": "Pdotdeep"
        },
        "content": "            String[] breakdown \u003d getNameAndDate(s , DEADLINEOFFSET);"
      },
      {
        "lineNumber": 92,
        "author": {
          "gitId": "Pdotdeep"
        },
        "content": "            MyDate dateBy \u003d new MyDate(breakdown[1]);"
      },
      {
        "lineNumber": 93,
        "author": {
          "gitId": "Pdotdeep"
        },
        "content": "            tempTask \u003d new Deadlines(breakdown[0] , dateBy);"
      },
      {
        "lineNumber": 94,
        "author": {
          "gitId": "Pdotdeep"
        },
        "content": ""
      },
      {
        "lineNumber": 95,
        "author": {
          "gitId": "Pdotdeep"
        },
        "content": ""
      },
      {
        "lineNumber": 96,
        "author": {
          "gitId": "Pdotdeep"
        },
        "content": "        }else{"
      },
      {
        "lineNumber": 97,
        "author": {
          "gitId": "Pdotdeep"
        },
        "content": "            String[] breakdown \u003d getNameAndDate(s , EVENTOFFSET);"
      },
      {
        "lineNumber": 98,
        "author": {
          "gitId": "Pdotdeep"
        },
        "content": "            MyDate dateBy \u003d new MyDate(breakdown[1]);"
      },
      {
        "lineNumber": 99,
        "author": {
          "gitId": "Pdotdeep"
        },
        "content": "            tempTask \u003d new Events(breakdown[0] , dateBy);"
      },
      {
        "lineNumber": 100,
        "author": {
          "gitId": "Pdotdeep"
        },
        "content": ""
      },
      {
        "lineNumber": 101,
        "author": {
          "gitId": "Pdotdeep"
        },
        "content": "        }"
      },
      {
        "lineNumber": 102,
        "author": {
          "gitId": "Pdotdeep"
        },
        "content": "        list.add(tempTask);"
      },
      {
        "lineNumber": 103,
        "author": {
          "gitId": "Pdotdeep"
        },
        "content": ""
      },
      {
        "lineNumber": 104,
        "author": {
          "gitId": "Pdotdeep"
        },
        "content": "        printLine();"
      },
      {
        "lineNumber": 105,
        "author": {
          "gitId": "Pdotdeep"
        },
        "content": "        echo( \"Got it. I\u0027ve added this task: \");"
      },
      {
        "lineNumber": 106,
        "author": {
          "gitId": "Pdotdeep"
        },
        "content": "        echo(tempTask.toString());"
      },
      {
        "lineNumber": 107,
        "author": {
          "gitId": "Pdotdeep"
        },
        "content": "        echo(\"Now you have \"+ list.size() + \" items in the list\" );"
      },
      {
        "lineNumber": 108,
        "author": {
          "gitId": "Pdotdeep"
        },
        "content": "        printLine();"
      },
      {
        "lineNumber": 109,
        "author": {
          "gitId": "Pdotdeep"
        },
        "content": ""
      },
      {
        "lineNumber": 110,
        "author": {
          "gitId": "Pdotdeep"
        },
        "content": "        FileParser.saveToFile(list);"
      },
      {
        "lineNumber": 111,
        "author": {
          "gitId": "Pdotdeep"
        },
        "content": ""
      },
      {
        "lineNumber": 112,
        "author": {
          "gitId": "Pdotdeep"
        },
        "content": "    }"
      },
      {
        "lineNumber": 113,
        "author": {
          "gitId": "Pdotdeep"
        },
        "content": ""
      },
      {
        "lineNumber": 114,
        "author": {
          "gitId": "Pdotdeep"
        },
        "content": "    void complete(int completedTaskIndex){"
      },
      {
        "lineNumber": 115,
        "author": {
          "gitId": "Pdotdeep"
        },
        "content": "        list.get(completedTaskIndex).setDone(true);"
      },
      {
        "lineNumber": 116,
        "author": {
          "gitId": "Pdotdeep"
        },
        "content": "        printLine();"
      },
      {
        "lineNumber": 117,
        "author": {
          "gitId": "Pdotdeep"
        },
        "content": "        echo(\"Nice! i have marked this task as done:\");"
      },
      {
        "lineNumber": 118,
        "author": {
          "gitId": "Pdotdeep"
        },
        "content": "        echo(\"  \" + list.get(completedTaskIndex).toString());"
      },
      {
        "lineNumber": 119,
        "author": {
          "gitId": "Pdotdeep"
        },
        "content": "        printLine();"
      },
      {
        "lineNumber": 120,
        "author": {
          "gitId": "Pdotdeep"
        },
        "content": ""
      },
      {
        "lineNumber": 121,
        "author": {
          "gitId": "Pdotdeep"
        },
        "content": "        FileParser.saveToFile(list);"
      },
      {
        "lineNumber": 122,
        "author": {
          "gitId": "Pdotdeep"
        },
        "content": "    }"
      },
      {
        "lineNumber": 123,
        "author": {
          "gitId": "Pdotdeep"
        },
        "content": ""
      },
      {
        "lineNumber": 124,
        "author": {
          "gitId": "Pdotdeep"
        },
        "content": "}"
      }
    ],
    "authorContributionMap": {
      "Pdotdeep": 124
    }
  },
  {
    "path": "src/main/java/MyDate.java",
    "fileType": "java",
    "lines": [
      {
        "lineNumber": 1,
        "author": {
          "gitId": "Pdotdeep"
        },
        "content": "import java.text.ParseException;"
      },
      {
        "lineNumber": 2,
        "author": {
          "gitId": "Pdotdeep"
        },
        "content": "import java.text.SimpleDateFormat;"
      },
      {
        "lineNumber": 3,
        "author": {
          "gitId": "Pdotdeep"
        },
        "content": "import java.util.Date;"
      },
      {
        "lineNumber": 4,
        "author": {
          "gitId": "Pdotdeep"
        },
        "content": ""
      },
      {
        "lineNumber": 5,
        "author": {
          "gitId": "Pdotdeep"
        },
        "content": "public class MyDate {"
      },
      {
        "lineNumber": 6,
        "author": {
          "gitId": "Pdotdeep"
        },
        "content": ""
      },
      {
        "lineNumber": 7,
        "author": {
          "gitId": "Pdotdeep"
        },
        "content": "    private Date date;"
      },
      {
        "lineNumber": 8,
        "author": {
          "gitId": "Pdotdeep"
        },
        "content": "    private String dateStr;"
      },
      {
        "lineNumber": 9,
        "author": {
          "gitId": "Pdotdeep"
        },
        "content": ""
      },
      {
        "lineNumber": 10,
        "author": {
          "gitId": "Pdotdeep"
        },
        "content": "    MyDate(String s) throws ParseException {"
      },
      {
        "lineNumber": 11,
        "author": {
          "gitId": "Pdotdeep"
        },
        "content": ""
      },
      {
        "lineNumber": 12,
        "author": {
          "gitId": "Pdotdeep"
        },
        "content": "        this.dateStr \u003d s;"
      },
      {
        "lineNumber": 13,
        "author": {
          "gitId": "Pdotdeep"
        },
        "content": ""
      },
      {
        "lineNumber": 14,
        "author": {
          "gitId": "Pdotdeep"
        },
        "content": "        parseString(s);"
      },
      {
        "lineNumber": 15,
        "author": {
          "gitId": "Pdotdeep"
        },
        "content": ""
      },
      {
        "lineNumber": 16,
        "author": {
          "gitId": "Pdotdeep"
        },
        "content": ""
      },
      {
        "lineNumber": 17,
        "author": {
          "gitId": "Pdotdeep"
        },
        "content": "    }"
      },
      {
        "lineNumber": 18,
        "author": {
          "gitId": "Pdotdeep"
        },
        "content": ""
      },
      {
        "lineNumber": 19,
        "author": {
          "gitId": "Pdotdeep"
        },
        "content": "    public void parseString(String dateBy) throws ParseException {"
      },
      {
        "lineNumber": 20,
        "author": {
          "gitId": "Pdotdeep"
        },
        "content": ""
      },
      {
        "lineNumber": 21,
        "author": {
          "gitId": "Pdotdeep"
        },
        "content": "        String []dates \u003d dateBy.split(\" \");"
      },
      {
        "lineNumber": 22,
        "author": {
          "gitId": "Pdotdeep"
        },
        "content": "        int time \u003d Integer.parseInt(dates[1]);"
      },
      {
        "lineNumber": 23,
        "author": {
          "gitId": "Pdotdeep"
        },
        "content": "        int hour \u003d time/100;"
      },
      {
        "lineNumber": 24,
        "author": {
          "gitId": "Pdotdeep"
        },
        "content": "        int min \u003d time%100;"
      },
      {
        "lineNumber": 25,
        "author": {
          "gitId": "Pdotdeep"
        },
        "content": ""
      },
      {
        "lineNumber": 26,
        "author": {
          "gitId": "Pdotdeep"
        },
        "content": "        String dateInStringForm \u003d dates[0] + \" \" + String.valueOf(hour) + \":\" + String.valueOf(min);"
      },
      {
        "lineNumber": 27,
        "author": {
          "gitId": "Pdotdeep"
        },
        "content": ""
      },
      {
        "lineNumber": 28,
        "author": {
          "gitId": "Pdotdeep"
        },
        "content": "        this.date \u003d  new SimpleDateFormat(\"dd/MM/yyyy hh:mm\").parse(dateInStringForm);"
      },
      {
        "lineNumber": 29,
        "author": {
          "gitId": "Pdotdeep"
        },
        "content": ""
      },
      {
        "lineNumber": 30,
        "author": {
          "gitId": "Pdotdeep"
        },
        "content": ""
      },
      {
        "lineNumber": 31,
        "author": {
          "gitId": "Pdotdeep"
        },
        "content": "    }"
      },
      {
        "lineNumber": 32,
        "author": {
          "gitId": "Pdotdeep"
        },
        "content": ""
      },
      {
        "lineNumber": 33,
        "author": {
          "gitId": "Pdotdeep"
        },
        "content": "    public Date getDate(){"
      },
      {
        "lineNumber": 34,
        "author": {
          "gitId": "Pdotdeep"
        },
        "content": "        return this.date;"
      },
      {
        "lineNumber": 35,
        "author": {
          "gitId": "Pdotdeep"
        },
        "content": ""
      },
      {
        "lineNumber": 36,
        "author": {
          "gitId": "Pdotdeep"
        },
        "content": "    }"
      },
      {
        "lineNumber": 37,
        "author": {
          "gitId": "Pdotdeep"
        },
        "content": ""
      },
      {
        "lineNumber": 38,
        "author": {
          "gitId": "Pdotdeep"
        },
        "content": "    @Override"
      },
      {
        "lineNumber": 39,
        "author": {
          "gitId": "Pdotdeep"
        },
        "content": "    public String toString() {"
      },
      {
        "lineNumber": 40,
        "author": {
          "gitId": "Pdotdeep"
        },
        "content": "        return dateStr;"
      },
      {
        "lineNumber": 41,
        "author": {
          "gitId": "Pdotdeep"
        },
        "content": "    }"
      },
      {
        "lineNumber": 42,
        "author": {
          "gitId": "Pdotdeep"
        },
        "content": "}"
      }
    ],
    "authorContributionMap": {
      "Pdotdeep": 42
    }
  },
  {
    "path": "src/main/java/Task.java",
    "fileType": "java",
    "lines": [
      {
        "lineNumber": 1,
        "author": {
          "gitId": "Pdotdeep"
        },
        "content": "public class Task {"
      },
      {
        "lineNumber": 2,
        "author": {
          "gitId": "Pdotdeep"
        },
        "content": "    private boolean Done \u003d false;"
      },
      {
        "lineNumber": 3,
        "author": {
          "gitId": "Pdotdeep"
        },
        "content": "    private String TaskName;"
      },
      {
        "lineNumber": 4,
        "author": {
          "gitId": "Pdotdeep"
        },
        "content": ""
      },
      {
        "lineNumber": 5,
        "author": {
          "gitId": "Pdotdeep"
        },
        "content": "    private int Type;"
      },
      {
        "lineNumber": 6,
        "author": {
          "gitId": "Pdotdeep"
        },
        "content": ""
      },
      {
        "lineNumber": 7,
        "author": {
          "gitId": "Pdotdeep"
        },
        "content": "    Task(String TaskName , int Type , boolean Done){"
      },
      {
        "lineNumber": 8,
        "author": {
          "gitId": "Pdotdeep"
        },
        "content": "        this.TaskName \u003d TaskName;"
      },
      {
        "lineNumber": 9,
        "author": {
          "gitId": "Pdotdeep"
        },
        "content": "        this.Type \u003d Type;"
      },
      {
        "lineNumber": 10,
        "author": {
          "gitId": "Pdotdeep"
        },
        "content": "        this.Done \u003d Done;"
      },
      {
        "lineNumber": 11,
        "author": {
          "gitId": "Pdotdeep"
        },
        "content": "    }"
      },
      {
        "lineNumber": 12,
        "author": {
          "gitId": "Pdotdeep"
        },
        "content": ""
      },
      {
        "lineNumber": 13,
        "author": {
          "gitId": "Pdotdeep"
        },
        "content": "    Task(String TaskName , int Type){"
      },
      {
        "lineNumber": 14,
        "author": {
          "gitId": "Pdotdeep"
        },
        "content": "        this.TaskName \u003d TaskName;"
      },
      {
        "lineNumber": 15,
        "author": {
          "gitId": "Pdotdeep"
        },
        "content": "        this.Type \u003d Type;"
      },
      {
        "lineNumber": 16,
        "author": {
          "gitId": "Pdotdeep"
        },
        "content": "        this.Done \u003d false;"
      },
      {
        "lineNumber": 17,
        "author": {
          "gitId": "Pdotdeep"
        },
        "content": "    }"
      },
      {
        "lineNumber": 18,
        "author": {
          "gitId": "Pdotdeep"
        },
        "content": "    Task(){"
      },
      {
        "lineNumber": 19,
        "author": {
          "gitId": "Pdotdeep"
        },
        "content": "        this.TaskName \u003d \"\";"
      },
      {
        "lineNumber": 20,
        "author": {
          "gitId": "Pdotdeep"
        },
        "content": "        this.Done \u003d false;"
      },
      {
        "lineNumber": 21,
        "author": {
          "gitId": "Pdotdeep"
        },
        "content": "    }"
      },
      {
        "lineNumber": 22,
        "author": {
          "gitId": "Pdotdeep"
        },
        "content": ""
      },
      {
        "lineNumber": 23,
        "author": {
          "gitId": "Pdotdeep"
        },
        "content": "    public boolean getDoneStatus(){"
      },
      {
        "lineNumber": 24,
        "author": {
          "gitId": "Pdotdeep"
        },
        "content": "        return Done;"
      },
      {
        "lineNumber": 25,
        "author": {
          "gitId": "Pdotdeep"
        },
        "content": "    }"
      },
      {
        "lineNumber": 26,
        "author": {
          "gitId": "Pdotdeep"
        },
        "content": ""
      },
      {
        "lineNumber": 27,
        "author": {
          "gitId": "Pdotdeep"
        },
        "content": "    public String getTaskName(){"
      },
      {
        "lineNumber": 28,
        "author": {
          "gitId": "Pdotdeep"
        },
        "content": "        return TaskName;"
      },
      {
        "lineNumber": 29,
        "author": {
          "gitId": "Pdotdeep"
        },
        "content": "    }"
      },
      {
        "lineNumber": 30,
        "author": {
          "gitId": "Pdotdeep"
        },
        "content": ""
      },
      {
        "lineNumber": 31,
        "author": {
          "gitId": "Pdotdeep"
        },
        "content": "    public void setDone(boolean done){"
      },
      {
        "lineNumber": 32,
        "author": {
          "gitId": "Pdotdeep"
        },
        "content": "        this.Done \u003d done;"
      },
      {
        "lineNumber": 33,
        "author": {
          "gitId": "Pdotdeep"
        },
        "content": "    }"
      },
      {
        "lineNumber": 34,
        "author": {
          "gitId": "Pdotdeep"
        },
        "content": ""
      },
      {
        "lineNumber": 35,
        "author": {
          "gitId": "Pdotdeep"
        },
        "content": "    public String getStatusIcon() {"
      },
      {
        "lineNumber": 36,
        "author": {
          "gitId": "Pdotdeep"
        },
        "content": "        return (Done ? \"\\u2713\" : \"\\u2718\"); //return tick or X symbols"
      },
      {
        "lineNumber": 37,
        "author": {
          "gitId": "Pdotdeep"
        },
        "content": "    }"
      },
      {
        "lineNumber": 38,
        "author": {
          "gitId": "Pdotdeep"
        },
        "content": ""
      },
      {
        "lineNumber": 39,
        "author": {
          "gitId": "Pdotdeep"
        },
        "content": "    @Override"
      },
      {
        "lineNumber": 40,
        "author": {
          "gitId": "Pdotdeep"
        },
        "content": "    public String toString() {"
      },
      {
        "lineNumber": 41,
        "author": {
          "gitId": "Pdotdeep"
        },
        "content": "        return(\"[\" + getStatusIcon() + \"] \" + TaskName);"
      },
      {
        "lineNumber": 42,
        "author": {
          "gitId": "Pdotdeep"
        },
        "content": "    }"
      },
      {
        "lineNumber": 43,
        "author": {
          "gitId": "Pdotdeep"
        },
        "content": ""
      },
      {
        "lineNumber": 44,
        "author": {
          "gitId": "Pdotdeep"
        },
        "content": "    public int getType() {"
      },
      {
        "lineNumber": 45,
        "author": {
          "gitId": "Pdotdeep"
        },
        "content": ""
      },
      {
        "lineNumber": 46,
        "author": {
          "gitId": "Pdotdeep"
        },
        "content": "        return Type;"
      },
      {
        "lineNumber": 47,
        "author": {
          "gitId": "Pdotdeep"
        },
        "content": "    }"
      },
      {
        "lineNumber": 48,
        "author": {
          "gitId": "Pdotdeep"
        },
        "content": "}"
      }
    ],
    "authorContributionMap": {
      "Pdotdeep": 48
    }
  },
  {
    "path": "src/main/java/ToDos.java",
    "fileType": "java",
    "lines": [
      {
        "lineNumber": 1,
        "author": {
          "gitId": "Pdotdeep"
        },
        "content": "public class ToDos extends Task{"
      },
      {
        "lineNumber": 2,
        "author": {
          "gitId": "Pdotdeep"
        },
        "content": ""
      },
      {
        "lineNumber": 3,
        "author": {
          "gitId": "Pdotdeep"
        },
        "content": ""
      },
      {
        "lineNumber": 4,
        "author": {
          "gitId": "Pdotdeep"
        },
        "content": ""
      },
      {
        "lineNumber": 5,
        "author": {
          "gitId": "Pdotdeep"
        },
        "content": "    ToDos(String TaskName ){"
      },
      {
        "lineNumber": 6,
        "author": {
          "gitId": "Pdotdeep"
        },
        "content": "        super(TaskName , 1);"
      },
      {
        "lineNumber": 7,
        "author": {
          "gitId": "Pdotdeep"
        },
        "content": ""
      },
      {
        "lineNumber": 8,
        "author": {
          "gitId": "Pdotdeep"
        },
        "content": "    }"
      },
      {
        "lineNumber": 9,
        "author": {
          "gitId": "Pdotdeep"
        },
        "content": ""
      },
      {
        "lineNumber": 10,
        "author": {
          "gitId": "Pdotdeep"
        },
        "content": "    ToDos(String TaskName , boolean done){"
      },
      {
        "lineNumber": 11,
        "author": {
          "gitId": "Pdotdeep"
        },
        "content": "        super(TaskName , 1 , done);"
      },
      {
        "lineNumber": 12,
        "author": {
          "gitId": "Pdotdeep"
        },
        "content": ""
      },
      {
        "lineNumber": 13,
        "author": {
          "gitId": "Pdotdeep"
        },
        "content": "    }"
      },
      {
        "lineNumber": 14,
        "author": {
          "gitId": "Pdotdeep"
        },
        "content": ""
      },
      {
        "lineNumber": 15,
        "author": {
          "gitId": "Pdotdeep"
        },
        "content": "    public String toString(){"
      },
      {
        "lineNumber": 16,
        "author": {
          "gitId": "Pdotdeep"
        },
        "content": "        return(\"[T][\" + getStatusIcon() + \"] \" + this.getTaskName());"
      },
      {
        "lineNumber": 17,
        "author": {
          "gitId": "Pdotdeep"
        },
        "content": "    }"
      },
      {
        "lineNumber": 18,
        "author": {
          "gitId": "Pdotdeep"
        },
        "content": "}"
      }
    ],
    "authorContributionMap": {
      "Pdotdeep": 18
    }
  },
  {
    "path": "src/main/java/UnknownCommandException.java",
    "fileType": "java",
    "lines": [
      {
        "lineNumber": 1,
        "author": {
          "gitId": "Pdotdeep"
        },
        "content": "public class UnknownCommandException extends Exception {"
      },
      {
        "lineNumber": 2,
        "author": {
          "gitId": "Pdotdeep"
        },
        "content": ""
      },
      {
        "lineNumber": 3,
        "author": {
          "gitId": "Pdotdeep"
        },
        "content": "    UnknownCommandException(String err){"
      },
      {
        "lineNumber": 4,
        "author": {
          "gitId": "Pdotdeep"
        },
        "content": "        super(err);"
      },
      {
        "lineNumber": 5,
        "author": {
          "gitId": "Pdotdeep"
        },
        "content": "    }"
      },
      {
        "lineNumber": 6,
        "author": {
          "gitId": "Pdotdeep"
        },
        "content": ""
      },
      {
        "lineNumber": 7,
        "author": {
          "gitId": "Pdotdeep"
        },
        "content": ""
      },
      {
        "lineNumber": 8,
        "author": {
          "gitId": "Pdotdeep"
        },
        "content": "    String printLine(){"
      },
      {
        "lineNumber": 9,
        "author": {
          "gitId": "Pdotdeep"
        },
        "content": "        return \"\\t____________________________________________________\\n\";"
      },
      {
        "lineNumber": 10,
        "author": {
          "gitId": "Pdotdeep"
        },
        "content": "    }"
      },
      {
        "lineNumber": 11,
        "author": {
          "gitId": "Pdotdeep"
        },
        "content": "    String errMsg(){"
      },
      {
        "lineNumber": 12,
        "author": {
          "gitId": "Pdotdeep"
        },
        "content": "        return \"\\t☹ OOPS!!! I\u0027m sorry, but I don\u0027t know what that means :-(\\n\";"
      },
      {
        "lineNumber": 13,
        "author": {
          "gitId": "Pdotdeep"
        },
        "content": "    }"
      },
      {
        "lineNumber": 14,
        "author": {
          "gitId": "Pdotdeep"
        },
        "content": ""
      },
      {
        "lineNumber": 15,
        "author": {
          "gitId": "Pdotdeep"
        },
        "content": ""
      },
      {
        "lineNumber": 16,
        "author": {
          "gitId": "Pdotdeep"
        },
        "content": "    @Override"
      },
      {
        "lineNumber": 17,
        "author": {
          "gitId": "Pdotdeep"
        },
        "content": "    public String toString() {"
      },
      {
        "lineNumber": 18,
        "author": {
          "gitId": "Pdotdeep"
        },
        "content": "        return printLine()+errMsg()+printLine();"
      },
      {
        "lineNumber": 19,
        "author": {
          "gitId": "Pdotdeep"
        },
        "content": "    }"
      },
      {
        "lineNumber": 20,
        "author": {
          "gitId": "Pdotdeep"
        },
        "content": "}"
      }
    ],
    "authorContributionMap": {
      "Pdotdeep": 20
    }
  }
]
