{
  "authorDailyContributionsMap": {
    "mong-nus": [
      {
        "insertions": 83,
        "deletions": 8,
        "date": "2019-08-23",
        "commitResults": [
          {
            "hash": "18117e9ae6563f858ad08b897ef30668e2596513",
            "messageTitle": "Level-1 Complete",
            "messageBody": "",
            "insertions": 22,
            "deletions": 0
          },
          {
            "hash": "5ca35e8a789ac25f1b4d460396b3b9c15265bcb4",
            "messageTitle": "Level-2 Complete",
            "messageBody": "",
            "insertions": 23,
            "deletions": 4
          },
          {
            "hash": "d1fa05284bace647e2c116f7df2395658420a121",
            "messageTitle": "Level-3 with Task Class Complete",
            "messageBody": "",
            "insertions": 38,
            "deletions": 4
          }
        ]
      },
      {
        "insertions": 81,
        "deletions": 9,
        "date": "2019-08-24",
        "commitResults": [
          {
            "hash": "4f1e647af9a86cfdc29d01fc6e088df72a673c3a",
            "messageTitle": "Level-4 with Inheritance Complete",
            "messageBody": "",
            "insertions": 81,
            "deletions": 9
          }
        ]
      },
      {
        "insertions": 405,
        "deletions": 79,
        "date": "2019-08-27",
        "commitResults": [
          {
            "hash": "77645ca146a185f3a7eb2a430335f54899ca94ee",
            "messageTitle": "Level-5 with Error Handling Complete",
            "messageBody": "",
            "insertions": 122,
            "deletions": 34
          },
          {
            "hash": "defc883c93c6acd986feb428d7ed1b0bf3c18153",
            "messageTitle": "Level-7 with Save feature",
            "messageBody": "",
            "insertions": 173,
            "deletions": 8
          },
          {
            "hash": "8d30b325e33951262bd7d03cd6c085f6422b3a01",
            "messageTitle": "Level-8 with DateTime",
            "messageBody": "",
            "insertions": 110,
            "deletions": 37
          }
        ]
      },
      {
        "insertions": 101,
        "deletions": 33,
        "date": "2019-09-01",
        "commitResults": [
          {
            "hash": "f916579a1a21d451a1fcf45d0df2b301f8f448b6",
            "messageTitle": "change data structure to arraylist",
            "messageBody": "",
            "insertions": 46,
            "deletions": 31
          },
          {
            "hash": "0737c4f68727a86db6c84e509f1dd4708f5f69d1",
            "messageTitle": "added Level-6 delete function",
            "messageBody": "",
            "insertions": 25,
            "deletions": 2
          },
          {
            "hash": "6f658db538fb3c857628cf18394dc905badcdfb2",
            "messageTitle": "added Level-9 find function",
            "messageBody": "",
            "insertions": 30,
            "deletions": 0
          }
        ]
      },
      {
        "insertions": 581,
        "deletions": 403,
        "date": "2019-09-02",
        "commitResults": [
          {
            "hash": "6281eec1c466cb2eece300b4fc6b9391794c8cbb",
            "messageTitle": "A-MoreOOP change code into OOP style",
            "messageBody": "",
            "insertions": 581,
            "deletions": 403
          }
        ]
      }
    ]
  },
  "authorFinalContributionMap": {
    "mong-nus": 723
  },
  "authorFileTypeContributionMap": {
    "mong-nus": {
      "java": 723,
      "gradle": 0,
      "css": 0,
      "fxml": 0
    }
  },
  "authorContributionVariance": {
    "mong-nus": 64884.746
  },
  "authorDisplayNameMap": {
    "mong-nus": "W17-3 MON..WEI"
  }
}
