{
  "authorDailyContributionsMap": {
    "zyleet": [
      {
        "insertions": 46,
        "deletions": 8,
        "date": "2019-08-24",
        "commitResults": [
          {
            "hash": "1081755422def02246b678d392123a44b2fe4a23",
            "messageTitle": "Level-1, Testing commands from user",
            "messageBody": "",
            "insertions": 19,
            "deletions": 0
          },
          {
            "hash": "161063a5c738d1dc20d59e1dcc4be59283667f33",
            "messageTitle": "Level-1, Able to greet, echo, exit",
            "messageBody": "",
            "insertions": 16,
            "deletions": 5
          },
          {
            "hash": "5cc8ac2774120e80caf192164c6ff84af96d8940",
            "messageTitle": "Level-2, Implementing storage",
            "messageBody": "",
            "insertions": 11,
            "deletions": 3
          }
        ]
      },
      {
        "insertions": 91,
        "deletions": 43,
        "date": "2019-08-25",
        "commitResults": [
          {
            "hash": "5685be53823450461687d239ae86a211003875fc",
            "messageTitle": "Level-2, Add, List done",
            "messageBody": "",
            "insertions": 19,
            "deletions": 13
          },
          {
            "hash": "443eab0131ef5239592a7e5df996107bd2f20af9",
            "messageTitle": "Level-3, Added Task Class with methods",
            "messageBody": "",
            "insertions": 17,
            "deletions": 1
          },
          {
            "hash": "fa34e31061fe92be5748fbecf5e2d7ac9000fa7d",
            "messageTitle": "Level-3, Mark as done implemented and bug fixes",
            "messageBody": "",
            "insertions": 32,
            "deletions": 12
          },
          {
            "hash": "37a5a09bbc9e2f7299f4050165a0504df7110f7d",
            "messageTitle": "Level-3, Formatting",
            "messageBody": "",
            "insertions": 23,
            "deletions": 17
          }
        ]
      },
      {
        "insertions": 190,
        "deletions": 76,
        "date": "2019-08-27",
        "commitResults": [
          {
            "hash": "10e1dafab05f0832551175e811f06855ccaf89d6",
            "messageTitle": "Added new classes inherited from Task",
            "messageBody": "",
            "insertions": 49,
            "deletions": 1
          },
          {
            "hash": "5bd67c6e5a0d5d73d2fdf48ef6c2e39552ddd84a",
            "messageTitle": "Level-4 implemented",
            "messageBody": "",
            "insertions": 53,
            "deletions": 17
          },
          {
            "hash": "970eb105196e12ef939724943a375cd0799ef664",
            "messageTitle": "Level-4: Cleaning up main duke class",
            "messageBody": "",
            "insertions": 37,
            "deletions": 33
          },
          {
            "hash": "15db4a484eecf0650309190c13f9a2e4f1c91c0f",
            "messageTitle": "Update Duke.java",
            "messageBody": "",
            "insertions": 21,
            "deletions": 11
          },
          {
            "hash": "e978272821ed3a6ae62b91b65ed89408d77e887c",
            "messageTitle": "Level-5: Simple error catching",
            "messageBody": "",
            "insertions": 23,
            "deletions": 12
          },
          {
            "hash": "20e22b20fab652e2eabb1b51b3729f2f9fb4eed3",
            "messageTitle": "Level-5: More error catching",
            "messageBody": "",
            "insertions": 7,
            "deletions": 2
          }
        ]
      },
      {
        "insertions": 273,
        "deletions": 71,
        "date": "2019-08-28",
        "commitResults": [
          {
            "hash": "fb558a3f50983cabf18798041c54f0654429bf5a",
            "messageTitle": "Level-7: Added ability to write to a file",
            "messageBody": "",
            "insertions": 132,
            "deletions": 50
          },
          {
            "hash": "742376366044a8d2d2b24425401b0a3a778007d7",
            "messageTitle": "Level-7: Added ability to read to a file",
            "messageBody": "",
            "insertions": 66,
            "deletions": 7
          },
          {
            "hash": "35727571dd420118d74456725c759fa9bfad9a0b",
            "messageTitle": "Level-7: Fully implemented save after every change",
            "messageBody": "",
            "insertions": 73,
            "deletions": 7
          },
          {
            "hash": "8302120442ccee997fe43072931773460424b39b",
            "messageTitle": "Level-7: Fully implemented save after every change. Minor cleanup",
            "messageBody": "",
            "insertions": 2,
            "deletions": 7
          }
        ]
      },
      {
        "insertions": 137,
        "deletions": 17,
        "date": "2019-08-29",
        "commitResults": [
          {
            "hash": "566d6a31ae648c3fc2696a4a17e921e70c849143",
            "messageTitle": "Level-8: Simple date parsing",
            "messageBody": "",
            "insertions": 104,
            "deletions": 2
          },
          {
            "hash": "f05c94ec907bae7b1082dd4fa8fe2f4524daffa6",
            "messageTitle": "Level-8: Fully implemented date and time recognition",
            "messageBody": "",
            "insertions": 31,
            "deletions": 13
          },
          {
            "hash": "a13fe452673111ed32ecda56a7348569bc0120e8",
            "messageTitle": "Level-8: Minor bug fixes",
            "messageBody": "",
            "insertions": 2,
            "deletions": 2
          }
        ]
      },
      {
        "insertions": 93,
        "deletions": 1,
        "date": "2019-08-31",
        "commitResults": [
          {
            "hash": "e3e30471e80164936b293ebea647ee94e2766012",
            "messageTitle": "Level-9: update duke to allow simple searches",
            "messageBody": "",
            "insertions": 29,
            "deletions": 0
          },
          {
            "hash": "98e68fc8f10dbe2ef0d038cb8faa482f9e80fb16",
            "messageTitle": "Level-9: Minor bug fixes",
            "messageBody": "",
            "insertions": 1,
            "deletions": 1
          },
          {
            "hash": "4114ac2ae5a8139b80b14c0e1414f65d45a9add8",
            "messageTitle": "Merge branch \u0027branch-Level-6\u0027",
            "messageBody": "# Conflicts:\n#\tsrc/main/java/Duke.java\n",
            "insertions": 63,
            "deletions": 0
          }
        ]
      },
      {
        "insertions": 430,
        "deletions": 380,
        "date": "2019-09-03",
        "commitResults": [
          {
            "hash": "8aa59329eb1b4c459ef018da7a287207319e7407",
            "messageTitle": "A-MoreOOP: Extracted Storage class",
            "messageBody": "",
            "insertions": 211,
            "deletions": 199
          },
          {
            "hash": "c2ca8a7d5e995af59541757b2ef997f1a8829bac",
            "messageTitle": "A-MoreOOP: Working on parser and taskList",
            "messageBody": "",
            "insertions": 219,
            "deletions": 181
          }
        ]
      }
    ]
  },
  "authorFinalContributionMap": {
    "zyleet": 663
  },
  "authorFileTypeContributionMap": {
    "zyleet": {
      "java": 663,
      "gradle": 0,
      "css": 0,
      "fxml": 0
    }
  },
  "authorContributionVariance": {
    "zyleet": 40940.266
  },
  "authorDisplayNameMap": {
    "zyleet": "F10-2 LEE.. YU"
  }
}
