{
  "authorDailyContributionsMap": {
    "zyleet": [
      {
        "insertions": 46,
        "deletions": 8,
        "date": "2019-08-24",
        "commitResults": [
          {
            "hash": "1081755422def02246b678d392123a44b2fe4a23",
            "message": "Level-1, Testing commands from user",
            "insertions": 19,
            "deletions": 0
          },
          {
            "hash": "161063a5c738d1dc20d59e1dcc4be59283667f33",
            "message": "Level-1, Able to greet, echo, exit",
            "insertions": 16,
            "deletions": 5
          },
          {
            "hash": "5cc8ac2774120e80caf192164c6ff84af96d8940",
            "message": "Level-2, Implementing storage",
            "insertions": 11,
            "deletions": 3
          }
        ]
      },
      {
        "insertions": 91,
        "deletions": 43,
        "date": "2019-08-25",
        "commitResults": [
          {
            "hash": "5685be53823450461687d239ae86a211003875fc",
            "message": "Level-2, Add, List done",
            "insertions": 19,
            "deletions": 13
          },
          {
            "hash": "443eab0131ef5239592a7e5df996107bd2f20af9",
            "message": "Level-3, Added Task Class with methods",
            "insertions": 17,
            "deletions": 1
          },
          {
            "hash": "fa34e31061fe92be5748fbecf5e2d7ac9000fa7d",
            "message": "Level-3, Mark as done implemented and bug fixes",
            "insertions": 32,
            "deletions": 12
          },
          {
            "hash": "37a5a09bbc9e2f7299f4050165a0504df7110f7d",
            "message": "Level-3, Formatting",
            "insertions": 23,
            "deletions": 17
          }
        ]
      },
      {
        "insertions": 273,
        "deletions": 71,
        "date": "2019-08-28",
        "commitResults": [
          {
            "hash": "fb558a3f50983cabf18798041c54f0654429bf5a",
            "message": "Level-7: Added ability to write to a file",
            "insertions": 132,
            "deletions": 50
          },
          {
            "hash": "742376366044a8d2d2b24425401b0a3a778007d7",
            "message": "Level-7: Added ability to read to a file",
            "insertions": 66,
            "deletions": 7
          },
          {
            "hash": "35727571dd420118d74456725c759fa9bfad9a0b",
            "message": "Level-7: Fully implemented save after every change",
            "insertions": 73,
            "deletions": 7
          },
          {
            "hash": "8302120442ccee997fe43072931773460424b39b",
            "message": "Level-7: Fully implemented save after every change. Minor cleanup",
            "insertions": 2,
            "deletions": 7
          }
        ]
      }
    ]
  },
  "authorFinalContributionMap": {
    "zyleet": 268
  },
  "authorFileFormatContributionMap": {
    "zyleet": {
      "java": 268,
      "gradle": 0,
      "css": 0,
      "fxml": 0
    }
  },
  "authorContributionVariance": {
    "zyleet": 9033.61
  },
  "authorDisplayNameMap": {
    "zyleet": "LEE ...  YU"
  }
}
