[
  {
    "path": "build.gradle",
    "fileType": "gradle",
    "lines": [
      {
        "lineNumber": 1,
        "author": {
          "gitId": "swang1997"
        },
        "content": "plugins {"
      },
      {
        "lineNumber": 2,
        "author": {
          "gitId": "swang1997"
        },
        "content": "    id \u0027java\u0027"
      },
      {
        "lineNumber": 3,
        "author": {
          "gitId": "swang1997"
        },
        "content": "    id \u0027application\u0027"
      },
      {
        "lineNumber": 4,
        "author": {
          "gitId": "swang1997"
        },
        "content": "    id \u0027checkstyle\u0027"
      },
      {
        "lineNumber": 5,
        "author": {
          "gitId": "swang1997"
        },
        "content": "    id \u0027com.github.johnrengelman.shadow\u0027 version \u00275.1.0\u0027"
      },
      {
        "lineNumber": 6,
        "author": {
          "gitId": "swang1997"
        },
        "content": "    id \u0027org.openjfx.javafxplugin\u0027 version \u00270.0.7\u0027"
      },
      {
        "lineNumber": 7,
        "author": {
          "gitId": "swang1997"
        },
        "content": "}"
      },
      {
        "lineNumber": 8,
        "author": {
          "gitId": "swang1997"
        },
        "content": ""
      },
      {
        "lineNumber": 9,
        "author": {
          "gitId": "swang1997"
        },
        "content": "checkstyle {"
      },
      {
        "lineNumber": 10,
        "author": {
          "gitId": "swang1997"
        },
        "content": "    toolVersion \u003d \u00278.23\u0027"
      },
      {
        "lineNumber": 11,
        "author": {
          "gitId": "swang1997"
        },
        "content": "}"
      },
      {
        "lineNumber": 12,
        "author": {
          "gitId": "swang1997"
        },
        "content": ""
      },
      {
        "lineNumber": 13,
        "author": {
          "gitId": "swang1997"
        },
        "content": "shadowJar {"
      },
      {
        "lineNumber": 14,
        "author": {
          "gitId": "swang1997"
        },
        "content": "    archiveBaseName \u003d \"duke\""
      },
      {
        "lineNumber": 15,
        "author": {
          "gitId": "swang1997"
        },
        "content": "    archiveVersion \u003d \"0.1.3\""
      },
      {
        "lineNumber": 16,
        "author": {
          "gitId": "swang1997"
        },
        "content": "    archiveClassifier \u003d null"
      },
      {
        "lineNumber": 17,
        "author": {
          "gitId": "swang1997"
        },
        "content": "    archiveAppendix \u003d null"
      },
      {
        "lineNumber": 18,
        "author": {
          "gitId": "swang1997"
        },
        "content": "}"
      },
      {
        "lineNumber": 19,
        "author": {
          "gitId": "swang1997"
        },
        "content": ""
      },
      {
        "lineNumber": 20,
        "author": {
          "gitId": "swang1997"
        },
        "content": "group \u0027seedu.duke\u0027"
      },
      {
        "lineNumber": 21,
        "author": {
          "gitId": "swang1997"
        },
        "content": "version \u00270.1.0\u0027"
      },
      {
        "lineNumber": 22,
        "author": {
          "gitId": "swang1997"
        },
        "content": ""
      },
      {
        "lineNumber": 23,
        "author": {
          "gitId": "swang1997"
        },
        "content": "repositories {"
      },
      {
        "lineNumber": 24,
        "author": {
          "gitId": "swang1997"
        },
        "content": "    mavenCentral()"
      },
      {
        "lineNumber": 25,
        "author": {
          "gitId": "swang1997"
        },
        "content": "}"
      },
      {
        "lineNumber": 26,
        "author": {
          "gitId": "swang1997"
        },
        "content": ""
      },
      {
        "lineNumber": 27,
        "author": {
          "gitId": "swang1997"
        },
        "content": "javafx {"
      },
      {
        "lineNumber": 28,
        "author": {
          "gitId": "swang1997"
        },
        "content": "    version \u003d \"11.0.2\""
      },
      {
        "lineNumber": 29,
        "author": {
          "gitId": "swang1997"
        },
        "content": "    modules \u003d [ \u0027javafx.controls\u0027, \u0027javafx.fxml\u0027 ]"
      },
      {
        "lineNumber": 30,
        "author": {
          "gitId": "swang1997"
        },
        "content": "}"
      },
      {
        "lineNumber": 31,
        "author": {
          "gitId": "swang1997"
        },
        "content": ""
      },
      {
        "lineNumber": 32,
        "author": {
          "gitId": "swang1997"
        },
        "content": "application {"
      },
      {
        "lineNumber": 33,
        "author": {
          "gitId": "swang1997"
        },
        "content": "    // Change this to your main class."
      },
      {
        "lineNumber": 34,
        "author": {
          "gitId": "swang1997"
        },
        "content": "    mainClassName \u003d \"Duke\""
      },
      {
        "lineNumber": 35,
        "author": {
          "gitId": "swang1997"
        },
        "content": "}"
      },
      {
        "lineNumber": 36,
        "author": {
          "gitId": "swang1997"
        },
        "content": ""
      },
      {
        "lineNumber": 37,
        "author": {
          "gitId": "swang1997"
        },
        "content": "run {"
      },
      {
        "lineNumber": 38,
        "author": {
          "gitId": "swang1997"
        },
        "content": "    standardInput \u003d System.in"
      },
      {
        "lineNumber": 39,
        "author": {
          "gitId": "swang1997"
        },
        "content": "}"
      }
    ],
    "authorContributionMap": {
      "swang1997": 39
    }
  },
  {
    "path": "settings.gradle",
    "fileType": "gradle",
    "lines": [
      {
        "lineNumber": 1,
        "author": {
          "gitId": "swang1997"
        },
        "content": "rootProject.name \u003d \u0027duke\u0027"
      }
    ],
    "authorContributionMap": {
      "swang1997": 1
    }
  },
  {
    "path": "src/main/java/Duke.java",
    "fileType": "java",
    "lines": [
      {
        "lineNumber": 1,
        "author": {
          "gitId": "swang1997"
        },
        "content": "import javafx.application.Application;"
      },
      {
        "lineNumber": 2,
        "author": {
          "gitId": "swang1997"
        },
        "content": "import javafx.scene.Scene;"
      },
      {
        "lineNumber": 3,
        "author": {
          "gitId": "swang1997"
        },
        "content": "import javafx.scene.control.Label;"
      },
      {
        "lineNumber": 4,
        "author": {
          "gitId": "swang1997"
        },
        "content": "import javafx.stage.Stage;"
      },
      {
        "lineNumber": 5,
        "author": {
          "gitId": "swang1997"
        },
        "content": ""
      },
      {
        "lineNumber": 6,
        "author": {
          "gitId": "swang1997"
        },
        "content": "public class Duke extends Application {"
      },
      {
        "lineNumber": 7,
        "author": {
          "gitId": "swang1997"
        },
        "content": ""
      },
      {
        "lineNumber": 8,
        "author": {
          "gitId": "swang1997"
        },
        "content": "    // ..."
      },
      {
        "lineNumber": 9,
        "author": {
          "gitId": "swang1997"
        },
        "content": ""
      },
      {
        "lineNumber": 10,
        "author": {
          "gitId": "swang1997"
        },
        "content": "    @Override"
      },
      {
        "lineNumber": 11,
        "author": {
          "gitId": "swang1997"
        },
        "content": "    public void start(Stage stage) {"
      },
      {
        "lineNumber": 12,
        "author": {
          "gitId": "swang1997"
        },
        "content": "        Label helloWorld \u003d new Label(\"Hello World!\"); // Creating a new Label control"
      },
      {
        "lineNumber": 13,
        "author": {
          "gitId": "swang1997"
        },
        "content": "        Scene scene \u003d new Scene(helloWorld); // Setting the scene to be our Label"
      },
      {
        "lineNumber": 14,
        "author": {
          "gitId": "swang1997"
        },
        "content": ""
      },
      {
        "lineNumber": 15,
        "author": {
          "gitId": "swang1997"
        },
        "content": "        stage.setScene(scene); // Setting the stage to show our screen"
      },
      {
        "lineNumber": 16,
        "author": {
          "gitId": "swang1997"
        },
        "content": "        stage.show(); // Render the stage."
      },
      {
        "lineNumber": 17,
        "author": {
          "gitId": "-"
        },
        "content": "    }"
      },
      {
        "lineNumber": 18,
        "author": {
          "gitId": "-"
        },
        "content": "}"
      },
      {
        "lineNumber": 19,
        "author": {
          "gitId": "swang1997"
        },
        "content": ""
      }
    ],
    "authorContributionMap": {
      "swang1997": 17,
      "-": 2
    }
  },
  {
    "path": "src/main/java/Level1.java",
    "fileType": "java",
    "lines": [
      {
        "lineNumber": 1,
        "author": {
          "gitId": "swang1997"
        },
        "content": "import java.util.Scanner;"
      },
      {
        "lineNumber": 2,
        "author": {
          "gitId": "swang1997"
        },
        "content": ""
      },
      {
        "lineNumber": 3,
        "author": {
          "gitId": "swang1997"
        },
        "content": "public class Level1 {"
      },
      {
        "lineNumber": 4,
        "author": {
          "gitId": "swang1997"
        },
        "content": ""
      },
      {
        "lineNumber": 5,
        "author": {
          "gitId": "swang1997"
        },
        "content": ""
      },
      {
        "lineNumber": 6,
        "author": {
          "gitId": "swang1997"
        },
        "content": "    public static void main(String []args) {"
      },
      {
        "lineNumber": 7,
        "author": {
          "gitId": "swang1997"
        },
        "content": "        System.out.println(\"     Hello! I\u0027m Duke\\n\" +"
      },
      {
        "lineNumber": 8,
        "author": {
          "gitId": "swang1997"
        },
        "content": "                \"     What can I do for you?\"); // prints the first line"
      },
      {
        "lineNumber": 9,
        "author": {
          "gitId": "swang1997"
        },
        "content": ""
      },
      {
        "lineNumber": 10,
        "author": {
          "gitId": "swang1997"
        },
        "content": "        boolean check \u003d true;"
      },
      {
        "lineNumber": 11,
        "author": {
          "gitId": "swang1997"
        },
        "content": "        while (check) {"
      },
      {
        "lineNumber": 12,
        "author": {
          "gitId": "swang1997"
        },
        "content": ""
      },
      {
        "lineNumber": 13,
        "author": {
          "gitId": "swang1997"
        },
        "content": "            Scanner scanline \u003d new Scanner(System.in); //read in lines"
      },
      {
        "lineNumber": 14,
        "author": {
          "gitId": "swang1997"
        },
        "content": "            String readin;"
      },
      {
        "lineNumber": 15,
        "author": {
          "gitId": "swang1997"
        },
        "content": "            String blackline \u003d \"--------------------\";"
      },
      {
        "lineNumber": 16,
        "author": {
          "gitId": "swang1997"
        },
        "content": ""
      },
      {
        "lineNumber": 17,
        "author": {
          "gitId": "swang1997"
        },
        "content": "            readin \u003d scanline.next(); //scan line and check if the line is \"bye\""
      },
      {
        "lineNumber": 18,
        "author": {
          "gitId": "swang1997"
        },
        "content": "            if ( ! readin.equals(\"bye\")) {"
      },
      {
        "lineNumber": 19,
        "author": {
          "gitId": "swang1997"
        },
        "content": "                System.out.println(readin + \"\\n\" +blackline);"
      },
      {
        "lineNumber": 20,
        "author": {
          "gitId": "swang1997"
        },
        "content": "            }"
      },
      {
        "lineNumber": 21,
        "author": {
          "gitId": "swang1997"
        },
        "content": "            else{"
      },
      {
        "lineNumber": 22,
        "author": {
          "gitId": "swang1997"
        },
        "content": "                System.out.println(\"Bye. Hope to see you again soon!\\n\" + blackline);"
      },
      {
        "lineNumber": 23,
        "author": {
          "gitId": "swang1997"
        },
        "content": "                check \u003d false;"
      },
      {
        "lineNumber": 24,
        "author": {
          "gitId": "swang1997"
        },
        "content": "            }"
      },
      {
        "lineNumber": 25,
        "author": {
          "gitId": "swang1997"
        },
        "content": "        }"
      },
      {
        "lineNumber": 26,
        "author": {
          "gitId": "swang1997"
        },
        "content": "    }"
      },
      {
        "lineNumber": 27,
        "author": {
          "gitId": "swang1997"
        },
        "content": "}"
      }
    ],
    "authorContributionMap": {
      "swang1997": 27
    }
  },
  {
    "path": "src/main/java/Level2.java",
    "fileType": "java",
    "lines": [
      {
        "lineNumber": 1,
        "author": {
          "gitId": "swang1997"
        },
        "content": "import java.util.Scanner;"
      },
      {
        "lineNumber": 2,
        "author": {
          "gitId": "swang1997"
        },
        "content": ""
      },
      {
        "lineNumber": 3,
        "author": {
          "gitId": "swang1997"
        },
        "content": "public class Level2 {"
      },
      {
        "lineNumber": 4,
        "author": {
          "gitId": "swang1997"
        },
        "content": ""
      },
      {
        "lineNumber": 5,
        "author": {
          "gitId": "swang1997"
        },
        "content": "    public static void main(String []args) {"
      },
      {
        "lineNumber": 6,
        "author": {
          "gitId": "swang1997"
        },
        "content": "        System.out.println(\"     Hello! I\u0027m Duke\\n\" +"
      },
      {
        "lineNumber": 7,
        "author": {
          "gitId": "swang1997"
        },
        "content": "                \"     What can I do for you?\"); // prints the first line"
      },
      {
        "lineNumber": 8,
        "author": {
          "gitId": "swang1997"
        },
        "content": ""
      },
      {
        "lineNumber": 9,
        "author": {
          "gitId": "swang1997"
        },
        "content": "        String[] store \u003d new String[100];"
      },
      {
        "lineNumber": 10,
        "author": {
          "gitId": "swang1997"
        },
        "content": "        int num \u003d 0;"
      },
      {
        "lineNumber": 11,
        "author": {
          "gitId": "swang1997"
        },
        "content": ""
      },
      {
        "lineNumber": 12,
        "author": {
          "gitId": "swang1997"
        },
        "content": "        boolean check \u003d true;"
      },
      {
        "lineNumber": 13,
        "author": {
          "gitId": "swang1997"
        },
        "content": "        while (check) {"
      },
      {
        "lineNumber": 14,
        "author": {
          "gitId": "swang1997"
        },
        "content": ""
      },
      {
        "lineNumber": 15,
        "author": {
          "gitId": "swang1997"
        },
        "content": "            Scanner scanline \u003d new Scanner(System.in); //read in lines"
      },
      {
        "lineNumber": 16,
        "author": {
          "gitId": "swang1997"
        },
        "content": "            String readin;"
      },
      {
        "lineNumber": 17,
        "author": {
          "gitId": "swang1997"
        },
        "content": "            String blackline \u003d \"--------------------\";"
      },
      {
        "lineNumber": 18,
        "author": {
          "gitId": "swang1997"
        },
        "content": ""
      },
      {
        "lineNumber": 19,
        "author": {
          "gitId": "swang1997"
        },
        "content": "            readin \u003d scanline.next(); //scan line and check if the line is \"bye\""
      },
      {
        "lineNumber": 20,
        "author": {
          "gitId": "swang1997"
        },
        "content": ""
      },
      {
        "lineNumber": 21,
        "author": {
          "gitId": "swang1997"
        },
        "content": "            if ( ! readin.equals(\"bye\") \u0026\u0026 ! readin.equals(\"list\")) {"
      },
      {
        "lineNumber": 22,
        "author": {
          "gitId": "swang1997"
        },
        "content": "                System.out.println(\"added : \" +readin + \"\\n\" +blackline);"
      },
      {
        "lineNumber": 23,
        "author": {
          "gitId": "swang1997"
        },
        "content": "                store[num] \u003d readin;"
      },
      {
        "lineNumber": 24,
        "author": {
          "gitId": "swang1997"
        },
        "content": "                num +\u003d1;"
      },
      {
        "lineNumber": 25,
        "author": {
          "gitId": "swang1997"
        },
        "content": "            }"
      },
      {
        "lineNumber": 26,
        "author": {
          "gitId": "swang1997"
        },
        "content": ""
      },
      {
        "lineNumber": 27,
        "author": {
          "gitId": "swang1997"
        },
        "content": "            if (readin.equals(\"list\")){"
      },
      {
        "lineNumber": 28,
        "author": {
          "gitId": "swang1997"
        },
        "content": "                for (int i\u003d0;i\u003cnum;i++){"
      },
      {
        "lineNumber": 29,
        "author": {
          "gitId": "swang1997"
        },
        "content": "                    System.out.println( i+1 + \". \" + store[i]);"
      },
      {
        "lineNumber": 30,
        "author": {
          "gitId": "swang1997"
        },
        "content": "                }"
      },
      {
        "lineNumber": 31,
        "author": {
          "gitId": "swang1997"
        },
        "content": "                System.out.println(blackline);"
      },
      {
        "lineNumber": 32,
        "author": {
          "gitId": "swang1997"
        },
        "content": "            }"
      },
      {
        "lineNumber": 33,
        "author": {
          "gitId": "swang1997"
        },
        "content": ""
      },
      {
        "lineNumber": 34,
        "author": {
          "gitId": "swang1997"
        },
        "content": "            if (readin.equals(\"bye\")){"
      },
      {
        "lineNumber": 35,
        "author": {
          "gitId": "swang1997"
        },
        "content": "                System.out.println(\"Bye. Hope to see you again soon!\\n\" + blackline);"
      },
      {
        "lineNumber": 36,
        "author": {
          "gitId": "swang1997"
        },
        "content": "                check \u003d false;"
      },
      {
        "lineNumber": 37,
        "author": {
          "gitId": "swang1997"
        },
        "content": "            }"
      },
      {
        "lineNumber": 38,
        "author": {
          "gitId": "swang1997"
        },
        "content": "        }"
      },
      {
        "lineNumber": 39,
        "author": {
          "gitId": "swang1997"
        },
        "content": "    }"
      },
      {
        "lineNumber": 40,
        "author": {
          "gitId": "swang1997"
        },
        "content": "}"
      }
    ],
    "authorContributionMap": {
      "swang1997": 40
    }
  },
  {
    "path": "src/main/java/Level3.java",
    "fileType": "java",
    "lines": [
      {
        "lineNumber": 1,
        "author": {
          "gitId": "swang1997"
        },
        "content": "import java.util.Scanner;"
      },
      {
        "lineNumber": 2,
        "author": {
          "gitId": "swang1997"
        },
        "content": ""
      },
      {
        "lineNumber": 3,
        "author": {
          "gitId": "swang1997"
        },
        "content": "public class Level3 {"
      },
      {
        "lineNumber": 4,
        "author": {
          "gitId": "swang1997"
        },
        "content": ""
      },
      {
        "lineNumber": 5,
        "author": {
          "gitId": "swang1997"
        },
        "content": "    private static int array_size \u003d 100;"
      },
      {
        "lineNumber": 6,
        "author": {
          "gitId": "swang1997"
        },
        "content": "    //\"\\u2713\" : \"\\u2718\""
      },
      {
        "lineNumber": 7,
        "author": {
          "gitId": "swang1997"
        },
        "content": ""
      },
      {
        "lineNumber": 8,
        "author": {
          "gitId": "swang1997"
        },
        "content": "    public static void main(String []argv) throws Exception"
      },
      {
        "lineNumber": 9,
        "author": {
          "gitId": "swang1997"
        },
        "content": "    {"
      },
      {
        "lineNumber": 10,
        "author": {
          "gitId": "swang1997"
        },
        "content": "        System.out.println(\"     Hello! I\u0027m Duke\\n\" +"
      },
      {
        "lineNumber": 11,
        "author": {
          "gitId": "swang1997"
        },
        "content": "                \"     What can I do for you?\"); // prints the first line"
      },
      {
        "lineNumber": 12,
        "author": {
          "gitId": "swang1997"
        },
        "content": ""
      },
      {
        "lineNumber": 13,
        "author": {
          "gitId": "swang1997"
        },
        "content": "        String[] store \u003d new String[array_size];"
      },
      {
        "lineNumber": 14,
        "author": {
          "gitId": "swang1997"
        },
        "content": "        String[] tick_cross \u003d new String[array_size];"
      },
      {
        "lineNumber": 15,
        "author": {
          "gitId": "swang1997"
        },
        "content": "        for (int i\u003d0;i\u003carray_size;i++){"
      },
      {
        "lineNumber": 16,
        "author": {
          "gitId": "swang1997"
        },
        "content": "            tick_cross[i]\u003d \"[\" + \"\\u2718\" + \"]\";"
      },
      {
        "lineNumber": 17,
        "author": {
          "gitId": "swang1997"
        },
        "content": "        }"
      },
      {
        "lineNumber": 18,
        "author": {
          "gitId": "swang1997"
        },
        "content": ""
      },
      {
        "lineNumber": 19,
        "author": {
          "gitId": "swang1997"
        },
        "content": "        int num \u003d 0;"
      },
      {
        "lineNumber": 20,
        "author": {
          "gitId": "swang1997"
        },
        "content": "        int readnum;"
      },
      {
        "lineNumber": 21,
        "author": {
          "gitId": "swang1997"
        },
        "content": ""
      },
      {
        "lineNumber": 22,
        "author": {
          "gitId": "swang1997"
        },
        "content": "        boolean check \u003d true;"
      },
      {
        "lineNumber": 23,
        "author": {
          "gitId": "swang1997"
        },
        "content": "        while (check) {"
      },
      {
        "lineNumber": 24,
        "author": {
          "gitId": "swang1997"
        },
        "content": ""
      },
      {
        "lineNumber": 25,
        "author": {
          "gitId": "swang1997"
        },
        "content": "            Scanner scanline \u003d new Scanner(System.in); //read in lines"
      },
      {
        "lineNumber": 26,
        "author": {
          "gitId": "swang1997"
        },
        "content": "            String readin;"
      },
      {
        "lineNumber": 27,
        "author": {
          "gitId": "swang1997"
        },
        "content": "            String blackline \u003d \"--------------------\";"
      },
      {
        "lineNumber": 28,
        "author": {
          "gitId": "swang1997"
        },
        "content": "            readin \u003d scanline.nextLine(); //scan line and check"
      },
      {
        "lineNumber": 29,
        "author": {
          "gitId": "swang1997"
        },
        "content": "            String[] break_line \u003d readin.split(\" \");"
      },
      {
        "lineNumber": 30,
        "author": {
          "gitId": "swang1997"
        },
        "content": ""
      },
      {
        "lineNumber": 31,
        "author": {
          "gitId": "swang1997"
        },
        "content": ""
      },
      {
        "lineNumber": 32,
        "author": {
          "gitId": "swang1997"
        },
        "content": ""
      },
      {
        "lineNumber": 33,
        "author": {
          "gitId": "swang1997"
        },
        "content": ""
      },
      {
        "lineNumber": 34,
        "author": {
          "gitId": "swang1997"
        },
        "content": "            if (readin.equals(\"list\")){"
      },
      {
        "lineNumber": 35,
        "author": {
          "gitId": "swang1997"
        },
        "content": "                System.out.println(\"Here are the tasks in your list:\");"
      },
      {
        "lineNumber": 36,
        "author": {
          "gitId": "swang1997"
        },
        "content": "                for (int i\u003d0;i\u003cnum;i++){"
      },
      {
        "lineNumber": 37,
        "author": {
          "gitId": "swang1997"
        },
        "content": "                    System.out.println( i+1 + \". \" + store[i] +tick_cross[i]);"
      },
      {
        "lineNumber": 38,
        "author": {
          "gitId": "swang1997"
        },
        "content": "                }"
      },
      {
        "lineNumber": 39,
        "author": {
          "gitId": "swang1997"
        },
        "content": "                System.out.println(blackline);"
      },
      {
        "lineNumber": 40,
        "author": {
          "gitId": "swang1997"
        },
        "content": "            }"
      },
      {
        "lineNumber": 41,
        "author": {
          "gitId": "swang1997"
        },
        "content": ""
      },
      {
        "lineNumber": 42,
        "author": {
          "gitId": "swang1997"
        },
        "content": "            else if (break_line[0].equals(\"done\")){"
      },
      {
        "lineNumber": 43,
        "author": {
          "gitId": "swang1997"
        },
        "content": ""
      },
      {
        "lineNumber": 44,
        "author": {
          "gitId": "swang1997"
        },
        "content": "                readnum \u003d Integer.parseInt(break_line[1]);"
      },
      {
        "lineNumber": 45,
        "author": {
          "gitId": "swang1997"
        },
        "content": "                System.out.println(\"Nice! I\u0027ve marked this task as done: \");"
      },
      {
        "lineNumber": 46,
        "author": {
          "gitId": "swang1997"
        },
        "content": "                tick_cross[readnum-1] \u003d \"[\" + \"\\u2713\" + \"]\" ;"
      },
      {
        "lineNumber": 47,
        "author": {
          "gitId": "swang1997"
        },
        "content": "                System.out.println(tick_cross[readnum-1] + store[readnum-1]);"
      },
      {
        "lineNumber": 48,
        "author": {
          "gitId": "swang1997"
        },
        "content": "            }"
      },
      {
        "lineNumber": 49,
        "author": {
          "gitId": "swang1997"
        },
        "content": ""
      },
      {
        "lineNumber": 50,
        "author": {
          "gitId": "swang1997"
        },
        "content": "            else if (readin.equals(\"bye\")){"
      },
      {
        "lineNumber": 51,
        "author": {
          "gitId": "swang1997"
        },
        "content": "                System.out.println(\"Bye. Hope to see you again soon!\\n\" + blackline);"
      },
      {
        "lineNumber": 52,
        "author": {
          "gitId": "swang1997"
        },
        "content": "                check \u003d false;"
      },
      {
        "lineNumber": 53,
        "author": {
          "gitId": "swang1997"
        },
        "content": "            }"
      },
      {
        "lineNumber": 54,
        "author": {
          "gitId": "swang1997"
        },
        "content": ""
      },
      {
        "lineNumber": 55,
        "author": {
          "gitId": "swang1997"
        },
        "content": "            else {"
      },
      {
        "lineNumber": 56,
        "author": {
          "gitId": "swang1997"
        },
        "content": "                System.out.println(\"added : \" +readin + \"\\n\" +blackline);"
      },
      {
        "lineNumber": 57,
        "author": {
          "gitId": "swang1997"
        },
        "content": "                store[num] \u003d readin;"
      },
      {
        "lineNumber": 58,
        "author": {
          "gitId": "swang1997"
        },
        "content": "                num +\u003d1;"
      },
      {
        "lineNumber": 59,
        "author": {
          "gitId": "swang1997"
        },
        "content": "            }"
      },
      {
        "lineNumber": 60,
        "author": {
          "gitId": "swang1997"
        },
        "content": ""
      },
      {
        "lineNumber": 61,
        "author": {
          "gitId": "swang1997"
        },
        "content": "        }"
      },
      {
        "lineNumber": 62,
        "author": {
          "gitId": "swang1997"
        },
        "content": "    }"
      },
      {
        "lineNumber": 63,
        "author": {
          "gitId": "swang1997"
        },
        "content": "}"
      }
    ],
    "authorContributionMap": {
      "swang1997": 63
    }
  },
  {
    "path": "src/main/java/Task.java",
    "fileType": "java",
    "lines": [
      {
        "lineNumber": 1,
        "author": {
          "gitId": "swang1997"
        },
        "content": "public class Task {"
      },
      {
        "lineNumber": 2,
        "author": {
          "gitId": "swang1997"
        },
        "content": "    protected String description;"
      },
      {
        "lineNumber": 3,
        "author": {
          "gitId": "swang1997"
        },
        "content": "    protected boolean isDone;"
      },
      {
        "lineNumber": 4,
        "author": {
          "gitId": "swang1997"
        },
        "content": ""
      },
      {
        "lineNumber": 5,
        "author": {
          "gitId": "swang1997"
        },
        "content": "    public Task(String description) {"
      },
      {
        "lineNumber": 6,
        "author": {
          "gitId": "swang1997"
        },
        "content": "        this.description \u003d description;"
      },
      {
        "lineNumber": 7,
        "author": {
          "gitId": "swang1997"
        },
        "content": "        this.isDone \u003d false;"
      },
      {
        "lineNumber": 8,
        "author": {
          "gitId": "swang1997"
        },
        "content": "    }"
      },
      {
        "lineNumber": 9,
        "author": {
          "gitId": "swang1997"
        },
        "content": ""
      },
      {
        "lineNumber": 10,
        "author": {
          "gitId": "swang1997"
        },
        "content": "    public String getStatusIcon() {"
      },
      {
        "lineNumber": 11,
        "author": {
          "gitId": "swang1997"
        },
        "content": "        return (isDone ? \"\\u2713\" : \"\\u2718\"); //return tick or X symbols"
      },
      {
        "lineNumber": 12,
        "author": {
          "gitId": "swang1997"
        },
        "content": "    }"
      },
      {
        "lineNumber": 13,
        "author": {
          "gitId": "swang1997"
        },
        "content": ""
      },
      {
        "lineNumber": 14,
        "author": {
          "gitId": "swang1997"
        },
        "content": "    //..."
      },
      {
        "lineNumber": 15,
        "author": {
          "gitId": "swang1997"
        },
        "content": "}"
      }
    ],
    "authorContributionMap": {
      "swang1997": 15
    }
  }
]
