[
  {
    "path": "level1-4.txt",
    "lines": [
      {
        "lineNumber": 1,
        "author": {
          "gitId": "lijiayu980606"
        },
        "content": "    //level 1"
      },
      {
        "lineNumber": 2,
        "author": {
          "gitId": "lijiayu980606"
        },
        "content": "    /*"
      },
      {
        "lineNumber": 3,
        "author": {
          "gitId": "lijiayu980606"
        },
        "content": "    public static void main(String[] args) {"
      },
      {
        "lineNumber": 4,
        "author": {
          "gitId": "lijiayu980606"
        },
        "content": "        String logo \u003d \" ____        _        \\n\""
      },
      {
        "lineNumber": 5,
        "author": {
          "gitId": "lijiayu980606"
        },
        "content": "                + \"|  _ \\\\ _   _| | _____ \\n\""
      },
      {
        "lineNumber": 6,
        "author": {
          "gitId": "lijiayu980606"
        },
        "content": "                + \"| | | | | | | |/ / _ \\\\\\n\""
      },
      {
        "lineNumber": 7,
        "author": {
          "gitId": "lijiayu980606"
        },
        "content": "                + \"| |_| | |_| |   \u003c  __/\\n\""
      },
      {
        "lineNumber": 8,
        "author": {
          "gitId": "lijiayu980606"
        },
        "content": "                + \"|____/ \\\\__,_|_|\\\\_\\\\___|\\n\";"
      },
      {
        "lineNumber": 9,
        "author": {
          "gitId": "lijiayu980606"
        },
        "content": "        System.out.println(\"Hello from\\n\" + logo);"
      },
      {
        "lineNumber": 10,
        "author": {
          "gitId": "lijiayu980606"
        },
        "content": "        System.out.println(\"    --------------------------------------------------------\");"
      },
      {
        "lineNumber": 11,
        "author": {
          "gitId": "lijiayu980606"
        },
        "content": "        System.out.println(\"    Hello! I\u0027m Duke\\n\" + \"    What can I do for you?\");"
      },
      {
        "lineNumber": 12,
        "author": {
          "gitId": "lijiayu980606"
        },
        "content": "        System.out.println(\"    --------------------------------------------------------\");"
      },
      {
        "lineNumber": 13,
        "author": {
          "gitId": "lijiayu980606"
        },
        "content": "        while(true){"
      },
      {
        "lineNumber": 14,
        "author": {
          "gitId": "lijiayu980606"
        },
        "content": "            Scanner myObj \u003d new Scanner(System.in);"
      },
      {
        "lineNumber": 15,
        "author": {
          "gitId": "lijiayu980606"
        },
        "content": "            String command \u003d myObj.nextLine();"
      },
      {
        "lineNumber": 16,
        "author": {
          "gitId": "lijiayu980606"
        },
        "content": "            if(command.equals(\"bye\")){"
      },
      {
        "lineNumber": 17,
        "author": {
          "gitId": "lijiayu980606"
        },
        "content": "                System.out.println(\"    --------------------------------------------------------\");"
      },
      {
        "lineNumber": 18,
        "author": {
          "gitId": "lijiayu980606"
        },
        "content": "                System.out.println(\"    Bye. Hope to see you again soon!\");"
      },
      {
        "lineNumber": 19,
        "author": {
          "gitId": "lijiayu980606"
        },
        "content": "                System.out.println(\"    --------------------------------------------------------\");"
      },
      {
        "lineNumber": 20,
        "author": {
          "gitId": "lijiayu980606"
        },
        "content": "                break;"
      },
      {
        "lineNumber": 21,
        "author": {
          "gitId": "lijiayu980606"
        },
        "content": "            }else{"
      },
      {
        "lineNumber": 22,
        "author": {
          "gitId": "lijiayu980606"
        },
        "content": "                System.out.println(\"    --------------------------------------------------------\");"
      },
      {
        "lineNumber": 23,
        "author": {
          "gitId": "lijiayu980606"
        },
        "content": "                System.out.println(\"    \"+command);"
      },
      {
        "lineNumber": 24,
        "author": {
          "gitId": "lijiayu980606"
        },
        "content": "                System.out.println(\"    --------------------------------------------------------\");"
      },
      {
        "lineNumber": 25,
        "author": {
          "gitId": "lijiayu980606"
        },
        "content": "            }"
      },
      {
        "lineNumber": 26,
        "author": {
          "gitId": "lijiayu980606"
        },
        "content": "        }"
      },
      {
        "lineNumber": 27,
        "author": {
          "gitId": "lijiayu980606"
        },
        "content": "    }*/"
      },
      {
        "lineNumber": 28,
        "author": {
          "gitId": "lijiayu980606"
        },
        "content": "    //level 2"
      },
      {
        "lineNumber": 29,
        "author": {
          "gitId": "lijiayu980606"
        },
        "content": "    /*"
      },
      {
        "lineNumber": 30,
        "author": {
          "gitId": "lijiayu980606"
        },
        "content": "    public static void main(String[] args) {"
      },
      {
        "lineNumber": 31,
        "author": {
          "gitId": "lijiayu980606"
        },
        "content": "        String logo \u003d \" ____        _        \\n\""
      },
      {
        "lineNumber": 32,
        "author": {
          "gitId": "lijiayu980606"
        },
        "content": "                + \"|  _ \\\\ _   _| | _____ \\n\""
      },
      {
        "lineNumber": 33,
        "author": {
          "gitId": "lijiayu980606"
        },
        "content": "                + \"| | | | | | | |/ / _ \\\\\\n\""
      },
      {
        "lineNumber": 34,
        "author": {
          "gitId": "lijiayu980606"
        },
        "content": "                + \"| |_| | |_| |   \u003c  __/\\n\""
      },
      {
        "lineNumber": 35,
        "author": {
          "gitId": "lijiayu980606"
        },
        "content": "                + \"|____/ \\\\__,_|_|\\\\_\\\\___|\\n\";"
      },
      {
        "lineNumber": 36,
        "author": {
          "gitId": "lijiayu980606"
        },
        "content": "        System.out.println(\"Hello from\\n\" + logo);"
      },
      {
        "lineNumber": 37,
        "author": {
          "gitId": "lijiayu980606"
        },
        "content": "        System.out.println(\"    --------------------------------------------------------\");"
      },
      {
        "lineNumber": 38,
        "author": {
          "gitId": "lijiayu980606"
        },
        "content": "        System.out.println(\"    Hello! I\u0027m Duke\\n\" + \"    What can I do for you?\");"
      },
      {
        "lineNumber": 39,
        "author": {
          "gitId": "lijiayu980606"
        },
        "content": "        System.out.println(\"    --------------------------------------------------------\");"
      },
      {
        "lineNumber": 40,
        "author": {
          "gitId": "lijiayu980606"
        },
        "content": "        List\u003cString\u003e listCommand \u003d new ArrayList\u003cString\u003e();"
      },
      {
        "lineNumber": 41,
        "author": {
          "gitId": "lijiayu980606"
        },
        "content": "        while(true){"
      },
      {
        "lineNumber": 42,
        "author": {
          "gitId": "lijiayu980606"
        },
        "content": "            Scanner myObj \u003d new Scanner(System.in);"
      },
      {
        "lineNumber": 43,
        "author": {
          "gitId": "lijiayu980606"
        },
        "content": "            String command \u003d myObj.nextLine();"
      },
      {
        "lineNumber": 44,
        "author": {
          "gitId": "lijiayu980606"
        },
        "content": "            if(command.equals(\"bye\")){"
      },
      {
        "lineNumber": 45,
        "author": {
          "gitId": "lijiayu980606"
        },
        "content": "                System.out.println(\"    --------------------------------------------------------\");"
      },
      {
        "lineNumber": 46,
        "author": {
          "gitId": "lijiayu980606"
        },
        "content": "                System.out.println(\"    Bye. Hope to see you again soon!\");"
      },
      {
        "lineNumber": 47,
        "author": {
          "gitId": "lijiayu980606"
        },
        "content": "                System.out.println(\"    --------------------------------------------------------\");"
      },
      {
        "lineNumber": 48,
        "author": {
          "gitId": "lijiayu980606"
        },
        "content": "                break;"
      },
      {
        "lineNumber": 49,
        "author": {
          "gitId": "lijiayu980606"
        },
        "content": "            }else if(command.equals(\"list\")){"
      },
      {
        "lineNumber": 50,
        "author": {
          "gitId": "lijiayu980606"
        },
        "content": "                System.out.println(\"    --------------------------------------------------------\");"
      },
      {
        "lineNumber": 51,
        "author": {
          "gitId": "lijiayu980606"
        },
        "content": "                int sizeCommand \u003d listCommand.size();"
      },
      {
        "lineNumber": 52,
        "author": {
          "gitId": "lijiayu980606"
        },
        "content": "                for(int i \u003d 0; i \u003c sizeCommand; i++){"
      },
      {
        "lineNumber": 53,
        "author": {
          "gitId": "lijiayu980606"
        },
        "content": "                    int num\u003di+1;"
      },
      {
        "lineNumber": 54,
        "author": {
          "gitId": "lijiayu980606"
        },
        "content": "                    System.out.println(\"    \"+ num + \". \" + listCommand.get(i));"
      },
      {
        "lineNumber": 55,
        "author": {
          "gitId": "lijiayu980606"
        },
        "content": "                }"
      },
      {
        "lineNumber": 56,
        "author": {
          "gitId": "lijiayu980606"
        },
        "content": "                System.out.println(\"    --------------------------------------------------------\");"
      },
      {
        "lineNumber": 57,
        "author": {
          "gitId": "lijiayu980606"
        },
        "content": "            }else{"
      },
      {
        "lineNumber": 58,
        "author": {
          "gitId": "lijiayu980606"
        },
        "content": "                System.out.println(\"    --------------------------------------------------------\");"
      },
      {
        "lineNumber": 59,
        "author": {
          "gitId": "lijiayu980606"
        },
        "content": "                listCommand.add(command);"
      },
      {
        "lineNumber": 60,
        "author": {
          "gitId": "lijiayu980606"
        },
        "content": "                System.out.println(\"    added: \"+ command);"
      },
      {
        "lineNumber": 61,
        "author": {
          "gitId": "lijiayu980606"
        },
        "content": "                System.out.println(\"    --------------------------------------------------------\");"
      },
      {
        "lineNumber": 62,
        "author": {
          "gitId": "lijiayu980606"
        },
        "content": "            }"
      },
      {
        "lineNumber": 63,
        "author": {
          "gitId": "lijiayu980606"
        },
        "content": "        }"
      },
      {
        "lineNumber": 64,
        "author": {
          "gitId": "lijiayu980606"
        },
        "content": "    }"
      },
      {
        "lineNumber": 65,
        "author": {
          "gitId": "lijiayu980606"
        },
        "content": "    */"
      },
      {
        "lineNumber": 66,
        "author": {
          "gitId": "lijiayu980606"
        },
        "content": "    //Level 3"
      },
      {
        "lineNumber": 67,
        "author": {
          "gitId": "lijiayu980606"
        },
        "content": "    /*"
      },
      {
        "lineNumber": 68,
        "author": {
          "gitId": "lijiayu980606"
        },
        "content": "    public static void main(String[] args) {"
      },
      {
        "lineNumber": 69,
        "author": {
          "gitId": "lijiayu980606"
        },
        "content": "        String logo \u003d \" ____        _        \\n\""
      },
      {
        "lineNumber": 70,
        "author": {
          "gitId": "lijiayu980606"
        },
        "content": "                + \"|  _ \\\\ _   _| | _____ \\n\""
      },
      {
        "lineNumber": 71,
        "author": {
          "gitId": "lijiayu980606"
        },
        "content": "                + \"| | | | | | | |/ / _ \\\\\\n\""
      },
      {
        "lineNumber": 72,
        "author": {
          "gitId": "lijiayu980606"
        },
        "content": "                + \"| |_| | |_| |   \u003c  __/\\n\""
      },
      {
        "lineNumber": 73,
        "author": {
          "gitId": "lijiayu980606"
        },
        "content": "                + \"|____/ \\\\__,_|_|\\\\_\\\\___|\\n\";"
      },
      {
        "lineNumber": 74,
        "author": {
          "gitId": "lijiayu980606"
        },
        "content": "        System.out.println(\"Hello from\\n\" + logo);"
      },
      {
        "lineNumber": 75,
        "author": {
          "gitId": "lijiayu980606"
        },
        "content": "        System.out.println(\"    --------------------------------------------------------\");"
      },
      {
        "lineNumber": 76,
        "author": {
          "gitId": "lijiayu980606"
        },
        "content": "        System.out.println(\"    Hello! I\u0027m Duke\\n\" + \"    What can I do for you?\");"
      },
      {
        "lineNumber": 77,
        "author": {
          "gitId": "lijiayu980606"
        },
        "content": "        System.out.println(\"    --------------------------------------------------------\");"
      },
      {
        "lineNumber": 78,
        "author": {
          "gitId": "lijiayu980606"
        },
        "content": "        List\u003cTask\u003e listCmd \u003d new ArrayList\u003cTask\u003e();"
      },
      {
        "lineNumber": 79,
        "author": {
          "gitId": "lijiayu980606"
        },
        "content": "        while(true){"
      },
      {
        "lineNumber": 80,
        "author": {
          "gitId": "lijiayu980606"
        },
        "content": "            Scanner myObj \u003d new Scanner(System.in);"
      },
      {
        "lineNumber": 81,
        "author": {
          "gitId": "lijiayu980606"
        },
        "content": "            String command \u003d myObj.nextLine();"
      },
      {
        "lineNumber": 82,
        "author": {
          "gitId": "lijiayu980606"
        },
        "content": "            Scanner scCmd \u003d new Scanner(command);"
      },
      {
        "lineNumber": 83,
        "author": {
          "gitId": "lijiayu980606"
        },
        "content": "            if(command.equals(\"bye\")){"
      },
      {
        "lineNumber": 84,
        "author": {
          "gitId": "lijiayu980606"
        },
        "content": "                System.out.println(\"    --------------------------------------------------------\");"
      },
      {
        "lineNumber": 85,
        "author": {
          "gitId": "lijiayu980606"
        },
        "content": "                System.out.println(\"    Bye. Hope to see you again soon!\");"
      },
      {
        "lineNumber": 86,
        "author": {
          "gitId": "lijiayu980606"
        },
        "content": "                System.out.println(\"    --------------------------------------------------------\");"
      },
      {
        "lineNumber": 87,
        "author": {
          "gitId": "lijiayu980606"
        },
        "content": "                break;"
      },
      {
        "lineNumber": 88,
        "author": {
          "gitId": "lijiayu980606"
        },
        "content": "            }else if(command.equals(\"list\")){"
      },
      {
        "lineNumber": 89,
        "author": {
          "gitId": "lijiayu980606"
        },
        "content": "                System.out.println(\"    --------------------------------------------------------\");"
      },
      {
        "lineNumber": 90,
        "author": {
          "gitId": "lijiayu980606"
        },
        "content": "                int sizeCommand \u003d listCmd.size();"
      },
      {
        "lineNumber": 91,
        "author": {
          "gitId": "lijiayu980606"
        },
        "content": "                for(int i \u003d 0; i \u003c sizeCommand; i++){"
      },
      {
        "lineNumber": 92,
        "author": {
          "gitId": "lijiayu980606"
        },
        "content": "                    int num\u003di+1;"
      },
      {
        "lineNumber": 93,
        "author": {
          "gitId": "lijiayu980606"
        },
        "content": "                    System.out.println(\"    \"+ num + \".[\" + listCmd.get(i).getStatusIcon()+\"] \"+listCmd.get(i).description);"
      },
      {
        "lineNumber": 94,
        "author": {
          "gitId": "lijiayu980606"
        },
        "content": "                }"
      },
      {
        "lineNumber": 95,
        "author": {
          "gitId": "lijiayu980606"
        },
        "content": "                System.out.println(\"    --------------------------------------------------------\");"
      },
      {
        "lineNumber": 96,
        "author": {
          "gitId": "lijiayu980606"
        },
        "content": "            }else if (scCmd.next().equals(\"done\")) {"
      },
      {
        "lineNumber": 97,
        "author": {
          "gitId": "lijiayu980606"
        },
        "content": "                System.out.println(\"    --------------------------------------------------------\");"
      },
      {
        "lineNumber": 98,
        "author": {
          "gitId": "lijiayu980606"
        },
        "content": "                //System.out.println(scCmd.next());"
      },
      {
        "lineNumber": 99,
        "author": {
          "gitId": "lijiayu980606"
        },
        "content": "                int i \u003dInteger.parseInt(scCmd.next())-1;"
      },
      {
        "lineNumber": 100,
        "author": {
          "gitId": "lijiayu980606"
        },
        "content": "                listCmd.get(i).markAsDone();"
      },
      {
        "lineNumber": 101,
        "author": {
          "gitId": "lijiayu980606"
        },
        "content": "                System.out.println(\"    Nice! I\u0027ve marked this task as done:\\n\"+\"    [\" + listCmd.get(i).getStatusIcon()+\"] \"+listCmd.get(i).description);"
      },
      {
        "lineNumber": 102,
        "author": {
          "gitId": "lijiayu980606"
        },
        "content": "                System.out.println(\"    --------------------------------------------------------\");"
      },
      {
        "lineNumber": 103,
        "author": {
          "gitId": "lijiayu980606"
        },
        "content": "            }else{"
      },
      {
        "lineNumber": 104,
        "author": {
          "gitId": "lijiayu980606"
        },
        "content": "                System.out.println(\"    --------------------------------------------------------\");"
      },
      {
        "lineNumber": 105,
        "author": {
          "gitId": "lijiayu980606"
        },
        "content": "                listCmd.add(new Task(command));"
      },
      {
        "lineNumber": 106,
        "author": {
          "gitId": "lijiayu980606"
        },
        "content": "                System.out.println(\"    added: \"+ command);"
      },
      {
        "lineNumber": 107,
        "author": {
          "gitId": "lijiayu980606"
        },
        "content": "                System.out.println(\"    --------------------------------------------------------\");"
      },
      {
        "lineNumber": 108,
        "author": {
          "gitId": "lijiayu980606"
        },
        "content": "            }"
      },
      {
        "lineNumber": 109,
        "author": {
          "gitId": "lijiayu980606"
        },
        "content": "        }"
      },
      {
        "lineNumber": 110,
        "author": {
          "gitId": "lijiayu980606"
        },
        "content": "    }*/"
      },
      {
        "lineNumber": 111,
        "author": {
          "gitId": "lijiayu980606"
        },
        "content": "//Level4"
      },
      {
        "lineNumber": 112,
        "author": {
          "gitId": "lijiayu980606"
        },
        "content": "/*"
      },
      {
        "lineNumber": 113,
        "author": {
          "gitId": "lijiayu980606"
        },
        "content": "public class Duke {"
      },
      {
        "lineNumber": 114,
        "author": {
          "gitId": "lijiayu980606"
        },
        "content": "    //level 4"
      },
      {
        "lineNumber": 115,
        "author": {
          "gitId": "lijiayu980606"
        },
        "content": "    public static void main(String[] args) {"
      },
      {
        "lineNumber": 116,
        "author": {
          "gitId": "lijiayu980606"
        },
        "content": "        String logo \u003d \" ____        _        \\n\""
      },
      {
        "lineNumber": 117,
        "author": {
          "gitId": "lijiayu980606"
        },
        "content": "                + \"|  _ \\\\ _   _| | _____ \\n\""
      },
      {
        "lineNumber": 118,
        "author": {
          "gitId": "lijiayu980606"
        },
        "content": "                + \"| | | | | | | |/ / _ \\\\\\n\""
      },
      {
        "lineNumber": 119,
        "author": {
          "gitId": "lijiayu980606"
        },
        "content": "                + \"| |_| | |_| |   \u003c  __/\\n\""
      },
      {
        "lineNumber": 120,
        "author": {
          "gitId": "lijiayu980606"
        },
        "content": "                + \"|____/ \\\\__,_|_|\\\\_\\\\___|\\n\";"
      },
      {
        "lineNumber": 121,
        "author": {
          "gitId": "lijiayu980606"
        },
        "content": "        System.out.println(\"Hello from\\n\" + logo);"
      },
      {
        "lineNumber": 122,
        "author": {
          "gitId": "lijiayu980606"
        },
        "content": "        System.out.println(\"    --------------------------------------------------------\");"
      },
      {
        "lineNumber": 123,
        "author": {
          "gitId": "lijiayu980606"
        },
        "content": "        System.out.println(\"    Hello! I\u0027m Duke\\n\" + \"    What can I do for you?\");"
      },
      {
        "lineNumber": 124,
        "author": {
          "gitId": "lijiayu980606"
        },
        "content": "        System.out.println(\"    --------------------------------------------------------\");"
      },
      {
        "lineNumber": 125,
        "author": {
          "gitId": "lijiayu980606"
        },
        "content": "        List\u003cTask\u003e listCmd \u003d new ArrayList\u003cTask\u003e();"
      },
      {
        "lineNumber": 126,
        "author": {
          "gitId": "lijiayu980606"
        },
        "content": "        while(true){"
      },
      {
        "lineNumber": 127,
        "author": {
          "gitId": "lijiayu980606"
        },
        "content": "            Scanner myObj \u003d new Scanner(System.in);"
      },
      {
        "lineNumber": 128,
        "author": {
          "gitId": "lijiayu980606"
        },
        "content": "            String ipt \u003d myObj.nextLine();"
      },
      {
        "lineNumber": 129,
        "author": {
          "gitId": "lijiayu980606"
        },
        "content": "            Scanner scCmd \u003d new Scanner(ipt);"
      },
      {
        "lineNumber": 130,
        "author": {
          "gitId": "lijiayu980606"
        },
        "content": "            String type \u003d scCmd.next();"
      },
      {
        "lineNumber": 131,
        "author": {
          "gitId": "lijiayu980606"
        },
        "content": "            if(type.equals(\"bye\")){"
      },
      {
        "lineNumber": 132,
        "author": {
          "gitId": "lijiayu980606"
        },
        "content": "                System.out.println(\"    --------------------------------------------------------\");"
      },
      {
        "lineNumber": 133,
        "author": {
          "gitId": "lijiayu980606"
        },
        "content": "                System.out.println(\"    Bye. Hope to see you again soon!\");"
      },
      {
        "lineNumber": 134,
        "author": {
          "gitId": "lijiayu980606"
        },
        "content": "                System.out.println(\"    --------------------------------------------------------\");"
      },
      {
        "lineNumber": 135,
        "author": {
          "gitId": "lijiayu980606"
        },
        "content": "                break;"
      },
      {
        "lineNumber": 136,
        "author": {
          "gitId": "lijiayu980606"
        },
        "content": "            }else if(type.equals(\"list\")){"
      },
      {
        "lineNumber": 137,
        "author": {
          "gitId": "lijiayu980606"
        },
        "content": "                System.out.println(\"    --------------------------------------------------------\");"
      },
      {
        "lineNumber": 138,
        "author": {
          "gitId": "lijiayu980606"
        },
        "content": "                int sizeCommand \u003d listCmd.size();"
      },
      {
        "lineNumber": 139,
        "author": {
          "gitId": "lijiayu980606"
        },
        "content": "                for(int i \u003d 0; i \u003c sizeCommand; i++){"
      },
      {
        "lineNumber": 140,
        "author": {
          "gitId": "lijiayu980606"
        },
        "content": "                    int num\u003di+1;"
      },
      {
        "lineNumber": 141,
        "author": {
          "gitId": "lijiayu980606"
        },
        "content": "                    if(listCmd.get(i).type.equals(\"T\")){"
      },
      {
        "lineNumber": 142,
        "author": {
          "gitId": "lijiayu980606"
        },
        "content": "                        System.out.println(\"    \"+ num + \".[\" +listCmd.get(i).type+\"]\"+\" [\"+ listCmd.get(i).getStatusIcon()+\"] \"+listCmd.get(i).description);"
      },
      {
        "lineNumber": 143,
        "author": {
          "gitId": "lijiayu980606"
        },
        "content": "                    }else if(listCmd.get(i).type.equals(\"D\")){"
      },
      {
        "lineNumber": 144,
        "author": {
          "gitId": "lijiayu980606"
        },
        "content": "                        System.out.println(\"    \"+ num + \".[\" +listCmd.get(i).type+\"]\"+\" [\"+ listCmd.get(i).getStatusIcon()+\"] \"+listCmd.get(i).description+\" (by: \"+listCmd.get(i).period+\")\");"
      },
      {
        "lineNumber": 145,
        "author": {
          "gitId": "lijiayu980606"
        },
        "content": "                    }else{"
      },
      {
        "lineNumber": 146,
        "author": {
          "gitId": "lijiayu980606"
        },
        "content": "                        System.out.println(\"    \"+ num + \".[\" +listCmd.get(i).type+\"]\"+\" [\"+ listCmd.get(i).getStatusIcon()+\"] \"+listCmd.get(i).description+\" (at: \"+listCmd.get(i).period+\")\");"
      },
      {
        "lineNumber": 147,
        "author": {
          "gitId": "lijiayu980606"
        },
        "content": "                    }"
      },
      {
        "lineNumber": 148,
        "author": {
          "gitId": "lijiayu980606"
        },
        "content": "                }"
      },
      {
        "lineNumber": 149,
        "author": {
          "gitId": "lijiayu980606"
        },
        "content": "                System.out.println(\"    --------------------------------------------------------\");"
      },
      {
        "lineNumber": 150,
        "author": {
          "gitId": "lijiayu980606"
        },
        "content": "            }else if (type.equals(\"done\")) {"
      },
      {
        "lineNumber": 151,
        "author": {
          "gitId": "lijiayu980606"
        },
        "content": "                System.out.println(\"    --------------------------------------------------------\");"
      },
      {
        "lineNumber": 152,
        "author": {
          "gitId": "lijiayu980606"
        },
        "content": "                //System.out.println(scCmd.next());"
      },
      {
        "lineNumber": 153,
        "author": {
          "gitId": "lijiayu980606"
        },
        "content": "                int i \u003dInteger.parseInt(scCmd.next())-1;"
      },
      {
        "lineNumber": 154,
        "author": {
          "gitId": "lijiayu980606"
        },
        "content": "                listCmd.get(i).markAsDone();"
      },
      {
        "lineNumber": 155,
        "author": {
          "gitId": "lijiayu980606"
        },
        "content": "                System.out.println(\"    Nice! I\u0027ve marked this task as done:\\n\"+\"    [\" + listCmd.get(i).getStatusIcon()+\"] \"+listCmd.get(i).description);"
      },
      {
        "lineNumber": 156,
        "author": {
          "gitId": "lijiayu980606"
        },
        "content": "                System.out.println(\"    --------------------------------------------------------\");"
      },
      {
        "lineNumber": 157,
        "author": {
          "gitId": "lijiayu980606"
        },
        "content": "            }else if(type.equals(\"todo\")) {"
      },
      {
        "lineNumber": 158,
        "author": {
          "gitId": "lijiayu980606"
        },
        "content": "                System.out.println(\"    --------------------------------------------------------\");"
      },
      {
        "lineNumber": 159,
        "author": {
          "gitId": "lijiayu980606"
        },
        "content": "                Task todo \u003d new Task(scCmd.nextLine());"
      },
      {
        "lineNumber": 160,
        "author": {
          "gitId": "lijiayu980606"
        },
        "content": "                listCmd.add(todo);"
      },
      {
        "lineNumber": 161,
        "author": {
          "gitId": "lijiayu980606"
        },
        "content": "                System.out.println(\"    Got it. I\u0027ve added this task: \");"
      },
      {
        "lineNumber": 162,
        "author": {
          "gitId": "lijiayu980606"
        },
        "content": "                System.out.println(\"    [T][\\u2718]\"+ todo.description);"
      },
      {
        "lineNumber": 163,
        "author": {
          "gitId": "lijiayu980606"
        },
        "content": "                System.out.println(\"    Now you have \"+ listCmd.size()+\" tasks in the list.\");"
      },
      {
        "lineNumber": 164,
        "author": {
          "gitId": "lijiayu980606"
        },
        "content": "                System.out.println(\"    --------------------------------------------------------\");"
      },
      {
        "lineNumber": 165,
        "author": {
          "gitId": "lijiayu980606"
        },
        "content": "            }else if(type.equals(\"deadline\")) {"
      },
      {
        "lineNumber": 166,
        "author": {
          "gitId": "lijiayu980606"
        },
        "content": "                System.out.println(\"    --------------------------------------------------------\");"
      },
      {
        "lineNumber": 167,
        "author": {
          "gitId": "lijiayu980606"
        },
        "content": "                String ddlCmd \u003d scCmd.nextLine();"
      },
      {
        "lineNumber": 168,
        "author": {
          "gitId": "lijiayu980606"
        },
        "content": "                Scanner ddlSc \u003d new Scanner(ddlCmd).useDelimiter(\"\\\\s*/by\\\\s*\");"
      },
      {
        "lineNumber": 169,
        "author": {
          "gitId": "lijiayu980606"
        },
        "content": "                Task ddl \u003d new Task(ddlSc.next());"
      },
      {
        "lineNumber": 170,
        "author": {
          "gitId": "lijiayu980606"
        },
        "content": "                ddl.setPeriod(ddlSc.next());"
      },
      {
        "lineNumber": 171,
        "author": {
          "gitId": "lijiayu980606"
        },
        "content": "                ddl.taskDeadline();"
      },
      {
        "lineNumber": 172,
        "author": {
          "gitId": "lijiayu980606"
        },
        "content": "                listCmd.add(ddl);"
      },
      {
        "lineNumber": 173,
        "author": {
          "gitId": "lijiayu980606"
        },
        "content": "                System.out.println(\"    Got it. I\u0027ve added this task: \");"
      },
      {
        "lineNumber": 174,
        "author": {
          "gitId": "lijiayu980606"
        },
        "content": "                System.out.println(\"    [D][\\u2718]\"+ ddl.description+\" (by: \"+ddl.period+\")\");"
      },
      {
        "lineNumber": 175,
        "author": {
          "gitId": "lijiayu980606"
        },
        "content": "                System.out.println(\"    Now you have \"+ listCmd.size()+\" tasks in the list.\");"
      },
      {
        "lineNumber": 176,
        "author": {
          "gitId": "lijiayu980606"
        },
        "content": "                System.out.println(\"    --------------------------------------------------------\");"
      },
      {
        "lineNumber": 177,
        "author": {
          "gitId": "lijiayu980606"
        },
        "content": "            }else if(type.equals(\"event\")){"
      },
      {
        "lineNumber": 178,
        "author": {
          "gitId": "lijiayu980606"
        },
        "content": "                System.out.println(\"    --------------------------------------------------------\");"
      },
      {
        "lineNumber": 179,
        "author": {
          "gitId": "lijiayu980606"
        },
        "content": "                String evtCmd \u003d scCmd.nextLine();"
      },
      {
        "lineNumber": 180,
        "author": {
          "gitId": "lijiayu980606"
        },
        "content": "                Scanner evtSc \u003d new Scanner(evtCmd).useDelimiter(\"\\\\s*/at\\\\s*\");"
      },
      {
        "lineNumber": 181,
        "author": {
          "gitId": "lijiayu980606"
        },
        "content": "                Task event \u003d new Task(evtSc.next());"
      },
      {
        "lineNumber": 182,
        "author": {
          "gitId": "lijiayu980606"
        },
        "content": "                event.setPeriod(evtSc.next());"
      },
      {
        "lineNumber": 183,
        "author": {
          "gitId": "lijiayu980606"
        },
        "content": "                event.taskEvent();"
      },
      {
        "lineNumber": 184,
        "author": {
          "gitId": "lijiayu980606"
        },
        "content": "                listCmd.add(event);"
      },
      {
        "lineNumber": 185,
        "author": {
          "gitId": "lijiayu980606"
        },
        "content": "                System.out.println(\"    Got it. I\u0027ve added this task: \");"
      },
      {
        "lineNumber": 186,
        "author": {
          "gitId": "lijiayu980606"
        },
        "content": "                System.out.println(\"    [E][\\u2718]\"+ event.description +\" (at: \"+event.period+\")\");"
      },
      {
        "lineNumber": 187,
        "author": {
          "gitId": "lijiayu980606"
        },
        "content": "                System.out.println(\"    Now you have \"+ listCmd.size()+\" tasks in the list.\");"
      },
      {
        "lineNumber": 188,
        "author": {
          "gitId": "lijiayu980606"
        },
        "content": "                System.out.println(\"    --------------------------------------------------------\");"
      },
      {
        "lineNumber": 189,
        "author": {
          "gitId": "lijiayu980606"
        },
        "content": "            }"
      },
      {
        "lineNumber": 190,
        "author": {
          "gitId": "lijiayu980606"
        },
        "content": "        }"
      },
      {
        "lineNumber": 191,
        "author": {
          "gitId": "lijiayu980606"
        },
        "content": "    }"
      },
      {
        "lineNumber": 192,
        "author": {
          "gitId": "lijiayu980606"
        },
        "content": "}"
      },
      {
        "lineNumber": 193,
        "author": {
          "gitId": "lijiayu980606"
        },
        "content": "*/"
      }
    ],
    "authorContributionMap": {
      "lijiayu980606": 193
    }
  },
  {
    "path": "src/main/java/Duke.java",
    "lines": [
      {
        "lineNumber": 1,
        "author": {
          "gitId": "lijiayu980606"
        },
        "content": "import java.util.ArrayList;"
      },
      {
        "lineNumber": 2,
        "author": {
          "gitId": "lijiayu980606"
        },
        "content": "import java.util.List;"
      },
      {
        "lineNumber": 3,
        "author": {
          "gitId": "lijiayu980606"
        },
        "content": "import java.util.Scanner;"
      },
      {
        "lineNumber": 4,
        "author": {
          "gitId": "lijiayu980606"
        },
        "content": ""
      },
      {
        "lineNumber": 5,
        "author": {
          "gitId": "lijiayu980606"
        },
        "content": ""
      },
      {
        "lineNumber": 6,
        "author": {
          "gitId": "lijiayu980606"
        },
        "content": "public class Duke {"
      },
      {
        "lineNumber": 7,
        "author": {
          "gitId": "lijiayu980606"
        },
        "content": "    //level 5"
      },
      {
        "lineNumber": 8,
        "author": {
          "gitId": "lijiayu980606"
        },
        "content": "    public static void main(String[] args) {"
      },
      {
        "lineNumber": 9,
        "author": {
          "gitId": "lijiayu980606"
        },
        "content": "        String logo \u003d \" ____        _        \\n\""
      },
      {
        "lineNumber": 10,
        "author": {
          "gitId": "lijiayu980606"
        },
        "content": "                + \"|  _ \\\\ _   _| | _____ \\n\""
      },
      {
        "lineNumber": 11,
        "author": {
          "gitId": "lijiayu980606"
        },
        "content": "                + \"| | | | | | | |/ / _ \\\\\\n\""
      },
      {
        "lineNumber": 12,
        "author": {
          "gitId": "lijiayu980606"
        },
        "content": "                + \"| |_| | |_| |   \u003c  __/\\n\""
      },
      {
        "lineNumber": 13,
        "author": {
          "gitId": "lijiayu980606"
        },
        "content": "                + \"|____/ \\\\__,_|_|\\\\_\\\\___|\\n\";"
      },
      {
        "lineNumber": 14,
        "author": {
          "gitId": "lijiayu980606"
        },
        "content": "        System.out.println(\"Hello from\\n\" + logo);"
      },
      {
        "lineNumber": 15,
        "author": {
          "gitId": "lijiayu980606"
        },
        "content": "        System.out.println(\"    --------------------------------------------------------\");"
      },
      {
        "lineNumber": 16,
        "author": {
          "gitId": "lijiayu980606"
        },
        "content": "        System.out.println(\"    Hello! I\u0027m Duke\\n\" + \"    What can I do for you?\");"
      },
      {
        "lineNumber": 17,
        "author": {
          "gitId": "lijiayu980606"
        },
        "content": "        System.out.println(\"    --------------------------------------------------------\");"
      },
      {
        "lineNumber": 18,
        "author": {
          "gitId": "lijiayu980606"
        },
        "content": "        List\u003cTask\u003e listCmd \u003d new ArrayList\u003cTask\u003e();"
      },
      {
        "lineNumber": 19,
        "author": {
          "gitId": "lijiayu980606"
        },
        "content": "        while(true){"
      },
      {
        "lineNumber": 20,
        "author": {
          "gitId": "lijiayu980606"
        },
        "content": "            Scanner myObj \u003d new Scanner(System.in);"
      },
      {
        "lineNumber": 21,
        "author": {
          "gitId": "lijiayu980606"
        },
        "content": "            String ipt \u003d myObj.nextLine();"
      },
      {
        "lineNumber": 22,
        "author": {
          "gitId": "lijiayu980606"
        },
        "content": "            Scanner scCmd \u003d new Scanner(ipt);"
      },
      {
        "lineNumber": 23,
        "author": {
          "gitId": "lijiayu980606"
        },
        "content": "            String type \u003d scCmd.next();"
      },
      {
        "lineNumber": 24,
        "author": {
          "gitId": "lijiayu980606"
        },
        "content": "            if(type.equals(\"bye\")){"
      },
      {
        "lineNumber": 25,
        "author": {
          "gitId": "lijiayu980606"
        },
        "content": "                System.out.println(\"    --------------------------------------------------------\");"
      },
      {
        "lineNumber": 26,
        "author": {
          "gitId": "lijiayu980606"
        },
        "content": "                System.out.println(\"    Bye. Hope to see you again soon!\");"
      },
      {
        "lineNumber": 27,
        "author": {
          "gitId": "lijiayu980606"
        },
        "content": "                System.out.println(\"    --------------------------------------------------------\");"
      },
      {
        "lineNumber": 28,
        "author": {
          "gitId": "lijiayu980606"
        },
        "content": "                break;"
      },
      {
        "lineNumber": 29,
        "author": {
          "gitId": "lijiayu980606"
        },
        "content": "            }else if(type.equals(\"list\")){"
      },
      {
        "lineNumber": 30,
        "author": {
          "gitId": "lijiayu980606"
        },
        "content": "                System.out.println(\"    --------------------------------------------------------\");"
      },
      {
        "lineNumber": 31,
        "author": {
          "gitId": "lijiayu980606"
        },
        "content": "                int sizeCommand \u003d listCmd.size();"
      },
      {
        "lineNumber": 32,
        "author": {
          "gitId": "lijiayu980606"
        },
        "content": "                for(int i \u003d 0; i \u003c sizeCommand; i++){"
      },
      {
        "lineNumber": 33,
        "author": {
          "gitId": "lijiayu980606"
        },
        "content": "                    int num\u003di+1;"
      },
      {
        "lineNumber": 34,
        "author": {
          "gitId": "lijiayu980606"
        },
        "content": "                    if(listCmd.get(i).type.equals(\"T\")){"
      },
      {
        "lineNumber": 35,
        "author": {
          "gitId": "lijiayu980606"
        },
        "content": "                        System.out.println(\"    \"+ num + \".[\" +listCmd.get(i).type+\"]\"+\" [\"+ listCmd.get(i).getStatusIcon()+\"] \"+listCmd.get(i).description);"
      },
      {
        "lineNumber": 36,
        "author": {
          "gitId": "lijiayu980606"
        },
        "content": "                    }else if(listCmd.get(i).type.equals(\"D\")){"
      },
      {
        "lineNumber": 37,
        "author": {
          "gitId": "lijiayu980606"
        },
        "content": "                        System.out.println(\"    \"+ num + \".[\" +listCmd.get(i).type+\"]\"+\" [\"+ listCmd.get(i).getStatusIcon()+\"] \"+listCmd.get(i).description+\" (by: \"+listCmd.get(i).period+\")\");"
      },
      {
        "lineNumber": 38,
        "author": {
          "gitId": "lijiayu980606"
        },
        "content": "                    }else{"
      },
      {
        "lineNumber": 39,
        "author": {
          "gitId": "lijiayu980606"
        },
        "content": "                        System.out.println(\"    \"+ num + \".[\" +listCmd.get(i).type+\"]\"+\" [\"+ listCmd.get(i).getStatusIcon()+\"] \"+listCmd.get(i).description+\" (at: \"+listCmd.get(i).period+\")\");"
      },
      {
        "lineNumber": 40,
        "author": {
          "gitId": "lijiayu980606"
        },
        "content": "                    }"
      },
      {
        "lineNumber": 41,
        "author": {
          "gitId": "lijiayu980606"
        },
        "content": "                }"
      },
      {
        "lineNumber": 42,
        "author": {
          "gitId": "lijiayu980606"
        },
        "content": "                System.out.println(\"    --------------------------------------------------------\");"
      },
      {
        "lineNumber": 43,
        "author": {
          "gitId": "lijiayu980606"
        },
        "content": "            }else if (type.equals(\"done\")) {"
      },
      {
        "lineNumber": 44,
        "author": {
          "gitId": "lijiayu980606"
        },
        "content": "                System.out.println(\"    --------------------------------------------------------\");"
      },
      {
        "lineNumber": 45,
        "author": {
          "gitId": "lijiayu980606"
        },
        "content": "                //System.out.println(scCmd.next());"
      },
      {
        "lineNumber": 46,
        "author": {
          "gitId": "lijiayu980606"
        },
        "content": "                int i \u003dInteger.parseInt(scCmd.next())-1;"
      },
      {
        "lineNumber": 47,
        "author": {
          "gitId": "lijiayu980606"
        },
        "content": "                listCmd.get(i).markAsDone();"
      },
      {
        "lineNumber": 48,
        "author": {
          "gitId": "lijiayu980606"
        },
        "content": "                System.out.println(\"    Nice! I\u0027ve marked this task as done:\\n\"+\"    [\" + listCmd.get(i).getStatusIcon()+\"] \"+listCmd.get(i).description);"
      },
      {
        "lineNumber": 49,
        "author": {
          "gitId": "lijiayu980606"
        },
        "content": "                System.out.println(\"    --------------------------------------------------------\");"
      },
      {
        "lineNumber": 50,
        "author": {
          "gitId": "lijiayu980606"
        },
        "content": "            }else if(type.equals(\"todo\")) {"
      },
      {
        "lineNumber": 51,
        "author": {
          "gitId": "lijiayu980606"
        },
        "content": "                System.out.println(\"    --------------------------------------------------------\");"
      },
      {
        "lineNumber": 52,
        "author": {
          "gitId": "lijiayu980606"
        },
        "content": "                try{"
      },
      {
        "lineNumber": 53,
        "author": {
          "gitId": "lijiayu980606"
        },
        "content": "                    if(scCmd.hasNext()){"
      },
      {
        "lineNumber": 54,
        "author": {
          "gitId": "lijiayu980606"
        },
        "content": "                        Task todo \u003d new Task(scCmd.nextLine());"
      },
      {
        "lineNumber": 55,
        "author": {
          "gitId": "lijiayu980606"
        },
        "content": "                        listCmd.add(todo);"
      },
      {
        "lineNumber": 56,
        "author": {
          "gitId": "lijiayu980606"
        },
        "content": "                        System.out.println(\"    Got it. I\u0027ve added this task: \");"
      },
      {
        "lineNumber": 57,
        "author": {
          "gitId": "lijiayu980606"
        },
        "content": "                        System.out.println(\"    [T][\\u2718]\"+ todo.description);"
      },
      {
        "lineNumber": 58,
        "author": {
          "gitId": "lijiayu980606"
        },
        "content": "                        System.out.println(\"    Now you have \"+ listCmd.size()+\" tasks in the list.\");"
      },
      {
        "lineNumber": 59,
        "author": {
          "gitId": "lijiayu980606"
        },
        "content": "                    }else{"
      },
      {
        "lineNumber": 60,
        "author": {
          "gitId": "lijiayu980606"
        },
        "content": "                        throw new DukeException(\"The description of a todo cannot be empty.\");"
      },
      {
        "lineNumber": 61,
        "author": {
          "gitId": "lijiayu980606"
        },
        "content": "                    }"
      },
      {
        "lineNumber": 62,
        "author": {
          "gitId": "lijiayu980606"
        },
        "content": "                }catch (DukeException exception){"
      },
      {
        "lineNumber": 63,
        "author": {
          "gitId": "lijiayu980606"
        },
        "content": "                    System.out.println(\"    \\u2639 OOPS!!! \" + exception.getMessage());"
      },
      {
        "lineNumber": 64,
        "author": {
          "gitId": "lijiayu980606"
        },
        "content": "                }"
      },
      {
        "lineNumber": 65,
        "author": {
          "gitId": "lijiayu980606"
        },
        "content": "                System.out.println(\"    --------------------------------------------------------\");"
      },
      {
        "lineNumber": 66,
        "author": {
          "gitId": "lijiayu980606"
        },
        "content": "            }else if(type.equals(\"deadline\")) {"
      },
      {
        "lineNumber": 67,
        "author": {
          "gitId": "lijiayu980606"
        },
        "content": "                System.out.println(\"    --------------------------------------------------------\");"
      },
      {
        "lineNumber": 68,
        "author": {
          "gitId": "lijiayu980606"
        },
        "content": "                String ddlCmd \u003d scCmd.nextLine();"
      },
      {
        "lineNumber": 69,
        "author": {
          "gitId": "lijiayu980606"
        },
        "content": "                Scanner ddlSc \u003d new Scanner(ddlCmd).useDelimiter(\"\\\\s*/by\\\\s*\");"
      },
      {
        "lineNumber": 70,
        "author": {
          "gitId": "lijiayu980606"
        },
        "content": "                Task ddl \u003d new Task(ddlSc.next());"
      },
      {
        "lineNumber": 71,
        "author": {
          "gitId": "lijiayu980606"
        },
        "content": "                ddl.setPeriod(ddlSc.next());"
      },
      {
        "lineNumber": 72,
        "author": {
          "gitId": "lijiayu980606"
        },
        "content": "                ddl.taskDeadline();"
      },
      {
        "lineNumber": 73,
        "author": {
          "gitId": "lijiayu980606"
        },
        "content": "                listCmd.add(ddl);"
      },
      {
        "lineNumber": 74,
        "author": {
          "gitId": "lijiayu980606"
        },
        "content": "                System.out.println(\"    Got it. I\u0027ve added this task: \");"
      },
      {
        "lineNumber": 75,
        "author": {
          "gitId": "lijiayu980606"
        },
        "content": "                System.out.println(\"    [D][\\u2718]\"+ ddl.description+\" (by: \"+ddl.period+\")\");"
      },
      {
        "lineNumber": 76,
        "author": {
          "gitId": "lijiayu980606"
        },
        "content": "                System.out.println(\"    Now you have \"+ listCmd.size()+\" tasks in the list.\");"
      },
      {
        "lineNumber": 77,
        "author": {
          "gitId": "lijiayu980606"
        },
        "content": "                System.out.println(\"    --------------------------------------------------------\");"
      },
      {
        "lineNumber": 78,
        "author": {
          "gitId": "lijiayu980606"
        },
        "content": "            }else if(type.equals(\"event\")){"
      },
      {
        "lineNumber": 79,
        "author": {
          "gitId": "lijiayu980606"
        },
        "content": "                System.out.println(\"    --------------------------------------------------------\");"
      },
      {
        "lineNumber": 80,
        "author": {
          "gitId": "lijiayu980606"
        },
        "content": "                String evtCmd \u003d scCmd.nextLine();"
      },
      {
        "lineNumber": 81,
        "author": {
          "gitId": "lijiayu980606"
        },
        "content": "                Scanner evtSc \u003d new Scanner(evtCmd).useDelimiter(\"\\\\s*/at\\\\s*\");"
      },
      {
        "lineNumber": 82,
        "author": {
          "gitId": "lijiayu980606"
        },
        "content": "                Task event \u003d new Task(evtSc.next());"
      },
      {
        "lineNumber": 83,
        "author": {
          "gitId": "lijiayu980606"
        },
        "content": "                event.setPeriod(evtSc.next());"
      },
      {
        "lineNumber": 84,
        "author": {
          "gitId": "lijiayu980606"
        },
        "content": "                event.taskEvent();"
      },
      {
        "lineNumber": 85,
        "author": {
          "gitId": "lijiayu980606"
        },
        "content": "                listCmd.add(event);"
      },
      {
        "lineNumber": 86,
        "author": {
          "gitId": "lijiayu980606"
        },
        "content": "                System.out.println(\"    Got it. I\u0027ve added this task: \");"
      },
      {
        "lineNumber": 87,
        "author": {
          "gitId": "lijiayu980606"
        },
        "content": "                System.out.println(\"    [E][\\u2718]\"+ event.description +\" (at: \"+event.period+\")\");"
      },
      {
        "lineNumber": 88,
        "author": {
          "gitId": "lijiayu980606"
        },
        "content": "                System.out.println(\"    Now you have \"+ listCmd.size()+\" tasks in the list.\");"
      },
      {
        "lineNumber": 89,
        "author": {
          "gitId": "lijiayu980606"
        },
        "content": "                System.out.println(\"    --------------------------------------------------------\");"
      },
      {
        "lineNumber": 90,
        "author": {
          "gitId": "lijiayu980606"
        },
        "content": "            }else{"
      },
      {
        "lineNumber": 91,
        "author": {
          "gitId": "lijiayu980606"
        },
        "content": "                System.out.println(\"    --------------------------------------------------------\");"
      },
      {
        "lineNumber": 92,
        "author": {
          "gitId": "lijiayu980606"
        },
        "content": "                System.out.println(\"    \\u2639 OOPS!!! I\u0027m sorry, but I don\u0027t know what that means :-(\");"
      },
      {
        "lineNumber": 93,
        "author": {
          "gitId": "lijiayu980606"
        },
        "content": "                System.out.println(\"    --------------------------------------------------------\");"
      },
      {
        "lineNumber": 94,
        "author": {
          "gitId": "lijiayu980606"
        },
        "content": "            }"
      },
      {
        "lineNumber": 95,
        "author": {
          "gitId": "lijiayu980606"
        },
        "content": "        }"
      },
      {
        "lineNumber": 96,
        "author": {
          "gitId": "lijiayu980606"
        },
        "content": "    }"
      },
      {
        "lineNumber": 97,
        "author": {
          "gitId": "lijiayu980606"
        },
        "content": "}"
      },
      {
        "lineNumber": 98,
        "author": {
          "gitId": "lijiayu980606"
        },
        "content": ""
      }
    ],
    "authorContributionMap": {
      "lijiayu980606": 98
    }
  },
  {
    "path": "src/main/java/DukeException.java",
    "lines": [
      {
        "lineNumber": 1,
        "author": {
          "gitId": "lijiayu980606"
        },
        "content": "public class DukeException extends Exception{"
      },
      {
        "lineNumber": 2,
        "author": {
          "gitId": "lijiayu980606"
        },
        "content": "    public DukeException(String message) {"
      },
      {
        "lineNumber": 3,
        "author": {
          "gitId": "lijiayu980606"
        },
        "content": "        super(message);"
      },
      {
        "lineNumber": 4,
        "author": {
          "gitId": "lijiayu980606"
        },
        "content": "    }"
      },
      {
        "lineNumber": 5,
        "author": {
          "gitId": "lijiayu980606"
        },
        "content": "}"
      }
    ],
    "authorContributionMap": {
      "lijiayu980606": 5
    }
  },
  {
    "path": "src/main/java/Task.java",
    "lines": [
      {
        "lineNumber": 1,
        "author": {
          "gitId": "lijiayu980606"
        },
        "content": "//level3"
      },
      {
        "lineNumber": 2,
        "author": {
          "gitId": "lijiayu980606"
        },
        "content": "/*public class Task {"
      },
      {
        "lineNumber": 3,
        "author": {
          "gitId": "lijiayu980606"
        },
        "content": "    protected String description;"
      },
      {
        "lineNumber": 4,
        "author": {
          "gitId": "lijiayu980606"
        },
        "content": "    protected boolean isDone;"
      },
      {
        "lineNumber": 5,
        "author": {
          "gitId": "lijiayu980606"
        },
        "content": ""
      },
      {
        "lineNumber": 6,
        "author": {
          "gitId": "lijiayu980606"
        },
        "content": "    public Task(String description) {"
      },
      {
        "lineNumber": 7,
        "author": {
          "gitId": "lijiayu980606"
        },
        "content": "        this.description \u003d description;"
      },
      {
        "lineNumber": 8,
        "author": {
          "gitId": "lijiayu980606"
        },
        "content": "        this.isDone \u003d false;"
      },
      {
        "lineNumber": 9,
        "author": {
          "gitId": "lijiayu980606"
        },
        "content": "    }"
      },
      {
        "lineNumber": 10,
        "author": {
          "gitId": "lijiayu980606"
        },
        "content": ""
      },
      {
        "lineNumber": 11,
        "author": {
          "gitId": "lijiayu980606"
        },
        "content": "    public String getStatusIcon() {"
      },
      {
        "lineNumber": 12,
        "author": {
          "gitId": "lijiayu980606"
        },
        "content": "        return (isDone ? \"\\u2713\" : \"\\u2718\"); //return tick or X symbols"
      },
      {
        "lineNumber": 13,
        "author": {
          "gitId": "lijiayu980606"
        },
        "content": "    }"
      },
      {
        "lineNumber": 14,
        "author": {
          "gitId": "lijiayu980606"
        },
        "content": "    public void markAsDone(){"
      },
      {
        "lineNumber": 15,
        "author": {
          "gitId": "lijiayu980606"
        },
        "content": "        this.isDone \u003d true;"
      },
      {
        "lineNumber": 16,
        "author": {
          "gitId": "lijiayu980606"
        },
        "content": "    }"
      },
      {
        "lineNumber": 17,
        "author": {
          "gitId": "lijiayu980606"
        },
        "content": ""
      },
      {
        "lineNumber": 18,
        "author": {
          "gitId": "lijiayu980606"
        },
        "content": "}*/"
      },
      {
        "lineNumber": 19,
        "author": {
          "gitId": "lijiayu980606"
        },
        "content": "//level4"
      },
      {
        "lineNumber": 20,
        "author": {
          "gitId": "lijiayu980606"
        },
        "content": "public class Task {"
      },
      {
        "lineNumber": 21,
        "author": {
          "gitId": "lijiayu980606"
        },
        "content": "    protected String description;"
      },
      {
        "lineNumber": 22,
        "author": {
          "gitId": "lijiayu980606"
        },
        "content": "    protected boolean isDone;"
      },
      {
        "lineNumber": 23,
        "author": {
          "gitId": "lijiayu980606"
        },
        "content": "    protected String type;"
      },
      {
        "lineNumber": 24,
        "author": {
          "gitId": "lijiayu980606"
        },
        "content": "    protected String period;"
      },
      {
        "lineNumber": 25,
        "author": {
          "gitId": "lijiayu980606"
        },
        "content": ""
      },
      {
        "lineNumber": 26,
        "author": {
          "gitId": "lijiayu980606"
        },
        "content": "    public Task(String description) {"
      },
      {
        "lineNumber": 27,
        "author": {
          "gitId": "lijiayu980606"
        },
        "content": "        this.description \u003d description;"
      },
      {
        "lineNumber": 28,
        "author": {
          "gitId": "lijiayu980606"
        },
        "content": "        this.isDone \u003d false;"
      },
      {
        "lineNumber": 29,
        "author": {
          "gitId": "lijiayu980606"
        },
        "content": "        this.type \u003d \"T\";"
      },
      {
        "lineNumber": 30,
        "author": {
          "gitId": "lijiayu980606"
        },
        "content": "        this.period\u003dnull;"
      },
      {
        "lineNumber": 31,
        "author": {
          "gitId": "lijiayu980606"
        },
        "content": "    }"
      },
      {
        "lineNumber": 32,
        "author": {
          "gitId": "lijiayu980606"
        },
        "content": ""
      },
      {
        "lineNumber": 33,
        "author": {
          "gitId": "lijiayu980606"
        },
        "content": "    public String getStatusIcon() {"
      },
      {
        "lineNumber": 34,
        "author": {
          "gitId": "lijiayu980606"
        },
        "content": "        return (isDone ? \"\\u2713\" : \"\\u2718\"); //return tick or X symbols"
      },
      {
        "lineNumber": 35,
        "author": {
          "gitId": "lijiayu980606"
        },
        "content": "    }"
      },
      {
        "lineNumber": 36,
        "author": {
          "gitId": "lijiayu980606"
        },
        "content": "    public void markAsDone(){"
      },
      {
        "lineNumber": 37,
        "author": {
          "gitId": "lijiayu980606"
        },
        "content": "        this.isDone \u003d true;"
      },
      {
        "lineNumber": 38,
        "author": {
          "gitId": "lijiayu980606"
        },
        "content": "    }"
      },
      {
        "lineNumber": 39,
        "author": {
          "gitId": "lijiayu980606"
        },
        "content": "    public void taskDeadline(){"
      },
      {
        "lineNumber": 40,
        "author": {
          "gitId": "lijiayu980606"
        },
        "content": "        this.type\u003d\"D\";"
      },
      {
        "lineNumber": 41,
        "author": {
          "gitId": "lijiayu980606"
        },
        "content": "    }"
      },
      {
        "lineNumber": 42,
        "author": {
          "gitId": "lijiayu980606"
        },
        "content": "    public void taskEvent(){"
      },
      {
        "lineNumber": 43,
        "author": {
          "gitId": "lijiayu980606"
        },
        "content": "        this.type\u003d\"E\";"
      },
      {
        "lineNumber": 44,
        "author": {
          "gitId": "lijiayu980606"
        },
        "content": "    }"
      },
      {
        "lineNumber": 45,
        "author": {
          "gitId": "lijiayu980606"
        },
        "content": "    public void setPeriod(String timeString){"
      },
      {
        "lineNumber": 46,
        "author": {
          "gitId": "lijiayu980606"
        },
        "content": "        this.period\u003dtimeString;"
      },
      {
        "lineNumber": 47,
        "author": {
          "gitId": "lijiayu980606"
        },
        "content": "    }"
      },
      {
        "lineNumber": 48,
        "author": {
          "gitId": "lijiayu980606"
        },
        "content": ""
      },
      {
        "lineNumber": 49,
        "author": {
          "gitId": "lijiayu980606"
        },
        "content": "}"
      }
    ],
    "authorContributionMap": {
      "lijiayu980606": 49
    }
  }
]
