{
  "authorDailyContributionsMap": {
    "matthewng1996": [
      {
        "insertions": 82,
        "deletions": 10,
        "date": "2019-08-17",
        "commitResults": [
          {
            "hash": "e24e28f40e5d9bce4f4079e4f5653a7f8fea465a",
            "message": "First Commit - Level 1",
            "insertions": 26,
            "deletions": 1
          },
          {
            "hash": "03fd5182a73b81d0ccde62cdda7ede199afebb77",
            "message": "no message",
            "insertions": 0,
            "deletions": 1
          },
          {
            "hash": "6aff699b3aa3c6ecb84b632e297bfc7c5543f632",
            "message": "Level 2",
            "insertions": 17,
            "deletions": 4
          },
          {
            "hash": "6ca0539b2486f5d8a40b83ad89724a4ccdfef0df",
            "message": "Level 3",
            "insertions": 39,
            "deletions": 4
          }
        ]
      },
      {
        "insertions": 96,
        "deletions": 11,
        "date": "2019-08-23",
        "commitResults": [
          {
            "hash": "2313927343c1126a8c8826191a71f17b5fe28f12",
            "message": "Level 4",
            "insertions": 96,
            "deletions": 11
          }
        ]
      },
      {
        "insertions": 262,
        "deletions": 69,
        "date": "2019-08-24",
        "commitResults": [
          {
            "hash": "a09dd29773f9242c39506c25e707f916a788115d",
            "message": "Level 5",
            "insertions": 167,
            "deletions": 59
          },
          {
            "hash": "f11ad3ae4cc84cfe2935478c92d602283deaf097",
            "message": "Level-7",
            "insertions": 47,
            "deletions": 1
          },
          {
            "hash": "d843e3ddfcb2c9964fc1690b3eebdec1c8983cb2",
            "message": "Level 8",
            "insertions": 48,
            "deletions": 9
          }
        ]
      }
    ]
  },
  "authorFinalContributionMap": {
    "matthewng1996": 349
  },
  "authorFileFormatContributionMap": {
    "matthewng1996": {
      "adoc": 0,
      "cs": 0,
      "css": 0,
      "fxml": 0,
      "gradle": 0,
      "html": 0,
      "java": 349,
      "js": 0,
      "json": 0,
      "jsp": 0,
      "md": 0,
      "py": 0,
      "tag": 0,
      "txt": 0,
      "xml": 0
    }
  },
  "authorContributionVariance": {
    "matthewng1996": 8297.408
  },
  "authorDisplayNameMap": {
    "matthewng1996": "MAT ...  LE"
  }
}
