{
  "authorDailyContributionsMap": {
    "Kenneth Lee": [
      {
        "insertions": 41,
        "deletions": 12,
        "date": "2019-08-19",
        "commitResults": [
          {
            "hash": "e32458bc0b7173df0cab8c2c7130cd6ed2ee5dbf",
            "message": "Level-1, Greet, Echo, Exit",
            "insertions": 23,
            "deletions": 7
          },
          {
            "hash": "831b62805ea387882682e5eff67d8c20cd3db63f",
            "message": "Level-2, Add, List",
            "insertions": 18,
            "deletions": 5
          }
        ]
      },
      {
        "insertions": 61,
        "deletions": 16,
        "date": "2019-08-21",
        "commitResults": [
          {
            "hash": "25b38d4f99bac5b155553403d576523ffdc9fe13",
            "message": "Level-3, Mark as Done",
            "insertions": 44,
            "deletions": 14
          },
          {
            "hash": "05cb3b62347df6b673f7968623ff3ed1c62e89c6",
            "message": "Level-3, Mark as Done",
            "insertions": 17,
            "deletions": 2
          }
        ]
      },
      {
        "insertions": 178,
        "deletions": 103,
        "date": "2019-08-24",
        "commitResults": [
          {
            "hash": "ce44918a7eeb3e768e01e23dc44dbd97445b230a",
            "message": "Level-4, A-Inheritance",
            "insertions": 58,
            "deletions": 6
          },
          {
            "hash": "4ba450d44da79ab1871c2c0dbf0f960d03f71f6a",
            "message": "Revert \"Level-4, A-Inheritance\"",
            "insertions": 6,
            "deletions": 58
          },
          {
            "hash": "f93ff3ba4847cfcbe903966e49e1e50d36985396",
            "message": "Level-4, A-Inheritance",
            "insertions": 60,
            "deletions": 8
          },
          {
            "hash": "693f0a96653cdb0401910a5da0d9a5a5ac4bd923",
            "message": "Level-5, A-Exceptions",
            "insertions": 54,
            "deletions": 31
          }
        ]
      },
      {
        "insertions": 43,
        "deletions": 26,
        "date": "2019-08-26",
        "commitResults": [
          {
            "hash": "b3533659006cf071d9e9bbea2dcea7d3024a4198",
            "message": "Level-5, A-Exceptions",
            "insertions": 41,
            "deletions": 25
          },
          {
            "hash": "745e8344ce84cca2ee762c8882b5c2ba5dcb1389",
            "message": "Level-5, A-Exceptions",
            "insertions": 2,
            "deletions": 1
          }
        ]
      },
      {
        "insertions": 115,
        "deletions": 16,
        "date": "2019-08-27",
        "commitResults": [
          {
            "hash": "9101dcb6973363b0692d768d54c635b069626cde",
            "message": "Level-7, Save to Hard Disk",
            "insertions": 67,
            "deletions": 0
          },
          {
            "hash": "81d8e8e02bb1a1b22d68b37ed20f88b8e3cb0356",
            "message": "Level-8, Date and Time",
            "insertions": 48,
            "deletions": 16
          }
        ]
      }
    ],
    "Kenlhc": [
      {
        "insertions": 15,
        "deletions": 6,
        "date": "2019-08-29",
        "commitResults": [
          {
            "hash": "9b881456538e674c9039ab08acee498124bb4fed",
            "message": "Level-6, Delete",
            "insertions": 15,
            "deletions": 6
          }
        ]
      },
      {
        "insertions": 40,
        "deletions": 16,
        "date": "2019-08-30",
        "commitResults": [
          {
            "hash": "03ebf55e91fad8250b19dd98e32fa37fa3f90696",
            "message": "Level-6",
            "insertions": 4,
            "deletions": 4
          },
          {
            "hash": "95ba011357af3071179097b0dd83829837ddc6a6",
            "message": "Level-6",
            "insertions": 1,
            "deletions": 1
          },
          {
            "hash": "2bc12798ec9aa7ac28bf52452d5090c06a00c614",
            "message": "Level-9",
            "insertions": 32,
            "deletions": 7
          },
          {
            "hash": "77751fc75ba6c581bb3e05021fda60732dfe4343",
            "message": "A-TextUiTesting",
            "insertions": 3,
            "deletions": 4
          }
        ]
      },
      {
        "insertions": 2,
        "deletions": 4,
        "date": "2019-09-01",
        "commitResults": [
          {
            "hash": "548e97eb66cfcf5a97709a5d6faa2f91fa456c22",
            "message": "Implemented Java Collections Class",
            "insertions": 2,
            "deletions": 4
          }
        ]
      }
    ]
  },
  "authorFinalContributionMap": {
    "Kenneth Lee": 256,
    "Kenlhc": 45
  },
  "authorFileFormatContributionMap": {
    "Kenneth Lee": {
      "java": 255,
      "gradle": 1,
      "css": 0,
      "fxml": 0
    },
    "Kenlhc": {
      "java": 45,
      "gradle": 0,
      "css": 0,
      "fxml": 0
    }
  },
  "authorContributionVariance": {
    "Kenneth Lee": 5648.862,
    "Kenlhc": 210.24887
  },
  "authorDisplayNameMap": {
    "Kenneth Lee": "Kenneth Lee",
    "Kenlhc": "Kenlhc"
  }
}
