[
  {
    "path": "src/main/java/Deadline.java",
    "lines": [
      {
        "lineNumber": 1,
        "author": {
          "gitId": "Tianchang Liao"
        },
        "content": "public class Deadline extends Task {"
      },
      {
        "lineNumber": 2,
        "author": {
          "gitId": "Tianchang Liao"
        },
        "content": ""
      },
      {
        "lineNumber": 3,
        "author": {
          "gitId": "Tianchang Liao"
        },
        "content": "    protected String by;"
      },
      {
        "lineNumber": 4,
        "author": {
          "gitId": "Tianchang Liao"
        },
        "content": ""
      },
      {
        "lineNumber": 5,
        "author": {
          "gitId": "Tianchang Liao"
        },
        "content": "    public Deadline(String description, String by) {"
      },
      {
        "lineNumber": 6,
        "author": {
          "gitId": "Tianchang Liao"
        },
        "content": "        super(description);"
      },
      {
        "lineNumber": 7,
        "author": {
          "gitId": "Tianchang Liao"
        },
        "content": "        this.by \u003d by;"
      },
      {
        "lineNumber": 8,
        "author": {
          "gitId": "Tianchang Liao"
        },
        "content": "    }"
      },
      {
        "lineNumber": 9,
        "author": {
          "gitId": "Tianchang Liao"
        },
        "content": ""
      },
      {
        "lineNumber": 10,
        "author": {
          "gitId": "Tianchang Liao"
        },
        "content": "    @Override"
      },
      {
        "lineNumber": 11,
        "author": {
          "gitId": "Tianchang Liao"
        },
        "content": "    public String toString() {"
      },
      {
        "lineNumber": 12,
        "author": {
          "gitId": "Tianchang Liao"
        },
        "content": "        return \"[D]\" + super.toString() + \" (by: \" + by + \")\";"
      },
      {
        "lineNumber": 13,
        "author": {
          "gitId": "Tianchang Liao"
        },
        "content": "    }"
      },
      {
        "lineNumber": 14,
        "author": {
          "gitId": "Tianchang Liao"
        },
        "content": "}"
      }
    ],
    "authorContributionMap": {
      "Tianchang Liao": 14
    }
  },
  {
    "path": "src/main/java/Duke.java",
    "lines": [
      {
        "lineNumber": 1,
        "author": {
          "gitId": "Tianchang Liao"
        },
        "content": "import java.util.Scanner;"
      },
      {
        "lineNumber": 2,
        "author": {
          "gitId": "Tianchang Liao"
        },
        "content": "import java.util.ArrayList;"
      },
      {
        "lineNumber": 3,
        "author": {
          "gitId": "Tianchang Liao"
        },
        "content": ""
      },
      {
        "lineNumber": 4,
        "author": {
          "gitId": "-"
        },
        "content": "public class Duke {"
      },
      {
        "lineNumber": 5,
        "author": {
          "gitId": "Tianchang Liao"
        },
        "content": ""
      },
      {
        "lineNumber": 6,
        "author": {
          "gitId": "Tianchang Liao"
        },
        "content": "    private static ArrayList\u003cTask\u003e tasks \u003d new ArrayList\u003cTask\u003e();"
      },
      {
        "lineNumber": 7,
        "author": {
          "gitId": "Tianchang Liao"
        },
        "content": ""
      },
      {
        "lineNumber": 8,
        "author": {
          "gitId": "Tianchang Liao"
        },
        "content": "    static void addToList(String input) throws DukeException {"
      },
      {
        "lineNumber": 9,
        "author": {
          "gitId": "Tianchang Liao"
        },
        "content": "        String[] input2 \u003d input.split(\" \", 2);"
      },
      {
        "lineNumber": 10,
        "author": {
          "gitId": "Tianchang Liao"
        },
        "content": "        String first \u003d input2[0];"
      },
      {
        "lineNumber": 11,
        "author": {
          "gitId": "Tianchang Liao"
        },
        "content": "        String second \u003d null;"
      },
      {
        "lineNumber": 12,
        "author": {
          "gitId": "Tianchang Liao"
        },
        "content": "        try {"
      },
      {
        "lineNumber": 13,
        "author": {
          "gitId": "Tianchang Liao"
        },
        "content": "            second \u003d input2[1];"
      },
      {
        "lineNumber": 14,
        "author": {
          "gitId": "Tianchang Liao"
        },
        "content": "        } catch (Exception e) {"
      },
      {
        "lineNumber": 15,
        "author": {
          "gitId": "Tianchang Liao"
        },
        "content": "            throw new DukeException(input);"
      },
      {
        "lineNumber": 16,
        "author": {
          "gitId": "Tianchang Liao"
        },
        "content": "        }"
      },
      {
        "lineNumber": 17,
        "author": {
          "gitId": "Tianchang Liao"
        },
        "content": "        try {"
      },
      {
        "lineNumber": 18,
        "author": {
          "gitId": "Tianchang Liao"
        },
        "content": "            if (first.equals(\"todo\")) {"
      },
      {
        "lineNumber": 19,
        "author": {
          "gitId": "Tianchang Liao"
        },
        "content": "                ToDo temp \u003d new ToDo(second);"
      },
      {
        "lineNumber": 20,
        "author": {
          "gitId": "Tianchang Liao"
        },
        "content": "                tasks.add(temp);"
      },
      {
        "lineNumber": 21,
        "author": {
          "gitId": "Tianchang Liao"
        },
        "content": "                System.out.println(\"Got it. I\u0027ve added this task:\\n\""
      },
      {
        "lineNumber": 22,
        "author": {
          "gitId": "Tianchang Liao"
        },
        "content": "                        + temp.toString() + \"\\nNow you have \" + tasks.size()"
      },
      {
        "lineNumber": 23,
        "author": {
          "gitId": "Tianchang Liao"
        },
        "content": "                        + \" in the list.\");"
      },
      {
        "lineNumber": 24,
        "author": {
          "gitId": "Tianchang Liao"
        },
        "content": "            } else if (first.equals(\"done\")) {"
      },
      {
        "lineNumber": 25,
        "author": {
          "gitId": "Tianchang Liao"
        },
        "content": "                int temp \u003d Integer.parseInt(second) - 1;"
      },
      {
        "lineNumber": 26,
        "author": {
          "gitId": "Tianchang Liao"
        },
        "content": "                tasks.get(temp).markAsDone();"
      },
      {
        "lineNumber": 27,
        "author": {
          "gitId": "Tianchang Liao"
        },
        "content": "                System.out.println(\"Nice! I\u0027ve marked this task as done:\\n\""
      },
      {
        "lineNumber": 28,
        "author": {
          "gitId": "Tianchang Liao"
        },
        "content": "                        + tasks.get(temp).toString());"
      },
      {
        "lineNumber": 29,
        "author": {
          "gitId": "Tianchang Liao"
        },
        "content": "            } else {"
      },
      {
        "lineNumber": 30,
        "author": {
          "gitId": "Tianchang Liao"
        },
        "content": "                String[] input3 \u003d second.split(\"/\", 2);"
      },
      {
        "lineNumber": 31,
        "author": {
          "gitId": "Tianchang Liao"
        },
        "content": "                String task \u003d input3[0];"
      },
      {
        "lineNumber": 32,
        "author": {
          "gitId": "Tianchang Liao"
        },
        "content": "                String date \u003d input3[1].substring(3);"
      },
      {
        "lineNumber": 33,
        "author": {
          "gitId": "Tianchang Liao"
        },
        "content": "                if (first.equals(\"deadline\")) {"
      },
      {
        "lineNumber": 34,
        "author": {
          "gitId": "Tianchang Liao"
        },
        "content": "                    Deadline deadline \u003d new Deadline(task, date);"
      },
      {
        "lineNumber": 35,
        "author": {
          "gitId": "Tianchang Liao"
        },
        "content": "                    tasks.add(deadline);"
      },
      {
        "lineNumber": 36,
        "author": {
          "gitId": "Tianchang Liao"
        },
        "content": "                    System.out.println(\"Got it. I\u0027ve added this task:\\n\""
      },
      {
        "lineNumber": 37,
        "author": {
          "gitId": "Tianchang Liao"
        },
        "content": "                            + deadline.toString() + \"\\nNow you have \" + tasks.size()"
      },
      {
        "lineNumber": 38,
        "author": {
          "gitId": "Tianchang Liao"
        },
        "content": "                            + \" in the list.\");"
      },
      {
        "lineNumber": 39,
        "author": {
          "gitId": "Tianchang Liao"
        },
        "content": "                } else if (first.equals(\"event\")) {"
      },
      {
        "lineNumber": 40,
        "author": {
          "gitId": "Tianchang Liao"
        },
        "content": "                    Event event \u003d new Event(task, date);"
      },
      {
        "lineNumber": 41,
        "author": {
          "gitId": "Tianchang Liao"
        },
        "content": "                    tasks.add(event);"
      },
      {
        "lineNumber": 42,
        "author": {
          "gitId": "Tianchang Liao"
        },
        "content": "                    System.out.println(\"Got it. I\u0027ve added this task:\\n\""
      },
      {
        "lineNumber": 43,
        "author": {
          "gitId": "Tianchang Liao"
        },
        "content": "                            + event.toString() + \"\\nNow you have \" + tasks.size()"
      },
      {
        "lineNumber": 44,
        "author": {
          "gitId": "Tianchang Liao"
        },
        "content": "                            + \" in the list.\");"
      },
      {
        "lineNumber": 45,
        "author": {
          "gitId": "Tianchang Liao"
        },
        "content": "                }"
      },
      {
        "lineNumber": 46,
        "author": {
          "gitId": "Tianchang Liao"
        },
        "content": "            }"
      },
      {
        "lineNumber": 47,
        "author": {
          "gitId": "Tianchang Liao"
        },
        "content": "        } catch (Exception e) {"
      },
      {
        "lineNumber": 48,
        "author": {
          "gitId": "Tianchang Liao"
        },
        "content": "            throw new DukeException(input);"
      },
      {
        "lineNumber": 49,
        "author": {
          "gitId": "Tianchang Liao"
        },
        "content": "        }"
      },
      {
        "lineNumber": 50,
        "author": {
          "gitId": "Tianchang Liao"
        },
        "content": "    }"
      },
      {
        "lineNumber": 51,
        "author": {
          "gitId": "Tianchang Liao"
        },
        "content": ""
      },
      {
        "lineNumber": 52,
        "author": {
          "gitId": "Tianchang Liao"
        },
        "content": "    public static void receiveInputs() {"
      },
      {
        "lineNumber": 53,
        "author": {
          "gitId": "Tianchang Liao"
        },
        "content": "        while (true) {"
      },
      {
        "lineNumber": 54,
        "author": {
          "gitId": "Tianchang Liao"
        },
        "content": "            try {"
      },
      {
        "lineNumber": 55,
        "author": {
          "gitId": "Tianchang Liao"
        },
        "content": "                Scanner sc \u003d new Scanner(System.in);"
      },
      {
        "lineNumber": 56,
        "author": {
          "gitId": "Tianchang Liao"
        },
        "content": "                String input \u003d sc.nextLine();"
      },
      {
        "lineNumber": 57,
        "author": {
          "gitId": "Tianchang Liao"
        },
        "content": "                if (input.equals(\"bye\")) {"
      },
      {
        "lineNumber": 58,
        "author": {
          "gitId": "Tianchang Liao"
        },
        "content": "                    System.out.println(\"Bye. Hope to see you again soon!\");"
      },
      {
        "lineNumber": 59,
        "author": {
          "gitId": "Tianchang Liao"
        },
        "content": "                    break;"
      },
      {
        "lineNumber": 60,
        "author": {
          "gitId": "Tianchang Liao"
        },
        "content": "                } else if (input.equals(\"list\")) {"
      },
      {
        "lineNumber": 61,
        "author": {
          "gitId": "Tianchang Liao"
        },
        "content": "                    for (int i \u003d 0; i \u003c tasks.size(); i++) {"
      },
      {
        "lineNumber": 62,
        "author": {
          "gitId": "Tianchang Liao"
        },
        "content": "                        System.out.println(i + 1 + \".\" + tasks.get(i).toString());"
      },
      {
        "lineNumber": 63,
        "author": {
          "gitId": "Tianchang Liao"
        },
        "content": "                    }"
      },
      {
        "lineNumber": 64,
        "author": {
          "gitId": "Tianchang Liao"
        },
        "content": "                } else {"
      },
      {
        "lineNumber": 65,
        "author": {
          "gitId": "Tianchang Liao"
        },
        "content": "                    addToList(input);"
      },
      {
        "lineNumber": 66,
        "author": {
          "gitId": "Tianchang Liao"
        },
        "content": "                }"
      },
      {
        "lineNumber": 67,
        "author": {
          "gitId": "Tianchang Liao"
        },
        "content": "            } catch (DukeException e) {"
      },
      {
        "lineNumber": 68,
        "author": {
          "gitId": "Tianchang Liao"
        },
        "content": "                System.out.println(e.getMessage());"
      },
      {
        "lineNumber": 69,
        "author": {
          "gitId": "Tianchang Liao"
        },
        "content": "            }"
      },
      {
        "lineNumber": 70,
        "author": {
          "gitId": "Tianchang Liao"
        },
        "content": "        }"
      },
      {
        "lineNumber": 71,
        "author": {
          "gitId": "Tianchang Liao"
        },
        "content": "    }"
      },
      {
        "lineNumber": 72,
        "author": {
          "gitId": "Tianchang Liao"
        },
        "content": ""
      },
      {
        "lineNumber": 73,
        "author": {
          "gitId": "-"
        },
        "content": "    public static void main(String[] args) {"
      },
      {
        "lineNumber": 74,
        "author": {
          "gitId": "-"
        },
        "content": "        String logo \u003d \" ____        _        \\n\""
      },
      {
        "lineNumber": 75,
        "author": {
          "gitId": "Tianchang Liao"
        },
        "content": "                    + \"|  _ \\\\ _   _| | _____ \\n\""
      },
      {
        "lineNumber": 76,
        "author": {
          "gitId": "Tianchang Liao"
        },
        "content": "                    + \"| | | | | | | |/ / _ \\\\\\n\""
      },
      {
        "lineNumber": 77,
        "author": {
          "gitId": "Tianchang Liao"
        },
        "content": "                    + \"| |_| | |_| |   \u003c  __/\\n\""
      },
      {
        "lineNumber": 78,
        "author": {
          "gitId": "Tianchang Liao"
        },
        "content": "                    + \"|____/ \\\\__,_|_|\\\\_\\\\___|\\n\";"
      },
      {
        "lineNumber": 79,
        "author": {
          "gitId": "-"
        },
        "content": "        System.out.println(\"Hello from\\n\" + logo);"
      },
      {
        "lineNumber": 80,
        "author": {
          "gitId": "Tianchang Liao"
        },
        "content": "        System.out.println(\"Hello! I\u0027m Duke\\nWhat can I do for you?\");"
      },
      {
        "lineNumber": 81,
        "author": {
          "gitId": "Tianchang Liao"
        },
        "content": "        receiveInputs();"
      },
      {
        "lineNumber": 82,
        "author": {
          "gitId": "-"
        },
        "content": "    }"
      },
      {
        "lineNumber": 83,
        "author": {
          "gitId": "-"
        },
        "content": "}"
      }
    ],
    "authorContributionMap": {
      "Tianchang Liao": 77,
      "-": 6
    }
  },
  {
    "path": "src/main/java/DukeException.java",
    "lines": [
      {
        "lineNumber": 1,
        "author": {
          "gitId": "Tianchang Liao"
        },
        "content": "public class DukeException extends Exception {"
      },
      {
        "lineNumber": 2,
        "author": {
          "gitId": "Tianchang Liao"
        },
        "content": ""
      },
      {
        "lineNumber": 3,
        "author": {
          "gitId": "Tianchang Liao"
        },
        "content": "    private String input;"
      },
      {
        "lineNumber": 4,
        "author": {
          "gitId": "Tianchang Liao"
        },
        "content": ""
      },
      {
        "lineNumber": 5,
        "author": {
          "gitId": "Tianchang Liao"
        },
        "content": "    DukeException (String str) {"
      },
      {
        "lineNumber": 6,
        "author": {
          "gitId": "Tianchang Liao"
        },
        "content": "        this.input \u003d str;"
      },
      {
        "lineNumber": 7,
        "author": {
          "gitId": "Tianchang Liao"
        },
        "content": "    }"
      },
      {
        "lineNumber": 8,
        "author": {
          "gitId": "Tianchang Liao"
        },
        "content": ""
      },
      {
        "lineNumber": 9,
        "author": {
          "gitId": "Tianchang Liao"
        },
        "content": "    public String getMessage() {"
      },
      {
        "lineNumber": 10,
        "author": {
          "gitId": "Tianchang Liao"
        },
        "content": "        String message;"
      },
      {
        "lineNumber": 11,
        "author": {
          "gitId": "Tianchang Liao"
        },
        "content": "        if (this.input.trim().equals(\"todo\")) {"
      },
      {
        "lineNumber": 12,
        "author": {
          "gitId": "Tianchang Liao"
        },
        "content": "            message \u003d \"OOPS!!! The description of a todo cannot be empty.\";"
      },
      {
        "lineNumber": 13,
        "author": {
          "gitId": "Tianchang Liao"
        },
        "content": "        } else if (this.input.trim().equals(\"deadline\")) {"
      },
      {
        "lineNumber": 14,
        "author": {
          "gitId": "Tianchang Liao"
        },
        "content": "            message \u003d \"OOPS!!! The description of a deadline cannot be empty.\";"
      },
      {
        "lineNumber": 15,
        "author": {
          "gitId": "Tianchang Liao"
        },
        "content": "        } else if (this.input.trim().equals(\"event\")) {"
      },
      {
        "lineNumber": 16,
        "author": {
          "gitId": "Tianchang Liao"
        },
        "content": "            message \u003d \"OOPS!!! The description of a event cannot be empty.\";"
      },
      {
        "lineNumber": 17,
        "author": {
          "gitId": "Tianchang Liao"
        },
        "content": "        } else {"
      },
      {
        "lineNumber": 18,
        "author": {
          "gitId": "Tianchang Liao"
        },
        "content": "            message \u003d \"OOPS!!! I\u0027m sorry, but I don\u0027t know what that means :-(\";"
      },
      {
        "lineNumber": 19,
        "author": {
          "gitId": "Tianchang Liao"
        },
        "content": "        }"
      },
      {
        "lineNumber": 20,
        "author": {
          "gitId": "Tianchang Liao"
        },
        "content": "        return message;"
      },
      {
        "lineNumber": 21,
        "author": {
          "gitId": "Tianchang Liao"
        },
        "content": "    }"
      },
      {
        "lineNumber": 22,
        "author": {
          "gitId": "Tianchang Liao"
        },
        "content": "}"
      }
    ],
    "authorContributionMap": {
      "Tianchang Liao": 22
    }
  },
  {
    "path": "src/main/java/Event.java",
    "lines": [
      {
        "lineNumber": 1,
        "author": {
          "gitId": "Tianchang Liao"
        },
        "content": "public class Event extends Task {"
      },
      {
        "lineNumber": 2,
        "author": {
          "gitId": "Tianchang Liao"
        },
        "content": ""
      },
      {
        "lineNumber": 3,
        "author": {
          "gitId": "Tianchang Liao"
        },
        "content": "    protected String at;"
      },
      {
        "lineNumber": 4,
        "author": {
          "gitId": "Tianchang Liao"
        },
        "content": ""
      },
      {
        "lineNumber": 5,
        "author": {
          "gitId": "Tianchang Liao"
        },
        "content": "    public Event (String description, String at) {"
      },
      {
        "lineNumber": 6,
        "author": {
          "gitId": "Tianchang Liao"
        },
        "content": "        super(description);"
      },
      {
        "lineNumber": 7,
        "author": {
          "gitId": "Tianchang Liao"
        },
        "content": "        this.at \u003d at;"
      },
      {
        "lineNumber": 8,
        "author": {
          "gitId": "Tianchang Liao"
        },
        "content": "    }"
      },
      {
        "lineNumber": 9,
        "author": {
          "gitId": "Tianchang Liao"
        },
        "content": ""
      },
      {
        "lineNumber": 10,
        "author": {
          "gitId": "Tianchang Liao"
        },
        "content": "    @Override"
      },
      {
        "lineNumber": 11,
        "author": {
          "gitId": "Tianchang Liao"
        },
        "content": "    public String toString() {"
      },
      {
        "lineNumber": 12,
        "author": {
          "gitId": "Tianchang Liao"
        },
        "content": "        return \"[E]\" + super.toString() + \" (at: \" + at + \")\";"
      },
      {
        "lineNumber": 13,
        "author": {
          "gitId": "Tianchang Liao"
        },
        "content": "    }"
      },
      {
        "lineNumber": 14,
        "author": {
          "gitId": "Tianchang Liao"
        },
        "content": "}"
      }
    ],
    "authorContributionMap": {
      "Tianchang Liao": 14
    }
  },
  {
    "path": "src/main/java/Task.java",
    "lines": [
      {
        "lineNumber": 1,
        "author": {
          "gitId": "Tianchang Liao"
        },
        "content": "public class Task {"
      },
      {
        "lineNumber": 2,
        "author": {
          "gitId": "Tianchang Liao"
        },
        "content": "    protected String description;"
      },
      {
        "lineNumber": 3,
        "author": {
          "gitId": "Tianchang Liao"
        },
        "content": "    protected boolean isDone;"
      },
      {
        "lineNumber": 4,
        "author": {
          "gitId": "Tianchang Liao"
        },
        "content": ""
      },
      {
        "lineNumber": 5,
        "author": {
          "gitId": "Tianchang Liao"
        },
        "content": "    public Task(String description) {"
      },
      {
        "lineNumber": 6,
        "author": {
          "gitId": "Tianchang Liao"
        },
        "content": "        this.description \u003d description;"
      },
      {
        "lineNumber": 7,
        "author": {
          "gitId": "Tianchang Liao"
        },
        "content": "        this.isDone \u003d false;"
      },
      {
        "lineNumber": 8,
        "author": {
          "gitId": "Tianchang Liao"
        },
        "content": "    }"
      },
      {
        "lineNumber": 9,
        "author": {
          "gitId": "Tianchang Liao"
        },
        "content": ""
      },
      {
        "lineNumber": 10,
        "author": {
          "gitId": "Tianchang Liao"
        },
        "content": "    public String getStatusIcon() {"
      },
      {
        "lineNumber": 11,
        "author": {
          "gitId": "Tianchang Liao"
        },
        "content": "        return (isDone ? \"\\u2713\" : \"\\u2718\"); //return tick or X symbols"
      },
      {
        "lineNumber": 12,
        "author": {
          "gitId": "Tianchang Liao"
        },
        "content": "    }"
      },
      {
        "lineNumber": 13,
        "author": {
          "gitId": "Tianchang Liao"
        },
        "content": ""
      },
      {
        "lineNumber": 14,
        "author": {
          "gitId": "Tianchang Liao"
        },
        "content": "    public void markAsDone() {"
      },
      {
        "lineNumber": 15,
        "author": {
          "gitId": "Tianchang Liao"
        },
        "content": "        this.isDone \u003d true;"
      },
      {
        "lineNumber": 16,
        "author": {
          "gitId": "Tianchang Liao"
        },
        "content": "    }"
      },
      {
        "lineNumber": 17,
        "author": {
          "gitId": "Tianchang Liao"
        },
        "content": ""
      },
      {
        "lineNumber": 18,
        "author": {
          "gitId": "Tianchang Liao"
        },
        "content": "    public String toString() {"
      },
      {
        "lineNumber": 19,
        "author": {
          "gitId": "Tianchang Liao"
        },
        "content": "        return \"[\" + this.getStatusIcon() + \"] \" + this.description;"
      },
      {
        "lineNumber": 20,
        "author": {
          "gitId": "Tianchang Liao"
        },
        "content": "    }"
      },
      {
        "lineNumber": 21,
        "author": {
          "gitId": "Tianchang Liao"
        },
        "content": "}"
      }
    ],
    "authorContributionMap": {
      "Tianchang Liao": 21
    }
  },
  {
    "path": "src/main/java/ToDo.java",
    "lines": [
      {
        "lineNumber": 1,
        "author": {
          "gitId": "Tianchang Liao"
        },
        "content": "public class ToDo extends Task {"
      },
      {
        "lineNumber": 2,
        "author": {
          "gitId": "Tianchang Liao"
        },
        "content": ""
      },
      {
        "lineNumber": 3,
        "author": {
          "gitId": "Tianchang Liao"
        },
        "content": "    public ToDo(String description) {"
      },
      {
        "lineNumber": 4,
        "author": {
          "gitId": "Tianchang Liao"
        },
        "content": "        super(description);"
      },
      {
        "lineNumber": 5,
        "author": {
          "gitId": "Tianchang Liao"
        },
        "content": "    }"
      },
      {
        "lineNumber": 6,
        "author": {
          "gitId": "Tianchang Liao"
        },
        "content": ""
      },
      {
        "lineNumber": 7,
        "author": {
          "gitId": "Tianchang Liao"
        },
        "content": "    @Override"
      },
      {
        "lineNumber": 8,
        "author": {
          "gitId": "Tianchang Liao"
        },
        "content": "    public String toString() {"
      },
      {
        "lineNumber": 9,
        "author": {
          "gitId": "Tianchang Liao"
        },
        "content": "        return \"[T]\" + super.toString();"
      },
      {
        "lineNumber": 10,
        "author": {
          "gitId": "Tianchang Liao"
        },
        "content": "    }"
      },
      {
        "lineNumber": 11,
        "author": {
          "gitId": "Tianchang Liao"
        },
        "content": "}"
      }
    ],
    "authorContributionMap": {
      "Tianchang Liao": 11
    }
  }
]
