{
  "authorDailyContributionsMap": {
    "talesrune": [
      {
        "insertions": 145,
        "deletions": 37,
        "date": "2019-08-25",
        "commitResults": [
          {
            "hash": "416b5c94552cdd5d6fd1972c2a003f8633aab6d8",
            "messageTitle": "Completed Gradle Tutorial",
            "messageBody": "",
            "insertions": 39,
            "deletions": 2
          },
          {
            "hash": "66255c5a63e10b47f3ce80c71f8e2439bf4a40ff",
            "messageTitle": "Completed Level 1: Greet, Echo, Exit",
            "messageBody": "",
            "insertions": 21,
            "deletions": 6
          },
          {
            "hash": "ebf812baf1b0df3f527791b2e82d35ce07a128b7",
            "messageTitle": "Completed Level 2. Add, List",
            "messageBody": "",
            "insertions": 11,
            "deletions": 2
          },
          {
            "hash": "52cf89cd63c62f0e42a02308a35799fcaf187653",
            "messageTitle": "Completed Level 3. Mark as Done (using string and boolean arrays)",
            "messageBody": "",
            "insertions": 27,
            "deletions": 3
          },
          {
            "hash": "e68ff6d3b66f46ff881429ada75fed57c910f425",
            "messageTitle": "Updated Level 3 with class, replacing string and boolean arrays",
            "messageBody": "",
            "insertions": 47,
            "deletions": 24
          }
        ]
      },
      {
        "insertions": 193,
        "deletions": 115,
        "date": "2019-08-26",
        "commitResults": [
          {
            "hash": "ca24376a3cc42d94373bf019c4e416c72ee6810e",
            "messageTitle": "Completed Level 4. ToDo, Event, Deadline, and Inheritance extension",
            "messageBody": "",
            "insertions": 92,
            "deletions": 12
          },
          {
            "hash": "ea4da4ec5c7bee566acb4361fd1a1ac7bafed397",
            "messageTitle": "Revert \"Completed Level 4. ToDo, Event, Deadline, and Inheritance extension\"",
            "messageBody": "This reverts commit ca24376a3cc42d94373bf019c4e416c72ee6810e.\n",
            "insertions": 12,
            "deletions": 92
          },
          {
            "hash": "be8f44707d8f31cc41fd93cd550cd82091816077",
            "messageTitle": "Completed Level 4. ToDo, Event, Deadline, and Inheritance extension (again)",
            "messageBody": "",
            "insertions": 89,
            "deletions": 11
          }
        ]
      },
      {
        "insertions": 114,
        "deletions": 80,
        "date": "2019-08-27",
        "commitResults": [
          {
            "hash": "8c7ae93ee39d2ea270f403b01911c49f0a94ebb7",
            "messageTitle": "Completed Level 5. Handle Errors",
            "messageBody": "",
            "insertions": 42,
            "deletions": 20
          },
          {
            "hash": "0d433fb6e9504762bd72833f9a600b7850dc2f05",
            "messageTitle": "Added extension: Exceptions",
            "messageBody": "",
            "insertions": 72,
            "deletions": 60
          }
        ]
      },
      {
        "insertions": 198,
        "deletions": 24,
        "date": "2019-08-28",
        "commitResults": [
          {
            "hash": "20b5b926d2265500943abd609bae54ca3d8d0121",
            "messageTitle": "Completed Level 7. Save",
            "messageBody": "",
            "insertions": 107,
            "deletions": 13
          },
          {
            "hash": "3996b6e0457c309f00fd3398171a72f3075b04f2",
            "messageTitle": "Completed Level 8. Dates and Times",
            "messageBody": "",
            "insertions": 91,
            "deletions": 11
          }
        ]
      },
      {
        "insertions": 26,
        "deletions": 29,
        "date": "2019-08-31",
        "commitResults": [
          {
            "hash": "f546d2a57de38dad653fd295e6a2dbf581661dcc",
            "messageTitle": "Completed Level 6. Delete and added extension of using Java Collections classes",
            "messageBody": "",
            "insertions": 26,
            "deletions": 29
          }
        ]
      },
      {
        "insertions": 380,
        "deletions": 187,
        "date": "2019-09-01",
        "commitResults": [
          {
            "hash": "6298edf14c9ef44946fba8c385497cf5b1f5c627",
            "messageTitle": "Completed Level 9. Find",
            "messageBody": "",
            "insertions": 20,
            "deletions": 0
          },
          {
            "hash": "495ab7ee2b86b9bb9a28d0682465eb45d92dc230",
            "messageTitle": "Added More OOP (Minimal version)",
            "messageBody": "",
            "insertions": 360,
            "deletions": 187
          }
        ]
      },
      {
        "insertions": 205,
        "deletions": 0,
        "date": "2019-09-04",
        "commitResults": [
          {
            "hash": "cac5cc5eaed28b3fb06b18246d3d4c782d126fc2",
            "messageTitle": "Completed JavaFx tutorials, not yet integrated Duke bot into GUI.",
            "messageBody": "",
            "insertions": 205,
            "deletions": 0
          }
        ]
      },
      {
        "insertions": 567,
        "deletions": 137,
        "date": "2019-09-09",
        "commitResults": [
          {
            "hash": "0a44a3a62dfea767edf0d652af6c4ac6a832ed18",
            "messageTitle": "Updated MoreOOP by adding Command Classes",
            "messageBody": "",
            "insertions": 295,
            "deletions": 111
          },
          {
            "hash": "aa42ca2906aac24dd0d03541f5c78db459f848df",
            "messageTitle": "Completed Level 10. GUI (Both CLI and GUI are working)",
            "messageBody": "",
            "insertions": 272,
            "deletions": 26
          }
        ]
      },
      {
        "insertions": 996,
        "deletions": 130,
        "date": "2019-09-10",
        "commitResults": [
          {
            "hash": "b4a3a61beaaec2a1b9caa2a6d9357bd2dd0f45da",
            "messageTitle": "Completed JUnit testing.",
            "messageBody": "",
            "insertions": 443,
            "deletions": 82
          },
          {
            "hash": "25d959d5658af2b1641318e4e3dc760e0980dc2f",
            "messageTitle": "Completed JavaDoc.",
            "messageBody": "",
            "insertions": 553,
            "deletions": 48
          }
        ]
      }
    ]
  },
  "authorFinalContributionMap": {
    "talesrune": 2087
  },
  "authorFileTypeContributionMap": {
    "talesrune": {
      "java": 2011,
      "gradle": 33,
      "css": 0,
      "fxml": 43
    }
  },
  "authorContributionVariance": {
    "talesrune": 75665.914
  },
  "authorDisplayNameMap": {
    "talesrune": "T13-4 LIM..WEI"
  }
}
