{
  "authorDailyContributionsMap": {
    "ziyun99": [
      {
        "insertions": 48,
        "deletions": 17,
        "date": "2019-08-20",
        "commitResults": [
          {
            "hash": "f78a0e0fe13e3434e18b5e950b079d190267501d",
            "messageTitle": "A-Gradle",
            "messageBody": "",
            "insertions": 48,
            "deletions": 17
          }
        ]
      },
      {
        "insertions": 36,
        "deletions": 6,
        "date": "2019-08-21",
        "commitResults": [
          {
            "hash": "621199c2e23841070f922378dd4786255af57f88",
            "messageTitle": "Level-1",
            "messageBody": "",
            "insertions": 36,
            "deletions": 6
          }
        ]
      },
      {
        "insertions": 76,
        "deletions": 17,
        "date": "2019-08-22",
        "commitResults": [
          {
            "hash": "d858895011192de7b674db2277a6b37f067ba0f6",
            "messageTitle": "Level-2",
            "messageBody": "",
            "insertions": 49,
            "deletions": 14
          },
          {
            "hash": "7e9a76e97ba5c694b75b70a447f1f0cb34b9df63",
            "messageTitle": "Level-3 Mark as Done",
            "messageBody": "",
            "insertions": 27,
            "deletions": 3
          }
        ]
      },
      {
        "insertions": 116,
        "deletions": 56,
        "date": "2019-08-26",
        "commitResults": [
          {
            "hash": "1d5eba2b80931ed82780335a22654d7bd3a25e4e",
            "messageTitle": "Level3: MarkAsDone A-Classes",
            "messageBody": "",
            "insertions": 116,
            "deletions": 56
          }
        ]
      },
      {
        "insertions": 143,
        "deletions": 47,
        "date": "2019-08-28",
        "commitResults": [
          {
            "hash": "e4e9efb535a7552d82cabdfe05a391116a3f156f",
            "messageTitle": "Level-4 ToDo, Event, Deadline",
            "messageBody": "",
            "insertions": 143,
            "deletions": 47
          }
        ]
      },
      {
        "insertions": 426,
        "deletions": 101,
        "date": "2019-08-29",
        "commitResults": [
          {
            "hash": "136c5fc592d5d0b437b2bf2736327edf543113bd",
            "messageTitle": "Lvl4 handle exception",
            "messageBody": "",
            "insertions": 184,
            "deletions": 46
          },
          {
            "hash": "0dfe15c4ff6e1f901d8172200bf2b25dda89afab",
            "messageTitle": "Lvl 7 : Save",
            "messageBody": "",
            "insertions": 216,
            "deletions": 46
          },
          {
            "hash": "db30cbdd7438c3a930313df1b3cb77220d4887d1",
            "messageTitle": "Level 8: Date and TIme",
            "messageBody": "",
            "insertions": 26,
            "deletions": 9
          }
        ]
      },
      {
        "insertions": 19,
        "deletions": 12,
        "date": "2019-09-03",
        "commitResults": [
          {
            "hash": "535c052dc2dcb6d5c27e8e184468e48dffee762b",
            "messageTitle": "commit before revert",
            "messageBody": "",
            "insertions": 0,
            "deletions": 5
          },
          {
            "hash": "417f02629a6447fa8a0988d10faec80d6b5ecd49",
            "messageTitle": "minor change Level-8",
            "messageBody": "",
            "insertions": 19,
            "deletions": 7
          }
        ]
      },
      {
        "insertions": 120,
        "deletions": 126,
        "date": "2019-09-04",
        "commitResults": [
          {
            "hash": "25657ddb2143af0e0aaf3989c8874929472e4041",
            "messageTitle": "level-6 delete task",
            "messageBody": "",
            "insertions": 48,
            "deletions": 32
          },
          {
            "hash": "e622949c22ba9429ea1cf7cb127246a6dee42a33",
            "messageTitle": "fix file bug",
            "messageBody": "",
            "insertions": 20,
            "deletions": 40
          },
          {
            "hash": "ea0f2109c9abaf2d0c06e271c9af814a61dce748",
            "messageTitle": "level-9 findTask and fix bugs",
            "messageBody": "",
            "insertions": 50,
            "deletions": 10
          },
          {
            "hash": "b52a3958546f9df503f8e985abbf0011e87c9914",
            "messageTitle": "clean up commented code",
            "messageBody": "",
            "insertions": 2,
            "deletions": 44
          }
        ]
      },
      {
        "insertions": 730,
        "deletions": 478,
        "date": "2019-09-05",
        "commitResults": [
          {
            "hash": "3052089578711c85cfdb4934f8b68870b4b39c19",
            "messageTitle": "More OOP: extract classes Ui, Storage, TaskList",
            "messageBody": "",
            "insertions": 309,
            "deletions": 251
          },
          {
            "hash": "701a7410836a53dabf681070b609430b1f470d9d",
            "messageTitle": "More OOP: rename extracted class CommandParser to Parser",
            "messageBody": "",
            "insertions": 7,
            "deletions": 6
          },
          {
            "hash": "55cf6d5417e039b293767bb8ab1d4f29942aa7c4",
            "messageTitle": "extracting command classes halfway, make packages for the classes and have a lot bugs to fix",
            "messageBody": "",
            "insertions": 132,
            "deletions": 53
          },
          {
            "hash": "292fa3d9f5f9be3b77b090d1a0891ec440973b7d",
            "messageTitle": "done extracting command classes, done importing classes from other packages, can compile and run",
            "messageBody": "",
            "insertions": 282,
            "deletions": 168
          }
        ]
      },
      {
        "insertions": 84,
        "deletions": 29,
        "date": "2019-09-10",
        "commitResults": [
          {
            "hash": "7e8eaf2121c4ff4dfa08c719119a50b2657c0f80",
            "messageTitle": "move parser.java into package, and move TaskList.java from tasklist to task pacakage",
            "messageBody": "",
            "insertions": 79,
            "deletions": 28
          },
          {
            "hash": "6aa2cfbbd0bcad919d2ca4d6c959eac08973a6e3",
            "messageTitle": "add Junit Test with and without gradle",
            "messageBody": "",
            "insertions": 1,
            "deletions": 1
          },
          {
            "hash": "8f5fdf30974b02a562d9dd5e6c74cefad99739d4",
            "messageTitle": "gradlew run works now, can read input",
            "messageBody": "",
            "insertions": 4,
            "deletions": 0
          }
        ]
      },
      {
        "insertions": 477,
        "deletions": 125,
        "date": "2019-09-12",
        "commitResults": [
          {
            "hash": "7141228794ca0de03b804e17d6351c9ebe296e77",
            "messageTitle": "add Javadoc documentation on Storage.java",
            "messageBody": "",
            "insertions": 135,
            "deletions": 107
          },
          {
            "hash": "6711538c595b579af8ebe05b6a7ae80fc5aa830b",
            "messageTitle": "Javadoc documentation for all the classes",
            "messageBody": "",
            "insertions": 342,
            "deletions": 18
          }
        ]
      }
    ]
  },
  "authorFinalContributionMap": {
    "ziyun99": 1287
  },
  "authorFileTypeContributionMap": {
    "ziyun99": {
      "java": 1261,
      "gradle": 26,
      "css": 0,
      "fxml": 0
    }
  },
  "authorContributionVariance": {
    "ziyun99": 70688.71
  },
  "authorDisplayNameMap": {
    "ziyun99": "F11-3 YAN..YUN"
  }
}
