{
  "authorDailyContributionsMap": {
    "ziyun99": [
      {
        "insertions": 36,
        "deletions": 6,
        "date": "2019-08-21",
        "commitResults": [
          {
            "hash": "621199c2e23841070f922378dd4786255af57f88",
            "message": "Level-1",
            "insertions": 36,
            "deletions": 6
          }
        ]
      },
      {
        "insertions": 76,
        "deletions": 17,
        "date": "2019-08-22",
        "commitResults": [
          {
            "hash": "d858895011192de7b674db2277a6b37f067ba0f6",
            "message": "Level-2",
            "insertions": 49,
            "deletions": 14
          },
          {
            "hash": "7e9a76e97ba5c694b75b70a447f1f0cb34b9df63",
            "message": "Level-3 Mark as Done",
            "insertions": 27,
            "deletions": 3
          }
        ]
      },
      {
        "insertions": 116,
        "deletions": 56,
        "date": "2019-08-26",
        "commitResults": [
          {
            "hash": "1d5eba2b80931ed82780335a22654d7bd3a25e4e",
            "message": "Level3: MarkAsDone A-Classes",
            "insertions": 116,
            "deletions": 56
          }
        ]
      },
      {
        "insertions": 143,
        "deletions": 47,
        "date": "2019-08-28",
        "commitResults": [
          {
            "hash": "e4e9efb535a7552d82cabdfe05a391116a3f156f",
            "message": "Level-4 ToDo, Event, Deadline",
            "insertions": 143,
            "deletions": 47
          }
        ]
      },
      {
        "insertions": 426,
        "deletions": 101,
        "date": "2019-08-29",
        "commitResults": [
          {
            "hash": "136c5fc592d5d0b437b2bf2736327edf543113bd",
            "message": "Lvl4 handle exception",
            "insertions": 184,
            "deletions": 46
          },
          {
            "hash": "0dfe15c4ff6e1f901d8172200bf2b25dda89afab",
            "message": "Lvl 7 : Save",
            "insertions": 216,
            "deletions": 46
          },
          {
            "hash": "db30cbdd7438c3a930313df1b3cb77220d4887d1",
            "message": "Level 8: Date and TIme",
            "insertions": 26,
            "deletions": 9
          }
        ]
      },
      {
        "insertions": 56,
        "deletions": 12,
        "date": "2019-08-31",
        "commitResults": [
          {
            "hash": "4b5a01fbbee2d6c1b39ff9d4ea0dde2e45e96c2c",
            "message": "lvl6: Delete",
            "insertions": 56,
            "deletions": 12
          }
        ]
      },
      {
        "insertions": 61,
        "deletions": 35,
        "date": "2019-09-01",
        "commitResults": [
          {
            "hash": "5deec0d6dd2b8165f0c3c8993196d909cbc6a48f",
            "message": "TextUiTesting using runtest.sh",
            "insertions": 17,
            "deletions": 29
          },
          {
            "hash": "ed6446f90694df83bc4d204ed86c5f88cdcec9ad",
            "message": "Level-9 Find task by searching for a keyword.",
            "insertions": 44,
            "deletions": 6
          }
        ]
      }
    ],
    "Yang Zi Yun": [
      {
        "insertions": 48,
        "deletions": 17,
        "date": "2019-08-20",
        "commitResults": [
          {
            "hash": "f78a0e0fe13e3434e18b5e950b079d190267501d",
            "message": "A-Gradle",
            "insertions": 48,
            "deletions": 17
          }
        ]
      }
    ]
  },
  "authorFinalContributionMap": {
    "ziyun99": 646,
    "Yang Zi Yun": 32
  },
  "authorFileFormatContributionMap": {
    "ziyun99": {
      "java": 646,
      "gradle": 0,
      "css": 0,
      "fxml": 0
    },
    "Yang Zi Yun": {
      "java": 10,
      "gradle": 22,
      "css": 0,
      "fxml": 0
    }
  },
  "authorContributionVariance": {
    "ziyun99": 18238.426,
    "Yang Zi Yun": 262.88895
  },
  "authorDisplayNameMap": {
    "ziyun99": "ziyun99",
    "Yang Zi Yun": "Yang Zi Yun"
  }
}
