{
  "authorDailyContributionsMap": {
    "hwbjerry": [
      {
        "insertions": 135,
        "deletions": 1,
        "date": "2019-08-26",
        "commitResults": [
          {
            "hash": "bac2ca87a3ac50d68ec19e9544355e33dfdf1073",
            "message": "level 4",
            "insertions": 108,
            "deletions": 1
          },
          {
            "hash": "de25f4121f5974ef0715b723ead0c4b62b686652",
            "message": "level 4",
            "insertions": 27,
            "deletions": 0
          }
        ]
      },
      {
        "insertions": 145,
        "deletions": 386,
        "date": "2019-08-27",
        "commitResults": [
          {
            "hash": "693d80eae6d7f87da9e6d88a60722b63161c6782",
            "message": "DukeException Add",
            "insertions": 70,
            "deletions": 1
          },
          {
            "hash": "2505b204d6b03123a3b2661fd968b2f8f203154c",
            "message": "level-1",
            "insertions": 1,
            "deletions": 346
          },
          {
            "hash": "9fe4720f64d465036bc21830ac933ca78bae1606",
            "message": "level-2",
            "insertions": 18,
            "deletions": 11
          },
          {
            "hash": "8f8416a8ff9a0c79ea3badf8c10f540ab3be4e7e",
            "message": "level-3",
            "insertions": 23,
            "deletions": 9
          },
          {
            "hash": "25348e055be63f7712941ccb78a8dac855fd2a50",
            "message": "level-4",
            "insertions": 33,
            "deletions": 19
          }
        ]
      },
      {
        "insertions": 184,
        "deletions": 120,
        "date": "2019-08-28",
        "commitResults": [
          {
            "hash": "3c6f4cc1394a2c618e7db70323a9b95f00a9f97c",
            "message": "level-5",
            "insertions": 81,
            "deletions": 41
          },
          {
            "hash": "9fea0538e2cba74e6d481f44d54eb90d1d1ec9d3",
            "message": "level-7 (have not read from hard drive)",
            "insertions": 103,
            "deletions": 79
          }
        ]
      }
    ]
  },
  "authorFinalContributionMap": {
    "hwbjerry": 116
  },
  "authorFileFormatContributionMap": {
    "hwbjerry": {
      "java": 116,
      "gradle": 0,
      "css": 0,
      "fxml": 0
    }
  },
  "authorContributionVariance": {
    "hwbjerry": 24642.06
  },
  "authorDisplayNameMap": {
    "hwbjerry": "HO  ... RRY"
  }
}
