{
  "authorDailyContributionsMap": {
    "Sean Chan": [
      {
        "insertions": 1,
        "deletions": 1,
        "date": "2019-08-20",
        "commitResults": [
          {
            "hash": "f77ea7683ddd38327ee30cbb152c66e3384950bd",
            "messageTitle": "A-TextUiTesting + A-Gradle",
            "messageBody": "",
            "insertions": 1,
            "deletions": 1
          }
        ]
      },
      {
        "insertions": 52,
        "deletions": 0,
        "date": "2019-08-22",
        "commitResults": [
          {
            "hash": "5f3c66ccf809a4e6d581e871f3098dffd8a21c28",
            "messageTitle": "Level-1",
            "messageBody": "",
            "insertions": 52,
            "deletions": 0
          }
        ]
      },
      {
        "insertions": 61,
        "deletions": 14,
        "date": "2019-08-23",
        "commitResults": [
          {
            "hash": "e69964551e72f6c3f7697bc268a73631c2920bc1",
            "messageTitle": "Level-2: Add, List",
            "messageBody": "",
            "insertions": 61,
            "deletions": 14
          }
        ]
      },
      {
        "insertions": 58,
        "deletions": 16,
        "date": "2019-08-26",
        "commitResults": [
          {
            "hash": "9f07fdc6b06484f74375b7982a03a4d15b8d54ac",
            "messageTitle": "Level-3: Mark as Done",
            "messageBody": "",
            "insertions": 58,
            "deletions": 16
          }
        ]
      },
      {
        "insertions": 247,
        "deletions": 19,
        "date": "2019-08-27",
        "commitResults": [
          {
            "hash": "cc06e188cf2058b8cf598c6a50cfa88435f28973",
            "messageTitle": "Level-4: ToDo, Event, Deadline",
            "messageBody": "",
            "insertions": 90,
            "deletions": 7
          },
          {
            "hash": "b9d504a9487f9501693a580d0e2d62f1f8e5372f",
            "messageTitle": "Level-5: Handle Errors",
            "messageBody": "",
            "insertions": 35,
            "deletions": 10
          },
          {
            "hash": "2f33b46f73a44315d41c2c19c3e02c2633547ea7",
            "messageTitle": "Level-7: Save",
            "messageBody": "",
            "insertions": 122,
            "deletions": 2
          }
        ]
      }
    ],
    "Jeffry Lum": []
  },
  "authorFinalContributionMap": {
    "Sean Chan": 370,
    "Jeffry Lum": 16
  },
  "authorFileTypeContributionMap": {
    "Sean Chan": {
      "java": 360,
      "gradle": 10,
      "css": 0,
      "fxml": 0
    },
    "Jeffry Lum": {
      "java": 0,
      "gradle": 16,
      "css": 0,
      "fxml": 0
    }
  },
  "authorContributionVariance": {
    "Sean Chan": 4426.09,
    "Jeffry Lum": 0.0
  },
  "authorDisplayNameMap": {
    "Sean Chan": "Sean Chan",
    "Jeffry Lum": "Jeffry Lum"
  }
}
