[
  {
    "path": "build.gradle",
    "lines": [
      {
        "lineNumber": 1,
        "author": {
          "gitId": "-"
        },
        "content": "plugins {"
      },
      {
        "lineNumber": 2,
        "author": {
          "gitId": "-"
        },
        "content": "    id \u0027java\u0027"
      },
      {
        "lineNumber": 3,
        "author": {
          "gitId": "-"
        },
        "content": "    id \u0027application\u0027"
      },
      {
        "lineNumber": 4,
        "author": {
          "gitId": "ttippinyu"
        },
        "content": "    id \u0027checkstyle\u0027"
      },
      {
        "lineNumber": 5,
        "author": {
          "gitId": "ttippinyu"
        },
        "content": "    id \u0027com.github.johnrengelman.shadow\u0027 version \u00275.1.0\u0027"
      },
      {
        "lineNumber": 6,
        "author": {
          "gitId": "ttippinyu"
        },
        "content": "}"
      },
      {
        "lineNumber": 7,
        "author": {
          "gitId": "ttippinyu"
        },
        "content": ""
      },
      {
        "lineNumber": 8,
        "author": {
          "gitId": "ttippinyu"
        },
        "content": "checkstyle {"
      },
      {
        "lineNumber": 9,
        "author": {
          "gitId": "ttippinyu"
        },
        "content": "    toolVersion \u003d \u00278.23\u0027"
      },
      {
        "lineNumber": 10,
        "author": {
          "gitId": "ttippinyu"
        },
        "content": "}"
      },
      {
        "lineNumber": 11,
        "author": {
          "gitId": "ttippinyu"
        },
        "content": ""
      },
      {
        "lineNumber": 12,
        "author": {
          "gitId": "ttippinyu"
        },
        "content": "shadowJar {"
      },
      {
        "lineNumber": 13,
        "author": {
          "gitId": "ttippinyu"
        },
        "content": "    archiveBaseName \u003d \"duke\""
      },
      {
        "lineNumber": 14,
        "author": {
          "gitId": "ttippinyu"
        },
        "content": "    archiveVersion \u003d \"0.1.3\""
      },
      {
        "lineNumber": 15,
        "author": {
          "gitId": "ttippinyu"
        },
        "content": "    archiveClassifier \u003d null"
      },
      {
        "lineNumber": 16,
        "author": {
          "gitId": "ttippinyu"
        },
        "content": "    archiveAppendix \u003d null"
      },
      {
        "lineNumber": 17,
        "author": {
          "gitId": "-"
        },
        "content": "}"
      },
      {
        "lineNumber": 18,
        "author": {
          "gitId": "-"
        },
        "content": ""
      },
      {
        "lineNumber": 19,
        "author": {
          "gitId": "-"
        },
        "content": "group \u0027seedu.duke\u0027"
      },
      {
        "lineNumber": 20,
        "author": {
          "gitId": "-"
        },
        "content": "version \u00270.1.0\u0027"
      },
      {
        "lineNumber": 21,
        "author": {
          "gitId": "-"
        },
        "content": ""
      },
      {
        "lineNumber": 22,
        "author": {
          "gitId": "-"
        },
        "content": "repositories {"
      },
      {
        "lineNumber": 23,
        "author": {
          "gitId": "-"
        },
        "content": "    mavenCentral()"
      },
      {
        "lineNumber": 24,
        "author": {
          "gitId": "-"
        },
        "content": "}"
      },
      {
        "lineNumber": 25,
        "author": {
          "gitId": "-"
        },
        "content": ""
      },
      {
        "lineNumber": 26,
        "author": {
          "gitId": "-"
        },
        "content": "application {"
      },
      {
        "lineNumber": 27,
        "author": {
          "gitId": "-"
        },
        "content": "    // Change this to your main class."
      },
      {
        "lineNumber": 28,
        "author": {
          "gitId": "ttippinyu"
        },
        "content": "    mainClassName \u003d \"Duke\""
      },
      {
        "lineNumber": 29,
        "author": {
          "gitId": "-"
        },
        "content": "}"
      },
      {
        "lineNumber": 30,
        "author": {
          "gitId": "-"
        },
        "content": ""
      },
      {
        "lineNumber": 31,
        "author": {
          "gitId": "ttippinyu"
        },
        "content": "dependencies {"
      },
      {
        "lineNumber": 32,
        "author": {
          "gitId": "ttippinyu"
        },
        "content": "    testImplementation \u0027org.junit.jupiter:junit-jupiter:5.5.0\u0027"
      },
      {
        "lineNumber": 33,
        "author": {
          "gitId": "ttippinyu"
        },
        "content": "}"
      },
      {
        "lineNumber": 34,
        "author": {
          "gitId": "ttippinyu"
        },
        "content": ""
      },
      {
        "lineNumber": 35,
        "author": {
          "gitId": "ttippinyu"
        },
        "content": "test {"
      },
      {
        "lineNumber": 36,
        "author": {
          "gitId": "ttippinyu"
        },
        "content": "    useJUnitPlatform()"
      },
      {
        "lineNumber": 37,
        "author": {
          "gitId": "ttippinyu"
        },
        "content": "}"
      },
      {
        "lineNumber": 38,
        "author": {
          "gitId": "ttippinyu"
        },
        "content": ""
      },
      {
        "lineNumber": 39,
        "author": {
          "gitId": "-"
        },
        "content": "run {"
      },
      {
        "lineNumber": 40,
        "author": {
          "gitId": "-"
        },
        "content": "    standardInput \u003d System.in"
      },
      {
        "lineNumber": 41,
        "author": {
          "gitId": "-"
        },
        "content": "}"
      }
    ],
    "authorContributionMap": {
      "ttippinyu": 22,
      "-": 19
    }
  },
  {
    "path": "data.txt",
    "lines": [
      {
        "lineNumber": 1,
        "author": {
          "gitId": "ttippinyu"
        },
        "content": "T|1|a"
      },
      {
        "lineNumber": 2,
        "author": {
          "gitId": "ttippinyu"
        },
        "content": "E|1|b|1"
      },
      {
        "lineNumber": 3,
        "author": {
          "gitId": "ttippinyu"
        },
        "content": "D|1|c|2"
      },
      {
        "lineNumber": 4,
        "author": {
          "gitId": "ttippinyu"
        },
        "content": "T|1|d"
      },
      {
        "lineNumber": 5,
        "author": {
          "gitId": "ttippinyu"
        },
        "content": "E|1|e|3"
      },
      {
        "lineNumber": 6,
        "author": {
          "gitId": "ttippinyu"
        },
        "content": "D|1|f|4"
      },
      {
        "lineNumber": 7,
        "author": {
          "gitId": "ttippinyu"
        },
        "content": "T|1|g"
      }
    ],
    "authorContributionMap": {
      "ttippinyu": 7
    }
  },
  {
    "path": "src/main/java/Deadline.java",
    "lines": [
      {
        "lineNumber": 1,
        "author": {
          "gitId": "ttippinyu"
        },
        "content": "public class Deadline extends Task {"
      },
      {
        "lineNumber": 2,
        "author": {
          "gitId": "ttippinyu"
        },
        "content": "    String date;"
      },
      {
        "lineNumber": 3,
        "author": {
          "gitId": "ttippinyu"
        },
        "content": ""
      },
      {
        "lineNumber": 4,
        "author": {
          "gitId": "ttippinyu"
        },
        "content": "    public Deadline(String description, String inputDate) {"
      },
      {
        "lineNumber": 5,
        "author": {
          "gitId": "ttippinyu"
        },
        "content": "        super(description);"
      },
      {
        "lineNumber": 6,
        "author": {
          "gitId": "ttippinyu"
        },
        "content": "        date \u003d inputDate;"
      },
      {
        "lineNumber": 7,
        "author": {
          "gitId": "ttippinyu"
        },
        "content": "    }"
      },
      {
        "lineNumber": 8,
        "author": {
          "gitId": "ttippinyu"
        },
        "content": ""
      },
      {
        "lineNumber": 9,
        "author": {
          "gitId": "ttippinyu"
        },
        "content": "    @Override"
      },
      {
        "lineNumber": 10,
        "author": {
          "gitId": "ttippinyu"
        },
        "content": "    public String toString() {"
      },
      {
        "lineNumber": 11,
        "author": {
          "gitId": "ttippinyu"
        },
        "content": "        return \"[D]\" + super.toString() + \" (by: \" + this.date + \")\";"
      },
      {
        "lineNumber": 12,
        "author": {
          "gitId": "ttippinyu"
        },
        "content": "    }"
      },
      {
        "lineNumber": 13,
        "author": {
          "gitId": "ttippinyu"
        },
        "content": ""
      },
      {
        "lineNumber": 14,
        "author": {
          "gitId": "ttippinyu"
        },
        "content": "    @Override"
      },
      {
        "lineNumber": 15,
        "author": {
          "gitId": "ttippinyu"
        },
        "content": "    public String saveFormat() {"
      },
      {
        "lineNumber": 16,
        "author": {
          "gitId": "ttippinyu"
        },
        "content": "        return \"D|\" + super.saveFormat() + \"|\" + this.date;"
      },
      {
        "lineNumber": 17,
        "author": {
          "gitId": "ttippinyu"
        },
        "content": "    }"
      },
      {
        "lineNumber": 18,
        "author": {
          "gitId": "ttippinyu"
        },
        "content": "}"
      }
    ],
    "authorContributionMap": {
      "ttippinyu": 18
    }
  },
  {
    "path": "src/main/java/Duke.java",
    "lines": [
      {
        "lineNumber": 1,
        "author": {
          "gitId": "ttippinyu"
        },
        "content": "import java.util.Scanner;"
      },
      {
        "lineNumber": 2,
        "author": {
          "gitId": "ttippinyu"
        },
        "content": "import java.util.ArrayList;"
      },
      {
        "lineNumber": 3,
        "author": {
          "gitId": "ttippinyu"
        },
        "content": "import java.util.List;"
      },
      {
        "lineNumber": 4,
        "author": {
          "gitId": "ttippinyu"
        },
        "content": "import java.util.Arrays;"
      },
      {
        "lineNumber": 5,
        "author": {
          "gitId": "ttippinyu"
        },
        "content": ""
      },
      {
        "lineNumber": 6,
        "author": {
          "gitId": "-"
        },
        "content": "public class Duke {"
      },
      {
        "lineNumber": 7,
        "author": {
          "gitId": "ttippinyu"
        },
        "content": "    private static List\u003cTask\u003e tasks \u003d new ArrayList\u003c\u003e();"
      },
      {
        "lineNumber": 8,
        "author": {
          "gitId": "ttippinyu"
        },
        "content": "    private static Storage data \u003d new Storage(\"data.txt\");"
      },
      {
        "lineNumber": 9,
        "author": {
          "gitId": "ttippinyu"
        },
        "content": ""
      },
      {
        "lineNumber": 10,
        "author": {
          "gitId": "ttippinyu"
        },
        "content": "    private static void printIndent(String line) {"
      },
      {
        "lineNumber": 11,
        "author": {
          "gitId": "ttippinyu"
        },
        "content": "        System.out.println(\"    \" + line);"
      },
      {
        "lineNumber": 12,
        "author": {
          "gitId": "ttippinyu"
        },
        "content": "    }"
      },
      {
        "lineNumber": 13,
        "author": {
          "gitId": "ttippinyu"
        },
        "content": ""
      },
      {
        "lineNumber": 14,
        "author": {
          "gitId": "ttippinyu"
        },
        "content": "    private static void printUnderline() {"
      },
      {
        "lineNumber": 15,
        "author": {
          "gitId": "ttippinyu"
        },
        "content": "        printIndent(\"____________________________________________________________\");"
      },
      {
        "lineNumber": 16,
        "author": {
          "gitId": "ttippinyu"
        },
        "content": "    }"
      },
      {
        "lineNumber": 17,
        "author": {
          "gitId": "ttippinyu"
        },
        "content": ""
      },
      {
        "lineNumber": 18,
        "author": {
          "gitId": "ttippinyu"
        },
        "content": "    private static void addTask(Task task) {"
      },
      {
        "lineNumber": 19,
        "author": {
          "gitId": "ttippinyu"
        },
        "content": "        printUnderline();"
      },
      {
        "lineNumber": 20,
        "author": {
          "gitId": "ttippinyu"
        },
        "content": "        printIndent(\"Got it. I\u0027ve added this task:\");"
      },
      {
        "lineNumber": 21,
        "author": {
          "gitId": "ttippinyu"
        },
        "content": "        printIndent(\"   \" + task);"
      },
      {
        "lineNumber": 22,
        "author": {
          "gitId": "ttippinyu"
        },
        "content": "        printIndent(\"Now you have \" + tasks.size() + (tasks.size() \u003d\u003d 1 ? \" task \" : \" tasks \") + \"in the list.\");"
      },
      {
        "lineNumber": 23,
        "author": {
          "gitId": "ttippinyu"
        },
        "content": "        printUnderline();"
      },
      {
        "lineNumber": 24,
        "author": {
          "gitId": "ttippinyu"
        },
        "content": "    }"
      },
      {
        "lineNumber": 25,
        "author": {
          "gitId": "ttippinyu"
        },
        "content": ""
      },
      {
        "lineNumber": 26,
        "author": {
          "gitId": "ttippinyu"
        },
        "content": "    private static void handleCommand(String actionType, String description) throws DukeException {"
      },
      {
        "lineNumber": 27,
        "author": {
          "gitId": "ttippinyu"
        },
        "content": "        if (actionType.equals(\"todo\")) {"
      },
      {
        "lineNumber": 28,
        "author": {
          "gitId": "ttippinyu"
        },
        "content": "            tasks.add(new Todo(description));"
      },
      {
        "lineNumber": 29,
        "author": {
          "gitId": "ttippinyu"
        },
        "content": "            addTask(tasks.get(tasks.size() - 1));"
      },
      {
        "lineNumber": 30,
        "author": {
          "gitId": "ttippinyu"
        },
        "content": "        } else if (actionType.equals(\"deadline\")) {"
      },
      {
        "lineNumber": 31,
        "author": {
          "gitId": "ttippinyu"
        },
        "content": "            List\u003cString\u003e content \u003d Arrays.asList(description.split(\" /by \"));"
      },
      {
        "lineNumber": 32,
        "author": {
          "gitId": "ttippinyu"
        },
        "content": "            if (content.size() \u003d\u003d 1) {"
      },
      {
        "lineNumber": 33,
        "author": {
          "gitId": "ttippinyu"
        },
        "content": "                throw new DukeException(\"Please supply a date\");"
      },
      {
        "lineNumber": 34,
        "author": {
          "gitId": "ttippinyu"
        },
        "content": "            }"
      },
      {
        "lineNumber": 35,
        "author": {
          "gitId": "ttippinyu"
        },
        "content": "            tasks.add(new Deadline(content.get(0), content.get(1)));"
      },
      {
        "lineNumber": 36,
        "author": {
          "gitId": "ttippinyu"
        },
        "content": "            addTask(tasks.get(tasks.size() - 1));"
      },
      {
        "lineNumber": 37,
        "author": {
          "gitId": "ttippinyu"
        },
        "content": "        } else if (actionType.equals(\"event\")) {"
      },
      {
        "lineNumber": 38,
        "author": {
          "gitId": "ttippinyu"
        },
        "content": "            List\u003cString\u003e content \u003d Arrays.asList(description.split(\" /at \"));"
      },
      {
        "lineNumber": 39,
        "author": {
          "gitId": "ttippinyu"
        },
        "content": "            if (content.size() \u003d\u003d 1) {"
      },
      {
        "lineNumber": 40,
        "author": {
          "gitId": "ttippinyu"
        },
        "content": "                throw new DukeException(\"Please supply a date\");"
      },
      {
        "lineNumber": 41,
        "author": {
          "gitId": "ttippinyu"
        },
        "content": "            }"
      },
      {
        "lineNumber": 42,
        "author": {
          "gitId": "ttippinyu"
        },
        "content": "            tasks.add(new Event(content.get(0), content.get(1)));"
      },
      {
        "lineNumber": 43,
        "author": {
          "gitId": "ttippinyu"
        },
        "content": "            addTask(tasks.get(tasks.size() - 1));"
      },
      {
        "lineNumber": 44,
        "author": {
          "gitId": "ttippinyu"
        },
        "content": "        } else {"
      },
      {
        "lineNumber": 45,
        "author": {
          "gitId": "ttippinyu"
        },
        "content": "            throw new DukeException(\"☹ OOPS!!! I\u0027m sorry, but I don\u0027t know what that means :-(\");"
      },
      {
        "lineNumber": 46,
        "author": {
          "gitId": "ttippinyu"
        },
        "content": "        }"
      },
      {
        "lineNumber": 47,
        "author": {
          "gitId": "ttippinyu"
        },
        "content": "    }"
      },
      {
        "lineNumber": 48,
        "author": {
          "gitId": "ttippinyu"
        },
        "content": ""
      },
      {
        "lineNumber": 49,
        "author": {
          "gitId": "ttippinyu"
        },
        "content": "    private static void startDuke() {"
      },
      {
        "lineNumber": 50,
        "author": {
          "gitId": "ttippinyu"
        },
        "content": "        Scanner scanner \u003d new Scanner(System.in);"
      },
      {
        "lineNumber": 51,
        "author": {
          "gitId": "ttippinyu"
        },
        "content": "        tasks \u003d data.load();"
      },
      {
        "lineNumber": 52,
        "author": {
          "gitId": "ttippinyu"
        },
        "content": ""
      },
      {
        "lineNumber": 53,
        "author": {
          "gitId": "ttippinyu"
        },
        "content": "        while (true) {"
      },
      {
        "lineNumber": 54,
        "author": {
          "gitId": "ttippinyu"
        },
        "content": "            String input \u003d scanner.nextLine();"
      },
      {
        "lineNumber": 55,
        "author": {
          "gitId": "ttippinyu"
        },
        "content": "            List\u003cString\u003e words \u003d Arrays.asList(input.split(\" \"));"
      },
      {
        "lineNumber": 56,
        "author": {
          "gitId": "ttippinyu"
        },
        "content": ""
      },
      {
        "lineNumber": 57,
        "author": {
          "gitId": "ttippinyu"
        },
        "content": "            if (input.equals(\"bye\")) {"
      },
      {
        "lineNumber": 58,
        "author": {
          "gitId": "ttippinyu"
        },
        "content": "                printUnderline();"
      },
      {
        "lineNumber": 59,
        "author": {
          "gitId": "ttippinyu"
        },
        "content": "                printIndent(\"Bye. Hope to see you again soon!\");"
      },
      {
        "lineNumber": 60,
        "author": {
          "gitId": "ttippinyu"
        },
        "content": "                printUnderline();"
      },
      {
        "lineNumber": 61,
        "author": {
          "gitId": "ttippinyu"
        },
        "content": "                return;"
      },
      {
        "lineNumber": 62,
        "author": {
          "gitId": "ttippinyu"
        },
        "content": "            } else if (input.equals(\"list\")) {"
      },
      {
        "lineNumber": 63,
        "author": {
          "gitId": "ttippinyu"
        },
        "content": "                int counter \u003d 1;"
      },
      {
        "lineNumber": 64,
        "author": {
          "gitId": "ttippinyu"
        },
        "content": "                printUnderline();"
      },
      {
        "lineNumber": 65,
        "author": {
          "gitId": "ttippinyu"
        },
        "content": "                printIndent(\"Here are the tasks in your list:\");"
      },
      {
        "lineNumber": 66,
        "author": {
          "gitId": "ttippinyu"
        },
        "content": "                for (Task x : tasks) {"
      },
      {
        "lineNumber": 67,
        "author": {
          "gitId": "ttippinyu"
        },
        "content": "                    printIndent(counter + \". \" + x);"
      },
      {
        "lineNumber": 68,
        "author": {
          "gitId": "ttippinyu"
        },
        "content": "                    counter++;"
      },
      {
        "lineNumber": 69,
        "author": {
          "gitId": "ttippinyu"
        },
        "content": "                }"
      },
      {
        "lineNumber": 70,
        "author": {
          "gitId": "ttippinyu"
        },
        "content": "                printUnderline();"
      },
      {
        "lineNumber": 71,
        "author": {
          "gitId": "ttippinyu"
        },
        "content": "            } else if (words.get(0).equals(\"done\")) {"
      },
      {
        "lineNumber": 72,
        "author": {
          "gitId": "ttippinyu"
        },
        "content": "                try {"
      },
      {
        "lineNumber": 73,
        "author": {
          "gitId": "ttippinyu"
        },
        "content": "                    int index \u003d Integer.parseInt(words.get(1)) - 1;"
      },
      {
        "lineNumber": 74,
        "author": {
          "gitId": "ttippinyu"
        },
        "content": "                    tasks.get(index).markAsDone();"
      },
      {
        "lineNumber": 75,
        "author": {
          "gitId": "ttippinyu"
        },
        "content": "                    printUnderline();"
      },
      {
        "lineNumber": 76,
        "author": {
          "gitId": "ttippinyu"
        },
        "content": "                    printIndent(\"Nice! I\u0027ve marked this task as done:\");"
      },
      {
        "lineNumber": 77,
        "author": {
          "gitId": "ttippinyu"
        },
        "content": "                    printIndent(\"   \" + tasks.get(index).toString());"
      },
      {
        "lineNumber": 78,
        "author": {
          "gitId": "ttippinyu"
        },
        "content": "                    printUnderline();"
      },
      {
        "lineNumber": 79,
        "author": {
          "gitId": "ttippinyu"
        },
        "content": "                } catch (IndexOutOfBoundsException e) {"
      },
      {
        "lineNumber": 80,
        "author": {
          "gitId": "ttippinyu"
        },
        "content": "                    printUnderline();"
      },
      {
        "lineNumber": 81,
        "author": {
          "gitId": "ttippinyu"
        },
        "content": "                    printIndent(\"The number is invalid :((\");"
      },
      {
        "lineNumber": 82,
        "author": {
          "gitId": "ttippinyu"
        },
        "content": "                    printUnderline();"
      },
      {
        "lineNumber": 83,
        "author": {
          "gitId": "ttippinyu"
        },
        "content": "                }"
      },
      {
        "lineNumber": 84,
        "author": {
          "gitId": "ttippinyu"
        },
        "content": "            } else {"
      },
      {
        "lineNumber": 85,
        "author": {
          "gitId": "ttippinyu"
        },
        "content": "                try {"
      },
      {
        "lineNumber": 86,
        "author": {
          "gitId": "ttippinyu"
        },
        "content": "                    String actionType \u003d words.get(0);"
      },
      {
        "lineNumber": 87,
        "author": {
          "gitId": "ttippinyu"
        },
        "content": "                    String description \u003d input.substring(input.indexOf(\" \") + 1);"
      },
      {
        "lineNumber": 88,
        "author": {
          "gitId": "ttippinyu"
        },
        "content": ""
      },
      {
        "lineNumber": 89,
        "author": {
          "gitId": "ttippinyu"
        },
        "content": "                    if (description.equals(input)) {"
      },
      {
        "lineNumber": 90,
        "author": {
          "gitId": "ttippinyu"
        },
        "content": "                        if (description.equals(\"todo\") || description.equals(\"deadline\") || description.equals(\"event\") )"
      },
      {
        "lineNumber": 91,
        "author": {
          "gitId": "ttippinyu"
        },
        "content": "                        throw new DukeException(\"☹ OOPS!!! The description cannot be empty.\");"
      },
      {
        "lineNumber": 92,
        "author": {
          "gitId": "ttippinyu"
        },
        "content": "                    }"
      },
      {
        "lineNumber": 93,
        "author": {
          "gitId": "ttippinyu"
        },
        "content": ""
      },
      {
        "lineNumber": 94,
        "author": {
          "gitId": "ttippinyu"
        },
        "content": "                    handleCommand(actionType, description);"
      },
      {
        "lineNumber": 95,
        "author": {
          "gitId": "ttippinyu"
        },
        "content": ""
      },
      {
        "lineNumber": 96,
        "author": {
          "gitId": "ttippinyu"
        },
        "content": "                } catch (DukeException e) {"
      },
      {
        "lineNumber": 97,
        "author": {
          "gitId": "ttippinyu"
        },
        "content": "                    printUnderline();"
      },
      {
        "lineNumber": 98,
        "author": {
          "gitId": "ttippinyu"
        },
        "content": "                    printIndent(e.getMessage());"
      },
      {
        "lineNumber": 99,
        "author": {
          "gitId": "ttippinyu"
        },
        "content": "                    printUnderline();"
      },
      {
        "lineNumber": 100,
        "author": {
          "gitId": "ttippinyu"
        },
        "content": "                }"
      },
      {
        "lineNumber": 101,
        "author": {
          "gitId": "ttippinyu"
        },
        "content": "            }"
      },
      {
        "lineNumber": 102,
        "author": {
          "gitId": "ttippinyu"
        },
        "content": ""
      },
      {
        "lineNumber": 103,
        "author": {
          "gitId": "ttippinyu"
        },
        "content": "            data.save(tasks);"
      },
      {
        "lineNumber": 104,
        "author": {
          "gitId": "ttippinyu"
        },
        "content": "        }"
      },
      {
        "lineNumber": 105,
        "author": {
          "gitId": "ttippinyu"
        },
        "content": "    }"
      },
      {
        "lineNumber": 106,
        "author": {
          "gitId": "ttippinyu"
        },
        "content": ""
      },
      {
        "lineNumber": 107,
        "author": {
          "gitId": "-"
        },
        "content": "    public static void main(String[] args) {"
      },
      {
        "lineNumber": 108,
        "author": {
          "gitId": "ttippinyu"
        },
        "content": "        printUnderline();"
      },
      {
        "lineNumber": 109,
        "author": {
          "gitId": "ttippinyu"
        },
        "content": "        printIndent(\"Hello! I\u0027m Duke\");"
      },
      {
        "lineNumber": 110,
        "author": {
          "gitId": "ttippinyu"
        },
        "content": "        printIndent(\"What can I do for you?\");"
      },
      {
        "lineNumber": 111,
        "author": {
          "gitId": "ttippinyu"
        },
        "content": "        printUnderline();"
      },
      {
        "lineNumber": 112,
        "author": {
          "gitId": "ttippinyu"
        },
        "content": "        startDuke();"
      },
      {
        "lineNumber": 113,
        "author": {
          "gitId": "-"
        },
        "content": "    }"
      },
      {
        "lineNumber": 114,
        "author": {
          "gitId": "ttippinyu"
        },
        "content": ""
      },
      {
        "lineNumber": 115,
        "author": {
          "gitId": "-"
        },
        "content": "}"
      }
    ],
    "authorContributionMap": {
      "ttippinyu": 111,
      "-": 4
    }
  },
  {
    "path": "src/main/java/DukeException.java",
    "lines": [
      {
        "lineNumber": 1,
        "author": {
          "gitId": "ttippinyu"
        },
        "content": "public class DukeException extends Exception {"
      },
      {
        "lineNumber": 2,
        "author": {
          "gitId": "ttippinyu"
        },
        "content": "    public DukeException(String message) {"
      },
      {
        "lineNumber": 3,
        "author": {
          "gitId": "ttippinyu"
        },
        "content": "        super(message);"
      },
      {
        "lineNumber": 4,
        "author": {
          "gitId": "ttippinyu"
        },
        "content": "    }"
      },
      {
        "lineNumber": 5,
        "author": {
          "gitId": "ttippinyu"
        },
        "content": "}"
      }
    ],
    "authorContributionMap": {
      "ttippinyu": 5
    }
  },
  {
    "path": "src/main/java/Event.java",
    "lines": [
      {
        "lineNumber": 1,
        "author": {
          "gitId": "ttippinyu"
        },
        "content": "public class Event extends Task {"
      },
      {
        "lineNumber": 2,
        "author": {
          "gitId": "ttippinyu"
        },
        "content": "    String date;"
      },
      {
        "lineNumber": 3,
        "author": {
          "gitId": "ttippinyu"
        },
        "content": ""
      },
      {
        "lineNumber": 4,
        "author": {
          "gitId": "ttippinyu"
        },
        "content": "    public Event(String description, String inputDate) {"
      },
      {
        "lineNumber": 5,
        "author": {
          "gitId": "ttippinyu"
        },
        "content": "        super(description);"
      },
      {
        "lineNumber": 6,
        "author": {
          "gitId": "ttippinyu"
        },
        "content": "        date \u003d inputDate;"
      },
      {
        "lineNumber": 7,
        "author": {
          "gitId": "ttippinyu"
        },
        "content": "    }"
      },
      {
        "lineNumber": 8,
        "author": {
          "gitId": "ttippinyu"
        },
        "content": ""
      },
      {
        "lineNumber": 9,
        "author": {
          "gitId": "ttippinyu"
        },
        "content": "    @Override"
      },
      {
        "lineNumber": 10,
        "author": {
          "gitId": "ttippinyu"
        },
        "content": "    public String toString() {"
      },
      {
        "lineNumber": 11,
        "author": {
          "gitId": "ttippinyu"
        },
        "content": "        return \"[E]\" + super.toString() + \" (at: \" + this.date + \")\";"
      },
      {
        "lineNumber": 12,
        "author": {
          "gitId": "ttippinyu"
        },
        "content": "    }"
      },
      {
        "lineNumber": 13,
        "author": {
          "gitId": "ttippinyu"
        },
        "content": ""
      },
      {
        "lineNumber": 14,
        "author": {
          "gitId": "ttippinyu"
        },
        "content": "    @Override"
      },
      {
        "lineNumber": 15,
        "author": {
          "gitId": "ttippinyu"
        },
        "content": "    public String saveFormat() {"
      },
      {
        "lineNumber": 16,
        "author": {
          "gitId": "ttippinyu"
        },
        "content": "        return \"E|\" + super.saveFormat() + \"|\" + this.date;"
      },
      {
        "lineNumber": 17,
        "author": {
          "gitId": "ttippinyu"
        },
        "content": "    }"
      },
      {
        "lineNumber": 18,
        "author": {
          "gitId": "ttippinyu"
        },
        "content": "}"
      }
    ],
    "authorContributionMap": {
      "ttippinyu": 18
    }
  },
  {
    "path": "src/main/java/Storage.java",
    "lines": [
      {
        "lineNumber": 1,
        "author": {
          "gitId": "ttippinyu"
        },
        "content": "import java.io.*;"
      },
      {
        "lineNumber": 2,
        "author": {
          "gitId": "ttippinyu"
        },
        "content": "import java.util.ArrayList;"
      },
      {
        "lineNumber": 3,
        "author": {
          "gitId": "ttippinyu"
        },
        "content": "import java.util.Arrays;"
      },
      {
        "lineNumber": 4,
        "author": {
          "gitId": "ttippinyu"
        },
        "content": "import java.util.List;"
      },
      {
        "lineNumber": 5,
        "author": {
          "gitId": "ttippinyu"
        },
        "content": ""
      },
      {
        "lineNumber": 6,
        "author": {
          "gitId": "ttippinyu"
        },
        "content": "public class Storage {"
      },
      {
        "lineNumber": 7,
        "author": {
          "gitId": "ttippinyu"
        },
        "content": "    private String filename;"
      },
      {
        "lineNumber": 8,
        "author": {
          "gitId": "ttippinyu"
        },
        "content": ""
      },
      {
        "lineNumber": 9,
        "author": {
          "gitId": "ttippinyu"
        },
        "content": "    public Storage(String filename) {"
      },
      {
        "lineNumber": 10,
        "author": {
          "gitId": "ttippinyu"
        },
        "content": "        this.filename \u003d filename;"
      },
      {
        "lineNumber": 11,
        "author": {
          "gitId": "ttippinyu"
        },
        "content": "    }"
      },
      {
        "lineNumber": 12,
        "author": {
          "gitId": "ttippinyu"
        },
        "content": ""
      },
      {
        "lineNumber": 13,
        "author": {
          "gitId": "ttippinyu"
        },
        "content": "    public List\u003cTask\u003e load() {"
      },
      {
        "lineNumber": 14,
        "author": {
          "gitId": "ttippinyu"
        },
        "content": "        try {"
      },
      {
        "lineNumber": 15,
        "author": {
          "gitId": "ttippinyu"
        },
        "content": "            BufferedReader inStream \u003d new BufferedReader(new FileReader(this.filename));"
      },
      {
        "lineNumber": 16,
        "author": {
          "gitId": "ttippinyu"
        },
        "content": "            List\u003cTask\u003e tasks \u003d new ArrayList\u003c\u003e();"
      },
      {
        "lineNumber": 17,
        "author": {
          "gitId": "ttippinyu"
        },
        "content": ""
      },
      {
        "lineNumber": 18,
        "author": {
          "gitId": "ttippinyu"
        },
        "content": "            String line;"
      },
      {
        "lineNumber": 19,
        "author": {
          "gitId": "ttippinyu"
        },
        "content": "            while ((line \u003d inStream.readLine()) !\u003d null) {"
      },
      {
        "lineNumber": 20,
        "author": {
          "gitId": "ttippinyu"
        },
        "content": "                List\u003cString\u003e words \u003d Arrays.asList(line.split(\"\\\\|\"));"
      },
      {
        "lineNumber": 21,
        "author": {
          "gitId": "ttippinyu"
        },
        "content": "                switch (words.get(0)) {"
      },
      {
        "lineNumber": 22,
        "author": {
          "gitId": "ttippinyu"
        },
        "content": "                    case \"T\":"
      },
      {
        "lineNumber": 23,
        "author": {
          "gitId": "ttippinyu"
        },
        "content": "                        tasks.add(new Todo(words.get(2)));"
      },
      {
        "lineNumber": 24,
        "author": {
          "gitId": "ttippinyu"
        },
        "content": "                        break;"
      },
      {
        "lineNumber": 25,
        "author": {
          "gitId": "ttippinyu"
        },
        "content": "                    case \"E\":"
      },
      {
        "lineNumber": 26,
        "author": {
          "gitId": "ttippinyu"
        },
        "content": "                        tasks.add(new Event(words.get(2), words.get(3)));"
      },
      {
        "lineNumber": 27,
        "author": {
          "gitId": "ttippinyu"
        },
        "content": "                        break;"
      },
      {
        "lineNumber": 28,
        "author": {
          "gitId": "ttippinyu"
        },
        "content": "                    case \"D\":"
      },
      {
        "lineNumber": 29,
        "author": {
          "gitId": "ttippinyu"
        },
        "content": "                        tasks.add(new Deadline(words.get(2), words.get(3)));"
      },
      {
        "lineNumber": 30,
        "author": {
          "gitId": "ttippinyu"
        },
        "content": "                        break;"
      },
      {
        "lineNumber": 31,
        "author": {
          "gitId": "ttippinyu"
        },
        "content": "                }"
      },
      {
        "lineNumber": 32,
        "author": {
          "gitId": "ttippinyu"
        },
        "content": "                if (words.get(1).equals(\"1\")) tasks.get(tasks.size()-1).markAsDone();"
      },
      {
        "lineNumber": 33,
        "author": {
          "gitId": "ttippinyu"
        },
        "content": "            }"
      },
      {
        "lineNumber": 34,
        "author": {
          "gitId": "ttippinyu"
        },
        "content": "            return tasks;"
      },
      {
        "lineNumber": 35,
        "author": {
          "gitId": "ttippinyu"
        },
        "content": "        } catch (FileNotFoundException e) {"
      },
      {
        "lineNumber": 36,
        "author": {
          "gitId": "ttippinyu"
        },
        "content": "            System.out.println(\"FileNotFound, creating new file...\");"
      },
      {
        "lineNumber": 37,
        "author": {
          "gitId": "ttippinyu"
        },
        "content": "            return new ArrayList\u003c\u003e();"
      },
      {
        "lineNumber": 38,
        "author": {
          "gitId": "ttippinyu"
        },
        "content": "        } catch (IOException e) {"
      },
      {
        "lineNumber": 39,
        "author": {
          "gitId": "ttippinyu"
        },
        "content": "            System.out.println(\"Exception: \" + e.getMessage());"
      },
      {
        "lineNumber": 40,
        "author": {
          "gitId": "ttippinyu"
        },
        "content": "            return new ArrayList\u003c\u003e();"
      },
      {
        "lineNumber": 41,
        "author": {
          "gitId": "ttippinyu"
        },
        "content": "        } catch (ArrayIndexOutOfBoundsException e) {"
      },
      {
        "lineNumber": 42,
        "author": {
          "gitId": "ttippinyu"
        },
        "content": "            System.out.println(\"Index out of bounds exception: \" + e.getMessage());"
      },
      {
        "lineNumber": 43,
        "author": {
          "gitId": "ttippinyu"
        },
        "content": "            return new ArrayList\u003c\u003e();"
      },
      {
        "lineNumber": 44,
        "author": {
          "gitId": "ttippinyu"
        },
        "content": "        }"
      },
      {
        "lineNumber": 45,
        "author": {
          "gitId": "ttippinyu"
        },
        "content": "    }"
      },
      {
        "lineNumber": 46,
        "author": {
          "gitId": "ttippinyu"
        },
        "content": ""
      },
      {
        "lineNumber": 47,
        "author": {
          "gitId": "ttippinyu"
        },
        "content": "    public void save(List\u003cTask\u003e tasks) {"
      },
      {
        "lineNumber": 48,
        "author": {
          "gitId": "ttippinyu"
        },
        "content": "        try {"
      },
      {
        "lineNumber": 49,
        "author": {
          "gitId": "ttippinyu"
        },
        "content": "            BufferedWriter outStream \u003d new BufferedWriter(new FileWriter(this.filename));"
      },
      {
        "lineNumber": 50,
        "author": {
          "gitId": "ttippinyu"
        },
        "content": "            for (Task task : tasks) {"
      },
      {
        "lineNumber": 51,
        "author": {
          "gitId": "ttippinyu"
        },
        "content": "                outStream.write(task.saveFormat());"
      },
      {
        "lineNumber": 52,
        "author": {
          "gitId": "ttippinyu"
        },
        "content": "                outStream.newLine();"
      },
      {
        "lineNumber": 53,
        "author": {
          "gitId": "ttippinyu"
        },
        "content": "            }"
      },
      {
        "lineNumber": 54,
        "author": {
          "gitId": "ttippinyu"
        },
        "content": "            outStream.close();"
      },
      {
        "lineNumber": 55,
        "author": {
          "gitId": "ttippinyu"
        },
        "content": "        } catch (IOException e) {"
      },
      {
        "lineNumber": 56,
        "author": {
          "gitId": "ttippinyu"
        },
        "content": "            System.out.println(e.getMessage());"
      },
      {
        "lineNumber": 57,
        "author": {
          "gitId": "ttippinyu"
        },
        "content": "        }"
      },
      {
        "lineNumber": 58,
        "author": {
          "gitId": "ttippinyu"
        },
        "content": "    }"
      },
      {
        "lineNumber": 59,
        "author": {
          "gitId": "ttippinyu"
        },
        "content": "}"
      }
    ],
    "authorContributionMap": {
      "ttippinyu": 59
    }
  },
  {
    "path": "src/main/java/Task.java",
    "lines": [
      {
        "lineNumber": 1,
        "author": {
          "gitId": "ttippinyu"
        },
        "content": "import java.io.Serializable;"
      },
      {
        "lineNumber": 2,
        "author": {
          "gitId": "ttippinyu"
        },
        "content": ""
      },
      {
        "lineNumber": 3,
        "author": {
          "gitId": "ttippinyu"
        },
        "content": "public class Task implements Serializable {"
      },
      {
        "lineNumber": 4,
        "author": {
          "gitId": "ttippinyu"
        },
        "content": "    private String description;"
      },
      {
        "lineNumber": 5,
        "author": {
          "gitId": "ttippinyu"
        },
        "content": "    private boolean isDone;"
      },
      {
        "lineNumber": 6,
        "author": {
          "gitId": "ttippinyu"
        },
        "content": ""
      },
      {
        "lineNumber": 7,
        "author": {
          "gitId": "ttippinyu"
        },
        "content": "    public Task(String description) {"
      },
      {
        "lineNumber": 8,
        "author": {
          "gitId": "ttippinyu"
        },
        "content": "        this.description \u003d description;"
      },
      {
        "lineNumber": 9,
        "author": {
          "gitId": "ttippinyu"
        },
        "content": "        this.isDone \u003d false;"
      },
      {
        "lineNumber": 10,
        "author": {
          "gitId": "ttippinyu"
        },
        "content": "    }"
      },
      {
        "lineNumber": 11,
        "author": {
          "gitId": "ttippinyu"
        },
        "content": ""
      },
      {
        "lineNumber": 12,
        "author": {
          "gitId": "ttippinyu"
        },
        "content": "    public void markAsDone() {"
      },
      {
        "lineNumber": 13,
        "author": {
          "gitId": "ttippinyu"
        },
        "content": "        this.isDone \u003d true;"
      },
      {
        "lineNumber": 14,
        "author": {
          "gitId": "ttippinyu"
        },
        "content": "    }"
      },
      {
        "lineNumber": 15,
        "author": {
          "gitId": "ttippinyu"
        },
        "content": ""
      },
      {
        "lineNumber": 16,
        "author": {
          "gitId": "ttippinyu"
        },
        "content": "    public String toString() {"
      },
      {
        "lineNumber": 17,
        "author": {
          "gitId": "ttippinyu"
        },
        "content": "        return \"[\" + (this.isDone ? \"\\u2713\" : \"\\u2718\") + \"] \" + this.description;"
      },
      {
        "lineNumber": 18,
        "author": {
          "gitId": "ttippinyu"
        },
        "content": "    }"
      },
      {
        "lineNumber": 19,
        "author": {
          "gitId": "ttippinyu"
        },
        "content": ""
      },
      {
        "lineNumber": 20,
        "author": {
          "gitId": "ttippinyu"
        },
        "content": "    public String saveFormat() {"
      },
      {
        "lineNumber": 21,
        "author": {
          "gitId": "ttippinyu"
        },
        "content": "        return (this.isDone ? \"1\" : \"0\") + \"|\" + this.description;"
      },
      {
        "lineNumber": 22,
        "author": {
          "gitId": "ttippinyu"
        },
        "content": "    }"
      },
      {
        "lineNumber": 23,
        "author": {
          "gitId": "ttippinyu"
        },
        "content": "}"
      }
    ],
    "authorContributionMap": {
      "ttippinyu": 23
    }
  },
  {
    "path": "src/main/java/Todo.java",
    "lines": [
      {
        "lineNumber": 1,
        "author": {
          "gitId": "ttippinyu"
        },
        "content": "public class Todo extends Task {"
      },
      {
        "lineNumber": 2,
        "author": {
          "gitId": "ttippinyu"
        },
        "content": "    public Todo (String description) {"
      },
      {
        "lineNumber": 3,
        "author": {
          "gitId": "ttippinyu"
        },
        "content": "        super(description);"
      },
      {
        "lineNumber": 4,
        "author": {
          "gitId": "ttippinyu"
        },
        "content": "    }"
      },
      {
        "lineNumber": 5,
        "author": {
          "gitId": "ttippinyu"
        },
        "content": ""
      },
      {
        "lineNumber": 6,
        "author": {
          "gitId": "ttippinyu"
        },
        "content": "    @Override"
      },
      {
        "lineNumber": 7,
        "author": {
          "gitId": "ttippinyu"
        },
        "content": "    public String toString() {"
      },
      {
        "lineNumber": 8,
        "author": {
          "gitId": "ttippinyu"
        },
        "content": "        return \"[T]\" + super.toString();"
      },
      {
        "lineNumber": 9,
        "author": {
          "gitId": "ttippinyu"
        },
        "content": "    }"
      },
      {
        "lineNumber": 10,
        "author": {
          "gitId": "ttippinyu"
        },
        "content": ""
      },
      {
        "lineNumber": 11,
        "author": {
          "gitId": "ttippinyu"
        },
        "content": "    @Override"
      },
      {
        "lineNumber": 12,
        "author": {
          "gitId": "ttippinyu"
        },
        "content": "    public String saveFormat() {"
      },
      {
        "lineNumber": 13,
        "author": {
          "gitId": "ttippinyu"
        },
        "content": "        return \"T|\" + super.saveFormat();"
      },
      {
        "lineNumber": 14,
        "author": {
          "gitId": "ttippinyu"
        },
        "content": "    }"
      },
      {
        "lineNumber": 15,
        "author": {
          "gitId": "ttippinyu"
        },
        "content": "}"
      }
    ],
    "authorContributionMap": {
      "ttippinyu": 15
    }
  }
]
