{
  "authorDailyContributionsMap": {
    "ttippinyu": [
      {
        "insertions": 103,
        "deletions": 12,
        "date": "2019-08-25",
        "commitResults": [
          {
            "hash": "44c1834654aa9647da7ef9e6fa45d0def897297a",
            "message": "merge gradle",
            "insertions": 1,
            "deletions": 1
          },
          {
            "hash": "846b44b4be94ed5cc172161955d16d874b65b81e",
            "message": "A-Gradle tutorial",
            "insertions": 21,
            "deletions": 0
          },
          {
            "hash": "67b3f3a40518b87a3442c02e99ebd4ffd8be28b4",
            "message": "Level-1",
            "insertions": 42,
            "deletions": 6
          },
          {
            "hash": "de5be8cc3af72515061f294a5d7270ddd27ceff8",
            "message": "Level-2",
            "insertions": 11,
            "deletions": 2
          },
          {
            "hash": "79a590ba2f120a3f272526f97a6f27afd2683e5f",
            "message": "Level-3",
            "insertions": 28,
            "deletions": 3
          }
        ]
      },
      {
        "insertions": 124,
        "deletions": 36,
        "date": "2019-08-26",
        "commitResults": [
          {
            "hash": "1e6a8839f2e8304db692431ba570947b6fd9d9ad",
            "message": "Level-4",
            "insertions": 71,
            "deletions": 13
          },
          {
            "hash": "c5c13ef2a5736e9de89be411acfcf46e822ad25b",
            "message": "Level-5",
            "insertions": 53,
            "deletions": 23
          }
        ]
      },
      {
        "insertions": 106,
        "deletions": 14,
        "date": "2019-08-27",
        "commitResults": [
          {
            "hash": "29ef5f21f0587ea0a42004ce182a601d3376a267",
            "message": "Level-7",
            "insertions": 106,
            "deletions": 14
          }
        ]
      }
    ]
  },
  "authorFinalContributionMap": {
    "ttippinyu": 278
  },
  "authorFileFormatContributionMap": {
    "ttippinyu": {
      "adoc": 0,
      "cs": 0,
      "css": 0,
      "fxml": 0,
      "gradle": 22,
      "html": 0,
      "java": 249,
      "js": 0,
      "json": 0,
      "jsp": 0,
      "md": 0,
      "py": 0,
      "tag": 0,
      "txt": 7,
      "xml": 0
    }
  },
  "authorContributionVariance": {
    "ttippinyu": 405.55554
  },
  "authorDisplayNameMap": {
    "ttippinyu": "TAN ... NYU"
  }
}
