[
  {
    "path": "build.gradle",
    "fileType": "gradle",
    "lines": [
      {
        "lineNumber": 1,
        "author": {
          "gitId": "-"
        },
        "content": "plugins {"
      },
      {
        "lineNumber": 2,
        "author": {
          "gitId": "-"
        },
        "content": "    id \u0027java\u0027"
      },
      {
        "lineNumber": 3,
        "author": {
          "gitId": "-"
        },
        "content": "    id \u0027application\u0027"
      },
      {
        "lineNumber": 4,
        "author": {
          "gitId": "-"
        },
        "content": "}"
      },
      {
        "lineNumber": 5,
        "author": {
          "gitId": "-"
        },
        "content": ""
      },
      {
        "lineNumber": 6,
        "author": {
          "gitId": "-"
        },
        "content": "group \u0027seedu.duke\u0027"
      },
      {
        "lineNumber": 7,
        "author": {
          "gitId": "-"
        },
        "content": "version \u00270.1.0\u0027"
      },
      {
        "lineNumber": 8,
        "author": {
          "gitId": "-"
        },
        "content": ""
      },
      {
        "lineNumber": 9,
        "author": {
          "gitId": "-"
        },
        "content": "repositories {"
      },
      {
        "lineNumber": 10,
        "author": {
          "gitId": "-"
        },
        "content": "    mavenCentral()"
      },
      {
        "lineNumber": 11,
        "author": {
          "gitId": "-"
        },
        "content": "}"
      },
      {
        "lineNumber": 12,
        "author": {
          "gitId": "-"
        },
        "content": ""
      },
      {
        "lineNumber": 13,
        "author": {
          "gitId": "-"
        },
        "content": "application {"
      },
      {
        "lineNumber": 14,
        "author": {
          "gitId": "-"
        },
        "content": "    // Change this to your main class."
      },
      {
        "lineNumber": 15,
        "author": {
          "gitId": "jinwentay"
        },
        "content": "    mainClassName \u003d \"Duke\""
      },
      {
        "lineNumber": 16,
        "author": {
          "gitId": "-"
        },
        "content": "}"
      },
      {
        "lineNumber": 17,
        "author": {
          "gitId": "-"
        },
        "content": ""
      },
      {
        "lineNumber": 18,
        "author": {
          "gitId": "-"
        },
        "content": "run {"
      },
      {
        "lineNumber": 19,
        "author": {
          "gitId": "-"
        },
        "content": "    standardInput \u003d System.in"
      },
      {
        "lineNumber": 20,
        "author": {
          "gitId": "-"
        },
        "content": "}"
      }
    ],
    "authorContributionMap": {
      "jinwentay": 1,
      "-": 19
    }
  },
  {
    "path": "src/main/java/Deadlines.java",
    "fileType": "java",
    "lines": [
      {
        "lineNumber": 1,
        "author": {
          "gitId": "jinwentay"
        },
        "content": "public class Deadlines extends Task {"
      },
      {
        "lineNumber": 2,
        "author": {
          "gitId": "jinwentay"
        },
        "content": "    String icon;"
      },
      {
        "lineNumber": 3,
        "author": {
          "gitId": "jinwentay"
        },
        "content": "    String date;"
      },
      {
        "lineNumber": 4,
        "author": {
          "gitId": "jinwentay"
        },
        "content": "    public Deadlines(String name, String date) {"
      },
      {
        "lineNumber": 5,
        "author": {
          "gitId": "jinwentay"
        },
        "content": "        super(name);"
      },
      {
        "lineNumber": 6,
        "author": {
          "gitId": "jinwentay"
        },
        "content": "        this.icon \u003d \"[D]\";"
      },
      {
        "lineNumber": 7,
        "author": {
          "gitId": "jinwentay"
        },
        "content": "        this.date \u003d date;"
      },
      {
        "lineNumber": 8,
        "author": {
          "gitId": "jinwentay"
        },
        "content": "    }"
      },
      {
        "lineNumber": 9,
        "author": {
          "gitId": "jinwentay"
        },
        "content": ""
      },
      {
        "lineNumber": 10,
        "author": {
          "gitId": "jinwentay"
        },
        "content": "    @Override"
      },
      {
        "lineNumber": 11,
        "author": {
          "gitId": "jinwentay"
        },
        "content": "    public String toString() {"
      },
      {
        "lineNumber": 12,
        "author": {
          "gitId": "jinwentay"
        },
        "content": "        return icon+super.toString()+\" (by: \"+date+\")\";"
      },
      {
        "lineNumber": 13,
        "author": {
          "gitId": "jinwentay"
        },
        "content": "    }"
      },
      {
        "lineNumber": 14,
        "author": {
          "gitId": "jinwentay"
        },
        "content": "}"
      }
    ],
    "authorContributionMap": {
      "jinwentay": 14
    }
  },
  {
    "path": "src/main/java/Duke.java",
    "fileType": "java",
    "lines": [
      {
        "lineNumber": 1,
        "author": {
          "gitId": "jinwentay"
        },
        "content": "import java.text.DateFormat;"
      },
      {
        "lineNumber": 2,
        "author": {
          "gitId": "jinwentay"
        },
        "content": "import java.text.ParseException;"
      },
      {
        "lineNumber": 3,
        "author": {
          "gitId": "jinwentay"
        },
        "content": "import java.util.Scanner;"
      },
      {
        "lineNumber": 4,
        "author": {
          "gitId": "jinwentay"
        },
        "content": "import java.util.ArrayList;"
      },
      {
        "lineNumber": 5,
        "author": {
          "gitId": "jinwentay"
        },
        "content": "import java.io.*;"
      },
      {
        "lineNumber": 6,
        "author": {
          "gitId": "jinwentay"
        },
        "content": "import java.text.SimpleDateFormat;"
      },
      {
        "lineNumber": 7,
        "author": {
          "gitId": "jinwentay"
        },
        "content": "import java.util.Date;"
      },
      {
        "lineNumber": 8,
        "author": {
          "gitId": "jinwentay"
        },
        "content": ""
      },
      {
        "lineNumber": 9,
        "author": {
          "gitId": "-"
        },
        "content": "public class Duke {"
      },
      {
        "lineNumber": 10,
        "author": {
          "gitId": "jinwentay"
        },
        "content": "    public static void listTasks(int num, ArrayList\u003cTask\u003e store) {"
      },
      {
        "lineNumber": 11,
        "author": {
          "gitId": "jinwentay"
        },
        "content": "        System.out.println(\"Here are the tasks in your list:\");"
      },
      {
        "lineNumber": 12,
        "author": {
          "gitId": "jinwentay"
        },
        "content": "        for (Task i : store) {"
      },
      {
        "lineNumber": 13,
        "author": {
          "gitId": "jinwentay"
        },
        "content": "            System.out.print(num+\". \");"
      },
      {
        "lineNumber": 14,
        "author": {
          "gitId": "jinwentay"
        },
        "content": "            System.out.println(i.toString());"
      },
      {
        "lineNumber": 15,
        "author": {
          "gitId": "jinwentay"
        },
        "content": "            num++;"
      },
      {
        "lineNumber": 16,
        "author": {
          "gitId": "jinwentay"
        },
        "content": "        }"
      },
      {
        "lineNumber": 17,
        "author": {
          "gitId": "jinwentay"
        },
        "content": "    }"
      },
      {
        "lineNumber": 18,
        "author": {
          "gitId": "jinwentay"
        },
        "content": ""
      },
      {
        "lineNumber": 19,
        "author": {
          "gitId": "jinwentay"
        },
        "content": "    public static void usingBufferedWritter(String fileContent, ArrayList\u003cTask\u003e store) throws IOException"
      },
      {
        "lineNumber": 20,
        "author": {
          "gitId": "jinwentay"
        },
        "content": "    {"
      },
      {
        "lineNumber": 21,
        "author": {
          "gitId": "jinwentay"
        },
        "content": "        File fileToAppend \u003d new File(\"duke.txt\");"
      },
      {
        "lineNumber": 22,
        "author": {
          "gitId": "jinwentay"
        },
        "content": "        BufferedReader reader \u003d null;"
      },
      {
        "lineNumber": 23,
        "author": {
          "gitId": "jinwentay"
        },
        "content": "        reader \u003d new BufferedReader(new FileReader(fileToAppend));"
      },
      {
        "lineNumber": 24,
        "author": {
          "gitId": "jinwentay"
        },
        "content": "        String line \u003d reader.readLine();"
      },
      {
        "lineNumber": 25,
        "author": {
          "gitId": "jinwentay"
        },
        "content": "        //write current items to file"
      },
      {
        "lineNumber": 26,
        "author": {
          "gitId": "jinwentay"
        },
        "content": "        while (line !\u003d null) {"
      },
      {
        "lineNumber": 27,
        "author": {
          "gitId": "jinwentay"
        },
        "content": "            fileContent +\u003d line + System.lineSeparator();"
      },
      {
        "lineNumber": 28,
        "author": {
          "gitId": "jinwentay"
        },
        "content": "            line \u003d reader.readLine();"
      },
      {
        "lineNumber": 29,
        "author": {
          "gitId": "jinwentay"
        },
        "content": "        }"
      },
      {
        "lineNumber": 30,
        "author": {
          "gitId": "jinwentay"
        },
        "content": "        for (Task i : store) {"
      },
      {
        "lineNumber": 31,
        "author": {
          "gitId": "jinwentay"
        },
        "content": "            fileContent +\u003d i.toString() + \"\\n\";"
      },
      {
        "lineNumber": 32,
        "author": {
          "gitId": "jinwentay"
        },
        "content": "        }"
      },
      {
        "lineNumber": 33,
        "author": {
          "gitId": "jinwentay"
        },
        "content": ""
      },
      {
        "lineNumber": 34,
        "author": {
          "gitId": "jinwentay"
        },
        "content": "        BufferedWriter writer \u003d new BufferedWriter(new FileWriter(\"duke.txt\"));"
      },
      {
        "lineNumber": 35,
        "author": {
          "gitId": "jinwentay"
        },
        "content": "        writer.write(fileContent);"
      },
      {
        "lineNumber": 36,
        "author": {
          "gitId": "jinwentay"
        },
        "content": "        writer.close();"
      },
      {
        "lineNumber": 37,
        "author": {
          "gitId": "jinwentay"
        },
        "content": "    }"
      },
      {
        "lineNumber": 38,
        "author": {
          "gitId": "jinwentay"
        },
        "content": ""
      },
      {
        "lineNumber": 39,
        "author": {
          "gitId": "jinwentay"
        },
        "content": "    static void modifyFile(String oldString, String newString)"
      },
      {
        "lineNumber": 40,
        "author": {
          "gitId": "jinwentay"
        },
        "content": "    {"
      },
      {
        "lineNumber": 41,
        "author": {
          "gitId": "jinwentay"
        },
        "content": "        File fileToBeModified \u003d new File(\"duke.txt\");"
      },
      {
        "lineNumber": 42,
        "author": {
          "gitId": "jinwentay"
        },
        "content": ""
      },
      {
        "lineNumber": 43,
        "author": {
          "gitId": "jinwentay"
        },
        "content": "        String oldContent \u003d \"\";"
      },
      {
        "lineNumber": 44,
        "author": {
          "gitId": "jinwentay"
        },
        "content": ""
      },
      {
        "lineNumber": 45,
        "author": {
          "gitId": "jinwentay"
        },
        "content": "        BufferedReader reader \u003d null;"
      },
      {
        "lineNumber": 46,
        "author": {
          "gitId": "jinwentay"
        },
        "content": ""
      },
      {
        "lineNumber": 47,
        "author": {
          "gitId": "jinwentay"
        },
        "content": "        FileWriter writer \u003d null;"
      },
      {
        "lineNumber": 48,
        "author": {
          "gitId": "jinwentay"
        },
        "content": ""
      },
      {
        "lineNumber": 49,
        "author": {
          "gitId": "jinwentay"
        },
        "content": "        try"
      },
      {
        "lineNumber": 50,
        "author": {
          "gitId": "jinwentay"
        },
        "content": "        {"
      },
      {
        "lineNumber": 51,
        "author": {
          "gitId": "jinwentay"
        },
        "content": "            reader \u003d new BufferedReader(new FileReader(fileToBeModified));"
      },
      {
        "lineNumber": 52,
        "author": {
          "gitId": "jinwentay"
        },
        "content": ""
      },
      {
        "lineNumber": 53,
        "author": {
          "gitId": "jinwentay"
        },
        "content": "            //Reading all the lines of input text file into oldContent"
      },
      {
        "lineNumber": 54,
        "author": {
          "gitId": "jinwentay"
        },
        "content": ""
      },
      {
        "lineNumber": 55,
        "author": {
          "gitId": "jinwentay"
        },
        "content": "            String line \u003d reader.readLine();"
      },
      {
        "lineNumber": 56,
        "author": {
          "gitId": "jinwentay"
        },
        "content": ""
      },
      {
        "lineNumber": 57,
        "author": {
          "gitId": "jinwentay"
        },
        "content": "            while (line !\u003d null)"
      },
      {
        "lineNumber": 58,
        "author": {
          "gitId": "jinwentay"
        },
        "content": "            {"
      },
      {
        "lineNumber": 59,
        "author": {
          "gitId": "jinwentay"
        },
        "content": "                oldContent \u003d oldContent + line + System.lineSeparator();"
      },
      {
        "lineNumber": 60,
        "author": {
          "gitId": "jinwentay"
        },
        "content": ""
      },
      {
        "lineNumber": 61,
        "author": {
          "gitId": "jinwentay"
        },
        "content": "                line \u003d reader.readLine();"
      },
      {
        "lineNumber": 62,
        "author": {
          "gitId": "jinwentay"
        },
        "content": "            }"
      },
      {
        "lineNumber": 63,
        "author": {
          "gitId": "jinwentay"
        },
        "content": ""
      },
      {
        "lineNumber": 64,
        "author": {
          "gitId": "jinwentay"
        },
        "content": "            //Replacing oldString with newString in the oldContent"
      },
      {
        "lineNumber": 65,
        "author": {
          "gitId": "jinwentay"
        },
        "content": ""
      },
      {
        "lineNumber": 66,
        "author": {
          "gitId": "jinwentay"
        },
        "content": "            String newContent \u003d oldContent.replaceAll(oldString, newString);"
      },
      {
        "lineNumber": 67,
        "author": {
          "gitId": "jinwentay"
        },
        "content": ""
      },
      {
        "lineNumber": 68,
        "author": {
          "gitId": "jinwentay"
        },
        "content": "            //Rewriting the input text file with newContent"
      },
      {
        "lineNumber": 69,
        "author": {
          "gitId": "jinwentay"
        },
        "content": ""
      },
      {
        "lineNumber": 70,
        "author": {
          "gitId": "jinwentay"
        },
        "content": "            writer \u003d new FileWriter(fileToBeModified);"
      },
      {
        "lineNumber": 71,
        "author": {
          "gitId": "jinwentay"
        },
        "content": ""
      },
      {
        "lineNumber": 72,
        "author": {
          "gitId": "jinwentay"
        },
        "content": "            writer.write(newContent);"
      },
      {
        "lineNumber": 73,
        "author": {
          "gitId": "jinwentay"
        },
        "content": "        }"
      },
      {
        "lineNumber": 74,
        "author": {
          "gitId": "jinwentay"
        },
        "content": "        catch (IOException e)"
      },
      {
        "lineNumber": 75,
        "author": {
          "gitId": "jinwentay"
        },
        "content": "        {"
      },
      {
        "lineNumber": 76,
        "author": {
          "gitId": "jinwentay"
        },
        "content": "            e.printStackTrace();"
      },
      {
        "lineNumber": 77,
        "author": {
          "gitId": "jinwentay"
        },
        "content": "        }"
      },
      {
        "lineNumber": 78,
        "author": {
          "gitId": "jinwentay"
        },
        "content": "        finally"
      },
      {
        "lineNumber": 79,
        "author": {
          "gitId": "jinwentay"
        },
        "content": "        {"
      },
      {
        "lineNumber": 80,
        "author": {
          "gitId": "jinwentay"
        },
        "content": "            try"
      },
      {
        "lineNumber": 81,
        "author": {
          "gitId": "jinwentay"
        },
        "content": "            {"
      },
      {
        "lineNumber": 82,
        "author": {
          "gitId": "jinwentay"
        },
        "content": "                //Closing the resources"
      },
      {
        "lineNumber": 83,
        "author": {
          "gitId": "jinwentay"
        },
        "content": ""
      },
      {
        "lineNumber": 84,
        "author": {
          "gitId": "jinwentay"
        },
        "content": "                reader.close();"
      },
      {
        "lineNumber": 85,
        "author": {
          "gitId": "jinwentay"
        },
        "content": ""
      },
      {
        "lineNumber": 86,
        "author": {
          "gitId": "jinwentay"
        },
        "content": "                writer.close();"
      },
      {
        "lineNumber": 87,
        "author": {
          "gitId": "jinwentay"
        },
        "content": "            }"
      },
      {
        "lineNumber": 88,
        "author": {
          "gitId": "jinwentay"
        },
        "content": "            catch (IOException e)"
      },
      {
        "lineNumber": 89,
        "author": {
          "gitId": "jinwentay"
        },
        "content": "            {"
      },
      {
        "lineNumber": 90,
        "author": {
          "gitId": "jinwentay"
        },
        "content": "                e.printStackTrace();"
      },
      {
        "lineNumber": 91,
        "author": {
          "gitId": "jinwentay"
        },
        "content": "            }"
      },
      {
        "lineNumber": 92,
        "author": {
          "gitId": "jinwentay"
        },
        "content": "        }"
      },
      {
        "lineNumber": 93,
        "author": {
          "gitId": "jinwentay"
        },
        "content": "    }"
      },
      {
        "lineNumber": 94,
        "author": {
          "gitId": "jinwentay"
        },
        "content": ""
      },
      {
        "lineNumber": 95,
        "author": {
          "gitId": "jinwentay"
        },
        "content": "    public static Date StringToDate(String original) {"
      },
      {
        "lineNumber": 96,
        "author": {
          "gitId": "jinwentay"
        },
        "content": "        SimpleDateFormat formatter \u003d new SimpleDateFormat(\"dd/MM/yyyy HHmm\");"
      },
      {
        "lineNumber": 97,
        "author": {
          "gitId": "jinwentay"
        },
        "content": "        Date newdate \u003d null;"
      },
      {
        "lineNumber": 98,
        "author": {
          "gitId": "jinwentay"
        },
        "content": "        try {"
      },
      {
        "lineNumber": 99,
        "author": {
          "gitId": "jinwentay"
        },
        "content": "            newdate \u003d formatter.parse(original);"
      },
      {
        "lineNumber": 100,
        "author": {
          "gitId": "jinwentay"
        },
        "content": "        } catch (ParseException p) {"
      },
      {
        "lineNumber": 101,
        "author": {
          "gitId": "jinwentay"
        },
        "content": "            System.out.println(\"Please key in the date and time dd/MM/yyyy HHmm format.\");"
      },
      {
        "lineNumber": 102,
        "author": {
          "gitId": "jinwentay"
        },
        "content": "        }"
      },
      {
        "lineNumber": 103,
        "author": {
          "gitId": "jinwentay"
        },
        "content": "        return newdate;"
      },
      {
        "lineNumber": 104,
        "author": {
          "gitId": "jinwentay"
        },
        "content": "    }"
      },
      {
        "lineNumber": 105,
        "author": {
          "gitId": "jinwentay"
        },
        "content": ""
      },
      {
        "lineNumber": 106,
        "author": {
          "gitId": "-"
        },
        "content": "    public static void main(String[] args) {"
      },
      {
        "lineNumber": 107,
        "author": {
          "gitId": "-"
        },
        "content": "        String logo \u003d \" ____        _        \\n\""
      },
      {
        "lineNumber": 108,
        "author": {
          "gitId": "-"
        },
        "content": "                + \"|  _ \\\\ _   _| | _____ \\n\""
      },
      {
        "lineNumber": 109,
        "author": {
          "gitId": "-"
        },
        "content": "                + \"| | | | | | | |/ / _ \\\\\\n\""
      },
      {
        "lineNumber": 110,
        "author": {
          "gitId": "-"
        },
        "content": "                + \"| |_| | |_| |   \u003c  __/\\n\""
      },
      {
        "lineNumber": 111,
        "author": {
          "gitId": "-"
        },
        "content": "                + \"|____/ \\\\__,_|_|\\\\_\\\\___|\\n\";"
      },
      {
        "lineNumber": 112,
        "author": {
          "gitId": "jinwentay"
        },
        "content": "        System.out.println(\"____________________________________________________________\\n\""
      },
      {
        "lineNumber": 113,
        "author": {
          "gitId": "jinwentay"
        },
        "content": "                + logo);"
      },
      {
        "lineNumber": 114,
        "author": {
          "gitId": "jinwentay"
        },
        "content": "        System.out.println(\"Hello! I\u0027m Duke\\n\" +"
      },
      {
        "lineNumber": 115,
        "author": {
          "gitId": "jinwentay"
        },
        "content": "                \"What can I do for you?\");"
      },
      {
        "lineNumber": 116,
        "author": {
          "gitId": "jinwentay"
        },
        "content": "        System.out.println(\"____________________________________________________________\");"
      },
      {
        "lineNumber": 117,
        "author": {
          "gitId": "jinwentay"
        },
        "content": ""
      },
      {
        "lineNumber": 118,
        "author": {
          "gitId": "jinwentay"
        },
        "content": "        Scanner input \u003d new Scanner(System.in);"
      },
      {
        "lineNumber": 119,
        "author": {
          "gitId": "jinwentay"
        },
        "content": "        String command \u003d input.nextLine();"
      },
      {
        "lineNumber": 120,
        "author": {
          "gitId": "jinwentay"
        },
        "content": ""
      },
      {
        "lineNumber": 121,
        "author": {
          "gitId": "jinwentay"
        },
        "content": "        ArrayList\u003cTask\u003e store \u003d new ArrayList\u003cTask\u003e();"
      },
      {
        "lineNumber": 122,
        "author": {
          "gitId": "jinwentay"
        },
        "content": "        int num \u003d 1; // count num of tasks added"
      },
      {
        "lineNumber": 123,
        "author": {
          "gitId": "jinwentay"
        },
        "content": "        int index \u003d 0;"
      },
      {
        "lineNumber": 124,
        "author": {
          "gitId": "jinwentay"
        },
        "content": "        String fileContent \u003d \"\";"
      },
      {
        "lineNumber": 125,
        "author": {
          "gitId": "jinwentay"
        },
        "content": "        while (!command.equals(\"bye\")) {"
      },
      {
        "lineNumber": 126,
        "author": {
          "gitId": "jinwentay"
        },
        "content": "            String[] done \u003d command.split(\" \", 2);"
      },
      {
        "lineNumber": 127,
        "author": {
          "gitId": "jinwentay"
        },
        "content": "            String[] deadline \u003d command.split(\"/by \");"
      },
      {
        "lineNumber": 128,
        "author": {
          "gitId": "jinwentay"
        },
        "content": "            String[] event \u003d command.split(\"/at \");"
      },
      {
        "lineNumber": 129,
        "author": {
          "gitId": "jinwentay"
        },
        "content": "            if (!command.equals(\"list\") \u0026\u0026 !done[0].equals(\"done\")) { //to do, deadline, event"
      },
      {
        "lineNumber": 130,
        "author": {
          "gitId": "jinwentay"
        },
        "content": "                //add command to the list (to-do/deadline/event/delete)"
      },
      {
        "lineNumber": 131,
        "author": {
          "gitId": "jinwentay"
        },
        "content": "                if (done[0].equals(\"todo\")) {"
      },
      {
        "lineNumber": 132,
        "author": {
          "gitId": "jinwentay"
        },
        "content": "                    try {"
      },
      {
        "lineNumber": 133,
        "author": {
          "gitId": "jinwentay"
        },
        "content": "                        //Task obj \u003d new Task(done[1], false, done[0]);"
      },
      {
        "lineNumber": 134,
        "author": {
          "gitId": "jinwentay"
        },
        "content": "                        Task obj \u003d new ToDos(done[1]);"
      },
      {
        "lineNumber": 135,
        "author": {
          "gitId": "jinwentay"
        },
        "content": "                        store.add(obj);"
      },
      {
        "lineNumber": 136,
        "author": {
          "gitId": "jinwentay"
        },
        "content": ""
      },
      {
        "lineNumber": 137,
        "author": {
          "gitId": "jinwentay"
        },
        "content": "                    } catch (ArrayIndexOutOfBoundsException e) {"
      },
      {
        "lineNumber": 138,
        "author": {
          "gitId": "jinwentay"
        },
        "content": "                        System.out.println(\"OOPS!!! The description of a todo cannot be empty.\");"
      },
      {
        "lineNumber": 139,
        "author": {
          "gitId": "jinwentay"
        },
        "content": "                    }"
      },
      {
        "lineNumber": 140,
        "author": {
          "gitId": "jinwentay"
        },
        "content": "                } else if (done[0].equals(\"deadline\")) {"
      },
      {
        "lineNumber": 141,
        "author": {
          "gitId": "jinwentay"
        },
        "content": "                    try {"
      },
      {
        "lineNumber": 142,
        "author": {
          "gitId": "jinwentay"
        },
        "content": "                        String[] Dtask \u003d done[1].split(\"/by \");"
      },
      {
        "lineNumber": 143,
        "author": {
          "gitId": "jinwentay"
        },
        "content": "                        Date date \u003d StringToDate(deadline[1]);"
      },
      {
        "lineNumber": 144,
        "author": {
          "gitId": "jinwentay"
        },
        "content": "                        DateFormat dateformat \u003dnew SimpleDateFormat(\"dd MMMM yyyy, HHmm\");"
      },
      {
        "lineNumber": 145,
        "author": {
          "gitId": "jinwentay"
        },
        "content": "                        String sdate \u003d dateformat.format(date);"
      },
      {
        "lineNumber": 146,
        "author": {
          "gitId": "jinwentay"
        },
        "content": "                        Task obj \u003d new Deadlines(Dtask[0], sdate);"
      },
      {
        "lineNumber": 147,
        "author": {
          "gitId": "jinwentay"
        },
        "content": "                        store.add(obj);"
      },
      {
        "lineNumber": 148,
        "author": {
          "gitId": "jinwentay"
        },
        "content": "                    } catch (ArrayIndexOutOfBoundsException e) {"
      },
      {
        "lineNumber": 149,
        "author": {
          "gitId": "jinwentay"
        },
        "content": "                        System.out.println(\"OOPS!!! The description of a deadline cannot be empty.\");"
      },
      {
        "lineNumber": 150,
        "author": {
          "gitId": "jinwentay"
        },
        "content": "                    }"
      },
      {
        "lineNumber": 151,
        "author": {
          "gitId": "jinwentay"
        },
        "content": "                } else if (done[0].equals(\"event\")){"
      },
      {
        "lineNumber": 152,
        "author": {
          "gitId": "jinwentay"
        },
        "content": "                    try {"
      },
      {
        "lineNumber": 153,
        "author": {
          "gitId": "jinwentay"
        },
        "content": "                        String[] Etask \u003d done[1].split(\"/at \");"
      },
      {
        "lineNumber": 154,
        "author": {
          "gitId": "jinwentay"
        },
        "content": "                        Date date \u003d StringToDate(event[1]);"
      },
      {
        "lineNumber": 155,
        "author": {
          "gitId": "jinwentay"
        },
        "content": "                        DateFormat dateformat \u003dnew SimpleDateFormat(\"dd MMMM yyyy, HHmm\");"
      },
      {
        "lineNumber": 156,
        "author": {
          "gitId": "jinwentay"
        },
        "content": "                        String sdate \u003d dateformat.format(date);"
      },
      {
        "lineNumber": 157,
        "author": {
          "gitId": "jinwentay"
        },
        "content": "                        Task obj \u003d new Events(Etask[0], sdate);"
      },
      {
        "lineNumber": 158,
        "author": {
          "gitId": "jinwentay"
        },
        "content": "                        store.add(obj);"
      },
      {
        "lineNumber": 159,
        "author": {
          "gitId": "jinwentay"
        },
        "content": ""
      },
      {
        "lineNumber": 160,
        "author": {
          "gitId": "jinwentay"
        },
        "content": "                    } catch (ArrayIndexOutOfBoundsException e) {"
      },
      {
        "lineNumber": 161,
        "author": {
          "gitId": "jinwentay"
        },
        "content": "                        System.out.println(\"OOPS!!! The description of a todo cannot be empty.\");"
      },
      {
        "lineNumber": 162,
        "author": {
          "gitId": "jinwentay"
        },
        "content": "                    }"
      },
      {
        "lineNumber": 163,
        "author": {
          "gitId": "jinwentay"
        },
        "content": "                } else if (done[0].equals(\"delete\")) {"
      },
      {
        "lineNumber": 164,
        "author": {
          "gitId": "jinwentay"
        },
        "content": "                    int toDelete \u003d Integer.parseInt(done[1]) - 1;"
      },
      {
        "lineNumber": 165,
        "author": {
          "gitId": "jinwentay"
        },
        "content": "                    System.out.println(\"Noted. I\u0027ve removed this task:\");"
      },
      {
        "lineNumber": 166,
        "author": {
          "gitId": "jinwentay"
        },
        "content": "                    System.out.println(\"  \" + store.get(toDelete).toString());"
      },
      {
        "lineNumber": 167,
        "author": {
          "gitId": "jinwentay"
        },
        "content": "                    store.remove(toDelete);"
      },
      {
        "lineNumber": 168,
        "author": {
          "gitId": "jinwentay"
        },
        "content": "                } else {"
      },
      {
        "lineNumber": 169,
        "author": {
          "gitId": "jinwentay"
        },
        "content": "                    try {"
      },
      {
        "lineNumber": 170,
        "author": {
          "gitId": "jinwentay"
        },
        "content": "                        throw new DukeException(done[0]);"
      },
      {
        "lineNumber": 171,
        "author": {
          "gitId": "jinwentay"
        },
        "content": "                    }"
      },
      {
        "lineNumber": 172,
        "author": {
          "gitId": "jinwentay"
        },
        "content": "                    catch (DukeException e) {"
      },
      {
        "lineNumber": 173,
        "author": {
          "gitId": "jinwentay"
        },
        "content": "                        System.out.println(\"OOPS!!! I\u0027m sorry, but I don\u0027t know what that means :-(\");"
      },
      {
        "lineNumber": 174,
        "author": {
          "gitId": "jinwentay"
        },
        "content": "                    }"
      },
      {
        "lineNumber": 175,
        "author": {
          "gitId": "jinwentay"
        },
        "content": "                }"
      },
      {
        "lineNumber": 176,
        "author": {
          "gitId": "jinwentay"
        },
        "content": ""
      },
      {
        "lineNumber": 177,
        "author": {
          "gitId": "jinwentay"
        },
        "content": "                //print task statements"
      },
      {
        "lineNumber": 178,
        "author": {
          "gitId": "jinwentay"
        },
        "content": "                try {"
      },
      {
        "lineNumber": 179,
        "author": {
          "gitId": "jinwentay"
        },
        "content": "                    if (!done[0].equals(\"delete\")) {"
      },
      {
        "lineNumber": 180,
        "author": {
          "gitId": "jinwentay"
        },
        "content": "                        String empty \u003d store.get(index).toString();"
      },
      {
        "lineNumber": 181,
        "author": {
          "gitId": "jinwentay"
        },
        "content": "                        System.out.println(\"Got it. I\u0027ve added this task: \");"
      },
      {
        "lineNumber": 182,
        "author": {
          "gitId": "jinwentay"
        },
        "content": "                        System.out.println(\"  \" + store.get(index).toString());"
      },
      {
        "lineNumber": 183,
        "author": {
          "gitId": "jinwentay"
        },
        "content": "                        index++;"
      },
      {
        "lineNumber": 184,
        "author": {
          "gitId": "jinwentay"
        },
        "content": "                    } else {"
      },
      {
        "lineNumber": 185,
        "author": {
          "gitId": "jinwentay"
        },
        "content": "                        index--;"
      },
      {
        "lineNumber": 186,
        "author": {
          "gitId": "jinwentay"
        },
        "content": "                    }"
      },
      {
        "lineNumber": 187,
        "author": {
          "gitId": "jinwentay"
        },
        "content": "                    System.out.println(\"Now you have \" + Integer.toString(index) + \" tasks in the list\");"
      },
      {
        "lineNumber": 188,
        "author": {
          "gitId": "jinwentay"
        },
        "content": "                } catch (NullPointerException e) {"
      },
      {
        "lineNumber": 189,
        "author": {
          "gitId": "jinwentay"
        },
        "content": "                }"
      },
      {
        "lineNumber": 190,
        "author": {
          "gitId": "jinwentay"
        },
        "content": ""
      },
      {
        "lineNumber": 191,
        "author": {
          "gitId": "jinwentay"
        },
        "content": "            } else if (command.equals(\"list\")){"
      },
      {
        "lineNumber": 192,
        "author": {
          "gitId": "jinwentay"
        },
        "content": "                listTasks(num, store);"
      },
      {
        "lineNumber": 193,
        "author": {
          "gitId": "jinwentay"
        },
        "content": "            } else {"
      },
      {
        "lineNumber": 194,
        "author": {
          "gitId": "jinwentay"
        },
        "content": "                //mark task as done"
      },
      {
        "lineNumber": 195,
        "author": {
          "gitId": "jinwentay"
        },
        "content": "                int tasknum \u003d Integer.parseInt(done[1]); //convert string to int"
      },
      {
        "lineNumber": 196,
        "author": {
          "gitId": "jinwentay"
        },
        "content": "                tasknum -\u003d 1;"
      },
      {
        "lineNumber": 197,
        "author": {
          "gitId": "jinwentay"
        },
        "content": "                String old \u003d store.get(tasknum).toString();"
      },
      {
        "lineNumber": 198,
        "author": {
          "gitId": "jinwentay"
        },
        "content": "                store.get(tasknum).isDone \u003d true;"
      },
      {
        "lineNumber": 199,
        "author": {
          "gitId": "jinwentay"
        },
        "content": "                System.out.println(\"Nice! I\u0027ve marked this task as done:\");"
      },
      {
        "lineNumber": 200,
        "author": {
          "gitId": "jinwentay"
        },
        "content": "                System.out.println(\"  \"+store.get(tasknum).toString());"
      },
      {
        "lineNumber": 201,
        "author": {
          "gitId": "jinwentay"
        },
        "content": "                modifyFile(old, store.get(tasknum).toString());"
      },
      {
        "lineNumber": 202,
        "author": {
          "gitId": "jinwentay"
        },
        "content": "            }"
      },
      {
        "lineNumber": 203,
        "author": {
          "gitId": "jinwentay"
        },
        "content": "            command \u003d input.nextLine();"
      },
      {
        "lineNumber": 204,
        "author": {
          "gitId": "-"
        },
        "content": "        }"
      },
      {
        "lineNumber": 205,
        "author": {
          "gitId": "jinwentay"
        },
        "content": "        System.out.println(\"Bye. Hope to see you again soon!\");"
      },
      {
        "lineNumber": 206,
        "author": {
          "gitId": "jinwentay"
        },
        "content": "        try {"
      },
      {
        "lineNumber": 207,
        "author": {
          "gitId": "jinwentay"
        },
        "content": "            usingBufferedWritter(fileContent,store);"
      },
      {
        "lineNumber": 208,
        "author": {
          "gitId": "jinwentay"
        },
        "content": "        } catch (IOException io){"
      },
      {
        "lineNumber": 209,
        "author": {
          "gitId": "jinwentay"
        },
        "content": "            System.out.println(\"OOPS!!! The file could not be created.\");"
      },
      {
        "lineNumber": 210,
        "author": {
          "gitId": "jinwentay"
        },
        "content": "        }"
      },
      {
        "lineNumber": 211,
        "author": {
          "gitId": "-"
        },
        "content": "    }"
      },
      {
        "lineNumber": 212,
        "author": {
          "gitId": "-"
        },
        "content": "}"
      },
      {
        "lineNumber": 213,
        "author": {
          "gitId": "jinwentay"
        },
        "content": ""
      }
    ],
    "authorContributionMap": {
      "jinwentay": 203,
      "-": 10
    }
  },
  {
    "path": "src/main/java/DukeException.java",
    "fileType": "java",
    "lines": [
      {
        "lineNumber": 1,
        "author": {
          "gitId": "jinwentay"
        },
        "content": "public class DukeException extends Exception{"
      },
      {
        "lineNumber": 2,
        "author": {
          "gitId": "jinwentay"
        },
        "content": "    public DukeException(String s) {"
      },
      {
        "lineNumber": 3,
        "author": {
          "gitId": "jinwentay"
        },
        "content": "        super(s);"
      },
      {
        "lineNumber": 4,
        "author": {
          "gitId": "jinwentay"
        },
        "content": "    }"
      },
      {
        "lineNumber": 5,
        "author": {
          "gitId": "jinwentay"
        },
        "content": ""
      },
      {
        "lineNumber": 6,
        "author": {
          "gitId": "jinwentay"
        },
        "content": "//    public void InvalidTask(String s) {"
      },
      {
        "lineNumber": 7,
        "author": {
          "gitId": "jinwentay"
        },
        "content": "//        try {"
      },
      {
        "lineNumber": 8,
        "author": {
          "gitId": "jinwentay"
        },
        "content": "//            throw new DukeException(s);"
      },
      {
        "lineNumber": 9,
        "author": {
          "gitId": "jinwentay"
        },
        "content": "//        }"
      },
      {
        "lineNumber": 10,
        "author": {
          "gitId": "jinwentay"
        },
        "content": "//        catch (DukeException e) {"
      },
      {
        "lineNumber": 11,
        "author": {
          "gitId": "jinwentay"
        },
        "content": "//            System.out.println(\"OOPS!!! I\u0027m sorry, but I don\u0027t know what that means :-(\");"
      },
      {
        "lineNumber": 12,
        "author": {
          "gitId": "jinwentay"
        },
        "content": "//        }"
      },
      {
        "lineNumber": 13,
        "author": {
          "gitId": "jinwentay"
        },
        "content": "//    }"
      },
      {
        "lineNumber": 14,
        "author": {
          "gitId": "jinwentay"
        },
        "content": ""
      },
      {
        "lineNumber": 15,
        "author": {
          "gitId": "jinwentay"
        },
        "content": "}"
      }
    ],
    "authorContributionMap": {
      "jinwentay": 15
    }
  },
  {
    "path": "src/main/java/Events.java",
    "fileType": "java",
    "lines": [
      {
        "lineNumber": 1,
        "author": {
          "gitId": "jinwentay"
        },
        "content": "public class Events extends Task{"
      },
      {
        "lineNumber": 2,
        "author": {
          "gitId": "jinwentay"
        },
        "content": "    String icon;"
      },
      {
        "lineNumber": 3,
        "author": {
          "gitId": "jinwentay"
        },
        "content": "    String time;"
      },
      {
        "lineNumber": 4,
        "author": {
          "gitId": "jinwentay"
        },
        "content": "    public Events(String name, String time) {"
      },
      {
        "lineNumber": 5,
        "author": {
          "gitId": "jinwentay"
        },
        "content": "        super(name);"
      },
      {
        "lineNumber": 6,
        "author": {
          "gitId": "jinwentay"
        },
        "content": "        this.icon \u003d \"[E]\";"
      },
      {
        "lineNumber": 7,
        "author": {
          "gitId": "jinwentay"
        },
        "content": "        this.time \u003d time;"
      },
      {
        "lineNumber": 8,
        "author": {
          "gitId": "jinwentay"
        },
        "content": "    }"
      },
      {
        "lineNumber": 9,
        "author": {
          "gitId": "jinwentay"
        },
        "content": "    @Override"
      },
      {
        "lineNumber": 10,
        "author": {
          "gitId": "jinwentay"
        },
        "content": "    public String toString() {"
      },
      {
        "lineNumber": 11,
        "author": {
          "gitId": "jinwentay"
        },
        "content": "        return icon+super.toString()+\" (at: \"+time+\")\";"
      },
      {
        "lineNumber": 12,
        "author": {
          "gitId": "jinwentay"
        },
        "content": "    }"
      },
      {
        "lineNumber": 13,
        "author": {
          "gitId": "jinwentay"
        },
        "content": "}"
      }
    ],
    "authorContributionMap": {
      "jinwentay": 13
    }
  },
  {
    "path": "src/main/java/Task.java",
    "fileType": "java",
    "lines": [
      {
        "lineNumber": 1,
        "author": {
          "gitId": "jinwentay"
        },
        "content": "public class Task {"
      },
      {
        "lineNumber": 2,
        "author": {
          "gitId": "jinwentay"
        },
        "content": "    protected String name;"
      },
      {
        "lineNumber": 3,
        "author": {
          "gitId": "jinwentay"
        },
        "content": "    protected boolean isDone;"
      },
      {
        "lineNumber": 4,
        "author": {
          "gitId": "jinwentay"
        },
        "content": "    protected String taskType;"
      },
      {
        "lineNumber": 5,
        "author": {
          "gitId": "jinwentay"
        },
        "content": ""
      },
      {
        "lineNumber": 6,
        "author": {
          "gitId": "jinwentay"
        },
        "content": "    public Task(String name) {"
      },
      {
        "lineNumber": 7,
        "author": {
          "gitId": "jinwentay"
        },
        "content": "        this.name \u003d name;"
      },
      {
        "lineNumber": 8,
        "author": {
          "gitId": "jinwentay"
        },
        "content": "    } //must add this when using class inheritance"
      },
      {
        "lineNumber": 9,
        "author": {
          "gitId": "jinwentay"
        },
        "content": ""
      },
      {
        "lineNumber": 10,
        "author": {
          "gitId": "jinwentay"
        },
        "content": "    public Task(String name, boolean isDone, String taskType) //class constructor with 2 parameters"
      },
      {
        "lineNumber": 11,
        "author": {
          "gitId": "jinwentay"
        },
        "content": "    {"
      },
      {
        "lineNumber": 12,
        "author": {
          "gitId": "jinwentay"
        },
        "content": "        this.taskType \u003d taskType;"
      },
      {
        "lineNumber": 13,
        "author": {
          "gitId": "jinwentay"
        },
        "content": "        this.name \u003d name;"
      },
      {
        "lineNumber": 14,
        "author": {
          "gitId": "jinwentay"
        },
        "content": "        this.isDone \u003d false;"
      },
      {
        "lineNumber": 15,
        "author": {
          "gitId": "jinwentay"
        },
        "content": "    }"
      },
      {
        "lineNumber": 16,
        "author": {
          "gitId": "jinwentay"
        },
        "content": ""
      },
      {
        "lineNumber": 17,
        "author": {
          "gitId": "jinwentay"
        },
        "content": "    public String getStatus() {"
      },
      {
        "lineNumber": 18,
        "author": {
          "gitId": "jinwentay"
        },
        "content": "        return (isDone ? \"[#]\" : \"[X]\"); //get tick or X symbols"
      },
      {
        "lineNumber": 19,
        "author": {
          "gitId": "jinwentay"
        },
        "content": "    }"
      },
      {
        "lineNumber": 20,
        "author": {
          "gitId": "jinwentay"
        },
        "content": ""
      },
      {
        "lineNumber": 21,
        "author": {
          "gitId": "jinwentay"
        },
        "content": "//    public String getTask() {"
      },
      {
        "lineNumber": 22,
        "author": {
          "gitId": "jinwentay"
        },
        "content": "//        taskType \u003d taskType.equals(\"todo\") ? \"[T]\" : taskType.equals(\"deadline\") ? \"[D]\" : \"[E]\";"
      },
      {
        "lineNumber": 23,
        "author": {
          "gitId": "jinwentay"
        },
        "content": "//        return taskType;"
      },
      {
        "lineNumber": 24,
        "author": {
          "gitId": "jinwentay"
        },
        "content": "//    }"
      },
      {
        "lineNumber": 25,
        "author": {
          "gitId": "jinwentay"
        },
        "content": ""
      },
      {
        "lineNumber": 26,
        "author": {
          "gitId": "jinwentay"
        },
        "content": "    @Override"
      },
      {
        "lineNumber": 27,
        "author": {
          "gitId": "jinwentay"
        },
        "content": "    public String toString() {"
      },
      {
        "lineNumber": 28,
        "author": {
          "gitId": "jinwentay"
        },
        "content": "        return this.getStatus()+\" \"+name;"
      },
      {
        "lineNumber": 29,
        "author": {
          "gitId": "jinwentay"
        },
        "content": "    }"
      },
      {
        "lineNumber": 30,
        "author": {
          "gitId": "jinwentay"
        },
        "content": "}"
      }
    ],
    "authorContributionMap": {
      "jinwentay": 30
    }
  },
  {
    "path": "src/main/java/ToDos.java",
    "fileType": "java",
    "lines": [
      {
        "lineNumber": 1,
        "author": {
          "gitId": "jinwentay"
        },
        "content": "public class ToDos extends Task {"
      },
      {
        "lineNumber": 2,
        "author": {
          "gitId": "jinwentay"
        },
        "content": "    static String icon;"
      },
      {
        "lineNumber": 3,
        "author": {
          "gitId": "jinwentay"
        },
        "content": "    public ToDos(String name) {"
      },
      {
        "lineNumber": 4,
        "author": {
          "gitId": "jinwentay"
        },
        "content": "        super(name);"
      },
      {
        "lineNumber": 5,
        "author": {
          "gitId": "jinwentay"
        },
        "content": "        this.icon \u003d \"[T]\";"
      },
      {
        "lineNumber": 6,
        "author": {
          "gitId": "jinwentay"
        },
        "content": "    }"
      },
      {
        "lineNumber": 7,
        "author": {
          "gitId": "jinwentay"
        },
        "content": ""
      },
      {
        "lineNumber": 8,
        "author": {
          "gitId": "jinwentay"
        },
        "content": "    @Override"
      },
      {
        "lineNumber": 9,
        "author": {
          "gitId": "jinwentay"
        },
        "content": "    public String toString() {"
      },
      {
        "lineNumber": 10,
        "author": {
          "gitId": "jinwentay"
        },
        "content": "        return icon+super.toString();"
      },
      {
        "lineNumber": 11,
        "author": {
          "gitId": "jinwentay"
        },
        "content": "    }"
      },
      {
        "lineNumber": 12,
        "author": {
          "gitId": "jinwentay"
        },
        "content": "}"
      }
    ],
    "authorContributionMap": {
      "jinwentay": 12
    }
  }
]
