{
  "authorDailyContributionsMap": {
    "jinwentay": [
      {
        "insertions": 15,
        "deletions": 1,
        "date": "2019-08-23",
        "commitResults": [
          {
            "hash": "c9860e853ffdfb408955919462032af333bf0a28",
            "messageTitle": "Level1 Duke",
            "messageBody": "",
            "insertions": 15,
            "deletions": 1
          }
        ]
      },
      {
        "insertions": 15,
        "deletions": 2,
        "date": "2019-08-26",
        "commitResults": [
          {
            "hash": "480e5a8875c9f197e754e2ffb3613ce5e2076c59",
            "messageTitle": "Level-2: add \u0026 list commands",
            "messageBody": "",
            "insertions": 15,
            "deletions": 2
          }
        ]
      },
      {
        "insertions": 130,
        "deletions": 22,
        "date": "2019-08-29",
        "commitResults": [
          {
            "hash": "c0f065aebab9b3ad2cf404cf69f8910310186c5d",
            "messageTitle": "Mark as Done",
            "messageBody": "",
            "insertions": 32,
            "deletions": 7
          },
          {
            "hash": "2296dd601084f1be498b7a9410611cfc45fec573",
            "messageTitle": "ToDos, Events, Deadlines",
            "messageBody": "",
            "insertions": 98,
            "deletions": 15
          }
        ]
      },
      {
        "insertions": 153,
        "deletions": 29,
        "date": "2019-08-30",
        "commitResults": [
          {
            "hash": "a06137be72ab50667e97849d51ca34a69394b574",
            "messageTitle": "Handling Exceptions",
            "messageBody": "",
            "insertions": 52,
            "deletions": 16
          },
          {
            "hash": "ab52575e64291a3e640718970cfd620b067bb7d7",
            "messageTitle": "Save",
            "messageBody": "",
            "insertions": 101,
            "deletions": 13
          }
        ]
      },
      {
        "insertions": 24,
        "deletions": 3,
        "date": "2019-08-31",
        "commitResults": [
          {
            "hash": "031a62e79b586ee22b5a0d07b25a3860c8fbb398",
            "messageTitle": "Dates and Times",
            "messageBody": "",
            "insertions": 24,
            "deletions": 3
          }
        ]
      },
      {
        "insertions": 21,
        "deletions": 14,
        "date": "2019-09-02",
        "commitResults": [
          {
            "hash": "b53edb42a927d149f013f72d79153354855d2f54",
            "messageTitle": "Level-6 Delete",
            "messageBody": "",
            "insertions": 21,
            "deletions": 14
          }
        ]
      },
      {
        "insertions": 238,
        "deletions": 196,
        "date": "2019-09-05",
        "commitResults": [
          {
            "hash": "231b0515b8e47a02619dc946969e6c2ca120f385",
            "messageTitle": "Level-6 delete",
            "messageBody": "",
            "insertions": 238,
            "deletions": 196
          }
        ]
      }
    ]
  },
  "authorFinalContributionMap": {
    "jinwentay": 330
  },
  "authorFileTypeContributionMap": {
    "jinwentay": {
      "java": 329,
      "gradle": 1,
      "css": 0,
      "fxml": 0
    }
  },
  "authorContributionVariance": {
    "jinwentay": 10941.296
  },
  "authorDisplayNameMap": {
    "jinwentay": "F14-1 TAY..WEN"
  }
}
