{
  "authorDailyContributionsMap": {
    "E0373902": [
      {
        "insertions": 22,
        "deletions": 9,
        "date": "2019-09-01",
        "commitResults": [
          {
            "hash": "7fd0251bcf5a1247cdd42749088a4d0fd0f49369",
            "messageTitle": "Level-1: Greet,Echo,Exit",
            "messageBody": "",
            "insertions": 11,
            "deletions": 6
          },
          {
            "hash": "68c72c5e651b881b1dfeb9c023624ae1d894825d",
            "messageTitle": "Level 2:Add, List",
            "messageBody": "",
            "insertions": 11,
            "deletions": 3
          }
        ]
      },
      {
        "insertions": 91,
        "deletions": 28,
        "date": "2019-09-04",
        "commitResults": [
          {
            "hash": "54acbc2269fac3dfc0b72d3a126f50051adec9d4",
            "messageTitle": "Level 3:Mark as Done",
            "messageBody": "",
            "insertions": 30,
            "deletions": 10
          },
          {
            "hash": "3b93c3096f02dece3a6e5c6378b1fd76d63a9b73",
            "messageTitle": "Level-4:ToDo,Event,Deadline",
            "messageBody": "",
            "insertions": 61,
            "deletions": 18
          }
        ]
      },
      {
        "insertions": 164,
        "deletions": 31,
        "date": "2019-09-05",
        "commitResults": [
          {
            "hash": "4826aec76f84aee2b6948eb62d25c1c4140b1a03",
            "messageTitle": "Level-5:Handle Errors",
            "messageBody": "",
            "insertions": 44,
            "deletions": 17
          },
          {
            "hash": "8e8843142378c37c378cc6fa75f2ca02401e67c4",
            "messageTitle": "Level 7:Save",
            "messageBody": "",
            "insertions": 120,
            "deletions": 14
          }
        ]
      },
      {
        "insertions": 98,
        "deletions": 102,
        "date": "2019-09-10",
        "commitResults": [
          {
            "hash": "a55656687bc7aa7d930d47ccaded8cc4e2f3296c",
            "messageTitle": "Level-7:Save",
            "messageBody": "",
            "insertions": 98,
            "deletions": 102
          }
        ]
      }
    ]
  },
  "authorFinalContributionMap": {
    "E0373902": 210
  },
  "authorFileTypeContributionMap": {
    "E0373902": {
      "java": 210,
      "gradle": 0,
      "css": 0,
      "fxml": 0
    }
  },
  "authorContributionVariance": {
    "E0373902": 3365.4568
  },
  "authorDisplayNameMap": {
    "E0373902": "F10-3 SHR..ENA"
  }
}
