[
  {
    "path": "src/main/java/DateValidation.java",
    "lines": [
      {
        "lineNumber": 1,
        "author": {
          "gitId": "jwyf"
        },
        "content": "import java.text.SimpleDateFormat;"
      },
      {
        "lineNumber": 2,
        "author": {
          "gitId": "jwyf"
        },
        "content": "import java.util.Date;"
      },
      {
        "lineNumber": 3,
        "author": {
          "gitId": "jwyf"
        },
        "content": "import java.text.ParseException;"
      },
      {
        "lineNumber": 4,
        "author": {
          "gitId": "jwyf"
        },
        "content": ""
      },
      {
        "lineNumber": 5,
        "author": {
          "gitId": "jwyf"
        },
        "content": "public class DateValidation{"
      },
      {
        "lineNumber": 6,
        "author": {
          "gitId": "jwyf"
        },
        "content": "    public static boolean validateJavaDate(String strDate)"
      },
      {
        "lineNumber": 7,
        "author": {
          "gitId": "jwyf"
        },
        "content": "    {"
      },
      {
        "lineNumber": 8,
        "author": {
          "gitId": "jwyf"
        },
        "content": "        /*"
      },
      {
        "lineNumber": 9,
        "author": {
          "gitId": "jwyf"
        },
        "content": "         * Set preferred date format,"
      },
      {
        "lineNumber": 10,
        "author": {
          "gitId": "jwyf"
        },
        "content": "         * For example MM-dd-yyyy, MM.dd.yyyy,dd.MM.yyyy etc.*/"
      },
      {
        "lineNumber": 11,
        "author": {
          "gitId": "jwyf"
        },
        "content": "        SimpleDateFormat sdfrmt \u003d new SimpleDateFormat(\"DD/mm/yyyy HHmm\");"
      },
      {
        "lineNumber": 12,
        "author": {
          "gitId": "jwyf"
        },
        "content": "        sdfrmt.setLenient(false);"
      },
      {
        "lineNumber": 13,
        "author": {
          "gitId": "jwyf"
        },
        "content": "        /* Create Date object"
      },
      {
        "lineNumber": 14,
        "author": {
          "gitId": "jwyf"
        },
        "content": "         * parse the string into date"
      },
      {
        "lineNumber": 15,
        "author": {
          "gitId": "jwyf"
        },
        "content": "         */"
      },
      {
        "lineNumber": 16,
        "author": {
          "gitId": "jwyf"
        },
        "content": "        try"
      },
      {
        "lineNumber": 17,
        "author": {
          "gitId": "jwyf"
        },
        "content": "        {"
      },
      {
        "lineNumber": 18,
        "author": {
          "gitId": "jwyf"
        },
        "content": "            Date javaDate \u003d sdfrmt.parse(strDate);"
      },
      {
        "lineNumber": 19,
        "author": {
          "gitId": "jwyf"
        },
        "content": "            System.out.println(strDate+\" is valid date format\");"
      },
      {
        "lineNumber": 20,
        "author": {
          "gitId": "jwyf"
        },
        "content": "        }"
      },
      {
        "lineNumber": 21,
        "author": {
          "gitId": "jwyf"
        },
        "content": "        /* Date format is invalid */"
      },
      {
        "lineNumber": 22,
        "author": {
          "gitId": "jwyf"
        },
        "content": "        catch (ParseException e)"
      },
      {
        "lineNumber": 23,
        "author": {
          "gitId": "jwyf"
        },
        "content": "        {"
      },
      {
        "lineNumber": 24,
        "author": {
          "gitId": "jwyf"
        },
        "content": "            System.out.println(strDate+\" is Invalid Date format\");"
      },
      {
        "lineNumber": 25,
        "author": {
          "gitId": "jwyf"
        },
        "content": "            return false;"
      },
      {
        "lineNumber": 26,
        "author": {
          "gitId": "jwyf"
        },
        "content": "        }"
      },
      {
        "lineNumber": 27,
        "author": {
          "gitId": "jwyf"
        },
        "content": "        /* Return true if date format is valid */"
      },
      {
        "lineNumber": 28,
        "author": {
          "gitId": "jwyf"
        },
        "content": "        return true;"
      },
      {
        "lineNumber": 29,
        "author": {
          "gitId": "jwyf"
        },
        "content": "    }"
      },
      {
        "lineNumber": 30,
        "author": {
          "gitId": "jwyf"
        },
        "content": "//    public static void main(String args[]){"
      },
      {
        "lineNumber": 31,
        "author": {
          "gitId": "jwyf"
        },
        "content": "//        validateJavaDate(\"2/12/2019 1800\");"
      },
      {
        "lineNumber": 32,
        "author": {
          "gitId": "jwyf"
        },
        "content": "//        validateJavaDate(\"12-29-2016\");"
      },
      {
        "lineNumber": 33,
        "author": {
          "gitId": "jwyf"
        },
        "content": "//        validateJavaDate(\"12,29,2016\");"
      },
      {
        "lineNumber": 34,
        "author": {
          "gitId": "jwyf"
        },
        "content": "//        validateJavaDate(\"\");"
      },
      {
        "lineNumber": 35,
        "author": {
          "gitId": "jwyf"
        },
        "content": "//    }"
      },
      {
        "lineNumber": 36,
        "author": {
          "gitId": "jwyf"
        },
        "content": "}"
      }
    ],
    "authorContributionMap": {
      "jwyf": 36
    }
  },
  {
    "path": "src/main/java/Deadline.java",
    "lines": [
      {
        "lineNumber": 1,
        "author": {
          "gitId": "jwyf"
        },
        "content": "import java.util.Date;"
      },
      {
        "lineNumber": 2,
        "author": {
          "gitId": "jwyf"
        },
        "content": ""
      },
      {
        "lineNumber": 3,
        "author": {
          "gitId": "jwyf"
        },
        "content": "public class Deadline extends Task {"
      },
      {
        "lineNumber": 4,
        "author": {
          "gitId": "jwyf"
        },
        "content": "    protected String by;"
      },
      {
        "lineNumber": 5,
        "author": {
          "gitId": "jwyf"
        },
        "content": "    protected Date date;"
      },
      {
        "lineNumber": 6,
        "author": {
          "gitId": "jwyf"
        },
        "content": ""
      },
      {
        "lineNumber": 7,
        "author": {
          "gitId": "jwyf"
        },
        "content": "    public Deadline(String description, String by) {"
      },
      {
        "lineNumber": 8,
        "author": {
          "gitId": "jwyf"
        },
        "content": "        super(description);"
      },
      {
        "lineNumber": 9,
        "author": {
          "gitId": "jwyf"
        },
        "content": "        this.by \u003d by;"
      },
      {
        "lineNumber": 10,
        "author": {
          "gitId": "jwyf"
        },
        "content": ""
      },
      {
        "lineNumber": 11,
        "author": {
          "gitId": "jwyf"
        },
        "content": "        super.taskType \u003d \"D\";"
      },
      {
        "lineNumber": 12,
        "author": {
          "gitId": "jwyf"
        },
        "content": "        super.date \u003d by;"
      },
      {
        "lineNumber": 13,
        "author": {
          "gitId": "jwyf"
        },
        "content": "        checkDate();"
      },
      {
        "lineNumber": 14,
        "author": {
          "gitId": "jwyf"
        },
        "content": "    }"
      },
      {
        "lineNumber": 15,
        "author": {
          "gitId": "jwyf"
        },
        "content": ""
      },
      {
        "lineNumber": 16,
        "author": {
          "gitId": "jwyf"
        },
        "content": "    public void checkDate() {"
      },
      {
        "lineNumber": 17,
        "author": {
          "gitId": "jwyf"
        },
        "content": "        String[] byArray \u003d by.split(\" \");"
      },
      {
        "lineNumber": 18,
        "author": {
          "gitId": "jwyf"
        },
        "content": "        String date \u003d byArray[0];"
      },
      {
        "lineNumber": 19,
        "author": {
          "gitId": "jwyf"
        },
        "content": "        String time \u003d byArray[1];"
      },
      {
        "lineNumber": 20,
        "author": {
          "gitId": "jwyf"
        },
        "content": "        if (DateValidation.validateJavaDate(date) \u003d\u003d true) {"
      },
      {
        "lineNumber": 21,
        "author": {
          "gitId": "jwyf"
        },
        "content": "            String[] dateArray \u003d date.split(\"/\");"
      },
      {
        "lineNumber": 22,
        "author": {
          "gitId": "jwyf"
        },
        "content": "            this.date \u003d new Date(Integer.parseInt(dateArray[2]) - 1900,"
      },
      {
        "lineNumber": 23,
        "author": {
          "gitId": "jwyf"
        },
        "content": "                    Integer.parseInt(dateArray[1]) - 1,"
      },
      {
        "lineNumber": 24,
        "author": {
          "gitId": "jwyf"
        },
        "content": "                    Integer.parseInt(dateArray[0]),"
      },
      {
        "lineNumber": 25,
        "author": {
          "gitId": "jwyf"
        },
        "content": "                    Integer.parseInt(time.substring(0, 2)),"
      },
      {
        "lineNumber": 26,
        "author": {
          "gitId": "jwyf"
        },
        "content": "                    Integer.parseInt(time.substring(3, 4)));"
      },
      {
        "lineNumber": 27,
        "author": {
          "gitId": "jwyf"
        },
        "content": "        }"
      },
      {
        "lineNumber": 28,
        "author": {
          "gitId": "jwyf"
        },
        "content": "    }"
      },
      {
        "lineNumber": 29,
        "author": {
          "gitId": "jwyf"
        },
        "content": ""
      },
      {
        "lineNumber": 30,
        "author": {
          "gitId": "jwyf"
        },
        "content": "    public void printDate() {"
      },
      {
        "lineNumber": 31,
        "author": {
          "gitId": "jwyf"
        },
        "content": "        System.out.println(\"Current date is \" + date); ;"
      },
      {
        "lineNumber": 32,
        "author": {
          "gitId": "jwyf"
        },
        "content": "    }"
      },
      {
        "lineNumber": 33,
        "author": {
          "gitId": "jwyf"
        },
        "content": ""
      },
      {
        "lineNumber": 34,
        "author": {
          "gitId": "jwyf"
        },
        "content": "    @Override"
      },
      {
        "lineNumber": 35,
        "author": {
          "gitId": "jwyf"
        },
        "content": "    public String toString() {"
      },
      {
        "lineNumber": 36,
        "author": {
          "gitId": "jwyf"
        },
        "content": "        return \"[D]\" + super.toString() + \" (by: \" + by + \")\";"
      },
      {
        "lineNumber": 37,
        "author": {
          "gitId": "jwyf"
        },
        "content": "    }"
      },
      {
        "lineNumber": 38,
        "author": {
          "gitId": "jwyf"
        },
        "content": "}"
      }
    ],
    "authorContributionMap": {
      "jwyf": 38
    }
  },
  {
    "path": "src/main/java/Duke.java",
    "lines": [
      {
        "lineNumber": 1,
        "author": {
          "gitId": "jwyf"
        },
        "content": "import java.util.ArrayList;"
      },
      {
        "lineNumber": 2,
        "author": {
          "gitId": "jwyf"
        },
        "content": "import java.util.Scanner;"
      },
      {
        "lineNumber": 3,
        "author": {
          "gitId": "jwyf"
        },
        "content": "import java.io.IOException;"
      },
      {
        "lineNumber": 4,
        "author": {
          "gitId": "jwyf"
        },
        "content": "import java.io.File;"
      },
      {
        "lineNumber": 5,
        "author": {
          "gitId": "jwyf"
        },
        "content": "import java.io.FileNotFoundException;"
      },
      {
        "lineNumber": 6,
        "author": {
          "gitId": "jwyf"
        },
        "content": "import java.util.Scanner;"
      },
      {
        "lineNumber": 7,
        "author": {
          "gitId": "jwyf"
        },
        "content": ""
      },
      {
        "lineNumber": 8,
        "author": {
          "gitId": "jwyf"
        },
        "content": ""
      },
      {
        "lineNumber": 9,
        "author": {
          "gitId": "-"
        },
        "content": "public class Duke {"
      },
      {
        "lineNumber": 10,
        "author": {
          "gitId": "jwyf"
        },
        "content": "    /**"
      },
      {
        "lineNumber": 11,
        "author": {
          "gitId": "jwyf"
        },
        "content": "     * A Personal Assistant Chatbot that helps a person to keep track of various things."
      },
      {
        "lineNumber": 12,
        "author": {
          "gitId": "jwyf"
        },
        "content": "     */"
      },
      {
        "lineNumber": 13,
        "author": {
          "gitId": "jwyf"
        },
        "content": "    private static String LINE \u003d \"\\t____________________________________________________________\";"
      },
      {
        "lineNumber": 14,
        "author": {
          "gitId": "jwyf"
        },
        "content": ""
      },
      {
        "lineNumber": 15,
        "author": {
          "gitId": "-"
        },
        "content": "    public static void main(String[] args) {"
      },
      {
        "lineNumber": 16,
        "author": {
          "gitId": "jwyf"
        },
        "content": "//        String logo \u003d \" ____        _        \\n\""
      },
      {
        "lineNumber": 17,
        "author": {
          "gitId": "jwyf"
        },
        "content": "//                + \"|  _ \\\\ _   _| | _____ \\n\""
      },
      {
        "lineNumber": 18,
        "author": {
          "gitId": "jwyf"
        },
        "content": "//                + \"| | | | | | | |/ / _ \\\\\\n\""
      },
      {
        "lineNumber": 19,
        "author": {
          "gitId": "jwyf"
        },
        "content": "//                + \"| |_| | |_| |   \u003c  __/\\n\""
      },
      {
        "lineNumber": 20,
        "author": {
          "gitId": "jwyf"
        },
        "content": "//                + \"|____/ \\\\__,_|_|\\\\_\\\\___|\\n\";"
      },
      {
        "lineNumber": 21,
        "author": {
          "gitId": "jwyf"
        },
        "content": "//        System.out.println(\"Hello from\\n\" + logo);"
      },
      {
        "lineNumber": 22,
        "author": {
          "gitId": "jwyf"
        },
        "content": "        String input \u003d null;"
      },
      {
        "lineNumber": 23,
        "author": {
          "gitId": "jwyf"
        },
        "content": "        Scanner scanner \u003d new Scanner(System.in);"
      },
      {
        "lineNumber": 24,
        "author": {
          "gitId": "jwyf"
        },
        "content": "        ArrayList\u003cTask\u003e taskList \u003d new ArrayList\u003c\u003e();"
      },
      {
        "lineNumber": 25,
        "author": {
          "gitId": "jwyf"
        },
        "content": ""
      },
      {
        "lineNumber": 26,
        "author": {
          "gitId": "jwyf"
        },
        "content": "        try {"
      },
      {
        "lineNumber": 27,
        "author": {
          "gitId": "jwyf"
        },
        "content": "            populateList(taskList);"
      },
      {
        "lineNumber": 28,
        "author": {
          "gitId": "jwyf"
        },
        "content": "        } catch (FileNotFoundException e) {"
      },
      {
        "lineNumber": 29,
        "author": {
          "gitId": "jwyf"
        },
        "content": "            System.out.println(\"File not found exception\");"
      },
      {
        "lineNumber": 30,
        "author": {
          "gitId": "jwyf"
        },
        "content": "        } catch (DukeException e) {"
      },
      {
        "lineNumber": 31,
        "author": {
          "gitId": "jwyf"
        },
        "content": "            System.out.println(e.getErrorType());"
      },
      {
        "lineNumber": 32,
        "author": {
          "gitId": "jwyf"
        },
        "content": "        }"
      },
      {
        "lineNumber": 33,
        "author": {
          "gitId": "jwyf"
        },
        "content": ""
      },
      {
        "lineNumber": 34,
        "author": {
          "gitId": "jwyf"
        },
        "content": "        printHelloMsg();"
      },
      {
        "lineNumber": 35,
        "author": {
          "gitId": "jwyf"
        },
        "content": ""
      },
      {
        "lineNumber": 36,
        "author": {
          "gitId": "jwyf"
        },
        "content": "        while (scanner.hasNext()) {"
      },
      {
        "lineNumber": 37,
        "author": {
          "gitId": "jwyf"
        },
        "content": "            input \u003d readInput(scanner);"
      },
      {
        "lineNumber": 38,
        "author": {
          "gitId": "jwyf"
        },
        "content": ""
      },
      {
        "lineNumber": 39,
        "author": {
          "gitId": "jwyf"
        },
        "content": "            if (input.equals(\"bye\")) {"
      },
      {
        "lineNumber": 40,
        "author": {
          "gitId": "jwyf"
        },
        "content": "                break;"
      },
      {
        "lineNumber": 41,
        "author": {
          "gitId": "jwyf"
        },
        "content": "            }"
      },
      {
        "lineNumber": 42,
        "author": {
          "gitId": "jwyf"
        },
        "content": "            else if (input.equals(\"list\")) {"
      },
      {
        "lineNumber": 43,
        "author": {
          "gitId": "jwyf"
        },
        "content": "                iterateList(taskList);"
      },
      {
        "lineNumber": 44,
        "author": {
          "gitId": "jwyf"
        },
        "content": "            }"
      },
      {
        "lineNumber": 45,
        "author": {
          "gitId": "jwyf"
        },
        "content": "            else if (input.startsWith(\"done \")) {"
      },
      {
        "lineNumber": 46,
        "author": {
          "gitId": "jwyf"
        },
        "content": "                markAsDone(input, taskList);"
      },
      {
        "lineNumber": 47,
        "author": {
          "gitId": "-"
        },
        "content": "            }"
      },
      {
        "lineNumber": 48,
        "author": {
          "gitId": "jwyf"
        },
        "content": ""
      },
      {
        "lineNumber": 49,
        "author": {
          "gitId": "jwyf"
        },
        "content": "//            else if (input.startsWith(\"print date\")) {"
      },
      {
        "lineNumber": 50,
        "author": {
          "gitId": "jwyf"
        },
        "content": "//                Deadline deadline \u003d (Deadline) taskList.get(5);"
      },
      {
        "lineNumber": 51,
        "author": {
          "gitId": "jwyf"
        },
        "content": "//                deadline.printDate();"
      },
      {
        "lineNumber": 52,
        "author": {
          "gitId": "jwyf"
        },
        "content": "//            }"
      },
      {
        "lineNumber": 53,
        "author": {
          "gitId": "jwyf"
        },
        "content": ""
      },
      {
        "lineNumber": 54,
        "author": {
          "gitId": "jwyf"
        },
        "content": "            else {"
      },
      {
        "lineNumber": 55,
        "author": {
          "gitId": "jwyf"
        },
        "content": "                try {"
      },
      {
        "lineNumber": 56,
        "author": {
          "gitId": "jwyf"
        },
        "content": "                    addTask(input, taskList);"
      },
      {
        "lineNumber": 57,
        "author": {
          "gitId": "jwyf"
        },
        "content": "                } catch (DukeException e) {"
      },
      {
        "lineNumber": 58,
        "author": {
          "gitId": "jwyf"
        },
        "content": "                    switch (e.getErrorType()) {"
      },
      {
        "lineNumber": 59,
        "author": {
          "gitId": "jwyf"
        },
        "content": "                        case EMPTY_TODO: {"
      },
      {
        "lineNumber": 60,
        "author": {
          "gitId": "jwyf"
        },
        "content": "                            printLine();"
      },
      {
        "lineNumber": 61,
        "author": {
          "gitId": "jwyf"
        },
        "content": "                            System.out.println(\"\\t ☹ OOPS!!! The description of a todo cannot be empty.\");"
      },
      {
        "lineNumber": 62,
        "author": {
          "gitId": "jwyf"
        },
        "content": "                            printLine();"
      },
      {
        "lineNumber": 63,
        "author": {
          "gitId": "jwyf"
        },
        "content": "                            break;"
      },
      {
        "lineNumber": 64,
        "author": {
          "gitId": "jwyf"
        },
        "content": "                        }"
      },
      {
        "lineNumber": 65,
        "author": {
          "gitId": "jwyf"
        },
        "content": "                        case EMPTY_DEADLINE: {"
      },
      {
        "lineNumber": 66,
        "author": {
          "gitId": "jwyf"
        },
        "content": "                            printLine();"
      },
      {
        "lineNumber": 67,
        "author": {
          "gitId": "jwyf"
        },
        "content": "                            System.out.println(\"\\t ☹ OOPS!!! The description of a deadline cannot be empty.\");"
      },
      {
        "lineNumber": 68,
        "author": {
          "gitId": "jwyf"
        },
        "content": "                            printLine();"
      },
      {
        "lineNumber": 69,
        "author": {
          "gitId": "jwyf"
        },
        "content": "                            break;"
      },
      {
        "lineNumber": 70,
        "author": {
          "gitId": "jwyf"
        },
        "content": "                        }"
      },
      {
        "lineNumber": 71,
        "author": {
          "gitId": "jwyf"
        },
        "content": "                        case EMPTY_EVENT: {"
      },
      {
        "lineNumber": 72,
        "author": {
          "gitId": "jwyf"
        },
        "content": "                            printLine();"
      },
      {
        "lineNumber": 73,
        "author": {
          "gitId": "jwyf"
        },
        "content": "                            System.out.println(\"\\t ☹ OOPS!!! The description of an event cannot be empty.\");"
      },
      {
        "lineNumber": 74,
        "author": {
          "gitId": "jwyf"
        },
        "content": "                            printLine();"
      },
      {
        "lineNumber": 75,
        "author": {
          "gitId": "jwyf"
        },
        "content": "                            break;"
      },
      {
        "lineNumber": 76,
        "author": {
          "gitId": "jwyf"
        },
        "content": "                        }"
      },
      {
        "lineNumber": 77,
        "author": {
          "gitId": "jwyf"
        },
        "content": "                        case UNKNOWN_COMMAND: {"
      },
      {
        "lineNumber": 78,
        "author": {
          "gitId": "jwyf"
        },
        "content": "                            printLine();"
      },
      {
        "lineNumber": 79,
        "author": {
          "gitId": "jwyf"
        },
        "content": "                            System.out.println(\"\\t ☹ OOPS!!! I\u0027m sorry, but I don\u0027t know what that means :-(\");"
      },
      {
        "lineNumber": 80,
        "author": {
          "gitId": "jwyf"
        },
        "content": "                            printLine();"
      },
      {
        "lineNumber": 81,
        "author": {
          "gitId": "jwyf"
        },
        "content": "                            break;"
      },
      {
        "lineNumber": 82,
        "author": {
          "gitId": "jwyf"
        },
        "content": "                        }"
      },
      {
        "lineNumber": 83,
        "author": {
          "gitId": "jwyf"
        },
        "content": "                        case UNKNOWN_ERROR: {"
      },
      {
        "lineNumber": 84,
        "author": {
          "gitId": "jwyf"
        },
        "content": "                            printLine();"
      },
      {
        "lineNumber": 85,
        "author": {
          "gitId": "jwyf"
        },
        "content": "                            System.out.println(\"\\t ☹ OOPS!!! I\u0027m sorry, we encountered an unknown error!\");"
      },
      {
        "lineNumber": 86,
        "author": {
          "gitId": "jwyf"
        },
        "content": "                            printLine();"
      },
      {
        "lineNumber": 87,
        "author": {
          "gitId": "jwyf"
        },
        "content": "                            break;"
      },
      {
        "lineNumber": 88,
        "author": {
          "gitId": "jwyf"
        },
        "content": "                        }"
      },
      {
        "lineNumber": 89,
        "author": {
          "gitId": "jwyf"
        },
        "content": "                    }"
      },
      {
        "lineNumber": 90,
        "author": {
          "gitId": "jwyf"
        },
        "content": "                } catch (IOException e) {"
      },
      {
        "lineNumber": 91,
        "author": {
          "gitId": "jwyf"
        },
        "content": "                    System.out.println(\"There is an IOException error: \" + e.getMessage()"
      },
      {
        "lineNumber": 92,
        "author": {
          "gitId": "jwyf"
        },
        "content": "                            + \" when writing to file\");"
      },
      {
        "lineNumber": 93,
        "author": {
          "gitId": "jwyf"
        },
        "content": "                }"
      },
      {
        "lineNumber": 94,
        "author": {
          "gitId": "jwyf"
        },
        "content": "            }"
      },
      {
        "lineNumber": 95,
        "author": {
          "gitId": "jwyf"
        },
        "content": "        }"
      },
      {
        "lineNumber": 96,
        "author": {
          "gitId": "jwyf"
        },
        "content": ""
      },
      {
        "lineNumber": 97,
        "author": {
          "gitId": "jwyf"
        },
        "content": "        printByeMsg();"
      },
      {
        "lineNumber": 98,
        "author": {
          "gitId": "jwyf"
        },
        "content": "    }"
      },
      {
        "lineNumber": 99,
        "author": {
          "gitId": "jwyf"
        },
        "content": ""
      },
      {
        "lineNumber": 100,
        "author": {
          "gitId": "jwyf"
        },
        "content": "    private static void printLine() {"
      },
      {
        "lineNumber": 101,
        "author": {
          "gitId": "jwyf"
        },
        "content": "        System.out.println(LINE);"
      },
      {
        "lineNumber": 102,
        "author": {
          "gitId": "jwyf"
        },
        "content": "    }"
      },
      {
        "lineNumber": 103,
        "author": {
          "gitId": "jwyf"
        },
        "content": ""
      },
      {
        "lineNumber": 104,
        "author": {
          "gitId": "jwyf"
        },
        "content": "    private static void printHelloMsg() {"
      },
      {
        "lineNumber": 105,
        "author": {
          "gitId": "jwyf"
        },
        "content": "        printLine();"
      },
      {
        "lineNumber": 106,
        "author": {
          "gitId": "jwyf"
        },
        "content": "        System.out.println(\"\\t Hello! I\u0027m Duke\\n\" + \"\\t What can I do for you?\");"
      },
      {
        "lineNumber": 107,
        "author": {
          "gitId": "jwyf"
        },
        "content": "        printLine();"
      },
      {
        "lineNumber": 108,
        "author": {
          "gitId": "jwyf"
        },
        "content": "    }"
      },
      {
        "lineNumber": 109,
        "author": {
          "gitId": "jwyf"
        },
        "content": ""
      },
      {
        "lineNumber": 110,
        "author": {
          "gitId": "jwyf"
        },
        "content": "    private static void printByeMsg() {"
      },
      {
        "lineNumber": 111,
        "author": {
          "gitId": "jwyf"
        },
        "content": "        printLine();"
      },
      {
        "lineNumber": 112,
        "author": {
          "gitId": "jwyf"
        },
        "content": "        System.out.println(\"\\t Bye. Hope to see you again soon!\");"
      },
      {
        "lineNumber": 113,
        "author": {
          "gitId": "jwyf"
        },
        "content": "        printLine();"
      },
      {
        "lineNumber": 114,
        "author": {
          "gitId": "jwyf"
        },
        "content": "    }"
      },
      {
        "lineNumber": 115,
        "author": {
          "gitId": "jwyf"
        },
        "content": ""
      },
      {
        "lineNumber": 116,
        "author": {
          "gitId": "jwyf"
        },
        "content": "    private static String readInput(Scanner scanner) {"
      },
      {
        "lineNumber": 117,
        "author": {
          "gitId": "jwyf"
        },
        "content": "        String commands \u003d scanner.nextLine();"
      },
      {
        "lineNumber": 118,
        "author": {
          "gitId": "jwyf"
        },
        "content": "        return commands;"
      },
      {
        "lineNumber": 119,
        "author": {
          "gitId": "jwyf"
        },
        "content": "    }"
      },
      {
        "lineNumber": 120,
        "author": {
          "gitId": "jwyf"
        },
        "content": ""
      },
      {
        "lineNumber": 121,
        "author": {
          "gitId": "jwyf"
        },
        "content": "    private static void echoCommand(Task task, ArrayList taskList) {"
      },
      {
        "lineNumber": 122,
        "author": {
          "gitId": "jwyf"
        },
        "content": "        printLine();"
      },
      {
        "lineNumber": 123,
        "author": {
          "gitId": "jwyf"
        },
        "content": "        System.out.println(\"\\t Got it. I\u0027ve added this task: \");"
      },
      {
        "lineNumber": 124,
        "author": {
          "gitId": "jwyf"
        },
        "content": "        System.out.println(\"\\t   \" + task.toString());"
      },
      {
        "lineNumber": 125,
        "author": {
          "gitId": "jwyf"
        },
        "content": "        System.out.println(\"\\t Now you have \" + taskList.size() + \" tasks in the list.\");"
      },
      {
        "lineNumber": 126,
        "author": {
          "gitId": "jwyf"
        },
        "content": "        printLine();"
      },
      {
        "lineNumber": 127,
        "author": {
          "gitId": "jwyf"
        },
        "content": "    }"
      },
      {
        "lineNumber": 128,
        "author": {
          "gitId": "jwyf"
        },
        "content": ""
      },
      {
        "lineNumber": 129,
        "author": {
          "gitId": "jwyf"
        },
        "content": "    private static void iterateList(ArrayList taskList) {"
      },
      {
        "lineNumber": 130,
        "author": {
          "gitId": "jwyf"
        },
        "content": "        printLine();"
      },
      {
        "lineNumber": 131,
        "author": {
          "gitId": "jwyf"
        },
        "content": "        if (taskList.isEmpty()) {"
      },
      {
        "lineNumber": 132,
        "author": {
          "gitId": "jwyf"
        },
        "content": "            System.out.println(\"\\t The list is currently empty, please add a new task!\");"
      },
      {
        "lineNumber": 133,
        "author": {
          "gitId": "jwyf"
        },
        "content": "        }"
      },
      {
        "lineNumber": 134,
        "author": {
          "gitId": "jwyf"
        },
        "content": "        else {"
      },
      {
        "lineNumber": 135,
        "author": {
          "gitId": "jwyf"
        },
        "content": "            System.out.println(\"\\t Here are the tasks in your list:\");"
      },
      {
        "lineNumber": 136,
        "author": {
          "gitId": "jwyf"
        },
        "content": "            for (int i \u003d 0; i \u003c taskList.size(); i++) {"
      },
      {
        "lineNumber": 137,
        "author": {
          "gitId": "jwyf"
        },
        "content": "                Task currentTask \u003d (Task) taskList.get(i);"
      },
      {
        "lineNumber": 138,
        "author": {
          "gitId": "jwyf"
        },
        "content": "                System.out.println(\"\\t \" + (i + 1) + \". \" + currentTask.toString());"
      },
      {
        "lineNumber": 139,
        "author": {
          "gitId": "jwyf"
        },
        "content": "            }"
      },
      {
        "lineNumber": 140,
        "author": {
          "gitId": "jwyf"
        },
        "content": "        }"
      },
      {
        "lineNumber": 141,
        "author": {
          "gitId": "jwyf"
        },
        "content": "        printLine();"
      },
      {
        "lineNumber": 142,
        "author": {
          "gitId": "jwyf"
        },
        "content": "    }"
      },
      {
        "lineNumber": 143,
        "author": {
          "gitId": "jwyf"
        },
        "content": ""
      },
      {
        "lineNumber": 144,
        "author": {
          "gitId": "jwyf"
        },
        "content": "    private static void markAsDone(String input, ArrayList taskList) {"
      },
      {
        "lineNumber": 145,
        "author": {
          "gitId": "jwyf"
        },
        "content": "        try {"
      },
      {
        "lineNumber": 146,
        "author": {
          "gitId": "jwyf"
        },
        "content": "            Integer taskNum \u003d Integer.parseInt(input.substring(5));"
      },
      {
        "lineNumber": 147,
        "author": {
          "gitId": "jwyf"
        },
        "content": "            Task currentTask \u003d (Task) taskList.get(taskNum - 1);"
      },
      {
        "lineNumber": 148,
        "author": {
          "gitId": "jwyf"
        },
        "content": "            currentTask.setDoneStatus(true);"
      },
      {
        "lineNumber": 149,
        "author": {
          "gitId": "jwyf"
        },
        "content": "            printLine();"
      },
      {
        "lineNumber": 150,
        "author": {
          "gitId": "jwyf"
        },
        "content": "            System.out.println(\"\\t Nice! I\u0027ve marked this task as done: \");"
      },
      {
        "lineNumber": 151,
        "author": {
          "gitId": "jwyf"
        },
        "content": "            System.out.println(\"\\t   [\" + currentTask.getStatusIcon() + \"] \""
      },
      {
        "lineNumber": 152,
        "author": {
          "gitId": "jwyf"
        },
        "content": "                    + currentTask.getCommand());"
      },
      {
        "lineNumber": 153,
        "author": {
          "gitId": "jwyf"
        },
        "content": "            printLine();"
      },
      {
        "lineNumber": 154,
        "author": {
          "gitId": "jwyf"
        },
        "content": "        } catch (IndexOutOfBoundsException e) {"
      },
      {
        "lineNumber": 155,
        "author": {
          "gitId": "jwyf"
        },
        "content": "            printLine();"
      },
      {
        "lineNumber": 156,
        "author": {
          "gitId": "jwyf"
        },
        "content": "            System.out.println(\"\\t Invalid task number entered! Please try again.\");"
      },
      {
        "lineNumber": 157,
        "author": {
          "gitId": "jwyf"
        },
        "content": "            printLine();"
      },
      {
        "lineNumber": 158,
        "author": {
          "gitId": "jwyf"
        },
        "content": "        } catch (NumberFormatException e) {"
      },
      {
        "lineNumber": 159,
        "author": {
          "gitId": "jwyf"
        },
        "content": "            printLine();"
      },
      {
        "lineNumber": 160,
        "author": {
          "gitId": "jwyf"
        },
        "content": "            System.out.println(\"\\t Invalid format entered! Please try again.\");"
      },
      {
        "lineNumber": 161,
        "author": {
          "gitId": "jwyf"
        },
        "content": "            printLine();"
      },
      {
        "lineNumber": 162,
        "author": {
          "gitId": "jwyf"
        },
        "content": "        }"
      },
      {
        "lineNumber": 163,
        "author": {
          "gitId": "jwyf"
        },
        "content": "    }"
      },
      {
        "lineNumber": 164,
        "author": {
          "gitId": "jwyf"
        },
        "content": ""
      },
      {
        "lineNumber": 165,
        "author": {
          "gitId": "jwyf"
        },
        "content": "    private static void addTask (String input, ArrayList taskList) throws DukeException, IOException {"
      },
      {
        "lineNumber": 166,
        "author": {
          "gitId": "jwyf"
        },
        "content": "        String[] words \u003d input.split(\" \");"
      },
      {
        "lineNumber": 167,
        "author": {
          "gitId": "jwyf"
        },
        "content": "        String taskType \u003d words[0];"
      },
      {
        "lineNumber": 168,
        "author": {
          "gitId": "jwyf"
        },
        "content": "        switch (taskType) {"
      },
      {
        "lineNumber": 169,
        "author": {
          "gitId": "jwyf"
        },
        "content": "            case \"todo\": {"
      },
      {
        "lineNumber": 170,
        "author": {
          "gitId": "jwyf"
        },
        "content": "                if (input.substring(4).isBlank()) {"
      },
      {
        "lineNumber": 171,
        "author": {
          "gitId": "jwyf"
        },
        "content": "                    throw new DukeException(ErrorType.EMPTY_TODO);"
      },
      {
        "lineNumber": 172,
        "author": {
          "gitId": "jwyf"
        },
        "content": "                } else {"
      },
      {
        "lineNumber": 173,
        "author": {
          "gitId": "jwyf"
        },
        "content": "                    ToDo todo \u003d new ToDo(input.substring(5));"
      },
      {
        "lineNumber": 174,
        "author": {
          "gitId": "jwyf"
        },
        "content": "                    taskList.add(todo);"
      },
      {
        "lineNumber": 175,
        "author": {
          "gitId": "jwyf"
        },
        "content": "                    echoCommand(todo, taskList);"
      },
      {
        "lineNumber": 176,
        "author": {
          "gitId": "jwyf"
        },
        "content": "                    break;"
      },
      {
        "lineNumber": 177,
        "author": {
          "gitId": "jwyf"
        },
        "content": "                }"
      },
      {
        "lineNumber": 178,
        "author": {
          "gitId": "jwyf"
        },
        "content": ""
      },
      {
        "lineNumber": 179,
        "author": {
          "gitId": "jwyf"
        },
        "content": "            } case \"deadline\": {"
      },
      {
        "lineNumber": 180,
        "author": {
          "gitId": "jwyf"
        },
        "content": "                Deadline deadline;"
      },
      {
        "lineNumber": 181,
        "author": {
          "gitId": "jwyf"
        },
        "content": "                String[] deadlineArray \u003d input.substring(9).split(\" /by \");"
      },
      {
        "lineNumber": 182,
        "author": {
          "gitId": "jwyf"
        },
        "content": "                if (input.substring(8).isBlank() || deadlineArray[1].isBlank()) {"
      },
      {
        "lineNumber": 183,
        "author": {
          "gitId": "jwyf"
        },
        "content": "                    throw new DukeException(ErrorType.EMPTY_DEADLINE);"
      },
      {
        "lineNumber": 184,
        "author": {
          "gitId": "jwyf"
        },
        "content": "                }"
      },
      {
        "lineNumber": 185,
        "author": {
          "gitId": "jwyf"
        },
        "content": "                deadline \u003d new Deadline(deadlineArray[0], deadlineArray[1]);"
      },
      {
        "lineNumber": 186,
        "author": {
          "gitId": "jwyf"
        },
        "content": "                taskList.add(deadline);"
      },
      {
        "lineNumber": 187,
        "author": {
          "gitId": "jwyf"
        },
        "content": "                echoCommand(deadline, taskList);"
      },
      {
        "lineNumber": 188,
        "author": {
          "gitId": "jwyf"
        },
        "content": "                break;"
      },
      {
        "lineNumber": 189,
        "author": {
          "gitId": "jwyf"
        },
        "content": ""
      },
      {
        "lineNumber": 190,
        "author": {
          "gitId": "jwyf"
        },
        "content": "            } case \"event\": {"
      },
      {
        "lineNumber": 191,
        "author": {
          "gitId": "jwyf"
        },
        "content": "                Event event;"
      },
      {
        "lineNumber": 192,
        "author": {
          "gitId": "jwyf"
        },
        "content": "                String[] eventArray \u003d input.substring(6).split(\" /at \");"
      },
      {
        "lineNumber": 193,
        "author": {
          "gitId": "jwyf"
        },
        "content": "                if (input.substring(5).isBlank() || eventArray[1].isBlank()) {"
      },
      {
        "lineNumber": 194,
        "author": {
          "gitId": "jwyf"
        },
        "content": "                    throw new DukeException(ErrorType.EMPTY_EVENT);"
      },
      {
        "lineNumber": 195,
        "author": {
          "gitId": "jwyf"
        },
        "content": "                }"
      },
      {
        "lineNumber": 196,
        "author": {
          "gitId": "jwyf"
        },
        "content": "                event \u003d new Event(eventArray[0], eventArray[1]);"
      },
      {
        "lineNumber": 197,
        "author": {
          "gitId": "jwyf"
        },
        "content": "                taskList.add(event);"
      },
      {
        "lineNumber": 198,
        "author": {
          "gitId": "jwyf"
        },
        "content": "                echoCommand(event, taskList);"
      },
      {
        "lineNumber": 199,
        "author": {
          "gitId": "jwyf"
        },
        "content": "                break;"
      },
      {
        "lineNumber": 200,
        "author": {
          "gitId": "jwyf"
        },
        "content": "            }"
      },
      {
        "lineNumber": 201,
        "author": {
          "gitId": "jwyf"
        },
        "content": "            default: {"
      },
      {
        "lineNumber": 202,
        "author": {
          "gitId": "jwyf"
        },
        "content": "                throw new DukeException(ErrorType.UNKNOWN_COMMAND);"
      },
      {
        "lineNumber": 203,
        "author": {
          "gitId": "jwyf"
        },
        "content": "//                Task task \u003d new Task(input);"
      },
      {
        "lineNumber": 204,
        "author": {
          "gitId": "jwyf"
        },
        "content": "//                taskList.add(task);"
      },
      {
        "lineNumber": 205,
        "author": {
          "gitId": "jwyf"
        },
        "content": "//                echoCommand(task, taskList);"
      },
      {
        "lineNumber": 206,
        "author": {
          "gitId": "jwyf"
        },
        "content": "            }"
      },
      {
        "lineNumber": 207,
        "author": {
          "gitId": "jwyf"
        },
        "content": "        }"
      },
      {
        "lineNumber": 208,
        "author": {
          "gitId": "jwyf"
        },
        "content": "        saveList(taskList);"
      },
      {
        "lineNumber": 209,
        "author": {
          "gitId": "jwyf"
        },
        "content": "    }"
      },
      {
        "lineNumber": 210,
        "author": {
          "gitId": "jwyf"
        },
        "content": ""
      },
      {
        "lineNumber": 211,
        "author": {
          "gitId": "jwyf"
        },
        "content": "    private static void saveList(ArrayList taskList) throws IOException {"
      },
      {
        "lineNumber": 212,
        "author": {
          "gitId": "jwyf"
        },
        "content": "        String formattedList \u003d new String();"
      },
      {
        "lineNumber": 213,
        "author": {
          "gitId": "jwyf"
        },
        "content": "        for (int i \u003d 0; i \u003c taskList.size(); i++) {"
      },
      {
        "lineNumber": 214,
        "author": {
          "gitId": "jwyf"
        },
        "content": "            Task currentTask \u003d (Task) taskList.get(i);"
      },
      {
        "lineNumber": 215,
        "author": {
          "gitId": "jwyf"
        },
        "content": "            String taskType \u003d currentTask.getTaskType();"
      },
      {
        "lineNumber": 216,
        "author": {
          "gitId": "jwyf"
        },
        "content": "            if (taskType.equals(\"D\") || taskType.equals(\"E\")) {"
      },
      {
        "lineNumber": 217,
        "author": {
          "gitId": "jwyf"
        },
        "content": "                formattedList \u003d formattedList + currentTask.getTaskType() + \" | \""
      },
      {
        "lineNumber": 218,
        "author": {
          "gitId": "jwyf"
        },
        "content": "                        + (currentTask.getDoneStatus() ? 1 : 0) + \" | \""
      },
      {
        "lineNumber": 219,
        "author": {
          "gitId": "jwyf"
        },
        "content": "                        + currentTask.getCommand() + \" | \""
      },
      {
        "lineNumber": 220,
        "author": {
          "gitId": "jwyf"
        },
        "content": "                        + currentTask.getDate()"
      },
      {
        "lineNumber": 221,
        "author": {
          "gitId": "jwyf"
        },
        "content": "                        + System.lineSeparator();"
      },
      {
        "lineNumber": 222,
        "author": {
          "gitId": "jwyf"
        },
        "content": "            }"
      },
      {
        "lineNumber": 223,
        "author": {
          "gitId": "jwyf"
        },
        "content": "            else {"
      },
      {
        "lineNumber": 224,
        "author": {
          "gitId": "jwyf"
        },
        "content": "                formattedList \u003d formattedList + currentTask.getTaskType() + \" | \""
      },
      {
        "lineNumber": 225,
        "author": {
          "gitId": "jwyf"
        },
        "content": "                        + (currentTask.getDoneStatus() ? 1 : 0) + \" | \""
      },
      {
        "lineNumber": 226,
        "author": {
          "gitId": "jwyf"
        },
        "content": "                        + currentTask.getCommand()"
      },
      {
        "lineNumber": 227,
        "author": {
          "gitId": "jwyf"
        },
        "content": "                        + System.lineSeparator();"
      },
      {
        "lineNumber": 228,
        "author": {
          "gitId": "jwyf"
        },
        "content": "            }"
      },
      {
        "lineNumber": 229,
        "author": {
          "gitId": "jwyf"
        },
        "content": "        }"
      },
      {
        "lineNumber": 230,
        "author": {
          "gitId": "jwyf"
        },
        "content": "        FileWriting.writeToFile(\"C:/Users/josep/duke/data/duke.txt\", formattedList);"
      },
      {
        "lineNumber": 231,
        "author": {
          "gitId": "jwyf"
        },
        "content": "    }"
      },
      {
        "lineNumber": 232,
        "author": {
          "gitId": "jwyf"
        },
        "content": ""
      },
      {
        "lineNumber": 233,
        "author": {
          "gitId": "jwyf"
        },
        "content": "    private static void populateList (ArrayList taskList) throws FileNotFoundException, DukeException {"
      },
      {
        "lineNumber": 234,
        "author": {
          "gitId": "jwyf"
        },
        "content": "        File file \u003d new File(\"C:/Users/josep/duke/data/duke.txt\");"
      },
      {
        "lineNumber": 235,
        "author": {
          "gitId": "jwyf"
        },
        "content": "        Scanner scanner \u003d new Scanner(file);"
      },
      {
        "lineNumber": 236,
        "author": {
          "gitId": "jwyf"
        },
        "content": "        while (scanner.hasNext()) {"
      },
      {
        "lineNumber": 237,
        "author": {
          "gitId": "jwyf"
        },
        "content": "            String currentInput \u003d scanner.nextLine();"
      },
      {
        "lineNumber": 238,
        "author": {
          "gitId": "jwyf"
        },
        "content": "            if (currentInput.startsWith(\"T\")) {"
      },
      {
        "lineNumber": 239,
        "author": {
          "gitId": "jwyf"
        },
        "content": "//                String noSpace \u003d currentInput.replaceAll(\"\\\\s+\",\"\");"
      },
      {
        "lineNumber": 240,
        "author": {
          "gitId": "jwyf"
        },
        "content": "//                String processedInput \u003d noSpace.replaceAll(\"|\",\" \");"
      },
      {
        "lineNumber": 241,
        "author": {
          "gitId": "jwyf"
        },
        "content": "                String[] todoArray \u003d currentInput.split(\" \\\\| \");"
      },
      {
        "lineNumber": 242,
        "author": {
          "gitId": "jwyf"
        },
        "content": "                ToDo toDo \u003d new ToDo(todoArray[2]);"
      },
      {
        "lineNumber": 243,
        "author": {
          "gitId": "jwyf"
        },
        "content": "                if (todoArray[1].equals(\"1\")) {"
      },
      {
        "lineNumber": 244,
        "author": {
          "gitId": "jwyf"
        },
        "content": "                    toDo.setDoneStatus(true);"
      },
      {
        "lineNumber": 245,
        "author": {
          "gitId": "jwyf"
        },
        "content": "                }"
      },
      {
        "lineNumber": 246,
        "author": {
          "gitId": "jwyf"
        },
        "content": "                else {"
      },
      {
        "lineNumber": 247,
        "author": {
          "gitId": "jwyf"
        },
        "content": "                    toDo.setDoneStatus(false);"
      },
      {
        "lineNumber": 248,
        "author": {
          "gitId": "jwyf"
        },
        "content": "                }"
      },
      {
        "lineNumber": 249,
        "author": {
          "gitId": "jwyf"
        },
        "content": "                taskList.add(toDo);"
      },
      {
        "lineNumber": 250,
        "author": {
          "gitId": "jwyf"
        },
        "content": "            }"
      },
      {
        "lineNumber": 251,
        "author": {
          "gitId": "jwyf"
        },
        "content": "            else if (currentInput.startsWith(\"D\")) {"
      },
      {
        "lineNumber": 252,
        "author": {
          "gitId": "jwyf"
        },
        "content": "                String[] deadlineArray \u003d currentInput.split(\" \\\\| \", 4);"
      },
      {
        "lineNumber": 253,
        "author": {
          "gitId": "jwyf"
        },
        "content": "                Deadline deadline \u003d new Deadline(deadlineArray[2], deadlineArray[3]);"
      },
      {
        "lineNumber": 254,
        "author": {
          "gitId": "jwyf"
        },
        "content": "                if (deadlineArray[1].equals(\"1\")) {"
      },
      {
        "lineNumber": 255,
        "author": {
          "gitId": "jwyf"
        },
        "content": "                    deadline.setDoneStatus(true);"
      },
      {
        "lineNumber": 256,
        "author": {
          "gitId": "jwyf"
        },
        "content": "                }"
      },
      {
        "lineNumber": 257,
        "author": {
          "gitId": "jwyf"
        },
        "content": "                else {"
      },
      {
        "lineNumber": 258,
        "author": {
          "gitId": "jwyf"
        },
        "content": "                    deadline.setDoneStatus(false);"
      },
      {
        "lineNumber": 259,
        "author": {
          "gitId": "jwyf"
        },
        "content": "                }"
      },
      {
        "lineNumber": 260,
        "author": {
          "gitId": "jwyf"
        },
        "content": "                taskList.add(deadline);"
      },
      {
        "lineNumber": 261,
        "author": {
          "gitId": "jwyf"
        },
        "content": "            }"
      },
      {
        "lineNumber": 262,
        "author": {
          "gitId": "jwyf"
        },
        "content": "            else if (currentInput.startsWith(\"E\")) {"
      },
      {
        "lineNumber": 263,
        "author": {
          "gitId": "jwyf"
        },
        "content": "                String[] eventArray \u003d currentInput.split(\" \\\\| \", 4);"
      },
      {
        "lineNumber": 264,
        "author": {
          "gitId": "jwyf"
        },
        "content": "                Event event \u003d new Event(eventArray[2], eventArray[3]);"
      },
      {
        "lineNumber": 265,
        "author": {
          "gitId": "jwyf"
        },
        "content": "                if (eventArray[1].equals(\"1\")) {"
      },
      {
        "lineNumber": 266,
        "author": {
          "gitId": "jwyf"
        },
        "content": "                    event.setDoneStatus(true);"
      },
      {
        "lineNumber": 267,
        "author": {
          "gitId": "jwyf"
        },
        "content": "                }"
      },
      {
        "lineNumber": 268,
        "author": {
          "gitId": "jwyf"
        },
        "content": "                else {"
      },
      {
        "lineNumber": 269,
        "author": {
          "gitId": "jwyf"
        },
        "content": "                    event.setDoneStatus(false);"
      },
      {
        "lineNumber": 270,
        "author": {
          "gitId": "jwyf"
        },
        "content": "                }"
      },
      {
        "lineNumber": 271,
        "author": {
          "gitId": "jwyf"
        },
        "content": "                taskList.add(event);"
      },
      {
        "lineNumber": 272,
        "author": {
          "gitId": "jwyf"
        },
        "content": "            }"
      },
      {
        "lineNumber": 273,
        "author": {
          "gitId": "jwyf"
        },
        "content": "            else {"
      },
      {
        "lineNumber": 274,
        "author": {
          "gitId": "jwyf"
        },
        "content": "                throw new DukeException(ErrorType.SAVE_CORRUPTED);"
      },
      {
        "lineNumber": 275,
        "author": {
          "gitId": "jwyf"
        },
        "content": "            }"
      },
      {
        "lineNumber": 276,
        "author": {
          "gitId": "jwyf"
        },
        "content": "        }"
      },
      {
        "lineNumber": 277,
        "author": {
          "gitId": "jwyf"
        },
        "content": ""
      },
      {
        "lineNumber": 278,
        "author": {
          "gitId": "-"
        },
        "content": "    }"
      },
      {
        "lineNumber": 279,
        "author": {
          "gitId": "-"
        },
        "content": "}"
      }
    ],
    "authorContributionMap": {
      "jwyf": 274,
      "-": 5
    }
  },
  {
    "path": "src/main/java/DukeException.java",
    "lines": [
      {
        "lineNumber": 1,
        "author": {
          "gitId": "jwyf"
        },
        "content": "public class DukeException extends Exception {"
      },
      {
        "lineNumber": 2,
        "author": {
          "gitId": "jwyf"
        },
        "content": "    /**"
      },
      {
        "lineNumber": 3,
        "author": {
          "gitId": "jwyf"
        },
        "content": "     * Exceptions specific to Duke"
      },
      {
        "lineNumber": 4,
        "author": {
          "gitId": "jwyf"
        },
        "content": "     */"
      },
      {
        "lineNumber": 5,
        "author": {
          "gitId": "jwyf"
        },
        "content": "    protected ErrorType errorType;"
      },
      {
        "lineNumber": 6,
        "author": {
          "gitId": "jwyf"
        },
        "content": ""
      },
      {
        "lineNumber": 7,
        "author": {
          "gitId": "jwyf"
        },
        "content": "    DukeException(ErrorType errorType) {"
      },
      {
        "lineNumber": 8,
        "author": {
          "gitId": "jwyf"
        },
        "content": "        this.errorType \u003d errorType;"
      },
      {
        "lineNumber": 9,
        "author": {
          "gitId": "jwyf"
        },
        "content": "    }"
      },
      {
        "lineNumber": 10,
        "author": {
          "gitId": "jwyf"
        },
        "content": ""
      },
      {
        "lineNumber": 11,
        "author": {
          "gitId": "jwyf"
        },
        "content": "    public ErrorType getErrorType() {"
      },
      {
        "lineNumber": 12,
        "author": {
          "gitId": "jwyf"
        },
        "content": "        return errorType;"
      },
      {
        "lineNumber": 13,
        "author": {
          "gitId": "jwyf"
        },
        "content": "    }"
      },
      {
        "lineNumber": 14,
        "author": {
          "gitId": "jwyf"
        },
        "content": "}"
      }
    ],
    "authorContributionMap": {
      "jwyf": 14
    }
  },
  {
    "path": "src/main/java/ErrorType.java",
    "lines": [
      {
        "lineNumber": 1,
        "author": {
          "gitId": "jwyf"
        },
        "content": "public enum ErrorType {"
      },
      {
        "lineNumber": 2,
        "author": {
          "gitId": "jwyf"
        },
        "content": "    EMPTY_TODO, EMPTY_DEADLINE, EMPTY_EVENT, UNKNOWN_COMMAND, UNKNOWN_ERROR, SAVE_CORRUPTED"
      },
      {
        "lineNumber": 3,
        "author": {
          "gitId": "jwyf"
        },
        "content": "}"
      }
    ],
    "authorContributionMap": {
      "jwyf": 3
    }
  },
  {
    "path": "src/main/java/Event.java",
    "lines": [
      {
        "lineNumber": 1,
        "author": {
          "gitId": "jwyf"
        },
        "content": "public class Event extends Task {"
      },
      {
        "lineNumber": 2,
        "author": {
          "gitId": "jwyf"
        },
        "content": "    protected String on;"
      },
      {
        "lineNumber": 3,
        "author": {
          "gitId": "jwyf"
        },
        "content": ""
      },
      {
        "lineNumber": 4,
        "author": {
          "gitId": "jwyf"
        },
        "content": "    public Event(String description, String on) {"
      },
      {
        "lineNumber": 5,
        "author": {
          "gitId": "jwyf"
        },
        "content": "        super(description);"
      },
      {
        "lineNumber": 6,
        "author": {
          "gitId": "jwyf"
        },
        "content": "        this.on \u003d on;"
      },
      {
        "lineNumber": 7,
        "author": {
          "gitId": "jwyf"
        },
        "content": ""
      },
      {
        "lineNumber": 8,
        "author": {
          "gitId": "jwyf"
        },
        "content": "        super.taskType \u003d \"E\";"
      },
      {
        "lineNumber": 9,
        "author": {
          "gitId": "jwyf"
        },
        "content": "        super.date \u003d on;"
      },
      {
        "lineNumber": 10,
        "author": {
          "gitId": "jwyf"
        },
        "content": "    }"
      },
      {
        "lineNumber": 11,
        "author": {
          "gitId": "jwyf"
        },
        "content": ""
      },
      {
        "lineNumber": 12,
        "author": {
          "gitId": "jwyf"
        },
        "content": "    @Override"
      },
      {
        "lineNumber": 13,
        "author": {
          "gitId": "jwyf"
        },
        "content": "    public String toString() {"
      },
      {
        "lineNumber": 14,
        "author": {
          "gitId": "jwyf"
        },
        "content": "        return \"[E]\" + super.toString() + \" (at: \" + on + \")\";"
      },
      {
        "lineNumber": 15,
        "author": {
          "gitId": "jwyf"
        },
        "content": "    }"
      },
      {
        "lineNumber": 16,
        "author": {
          "gitId": "jwyf"
        },
        "content": "}"
      }
    ],
    "authorContributionMap": {
      "jwyf": 16
    }
  },
  {
    "path": "src/main/java/FileWriting.java",
    "lines": [
      {
        "lineNumber": 1,
        "author": {
          "gitId": "jwyf"
        },
        "content": "import java.io.FileWriter;"
      },
      {
        "lineNumber": 2,
        "author": {
          "gitId": "jwyf"
        },
        "content": "import java.io.IOException;"
      },
      {
        "lineNumber": 3,
        "author": {
          "gitId": "jwyf"
        },
        "content": ""
      },
      {
        "lineNumber": 4,
        "author": {
          "gitId": "jwyf"
        },
        "content": "public class FileWriting {"
      },
      {
        "lineNumber": 5,
        "author": {
          "gitId": "jwyf"
        },
        "content": "    public static void writeToFile(String filePath, String textToAdd) throws IOException {"
      },
      {
        "lineNumber": 6,
        "author": {
          "gitId": "jwyf"
        },
        "content": "        FileWriter fw \u003d new FileWriter(filePath);"
      },
      {
        "lineNumber": 7,
        "author": {
          "gitId": "jwyf"
        },
        "content": "        fw.write(textToAdd);"
      },
      {
        "lineNumber": 8,
        "author": {
          "gitId": "jwyf"
        },
        "content": "        fw.close();"
      },
      {
        "lineNumber": 9,
        "author": {
          "gitId": "jwyf"
        },
        "content": "    }"
      },
      {
        "lineNumber": 10,
        "author": {
          "gitId": "jwyf"
        },
        "content": ""
      },
      {
        "lineNumber": 11,
        "author": {
          "gitId": "jwyf"
        },
        "content": "    public static void appendToFile(String filePath, String textToAppend) throws IOException {"
      },
      {
        "lineNumber": 12,
        "author": {
          "gitId": "jwyf"
        },
        "content": "        FileWriter fw \u003d new FileWriter(filePath, true); // create a FileWriter in append mode"
      },
      {
        "lineNumber": 13,
        "author": {
          "gitId": "jwyf"
        },
        "content": "        fw.write(textToAppend);"
      },
      {
        "lineNumber": 14,
        "author": {
          "gitId": "jwyf"
        },
        "content": "        fw.close();"
      },
      {
        "lineNumber": 15,
        "author": {
          "gitId": "jwyf"
        },
        "content": "    }"
      },
      {
        "lineNumber": 16,
        "author": {
          "gitId": "jwyf"
        },
        "content": ""
      },
      {
        "lineNumber": 17,
        "author": {
          "gitId": "jwyf"
        },
        "content": "//    public static void main(String[] args) {"
      },
      {
        "lineNumber": 18,
        "author": {
          "gitId": "jwyf"
        },
        "content": "//        String file2 \u003d \"C:/Users/josep/duke/data/duke.txt\";"
      },
      {
        "lineNumber": 19,
        "author": {
          "gitId": "jwyf"
        },
        "content": "//        try {"
      },
      {
        "lineNumber": 20,
        "author": {
          "gitId": "jwyf"
        },
        "content": "//            writeToFile(file2, \"first line\" + System.lineSeparator() + \"second line\");"
      },
      {
        "lineNumber": 21,
        "author": {
          "gitId": "jwyf"
        },
        "content": "//        } catch (IOException e) {"
      },
      {
        "lineNumber": 22,
        "author": {
          "gitId": "jwyf"
        },
        "content": "//            System.out.println(\"Something went wrong: \" + e.getMessage());"
      },
      {
        "lineNumber": 23,
        "author": {
          "gitId": "jwyf"
        },
        "content": "//        }"
      },
      {
        "lineNumber": 24,
        "author": {
          "gitId": "jwyf"
        },
        "content": "//    }"
      },
      {
        "lineNumber": 25,
        "author": {
          "gitId": "jwyf"
        },
        "content": "}"
      }
    ],
    "authorContributionMap": {
      "jwyf": 25
    }
  },
  {
    "path": "src/main/java/Task.java",
    "lines": [
      {
        "lineNumber": 1,
        "author": {
          "gitId": "jwyf"
        },
        "content": "public class Task {"
      },
      {
        "lineNumber": 2,
        "author": {
          "gitId": "jwyf"
        },
        "content": "    protected String command;"
      },
      {
        "lineNumber": 3,
        "author": {
          "gitId": "jwyf"
        },
        "content": "    protected Boolean isDone;"
      },
      {
        "lineNumber": 4,
        "author": {
          "gitId": "jwyf"
        },
        "content": "    protected String taskType;"
      },
      {
        "lineNumber": 5,
        "author": {
          "gitId": "jwyf"
        },
        "content": "    protected String date;"
      },
      {
        "lineNumber": 6,
        "author": {
          "gitId": "jwyf"
        },
        "content": ""
      },
      {
        "lineNumber": 7,
        "author": {
          "gitId": "jwyf"
        },
        "content": "    public Task(String command) {"
      },
      {
        "lineNumber": 8,
        "author": {
          "gitId": "jwyf"
        },
        "content": "        this.command \u003d command;"
      },
      {
        "lineNumber": 9,
        "author": {
          "gitId": "jwyf"
        },
        "content": "        this.isDone \u003d false;"
      },
      {
        "lineNumber": 10,
        "author": {
          "gitId": "jwyf"
        },
        "content": "    }"
      },
      {
        "lineNumber": 11,
        "author": {
          "gitId": "jwyf"
        },
        "content": ""
      },
      {
        "lineNumber": 12,
        "author": {
          "gitId": "jwyf"
        },
        "content": "    public String getStatusIcon() {"
      },
      {
        "lineNumber": 13,
        "author": {
          "gitId": "jwyf"
        },
        "content": "        return (isDone ? \"\\u2713\" : \"\\u2718\"); //return tick or X symbols"
      },
      {
        "lineNumber": 14,
        "author": {
          "gitId": "jwyf"
        },
        "content": "    }"
      },
      {
        "lineNumber": 15,
        "author": {
          "gitId": "jwyf"
        },
        "content": ""
      },
      {
        "lineNumber": 16,
        "author": {
          "gitId": "jwyf"
        },
        "content": "    public String getCommand() {"
      },
      {
        "lineNumber": 17,
        "author": {
          "gitId": "jwyf"
        },
        "content": "        return command;"
      },
      {
        "lineNumber": 18,
        "author": {
          "gitId": "jwyf"
        },
        "content": "    }"
      },
      {
        "lineNumber": 19,
        "author": {
          "gitId": "jwyf"
        },
        "content": ""
      },
      {
        "lineNumber": 20,
        "author": {
          "gitId": "jwyf"
        },
        "content": "    public void setCommand(String command) {"
      },
      {
        "lineNumber": 21,
        "author": {
          "gitId": "jwyf"
        },
        "content": "        this.command \u003d command;"
      },
      {
        "lineNumber": 22,
        "author": {
          "gitId": "jwyf"
        },
        "content": "    }"
      },
      {
        "lineNumber": 23,
        "author": {
          "gitId": "jwyf"
        },
        "content": ""
      },
      {
        "lineNumber": 24,
        "author": {
          "gitId": "jwyf"
        },
        "content": "    public Boolean getDoneStatus() {"
      },
      {
        "lineNumber": 25,
        "author": {
          "gitId": "jwyf"
        },
        "content": "        return isDone;"
      },
      {
        "lineNumber": 26,
        "author": {
          "gitId": "jwyf"
        },
        "content": "    }"
      },
      {
        "lineNumber": 27,
        "author": {
          "gitId": "jwyf"
        },
        "content": ""
      },
      {
        "lineNumber": 28,
        "author": {
          "gitId": "jwyf"
        },
        "content": "    public void setDoneStatus(Boolean done) {"
      },
      {
        "lineNumber": 29,
        "author": {
          "gitId": "jwyf"
        },
        "content": "        isDone \u003d done;"
      },
      {
        "lineNumber": 30,
        "author": {
          "gitId": "jwyf"
        },
        "content": "    }"
      },
      {
        "lineNumber": 31,
        "author": {
          "gitId": "jwyf"
        },
        "content": ""
      },
      {
        "lineNumber": 32,
        "author": {
          "gitId": "jwyf"
        },
        "content": "    public String getTaskType() {"
      },
      {
        "lineNumber": 33,
        "author": {
          "gitId": "jwyf"
        },
        "content": "        return taskType;"
      },
      {
        "lineNumber": 34,
        "author": {
          "gitId": "jwyf"
        },
        "content": "    }"
      },
      {
        "lineNumber": 35,
        "author": {
          "gitId": "jwyf"
        },
        "content": ""
      },
      {
        "lineNumber": 36,
        "author": {
          "gitId": "jwyf"
        },
        "content": "    public String getDate() {"
      },
      {
        "lineNumber": 37,
        "author": {
          "gitId": "jwyf"
        },
        "content": "        return date;"
      },
      {
        "lineNumber": 38,
        "author": {
          "gitId": "jwyf"
        },
        "content": "    }"
      },
      {
        "lineNumber": 39,
        "author": {
          "gitId": "jwyf"
        },
        "content": ""
      },
      {
        "lineNumber": 40,
        "author": {
          "gitId": "jwyf"
        },
        "content": "//    public String"
      },
      {
        "lineNumber": 41,
        "author": {
          "gitId": "jwyf"
        },
        "content": ""
      },
      {
        "lineNumber": 42,
        "author": {
          "gitId": "jwyf"
        },
        "content": "    @Override"
      },
      {
        "lineNumber": 43,
        "author": {
          "gitId": "jwyf"
        },
        "content": "    public String toString() {"
      },
      {
        "lineNumber": 44,
        "author": {
          "gitId": "jwyf"
        },
        "content": "        return \"[\" + this.getStatusIcon() + \"] \" + this.getCommand();"
      },
      {
        "lineNumber": 45,
        "author": {
          "gitId": "jwyf"
        },
        "content": "    }"
      },
      {
        "lineNumber": 46,
        "author": {
          "gitId": "jwyf"
        },
        "content": "}"
      }
    ],
    "authorContributionMap": {
      "jwyf": 46
    }
  },
  {
    "path": "src/main/java/ToDo.java",
    "lines": [
      {
        "lineNumber": 1,
        "author": {
          "gitId": "jwyf"
        },
        "content": "public class ToDo extends Task {"
      },
      {
        "lineNumber": 2,
        "author": {
          "gitId": "jwyf"
        },
        "content": "    public ToDo(String description) {"
      },
      {
        "lineNumber": 3,
        "author": {
          "gitId": "jwyf"
        },
        "content": "        super(description);"
      },
      {
        "lineNumber": 4,
        "author": {
          "gitId": "jwyf"
        },
        "content": "        super.taskType \u003d \"T\";"
      },
      {
        "lineNumber": 5,
        "author": {
          "gitId": "jwyf"
        },
        "content": "    }"
      },
      {
        "lineNumber": 6,
        "author": {
          "gitId": "jwyf"
        },
        "content": ""
      },
      {
        "lineNumber": 7,
        "author": {
          "gitId": "jwyf"
        },
        "content": "    @Override"
      },
      {
        "lineNumber": 8,
        "author": {
          "gitId": "jwyf"
        },
        "content": "    public String toString() {"
      },
      {
        "lineNumber": 9,
        "author": {
          "gitId": "jwyf"
        },
        "content": "        return \"[T]\" + super.toString();"
      },
      {
        "lineNumber": 10,
        "author": {
          "gitId": "jwyf"
        },
        "content": "    }"
      },
      {
        "lineNumber": 11,
        "author": {
          "gitId": "jwyf"
        },
        "content": "}"
      }
    ],
    "authorContributionMap": {
      "jwyf": 11
    }
  }
]
