[
  {
    "path": "src/main/java/Duke.java",
    "lines": [
      {
        "lineNumber": 1,
        "author": {
          "gitId": "jwyf"
        },
        "content": "import java.util.Scanner;"
      },
      {
        "lineNumber": 2,
        "author": {
          "gitId": "jwyf"
        },
        "content": "import java.util.ArrayList;"
      },
      {
        "lineNumber": 3,
        "author": {
          "gitId": "jwyf"
        },
        "content": ""
      },
      {
        "lineNumber": 4,
        "author": {
          "gitId": "-"
        },
        "content": "public class Duke {"
      },
      {
        "lineNumber": 5,
        "author": {
          "gitId": "jwyf"
        },
        "content": "    private static String line \u003d \"\\t____________________________________________________________\";"
      },
      {
        "lineNumber": 6,
        "author": {
          "gitId": "jwyf"
        },
        "content": ""
      },
      {
        "lineNumber": 7,
        "author": {
          "gitId": "-"
        },
        "content": "    public static void main(String[] args) {"
      },
      {
        "lineNumber": 8,
        "author": {
          "gitId": "jwyf"
        },
        "content": "//        String logo \u003d \" ____        _        \\n\""
      },
      {
        "lineNumber": 9,
        "author": {
          "gitId": "jwyf"
        },
        "content": "//                + \"|  _ \\\\ _   _| | _____ \\n\""
      },
      {
        "lineNumber": 10,
        "author": {
          "gitId": "jwyf"
        },
        "content": "//                + \"| | | | | | | |/ / _ \\\\\\n\""
      },
      {
        "lineNumber": 11,
        "author": {
          "gitId": "jwyf"
        },
        "content": "//                + \"| |_| | |_| |   \u003c  __/\\n\""
      },
      {
        "lineNumber": 12,
        "author": {
          "gitId": "jwyf"
        },
        "content": "//                + \"|____/ \\\\__,_|_|\\\\_\\\\___|\\n\";"
      },
      {
        "lineNumber": 13,
        "author": {
          "gitId": "jwyf"
        },
        "content": "//        System.out.println(\"Hello from\\n\" + logo);"
      },
      {
        "lineNumber": 14,
        "author": {
          "gitId": "jwyf"
        },
        "content": ""
      },
      {
        "lineNumber": 15,
        "author": {
          "gitId": "jwyf"
        },
        "content": "        String input \u003d null;"
      },
      {
        "lineNumber": 16,
        "author": {
          "gitId": "jwyf"
        },
        "content": "        Scanner scanner \u003d new Scanner(System.in);"
      },
      {
        "lineNumber": 17,
        "author": {
          "gitId": "jwyf"
        },
        "content": "        ArrayList\u003cTask\u003e taskList \u003d new ArrayList\u003c\u003e();"
      },
      {
        "lineNumber": 18,
        "author": {
          "gitId": "jwyf"
        },
        "content": ""
      },
      {
        "lineNumber": 19,
        "author": {
          "gitId": "jwyf"
        },
        "content": "        printHelloMsg();"
      },
      {
        "lineNumber": 20,
        "author": {
          "gitId": "jwyf"
        },
        "content": ""
      },
      {
        "lineNumber": 21,
        "author": {
          "gitId": "jwyf"
        },
        "content": "        while (scanner.hasNext()) {"
      },
      {
        "lineNumber": 22,
        "author": {
          "gitId": "jwyf"
        },
        "content": "            input \u003d readInput(scanner);"
      },
      {
        "lineNumber": 23,
        "author": {
          "gitId": "jwyf"
        },
        "content": ""
      },
      {
        "lineNumber": 24,
        "author": {
          "gitId": "jwyf"
        },
        "content": "            if (input.equals(\"bye\")) {"
      },
      {
        "lineNumber": 25,
        "author": {
          "gitId": "jwyf"
        },
        "content": "                break;"
      },
      {
        "lineNumber": 26,
        "author": {
          "gitId": "jwyf"
        },
        "content": "            }"
      },
      {
        "lineNumber": 27,
        "author": {
          "gitId": "jwyf"
        },
        "content": "            else if (input.equals(\"list\")) {"
      },
      {
        "lineNumber": 28,
        "author": {
          "gitId": "jwyf"
        },
        "content": "                iterateList(taskList);"
      },
      {
        "lineNumber": 29,
        "author": {
          "gitId": "jwyf"
        },
        "content": "            }"
      },
      {
        "lineNumber": 30,
        "author": {
          "gitId": "jwyf"
        },
        "content": "            else if (input.startsWith(\"done \")) {"
      },
      {
        "lineNumber": 31,
        "author": {
          "gitId": "jwyf"
        },
        "content": "                markAsDone(input, taskList);"
      },
      {
        "lineNumber": 32,
        "author": {
          "gitId": "-"
        },
        "content": "            }"
      },
      {
        "lineNumber": 33,
        "author": {
          "gitId": "jwyf"
        },
        "content": "            else {"
      },
      {
        "lineNumber": 34,
        "author": {
          "gitId": "jwyf"
        },
        "content": "                Task task \u003d new Task(input);"
      },
      {
        "lineNumber": 35,
        "author": {
          "gitId": "jwyf"
        },
        "content": "                taskList.add(task);"
      },
      {
        "lineNumber": 36,
        "author": {
          "gitId": "jwyf"
        },
        "content": "                echoCommand(input);"
      },
      {
        "lineNumber": 37,
        "author": {
          "gitId": "jwyf"
        },
        "content": "            }"
      },
      {
        "lineNumber": 38,
        "author": {
          "gitId": "jwyf"
        },
        "content": "        }"
      },
      {
        "lineNumber": 39,
        "author": {
          "gitId": "jwyf"
        },
        "content": ""
      },
      {
        "lineNumber": 40,
        "author": {
          "gitId": "jwyf"
        },
        "content": "        printByeMsg();"
      },
      {
        "lineNumber": 41,
        "author": {
          "gitId": "jwyf"
        },
        "content": "    }"
      },
      {
        "lineNumber": 42,
        "author": {
          "gitId": "jwyf"
        },
        "content": ""
      },
      {
        "lineNumber": 43,
        "author": {
          "gitId": "jwyf"
        },
        "content": "    private static void printLine() {"
      },
      {
        "lineNumber": 44,
        "author": {
          "gitId": "jwyf"
        },
        "content": "        System.out.println(line);"
      },
      {
        "lineNumber": 45,
        "author": {
          "gitId": "jwyf"
        },
        "content": "    }"
      },
      {
        "lineNumber": 46,
        "author": {
          "gitId": "jwyf"
        },
        "content": ""
      },
      {
        "lineNumber": 47,
        "author": {
          "gitId": "jwyf"
        },
        "content": "    private static void printHelloMsg() {"
      },
      {
        "lineNumber": 48,
        "author": {
          "gitId": "jwyf"
        },
        "content": "        printLine();"
      },
      {
        "lineNumber": 49,
        "author": {
          "gitId": "jwyf"
        },
        "content": "        System.out.println(\"\\t Hello! I\u0027m Duke\\n\" + \"\\t What can I do for you?\");"
      },
      {
        "lineNumber": 50,
        "author": {
          "gitId": "jwyf"
        },
        "content": "        printLine();"
      },
      {
        "lineNumber": 51,
        "author": {
          "gitId": "jwyf"
        },
        "content": "    }"
      },
      {
        "lineNumber": 52,
        "author": {
          "gitId": "jwyf"
        },
        "content": ""
      },
      {
        "lineNumber": 53,
        "author": {
          "gitId": "jwyf"
        },
        "content": "    private static void printByeMsg() {"
      },
      {
        "lineNumber": 54,
        "author": {
          "gitId": "jwyf"
        },
        "content": "        printLine();"
      },
      {
        "lineNumber": 55,
        "author": {
          "gitId": "jwyf"
        },
        "content": "        System.out.println(\"\\t Bye. Hope to see you again soon!\");"
      },
      {
        "lineNumber": 56,
        "author": {
          "gitId": "jwyf"
        },
        "content": "        printLine();"
      },
      {
        "lineNumber": 57,
        "author": {
          "gitId": "jwyf"
        },
        "content": "    }"
      },
      {
        "lineNumber": 58,
        "author": {
          "gitId": "jwyf"
        },
        "content": ""
      },
      {
        "lineNumber": 59,
        "author": {
          "gitId": "jwyf"
        },
        "content": "    private static String readInput(Scanner scanner) {"
      },
      {
        "lineNumber": 60,
        "author": {
          "gitId": "jwyf"
        },
        "content": "        String commands \u003d scanner.nextLine();"
      },
      {
        "lineNumber": 61,
        "author": {
          "gitId": "jwyf"
        },
        "content": "        return commands;"
      },
      {
        "lineNumber": 62,
        "author": {
          "gitId": "jwyf"
        },
        "content": "    }"
      },
      {
        "lineNumber": 63,
        "author": {
          "gitId": "jwyf"
        },
        "content": ""
      },
      {
        "lineNumber": 64,
        "author": {
          "gitId": "jwyf"
        },
        "content": "    private static void echoCommand(String input) {"
      },
      {
        "lineNumber": 65,
        "author": {
          "gitId": "jwyf"
        },
        "content": "        printLine();"
      },
      {
        "lineNumber": 66,
        "author": {
          "gitId": "jwyf"
        },
        "content": "        System.out.println(\"\\t added: \" + input);"
      },
      {
        "lineNumber": 67,
        "author": {
          "gitId": "jwyf"
        },
        "content": "        printLine();"
      },
      {
        "lineNumber": 68,
        "author": {
          "gitId": "jwyf"
        },
        "content": "    }"
      },
      {
        "lineNumber": 69,
        "author": {
          "gitId": "jwyf"
        },
        "content": ""
      },
      {
        "lineNumber": 70,
        "author": {
          "gitId": "jwyf"
        },
        "content": "    private static void iterateList(ArrayList taskList) {"
      },
      {
        "lineNumber": 71,
        "author": {
          "gitId": "jwyf"
        },
        "content": "        printLine();"
      },
      {
        "lineNumber": 72,
        "author": {
          "gitId": "jwyf"
        },
        "content": "        if (taskList.isEmpty()) {"
      },
      {
        "lineNumber": 73,
        "author": {
          "gitId": "jwyf"
        },
        "content": "            System.out.println(\"\\t The list is currently empty, please add a new task!\");"
      },
      {
        "lineNumber": 74,
        "author": {
          "gitId": "jwyf"
        },
        "content": "        }"
      },
      {
        "lineNumber": 75,
        "author": {
          "gitId": "jwyf"
        },
        "content": "        else {"
      },
      {
        "lineNumber": 76,
        "author": {
          "gitId": "jwyf"
        },
        "content": "            System.out.println(\"\\t Here are the tasks in your list:\");"
      },
      {
        "lineNumber": 77,
        "author": {
          "gitId": "jwyf"
        },
        "content": "            for (int i \u003d 0; i \u003c taskList.size(); i++) {"
      },
      {
        "lineNumber": 78,
        "author": {
          "gitId": "jwyf"
        },
        "content": "                Task currentTask \u003d (Task) taskList.get(i);"
      },
      {
        "lineNumber": 79,
        "author": {
          "gitId": "jwyf"
        },
        "content": "                System.out.println(\"\\t \" + (i + 1) + \".[\" + currentTask.getStatusIcon() + \"] \""
      },
      {
        "lineNumber": 80,
        "author": {
          "gitId": "jwyf"
        },
        "content": "                        + currentTask.getCommand());"
      },
      {
        "lineNumber": 81,
        "author": {
          "gitId": "jwyf"
        },
        "content": "            }"
      },
      {
        "lineNumber": 82,
        "author": {
          "gitId": "jwyf"
        },
        "content": "        }"
      },
      {
        "lineNumber": 83,
        "author": {
          "gitId": "jwyf"
        },
        "content": "        printLine();"
      },
      {
        "lineNumber": 84,
        "author": {
          "gitId": "jwyf"
        },
        "content": "    }"
      },
      {
        "lineNumber": 85,
        "author": {
          "gitId": "jwyf"
        },
        "content": ""
      },
      {
        "lineNumber": 86,
        "author": {
          "gitId": "jwyf"
        },
        "content": "    private static void markAsDone (String input, ArrayList taskList) {"
      },
      {
        "lineNumber": 87,
        "author": {
          "gitId": "jwyf"
        },
        "content": "        //String[] words \u003d input.split(\" \");"
      },
      {
        "lineNumber": 88,
        "author": {
          "gitId": "jwyf"
        },
        "content": "        //Integer taskNum \u003d Integer.parseInt(words[1]);"
      },
      {
        "lineNumber": 89,
        "author": {
          "gitId": "jwyf"
        },
        "content": "        try {"
      },
      {
        "lineNumber": 90,
        "author": {
          "gitId": "jwyf"
        },
        "content": "            Integer taskNum \u003d Integer.parseInt(input.substring(5));"
      },
      {
        "lineNumber": 91,
        "author": {
          "gitId": "jwyf"
        },
        "content": "            Task currentTask \u003d (Task) taskList.get(taskNum - 1);"
      },
      {
        "lineNumber": 92,
        "author": {
          "gitId": "jwyf"
        },
        "content": "            currentTask.setDoneStatus(true);"
      },
      {
        "lineNumber": 93,
        "author": {
          "gitId": "jwyf"
        },
        "content": "            printLine();"
      },
      {
        "lineNumber": 94,
        "author": {
          "gitId": "jwyf"
        },
        "content": "            System.out.println(\"\\t Nice! I\u0027ve marked this task as done: \");"
      },
      {
        "lineNumber": 95,
        "author": {
          "gitId": "jwyf"
        },
        "content": "            System.out.println(\"\\t   [\" + currentTask.getStatusIcon() + \"] \""
      },
      {
        "lineNumber": 96,
        "author": {
          "gitId": "jwyf"
        },
        "content": "                    + currentTask.getCommand());"
      },
      {
        "lineNumber": 97,
        "author": {
          "gitId": "jwyf"
        },
        "content": "            printLine();"
      },
      {
        "lineNumber": 98,
        "author": {
          "gitId": "jwyf"
        },
        "content": "        }"
      },
      {
        "lineNumber": 99,
        "author": {
          "gitId": "jwyf"
        },
        "content": "        catch (IndexOutOfBoundsException e) {"
      },
      {
        "lineNumber": 100,
        "author": {
          "gitId": "jwyf"
        },
        "content": "            printLine();"
      },
      {
        "lineNumber": 101,
        "author": {
          "gitId": "jwyf"
        },
        "content": "            System.out.println(\"\\t Invalid task number entered! Please try again.\");"
      },
      {
        "lineNumber": 102,
        "author": {
          "gitId": "jwyf"
        },
        "content": "            printLine();"
      },
      {
        "lineNumber": 103,
        "author": {
          "gitId": "jwyf"
        },
        "content": "        }"
      },
      {
        "lineNumber": 104,
        "author": {
          "gitId": "jwyf"
        },
        "content": "        catch (NumberFormatException e) {"
      },
      {
        "lineNumber": 105,
        "author": {
          "gitId": "jwyf"
        },
        "content": "            printLine();"
      },
      {
        "lineNumber": 106,
        "author": {
          "gitId": "jwyf"
        },
        "content": "            System.out.println(\"\\t Invalid format entered! Please try again.\");"
      },
      {
        "lineNumber": 107,
        "author": {
          "gitId": "jwyf"
        },
        "content": "            printLine();"
      },
      {
        "lineNumber": 108,
        "author": {
          "gitId": "jwyf"
        },
        "content": "        }"
      },
      {
        "lineNumber": 109,
        "author": {
          "gitId": "-"
        },
        "content": "    }"
      },
      {
        "lineNumber": 110,
        "author": {
          "gitId": "-"
        },
        "content": "}"
      }
    ],
    "authorContributionMap": {
      "jwyf": 105,
      "-": 5
    }
  },
  {
    "path": "src/main/java/Task.java",
    "lines": [
      {
        "lineNumber": 1,
        "author": {
          "gitId": "jwyf"
        },
        "content": "public class Task {"
      },
      {
        "lineNumber": 2,
        "author": {
          "gitId": "jwyf"
        },
        "content": "    protected String command;"
      },
      {
        "lineNumber": 3,
        "author": {
          "gitId": "jwyf"
        },
        "content": "    protected Boolean isDone;"
      },
      {
        "lineNumber": 4,
        "author": {
          "gitId": "jwyf"
        },
        "content": ""
      },
      {
        "lineNumber": 5,
        "author": {
          "gitId": "jwyf"
        },
        "content": "    public Task (String command) {"
      },
      {
        "lineNumber": 6,
        "author": {
          "gitId": "jwyf"
        },
        "content": "        this.command \u003d command;"
      },
      {
        "lineNumber": 7,
        "author": {
          "gitId": "jwyf"
        },
        "content": "        this.isDone \u003d false;"
      },
      {
        "lineNumber": 8,
        "author": {
          "gitId": "jwyf"
        },
        "content": "    }"
      },
      {
        "lineNumber": 9,
        "author": {
          "gitId": "jwyf"
        },
        "content": ""
      },
      {
        "lineNumber": 10,
        "author": {
          "gitId": "jwyf"
        },
        "content": "    public String getStatusIcon() {"
      },
      {
        "lineNumber": 11,
        "author": {
          "gitId": "jwyf"
        },
        "content": "        return (isDone ? \"\\u2713\" : \"\\u2718\"); //return tick or X symbols"
      },
      {
        "lineNumber": 12,
        "author": {
          "gitId": "jwyf"
        },
        "content": "    }"
      },
      {
        "lineNumber": 13,
        "author": {
          "gitId": "jwyf"
        },
        "content": ""
      },
      {
        "lineNumber": 14,
        "author": {
          "gitId": "jwyf"
        },
        "content": "    public String getCommand() {"
      },
      {
        "lineNumber": 15,
        "author": {
          "gitId": "jwyf"
        },
        "content": "        return command;"
      },
      {
        "lineNumber": 16,
        "author": {
          "gitId": "jwyf"
        },
        "content": "    }"
      },
      {
        "lineNumber": 17,
        "author": {
          "gitId": "jwyf"
        },
        "content": ""
      },
      {
        "lineNumber": 18,
        "author": {
          "gitId": "jwyf"
        },
        "content": "    public void setCommand(String command) {"
      },
      {
        "lineNumber": 19,
        "author": {
          "gitId": "jwyf"
        },
        "content": "        this.command \u003d command;"
      },
      {
        "lineNumber": 20,
        "author": {
          "gitId": "jwyf"
        },
        "content": "    }"
      },
      {
        "lineNumber": 21,
        "author": {
          "gitId": "jwyf"
        },
        "content": ""
      },
      {
        "lineNumber": 22,
        "author": {
          "gitId": "jwyf"
        },
        "content": "    public Boolean getDoneStatus() {"
      },
      {
        "lineNumber": 23,
        "author": {
          "gitId": "jwyf"
        },
        "content": "        return isDone;"
      },
      {
        "lineNumber": 24,
        "author": {
          "gitId": "jwyf"
        },
        "content": "    }"
      },
      {
        "lineNumber": 25,
        "author": {
          "gitId": "jwyf"
        },
        "content": ""
      },
      {
        "lineNumber": 26,
        "author": {
          "gitId": "jwyf"
        },
        "content": "    public void setDoneStatus(Boolean done) {"
      },
      {
        "lineNumber": 27,
        "author": {
          "gitId": "jwyf"
        },
        "content": "        isDone \u003d done;"
      },
      {
        "lineNumber": 28,
        "author": {
          "gitId": "jwyf"
        },
        "content": "    }"
      },
      {
        "lineNumber": 29,
        "author": {
          "gitId": "jwyf"
        },
        "content": "}"
      }
    ],
    "authorContributionMap": {
      "jwyf": 29
    }
  }
]
