{
  "authorDailyContributionsMap": {
    "jwyf": [
      {
        "insertions": 149,
        "deletions": 20,
        "date": "2019-08-24",
        "commitResults": [
          {
            "hash": "025cb606c0d2a230a1ba63732c23f2c4260f4552",
            "message": "Completed Level-1",
            "insertions": 56,
            "deletions": 6
          },
          {
            "hash": "c49933e84486d719ef1bd8640c3d275218abd646",
            "message": "Completed Level-2",
            "insertions": 18,
            "deletions": 5
          },
          {
            "hash": "a54217882b8666dd6aa784171a81bcfb4f4a638d",
            "message": "Completed Level-3",
            "insertions": 75,
            "deletions": 9
          }
        ]
      }
    ]
  },
  "authorFinalContributionMap": {
    "jwyf": 135
  },
  "authorFileFormatContributionMap": {
    "jwyf": {
      "adoc": 0,
      "cs": 0,
      "css": 0,
      "fxml": 0,
      "gradle": 0,
      "html": 0,
      "java": 135,
      "js": 0,
      "json": 0,
      "jsp": 0,
      "md": 0,
      "py": 0,
      "tag": 0,
      "txt": 0,
      "xml": 0
    }
  },
  "authorContributionVariance": {
    "jwyf": 0.0
  },
  "authorDisplayNameMap": {
    "jwyf": "JOS ... ENG"
  }
}
