[
  {
    "path": "build.gradle",
    "fileType": "gradle",
    "lines": [
      {
        "lineNumber": 1,
        "author": {
          "gitId": "-"
        },
        "content": "plugins {"
      },
      {
        "lineNumber": 2,
        "author": {
          "gitId": "-"
        },
        "content": "    id \u0027java\u0027"
      },
      {
        "lineNumber": 3,
        "author": {
          "gitId": "-"
        },
        "content": "    id \u0027application\u0027"
      },
      {
        "lineNumber": 4,
        "author": {
          "gitId": "ZhangYihanNus"
        },
        "content": "    id \u0027checkstyle\u0027"
      },
      {
        "lineNumber": 5,
        "author": {
          "gitId": "ZhangYihanNus"
        },
        "content": "    id \u0027com.github.johnrengelman.shadow\u0027 version \u00275.1.0\u0027"
      },
      {
        "lineNumber": 6,
        "author": {
          "gitId": "ZhangYihanNus"
        },
        "content": "    id \u0027org.openjfx.javafxplugin\u0027 version \u00270.0.7\u0027"
      },
      {
        "lineNumber": 7,
        "author": {
          "gitId": "-"
        },
        "content": "}"
      },
      {
        "lineNumber": 8,
        "author": {
          "gitId": "-"
        },
        "content": ""
      },
      {
        "lineNumber": 9,
        "author": {
          "gitId": "-"
        },
        "content": "group \u0027seedu.duke\u0027"
      },
      {
        "lineNumber": 10,
        "author": {
          "gitId": "-"
        },
        "content": "version \u00270.1.0\u0027"
      },
      {
        "lineNumber": 11,
        "author": {
          "gitId": "-"
        },
        "content": ""
      },
      {
        "lineNumber": 12,
        "author": {
          "gitId": "-"
        },
        "content": "repositories {"
      },
      {
        "lineNumber": 13,
        "author": {
          "gitId": "-"
        },
        "content": "    mavenCentral()"
      },
      {
        "lineNumber": 14,
        "author": {
          "gitId": "-"
        },
        "content": "}"
      },
      {
        "lineNumber": 15,
        "author": {
          "gitId": "-"
        },
        "content": ""
      },
      {
        "lineNumber": 16,
        "author": {
          "gitId": "-"
        },
        "content": "application {"
      },
      {
        "lineNumber": 17,
        "author": {
          "gitId": "-"
        },
        "content": "    // Change this to your main class."
      },
      {
        "lineNumber": 18,
        "author": {
          "gitId": "ZhangYihanNus"
        },
        "content": "    mainClassName \u003d \"Duke\""
      },
      {
        "lineNumber": 19,
        "author": {
          "gitId": "ZhangYihanNus"
        },
        "content": "}"
      },
      {
        "lineNumber": 20,
        "author": {
          "gitId": "ZhangYihanNus"
        },
        "content": ""
      },
      {
        "lineNumber": 21,
        "author": {
          "gitId": "ZhangYihanNus"
        },
        "content": "checkstyle {"
      },
      {
        "lineNumber": 22,
        "author": {
          "gitId": "ZhangYihanNus"
        },
        "content": "    toolVersion \u003d \u00278.23\u0027"
      },
      {
        "lineNumber": 23,
        "author": {
          "gitId": "ZhangYihanNus"
        },
        "content": "}"
      },
      {
        "lineNumber": 24,
        "author": {
          "gitId": "ZhangYihanNus"
        },
        "content": ""
      },
      {
        "lineNumber": 25,
        "author": {
          "gitId": "ZhangYihanNus"
        },
        "content": "shadowJar {"
      },
      {
        "lineNumber": 26,
        "author": {
          "gitId": "ZhangYihanNus"
        },
        "content": "    archiveBaseName \u003d \"duke\""
      },
      {
        "lineNumber": 27,
        "author": {
          "gitId": "ZhangYihanNus"
        },
        "content": "    archiveVersion \u003d \"0.1.3\""
      },
      {
        "lineNumber": 28,
        "author": {
          "gitId": "ZhangYihanNus"
        },
        "content": "    archiveClassifier \u003d null"
      },
      {
        "lineNumber": 29,
        "author": {
          "gitId": "ZhangYihanNus"
        },
        "content": "    archiveAppendix \u003d null"
      },
      {
        "lineNumber": 30,
        "author": {
          "gitId": "ZhangYihanNus"
        },
        "content": "}"
      },
      {
        "lineNumber": 31,
        "author": {
          "gitId": "ZhangYihanNus"
        },
        "content": ""
      },
      {
        "lineNumber": 32,
        "author": {
          "gitId": "ZhangYihanNus"
        },
        "content": "dependencies {"
      },
      {
        "lineNumber": 33,
        "author": {
          "gitId": "ZhangYihanNus"
        },
        "content": "    testImplementation \u0027org.junit.jupiter:junit-jupiter:5.5.0\u0027"
      },
      {
        "lineNumber": 34,
        "author": {
          "gitId": "ZhangYihanNus"
        },
        "content": "}"
      },
      {
        "lineNumber": 35,
        "author": {
          "gitId": "ZhangYihanNus"
        },
        "content": ""
      },
      {
        "lineNumber": 36,
        "author": {
          "gitId": "ZhangYihanNus"
        },
        "content": "test {"
      },
      {
        "lineNumber": 37,
        "author": {
          "gitId": "ZhangYihanNus"
        },
        "content": "    useJUnitPlatform()"
      },
      {
        "lineNumber": 38,
        "author": {
          "gitId": "ZhangYihanNus"
        },
        "content": "}"
      },
      {
        "lineNumber": 39,
        "author": {
          "gitId": "ZhangYihanNus"
        },
        "content": ""
      },
      {
        "lineNumber": 40,
        "author": {
          "gitId": "ZhangYihanNus"
        },
        "content": "repositories {"
      },
      {
        "lineNumber": 41,
        "author": {
          "gitId": "ZhangYihanNus"
        },
        "content": "    mavenCentral()"
      },
      {
        "lineNumber": 42,
        "author": {
          "gitId": "ZhangYihanNus"
        },
        "content": "}"
      },
      {
        "lineNumber": 43,
        "author": {
          "gitId": "ZhangYihanNus"
        },
        "content": ""
      },
      {
        "lineNumber": 44,
        "author": {
          "gitId": "ZhangYihanNus"
        },
        "content": "javafx {"
      },
      {
        "lineNumber": 45,
        "author": {
          "gitId": "ZhangYihanNus"
        },
        "content": "    version \u003d \"11.0.2\""
      },
      {
        "lineNumber": 46,
        "author": {
          "gitId": "ZhangYihanNus"
        },
        "content": "    modules \u003d [ \u0027javafx.controls\u0027, \u0027javafx.fxml\u0027 ]"
      },
      {
        "lineNumber": 47,
        "author": {
          "gitId": "-"
        },
        "content": "}"
      }
    ],
    "authorContributionMap": {
      "ZhangYihanNus": 32,
      "-": 15
    }
  },
  {
    "path": "src/main/java/Deadline.java",
    "fileType": "java",
    "lines": [
      {
        "lineNumber": 1,
        "author": {
          "gitId": "ZhangYihanNus"
        },
        "content": "public class Deadline extends Task {"
      },
      {
        "lineNumber": 2,
        "author": {
          "gitId": "ZhangYihanNus"
        },
        "content": ""
      },
      {
        "lineNumber": 3,
        "author": {
          "gitId": "ZhangYihanNus"
        },
        "content": "    protected String by;"
      },
      {
        "lineNumber": 4,
        "author": {
          "gitId": "ZhangYihanNus"
        },
        "content": ""
      },
      {
        "lineNumber": 5,
        "author": {
          "gitId": "ZhangYihanNus"
        },
        "content": "    public Deadline(String description, String by) throws DukeCmdException, DukeFormatException {"
      },
      {
        "lineNumber": 6,
        "author": {
          "gitId": "ZhangYihanNus"
        },
        "content": "        super(description);"
      },
      {
        "lineNumber": 7,
        "author": {
          "gitId": "ZhangYihanNus"
        },
        "content": "        this.by \u003d by;"
      },
      {
        "lineNumber": 8,
        "author": {
          "gitId": "ZhangYihanNus"
        },
        "content": "    }"
      },
      {
        "lineNumber": 9,
        "author": {
          "gitId": "ZhangYihanNus"
        },
        "content": ""
      },
      {
        "lineNumber": 10,
        "author": {
          "gitId": "ZhangYihanNus"
        },
        "content": "    @Override"
      },
      {
        "lineNumber": 11,
        "author": {
          "gitId": "ZhangYihanNus"
        },
        "content": "    public String toString() {"
      },
      {
        "lineNumber": 12,
        "author": {
          "gitId": "ZhangYihanNus"
        },
        "content": "        return \"[D][\" + super.getStatusIcon() + \"] \" + super.getDescription().split(\"deadline \")[1] + \" (by: \" + by + \")\";"
      },
      {
        "lineNumber": 13,
        "author": {
          "gitId": "ZhangYihanNus"
        },
        "content": "    }"
      },
      {
        "lineNumber": 14,
        "author": {
          "gitId": "ZhangYihanNus"
        },
        "content": "}"
      }
    ],
    "authorContributionMap": {
      "ZhangYihanNus": 14
    }
  },
  {
    "path": "src/main/java/Duke.java",
    "fileType": "java",
    "lines": [
      {
        "lineNumber": 1,
        "author": {
          "gitId": "ZhangYihanNus"
        },
        "content": "import java.util.*;"
      },
      {
        "lineNumber": 2,
        "author": {
          "gitId": "ZhangYihanNus"
        },
        "content": ""
      },
      {
        "lineNumber": 3,
        "author": {
          "gitId": "-"
        },
        "content": "public class Duke {"
      },
      {
        "lineNumber": 4,
        "author": {
          "gitId": "ZhangYihanNus"
        },
        "content": ""
      },
      {
        "lineNumber": 5,
        "author": {
          "gitId": "ZhangYihanNus"
        },
        "content": "    private static Scanner userInput \u003d new Scanner(System.in);"
      },
      {
        "lineNumber": 6,
        "author": {
          "gitId": "ZhangYihanNus"
        },
        "content": ""
      },
      {
        "lineNumber": 7,
        "author": {
          "gitId": "ZhangYihanNus"
        },
        "content": "    private Task[] taskList \u003d new Task[100];"
      },
      {
        "lineNumber": 8,
        "author": {
          "gitId": "ZhangYihanNus"
        },
        "content": "    private String[] taskFileList \u003d new String[100];"
      },
      {
        "lineNumber": 9,
        "author": {
          "gitId": "ZhangYihanNus"
        },
        "content": ""
      },
      {
        "lineNumber": 10,
        "author": {
          "gitId": "ZhangYihanNus"
        },
        "content": "    public Duke() throws DukeCmdException, DukeFormatException {"
      },
      {
        "lineNumber": 11,
        "author": {
          "gitId": "ZhangYihanNus"
        },
        "content": "        ReadTxt fileOpt \u003d new ReadTxt(\"C:\\\\Users\\\\Min\\\\Desktop\\\\o\\\\NUS\\\\1920-Year2-sem-1\\\\courses\\\\CS2113T\\\\duke\\\\localList.txt\");"
      },
      {
        "lineNumber": 12,
        "author": {
          "gitId": "ZhangYihanNus"
        },
        "content": "        fileOpt.readFile();"
      },
      {
        "lineNumber": 13,
        "author": {
          "gitId": "ZhangYihanNus"
        },
        "content": "        this.taskFileList \u003d fileOpt.getLines();"
      },
      {
        "lineNumber": 14,
        "author": {
          "gitId": "ZhangYihanNus"
        },
        "content": "        String[] rawList \u003d this.taskFileList;"
      },
      {
        "lineNumber": 15,
        "author": {
          "gitId": "ZhangYihanNus"
        },
        "content": ""
      },
      {
        "lineNumber": 16,
        "author": {
          "gitId": "ZhangYihanNus"
        },
        "content": "        int i\u003d0;"
      },
      {
        "lineNumber": 17,
        "author": {
          "gitId": "ZhangYihanNus"
        },
        "content": "        while(rawList[i] !\u003d null) {"
      },
      {
        "lineNumber": 18,
        "author": {
          "gitId": "ZhangYihanNus"
        },
        "content": "            String thisLine \u003d rawList[i];"
      },
      {
        "lineNumber": 19,
        "author": {
          "gitId": "ZhangYihanNus"
        },
        "content": "            String[] lineItems \u003d thisLine.split(\" \\\\| \");"
      },
      {
        "lineNumber": 20,
        "author": {
          "gitId": "ZhangYihanNus"
        },
        "content": "            if(lineItems[0].equals(\"T\")) {"
      },
      {
        "lineNumber": 21,
        "author": {
          "gitId": "ZhangYihanNus"
        },
        "content": "                // this is a todo"
      },
      {
        "lineNumber": 22,
        "author": {
          "gitId": "ZhangYihanNus"
        },
        "content": "                Todo thisTd \u003d new Todo(\"todo \"+lineItems[2]);"
      },
      {
        "lineNumber": 23,
        "author": {
          "gitId": "ZhangYihanNus"
        },
        "content": "                if(lineItems[1].equals(\"1\")) thisTd.markAsDone();"
      },
      {
        "lineNumber": 24,
        "author": {
          "gitId": "ZhangYihanNus"
        },
        "content": "                this.taskList[i] \u003d thisTd;"
      },
      {
        "lineNumber": 25,
        "author": {
          "gitId": "ZhangYihanNus"
        },
        "content": "                i++;"
      },
      {
        "lineNumber": 26,
        "author": {
          "gitId": "ZhangYihanNus"
        },
        "content": "            } else if (lineItems[0].equals(\"E\")) {"
      },
      {
        "lineNumber": 27,
        "author": {
          "gitId": "ZhangYihanNus"
        },
        "content": "                // this is an event"
      },
      {
        "lineNumber": 28,
        "author": {
          "gitId": "ZhangYihanNus"
        },
        "content": "                Event thisEvt \u003d new Event(\"event \"+lineItems[2], lineItems[3]);"
      },
      {
        "lineNumber": 29,
        "author": {
          "gitId": "ZhangYihanNus"
        },
        "content": "                if(lineItems[1].equals(\"1\")) thisEvt.markAsDone();"
      },
      {
        "lineNumber": 30,
        "author": {
          "gitId": "ZhangYihanNus"
        },
        "content": "                this.taskList[i] \u003d thisEvt;"
      },
      {
        "lineNumber": 31,
        "author": {
          "gitId": "ZhangYihanNus"
        },
        "content": "                i++;"
      },
      {
        "lineNumber": 32,
        "author": {
          "gitId": "ZhangYihanNus"
        },
        "content": "            } else if (lineItems[0].equals(\"D\")) {"
      },
      {
        "lineNumber": 33,
        "author": {
          "gitId": "ZhangYihanNus"
        },
        "content": "                // this is a deadline"
      },
      {
        "lineNumber": 34,
        "author": {
          "gitId": "ZhangYihanNus"
        },
        "content": "                Deadline thisDdl \u003d new Deadline(\"deadline \"+lineItems[2], lineItems[3]);"
      },
      {
        "lineNumber": 35,
        "author": {
          "gitId": "ZhangYihanNus"
        },
        "content": "                if(lineItems[1].equals(\"1\")) thisDdl.markAsDone();"
      },
      {
        "lineNumber": 36,
        "author": {
          "gitId": "ZhangYihanNus"
        },
        "content": "                this.taskList[i] \u003d thisDdl;"
      },
      {
        "lineNumber": 37,
        "author": {
          "gitId": "ZhangYihanNus"
        },
        "content": "                i++;"
      },
      {
        "lineNumber": 38,
        "author": {
          "gitId": "ZhangYihanNus"
        },
        "content": "            }"
      },
      {
        "lineNumber": 39,
        "author": {
          "gitId": "ZhangYihanNus"
        },
        "content": "        }"
      },
      {
        "lineNumber": 40,
        "author": {
          "gitId": "ZhangYihanNus"
        },
        "content": ""
      },
      {
        "lineNumber": 41,
        "author": {
          "gitId": "ZhangYihanNus"
        },
        "content": "        String startDuke \u003d \"____________________________________________________________\\n\" +"
      },
      {
        "lineNumber": 42,
        "author": {
          "gitId": "ZhangYihanNus"
        },
        "content": "                \"   Hello! I\u0027m Duke\\n\" +"
      },
      {
        "lineNumber": 43,
        "author": {
          "gitId": "ZhangYihanNus"
        },
        "content": "                \"   What can I do for you?\\n\" +"
      },
      {
        "lineNumber": 44,
        "author": {
          "gitId": "ZhangYihanNus"
        },
        "content": "                \"____________________________________________________________\";"
      },
      {
        "lineNumber": 45,
        "author": {
          "gitId": "ZhangYihanNus"
        },
        "content": ""
      },
      {
        "lineNumber": 46,
        "author": {
          "gitId": "ZhangYihanNus"
        },
        "content": "        System.out.println(startDuke);"
      },
      {
        "lineNumber": 47,
        "author": {
          "gitId": "ZhangYihanNus"
        },
        "content": "        "
      },
      {
        "lineNumber": 48,
        "author": {
          "gitId": "ZhangYihanNus"
        },
        "content": "        //int i \u003d 0;"
      },
      {
        "lineNumber": 49,
        "author": {
          "gitId": "ZhangYihanNus"
        },
        "content": "        boolean listChanged;"
      },
      {
        "lineNumber": 50,
        "author": {
          "gitId": "ZhangYihanNus"
        },
        "content": ""
      },
      {
        "lineNumber": 51,
        "author": {
          "gitId": "ZhangYihanNus"
        },
        "content": "         while(true) {"
      },
      {
        "lineNumber": 52,
        "author": {
          "gitId": "ZhangYihanNus"
        },
        "content": "             listChanged \u003d false;"
      },
      {
        "lineNumber": 53,
        "author": {
          "gitId": "ZhangYihanNus"
        },
        "content": "             String fileInputLine\u003d\"\";"
      },
      {
        "lineNumber": 54,
        "author": {
          "gitId": "ZhangYihanNus"
        },
        "content": "             String cmd \u003d userInput.nextLine();"
      },
      {
        "lineNumber": 55,
        "author": {
          "gitId": "ZhangYihanNus"
        },
        "content": "             if(cmd.equals(\"bye\")) {"
      },
      {
        "lineNumber": 56,
        "author": {
          "gitId": "ZhangYihanNus"
        },
        "content": "                 String bye \u003d \"____________________________________________________________\\n\" +"
      },
      {
        "lineNumber": 57,
        "author": {
          "gitId": "ZhangYihanNus"
        },
        "content": "                         \"\\t\"+\"Bye! See you next time!\\n\" +"
      },
      {
        "lineNumber": 58,
        "author": {
          "gitId": "ZhangYihanNus"
        },
        "content": "                         \"____________________________________________________________\\n\";"
      },
      {
        "lineNumber": 59,
        "author": {
          "gitId": "ZhangYihanNus"
        },
        "content": "                 System.out.println(bye);"
      },
      {
        "lineNumber": 60,
        "author": {
          "gitId": "ZhangYihanNus"
        },
        "content": "                 break;"
      },
      {
        "lineNumber": 61,
        "author": {
          "gitId": "ZhangYihanNus"
        },
        "content": "             } else if(cmd.equals(\"list\")){"
      },
      {
        "lineNumber": 62,
        "author": {
          "gitId": "ZhangYihanNus"
        },
        "content": "                 System.out.println(\"____________________________________________________________\\n\\tHere are the tasks in the list:\\n\");"
      },
      {
        "lineNumber": 63,
        "author": {
          "gitId": "ZhangYihanNus"
        },
        "content": "                 for(int j\u003d0; j\u003ci; j++) {"
      },
      {
        "lineNumber": 64,
        "author": {
          "gitId": "ZhangYihanNus"
        },
        "content": "                     String index \u003d Integer.toString(j + 1);"
      },
      {
        "lineNumber": 65,
        "author": {
          "gitId": "ZhangYihanNus"
        },
        "content": "                     String thisCmd \u003d this.taskList[j].toString();"
      },
      {
        "lineNumber": 66,
        "author": {
          "gitId": "ZhangYihanNus"
        },
        "content": "                     System.out.println(\"\\t\" + index + \". \" + thisCmd + \"\\n\");"
      },
      {
        "lineNumber": 67,
        "author": {
          "gitId": "ZhangYihanNus"
        },
        "content": "                 }"
      },
      {
        "lineNumber": 68,
        "author": {
          "gitId": "ZhangYihanNus"
        },
        "content": "                 System.out.println(\"____________________________________________________________\\n\");"
      },
      {
        "lineNumber": 69,
        "author": {
          "gitId": "ZhangYihanNus"
        },
        "content": "             } else if(cmd.split(\" \")[0].equals(\"done\")) {"
      },
      {
        "lineNumber": 70,
        "author": {
          "gitId": "ZhangYihanNus"
        },
        "content": "                 if(cmd.split(\" \").length !\u003d 2) {"
      },
      {
        "lineNumber": 71,
        "author": {
          "gitId": "ZhangYihanNus"
        },
        "content": "                     //format error"
      },
      {
        "lineNumber": 72,
        "author": {
          "gitId": "ZhangYihanNus"
        },
        "content": "                     System.out.println(\"____________________________________________________________\\n\" +"
      },
      {
        "lineNumber": 73,
        "author": {
          "gitId": "ZhangYihanNus"
        },
        "content": "                             \"Oops, there seems to be some format error!\\n\" +"
      },
      {
        "lineNumber": 74,
        "author": {
          "gitId": "ZhangYihanNus"
        },
        "content": "                             \"please enter again! :)\\n\" +"
      },
      {
        "lineNumber": 75,
        "author": {
          "gitId": "ZhangYihanNus"
        },
        "content": "                             \"____________________________________________________________\\n\");"
      },
      {
        "lineNumber": 76,
        "author": {
          "gitId": "ZhangYihanNus"
        },
        "content": "                 } else {"
      },
      {
        "lineNumber": 77,
        "author": {
          "gitId": "ZhangYihanNus"
        },
        "content": "                     int itemDone \u003d Integer.parseInt(cmd.split(\" \")[1]);"
      },
      {
        "lineNumber": 78,
        "author": {
          "gitId": "ZhangYihanNus"
        },
        "content": "                     this.taskList[itemDone-1].markAsDone();"
      },
      {
        "lineNumber": 79,
        "author": {
          "gitId": "ZhangYihanNus"
        },
        "content": "                     listChanged \u003d true;"
      },
      {
        "lineNumber": 80,
        "author": {
          "gitId": "ZhangYihanNus"
        },
        "content": "                     fileInputLine \u003d rawList[itemDone-1];"
      },
      {
        "lineNumber": 81,
        "author": {
          "gitId": "ZhangYihanNus"
        },
        "content": "                     String temp1 \u003d fileInputLine.split(\"\\\\| 0 \\\\|\")[0];"
      },
      {
        "lineNumber": 82,
        "author": {
          "gitId": "ZhangYihanNus"
        },
        "content": "                     String temp2 \u003d fileInputLine.split(\"\\\\| 0 \\\\|\")[1];"
      },
      {
        "lineNumber": 83,
        "author": {
          "gitId": "ZhangYihanNus"
        },
        "content": "                     fileInputLine \u003d temp1 + \"| 1 |\" + temp2;"
      },
      {
        "lineNumber": 84,
        "author": {
          "gitId": "ZhangYihanNus"
        },
        "content": "                     rawList[itemDone-1] \u003d fileInputLine;"
      },
      {
        "lineNumber": 85,
        "author": {
          "gitId": "ZhangYihanNus"
        },
        "content": "                     System.out.println(\"____________________________________________________________\\n\" +"
      },
      {
        "lineNumber": 86,
        "author": {
          "gitId": "ZhangYihanNus"
        },
        "content": "                             \"Task \" + itemDone + \" marked as done!\\n\" +"
      },
      {
        "lineNumber": 87,
        "author": {
          "gitId": "ZhangYihanNus"
        },
        "content": "                             \"____________________________________________________________\\n\");"
      },
      {
        "lineNumber": 88,
        "author": {
          "gitId": "ZhangYihanNus"
        },
        "content": "                 }"
      },
      {
        "lineNumber": 89,
        "author": {
          "gitId": "ZhangYihanNus"
        },
        "content": "             } else if(cmd.split(\" \")[0].equals(\"deadline\")){"
      },
      {
        "lineNumber": 90,
        "author": {
          "gitId": "ZhangYihanNus"
        },
        "content": "                 String ddlItem, ddlTime;"
      },
      {
        "lineNumber": 91,
        "author": {
          "gitId": "ZhangYihanNus"
        },
        "content": "                 if(cmd.split(\"/by \").length \u003d\u003d 2) {"
      },
      {
        "lineNumber": 92,
        "author": {
          "gitId": "ZhangYihanNus"
        },
        "content": "                     ddlTime \u003d cmd.split(\"/by \")[1];"
      },
      {
        "lineNumber": 93,
        "author": {
          "gitId": "ZhangYihanNus"
        },
        "content": "                 } else {"
      },
      {
        "lineNumber": 94,
        "author": {
          "gitId": "ZhangYihanNus"
        },
        "content": "                     ddlTime \u003d \"\";"
      },
      {
        "lineNumber": 95,
        "author": {
          "gitId": "ZhangYihanNus"
        },
        "content": "                 }"
      },
      {
        "lineNumber": 96,
        "author": {
          "gitId": "ZhangYihanNus"
        },
        "content": "                 String ddlFront \u003d cmd.split(\" /by \")[0];"
      },
      {
        "lineNumber": 97,
        "author": {
          "gitId": "ZhangYihanNus"
        },
        "content": "                 if(ddlFront.split(\"deadline \").length \u003d\u003d 2) {"
      },
      {
        "lineNumber": 98,
        "author": {
          "gitId": "ZhangYihanNus"
        },
        "content": "                     ddlItem \u003d ddlFront;"
      },
      {
        "lineNumber": 99,
        "author": {
          "gitId": "ZhangYihanNus"
        },
        "content": "                 } else {"
      },
      {
        "lineNumber": 100,
        "author": {
          "gitId": "ZhangYihanNus"
        },
        "content": "                     ddlItem \u003d \"\";"
      },
      {
        "lineNumber": 101,
        "author": {
          "gitId": "ZhangYihanNus"
        },
        "content": "                 }"
      },
      {
        "lineNumber": 102,
        "author": {
          "gitId": "ZhangYihanNus"
        },
        "content": ""
      },
      {
        "lineNumber": 103,
        "author": {
          "gitId": "ZhangYihanNus"
        },
        "content": "                 Deadline thisDdl \u003d null;"
      },
      {
        "lineNumber": 104,
        "author": {
          "gitId": "ZhangYihanNus"
        },
        "content": "                 try {"
      },
      {
        "lineNumber": 105,
        "author": {
          "gitId": "ZhangYihanNus"
        },
        "content": "                     thisDdl \u003d new Deadline(ddlItem, ddlTime);"
      },
      {
        "lineNumber": 106,
        "author": {
          "gitId": "ZhangYihanNus"
        },
        "content": "                 } catch (DukeFormatException e) {"
      },
      {
        "lineNumber": 107,
        "author": {
          "gitId": "ZhangYihanNus"
        },
        "content": "                     System.out.println(\"____________________________________________________________\\n\" +"
      },
      {
        "lineNumber": 108,
        "author": {
          "gitId": "ZhangYihanNus"
        },
        "content": "                             e.getMessage() +"
      },
      {
        "lineNumber": 109,
        "author": {
          "gitId": "ZhangYihanNus"
        },
        "content": "                             \"\\nplease enter again! :)\\n\" +"
      },
      {
        "lineNumber": 110,
        "author": {
          "gitId": "ZhangYihanNus"
        },
        "content": "                             \"____________________________________________________________\\n\");"
      },
      {
        "lineNumber": 111,
        "author": {
          "gitId": "ZhangYihanNus"
        },
        "content": "                     continue;"
      },
      {
        "lineNumber": 112,
        "author": {
          "gitId": "ZhangYihanNus"
        },
        "content": "                 }"
      },
      {
        "lineNumber": 113,
        "author": {
          "gitId": "ZhangYihanNus"
        },
        "content": "                 this.taskList[i] \u003d thisDdl;"
      },
      {
        "lineNumber": 114,
        "author": {
          "gitId": "ZhangYihanNus"
        },
        "content": "                 listChanged \u003d true;"
      },
      {
        "lineNumber": 115,
        "author": {
          "gitId": "ZhangYihanNus"
        },
        "content": "                 fileInputLine \u003d \"D | 0 | \" + ddlItem.split(\"deadline \")[1] + \" | \" + ddlTime;"
      },
      {
        "lineNumber": 116,
        "author": {
          "gitId": "ZhangYihanNus"
        },
        "content": "                 rawList[i] \u003d fileInputLine;"
      },
      {
        "lineNumber": 117,
        "author": {
          "gitId": "ZhangYihanNus"
        },
        "content": "                 i++;"
      },
      {
        "lineNumber": 118,
        "author": {
          "gitId": "ZhangYihanNus"
        },
        "content": "                 String thisItem \u003d thisDdl.toString();"
      },
      {
        "lineNumber": 119,
        "author": {
          "gitId": "ZhangYihanNus"
        },
        "content": "                 String reply \u003d \"____________________________________________________________\\n\\tAdded deadline into list:\\n\" +"
      },
      {
        "lineNumber": 120,
        "author": {
          "gitId": "ZhangYihanNus"
        },
        "content": "                         \"\\t\"+thisItem+\"\\n\" +"
      },
      {
        "lineNumber": 121,
        "author": {
          "gitId": "ZhangYihanNus"
        },
        "content": "                         \"\\tCurently \"+i+\" items in the list\"+\"\\n\" +"
      },
      {
        "lineNumber": 122,
        "author": {
          "gitId": "ZhangYihanNus"
        },
        "content": "                         \"____________________________________________________________\\n\";"
      },
      {
        "lineNumber": 123,
        "author": {
          "gitId": "ZhangYihanNus"
        },
        "content": "                 System.out.println(reply);"
      },
      {
        "lineNumber": 124,
        "author": {
          "gitId": "ZhangYihanNus"
        },
        "content": "             } else if(cmd.split(\" \")[0].equals(\"todo\")){"
      },
      {
        "lineNumber": 125,
        "author": {
          "gitId": "ZhangYihanNus"
        },
        "content": "                 String todoItem;"
      },
      {
        "lineNumber": 126,
        "author": {
          "gitId": "ZhangYihanNus"
        },
        "content": "                 if(cmd.split(\"todo \").length \u003d\u003d 2) {"
      },
      {
        "lineNumber": 127,
        "author": {
          "gitId": "ZhangYihanNus"
        },
        "content": "                     todoItem \u003d cmd;"
      },
      {
        "lineNumber": 128,
        "author": {
          "gitId": "ZhangYihanNus"
        },
        "content": "                 } else {"
      },
      {
        "lineNumber": 129,
        "author": {
          "gitId": "ZhangYihanNus"
        },
        "content": "                     todoItem \u003d \"\";"
      },
      {
        "lineNumber": 130,
        "author": {
          "gitId": "ZhangYihanNus"
        },
        "content": "                 }"
      },
      {
        "lineNumber": 131,
        "author": {
          "gitId": "ZhangYihanNus"
        },
        "content": ""
      },
      {
        "lineNumber": 132,
        "author": {
          "gitId": "ZhangYihanNus"
        },
        "content": "                 Todo thisTodo \u003d null;"
      },
      {
        "lineNumber": 133,
        "author": {
          "gitId": "ZhangYihanNus"
        },
        "content": "                 try {"
      },
      {
        "lineNumber": 134,
        "author": {
          "gitId": "ZhangYihanNus"
        },
        "content": "                     thisTodo \u003d new Todo(todoItem);"
      },
      {
        "lineNumber": 135,
        "author": {
          "gitId": "ZhangYihanNus"
        },
        "content": "                 } catch (DukeFormatException e) {"
      },
      {
        "lineNumber": 136,
        "author": {
          "gitId": "ZhangYihanNus"
        },
        "content": "                     System.out.println(\"____________________________________________________________\\n\" +"
      },
      {
        "lineNumber": 137,
        "author": {
          "gitId": "ZhangYihanNus"
        },
        "content": "                             e.getMessage() +"
      },
      {
        "lineNumber": 138,
        "author": {
          "gitId": "ZhangYihanNus"
        },
        "content": "                             \"\\nplease enter again! :)\\n\" +"
      },
      {
        "lineNumber": 139,
        "author": {
          "gitId": "ZhangYihanNus"
        },
        "content": "                             \"____________________________________________________________\\n\");"
      },
      {
        "lineNumber": 140,
        "author": {
          "gitId": "ZhangYihanNus"
        },
        "content": "                     continue;"
      },
      {
        "lineNumber": 141,
        "author": {
          "gitId": "ZhangYihanNus"
        },
        "content": "                 }"
      },
      {
        "lineNumber": 142,
        "author": {
          "gitId": "ZhangYihanNus"
        },
        "content": "                 this.taskList[i] \u003d thisTodo;"
      },
      {
        "lineNumber": 143,
        "author": {
          "gitId": "ZhangYihanNus"
        },
        "content": "                 listChanged \u003d true;"
      },
      {
        "lineNumber": 144,
        "author": {
          "gitId": "ZhangYihanNus"
        },
        "content": "                 fileInputLine \u003d \"T | 0 | \" + todoItem.split(\"todo \")[1];"
      },
      {
        "lineNumber": 145,
        "author": {
          "gitId": "ZhangYihanNus"
        },
        "content": "                 rawList[i] \u003d fileInputLine;"
      },
      {
        "lineNumber": 146,
        "author": {
          "gitId": "ZhangYihanNus"
        },
        "content": "                 i++;"
      },
      {
        "lineNumber": 147,
        "author": {
          "gitId": "ZhangYihanNus"
        },
        "content": "                 String thisItem \u003d thisTodo.toString();"
      },
      {
        "lineNumber": 148,
        "author": {
          "gitId": "ZhangYihanNus"
        },
        "content": "                 String reply \u003d \"____________________________________________________________\\n\\tAdded todo into list:\\n\" +"
      },
      {
        "lineNumber": 149,
        "author": {
          "gitId": "ZhangYihanNus"
        },
        "content": "                         \"\\t\"+thisItem+\"\\n\" +"
      },
      {
        "lineNumber": 150,
        "author": {
          "gitId": "ZhangYihanNus"
        },
        "content": "                         \"\\tCurently \"+i+\" items in the list\"+\"\\n\" +"
      },
      {
        "lineNumber": 151,
        "author": {
          "gitId": "ZhangYihanNus"
        },
        "content": "                         \"____________________________________________________________\\n\";"
      },
      {
        "lineNumber": 152,
        "author": {
          "gitId": "ZhangYihanNus"
        },
        "content": "                 System.out.println(reply);"
      },
      {
        "lineNumber": 153,
        "author": {
          "gitId": "ZhangYihanNus"
        },
        "content": "             } else if(cmd.split(\" \")[0].equals(\"event\")) {"
      },
      {
        "lineNumber": 154,
        "author": {
          "gitId": "ZhangYihanNus"
        },
        "content": "                 String evtItem, evtTime;"
      },
      {
        "lineNumber": 155,
        "author": {
          "gitId": "ZhangYihanNus"
        },
        "content": "                 if(cmd.split(\"/at \").length \u003d\u003d 2) {"
      },
      {
        "lineNumber": 156,
        "author": {
          "gitId": "ZhangYihanNus"
        },
        "content": "                     evtTime \u003d cmd.split(\"/at \")[1];"
      },
      {
        "lineNumber": 157,
        "author": {
          "gitId": "ZhangYihanNus"
        },
        "content": "                 } else {"
      },
      {
        "lineNumber": 158,
        "author": {
          "gitId": "ZhangYihanNus"
        },
        "content": "                     evtTime \u003d \"\";"
      },
      {
        "lineNumber": 159,
        "author": {
          "gitId": "ZhangYihanNus"
        },
        "content": "                 }"
      },
      {
        "lineNumber": 160,
        "author": {
          "gitId": "ZhangYihanNus"
        },
        "content": "                 String evtFront \u003d cmd.split(\" /at \")[0];"
      },
      {
        "lineNumber": 161,
        "author": {
          "gitId": "ZhangYihanNus"
        },
        "content": "                 if(evtFront.split(\"event \").length \u003d\u003d 2) {"
      },
      {
        "lineNumber": 162,
        "author": {
          "gitId": "ZhangYihanNus"
        },
        "content": "                     evtItem \u003d evtFront;"
      },
      {
        "lineNumber": 163,
        "author": {
          "gitId": "ZhangYihanNus"
        },
        "content": "                 } else {"
      },
      {
        "lineNumber": 164,
        "author": {
          "gitId": "ZhangYihanNus"
        },
        "content": "                     evtItem \u003d \"\";"
      },
      {
        "lineNumber": 165,
        "author": {
          "gitId": "ZhangYihanNus"
        },
        "content": "                 }"
      },
      {
        "lineNumber": 166,
        "author": {
          "gitId": "ZhangYihanNus"
        },
        "content": ""
      },
      {
        "lineNumber": 167,
        "author": {
          "gitId": "ZhangYihanNus"
        },
        "content": "                 Event thisEvt \u003d null;"
      },
      {
        "lineNumber": 168,
        "author": {
          "gitId": "ZhangYihanNus"
        },
        "content": "                 try {"
      },
      {
        "lineNumber": 169,
        "author": {
          "gitId": "ZhangYihanNus"
        },
        "content": "                     thisEvt \u003d new Event(evtItem, evtTime);"
      },
      {
        "lineNumber": 170,
        "author": {
          "gitId": "ZhangYihanNus"
        },
        "content": "                 } catch (DukeFormatException e) {"
      },
      {
        "lineNumber": 171,
        "author": {
          "gitId": "ZhangYihanNus"
        },
        "content": "                     System.out.println(\"____________________________________________________________\\n\" +"
      },
      {
        "lineNumber": 172,
        "author": {
          "gitId": "ZhangYihanNus"
        },
        "content": "                             e.getMessage() +"
      },
      {
        "lineNumber": 173,
        "author": {
          "gitId": "ZhangYihanNus"
        },
        "content": "                             \"\\nplease enter again! :)\\n\" +"
      },
      {
        "lineNumber": 174,
        "author": {
          "gitId": "ZhangYihanNus"
        },
        "content": "                             \"____________________________________________________________\\n\");"
      },
      {
        "lineNumber": 175,
        "author": {
          "gitId": "ZhangYihanNus"
        },
        "content": "                     continue;"
      },
      {
        "lineNumber": 176,
        "author": {
          "gitId": "ZhangYihanNus"
        },
        "content": "                 }"
      },
      {
        "lineNumber": 177,
        "author": {
          "gitId": "ZhangYihanNus"
        },
        "content": "                 this.taskList[i] \u003d thisEvt;"
      },
      {
        "lineNumber": 178,
        "author": {
          "gitId": "ZhangYihanNus"
        },
        "content": "                 listChanged \u003d true;"
      },
      {
        "lineNumber": 179,
        "author": {
          "gitId": "ZhangYihanNus"
        },
        "content": "                 fileInputLine \u003d \"E | 0 | \" + evtItem.split(\"event \")[1] + \" | \" + evtTime;"
      },
      {
        "lineNumber": 180,
        "author": {
          "gitId": "ZhangYihanNus"
        },
        "content": "                 rawList[i] \u003d fileInputLine;"
      },
      {
        "lineNumber": 181,
        "author": {
          "gitId": "ZhangYihanNus"
        },
        "content": "                 i++;"
      },
      {
        "lineNumber": 182,
        "author": {
          "gitId": "ZhangYihanNus"
        },
        "content": "                 String thisItem \u003d thisEvt.toString();"
      },
      {
        "lineNumber": 183,
        "author": {
          "gitId": "ZhangYihanNus"
        },
        "content": "                 String reply \u003d \"____________________________________________________________\\n\\tAdded event into list:\\n\" +"
      },
      {
        "lineNumber": 184,
        "author": {
          "gitId": "ZhangYihanNus"
        },
        "content": "                         \"\\t\" + thisItem + \"\\n\" +"
      },
      {
        "lineNumber": 185,
        "author": {
          "gitId": "ZhangYihanNus"
        },
        "content": "                         \"\\tCurently \"+i+\" items in the list\"+\"\\n\" +"
      },
      {
        "lineNumber": 186,
        "author": {
          "gitId": "ZhangYihanNus"
        },
        "content": "                         \"____________________________________________________________\\n\";"
      },
      {
        "lineNumber": 187,
        "author": {
          "gitId": "ZhangYihanNus"
        },
        "content": "                 System.out.println(reply);"
      },
      {
        "lineNumber": 188,
        "author": {
          "gitId": "ZhangYihanNus"
        },
        "content": "             } else {"
      },
      {
        "lineNumber": 189,
        "author": {
          "gitId": "ZhangYihanNus"
        },
        "content": "                 //generate a new task, then activate exception there(not here)"
      },
      {
        "lineNumber": 190,
        "author": {
          "gitId": "ZhangYihanNus"
        },
        "content": "                 try {"
      },
      {
        "lineNumber": 191,
        "author": {
          "gitId": "ZhangYihanNus"
        },
        "content": "                     Task falseTask \u003d new Task(cmd);"
      },
      {
        "lineNumber": 192,
        "author": {
          "gitId": "ZhangYihanNus"
        },
        "content": "                 }"
      },
      {
        "lineNumber": 193,
        "author": {
          "gitId": "ZhangYihanNus"
        },
        "content": "                 catch (DukeFormatException | DukeCmdException e) {"
      },
      {
        "lineNumber": 194,
        "author": {
          "gitId": "ZhangYihanNus"
        },
        "content": "                     System.out.println(\"____________________________________________________________\\n\" +"
      },
      {
        "lineNumber": 195,
        "author": {
          "gitId": "ZhangYihanNus"
        },
        "content": "                             e.getMessage() +"
      },
      {
        "lineNumber": 196,
        "author": {
          "gitId": "ZhangYihanNus"
        },
        "content": "                             \"\\nplease enter again! :)\\n\" +"
      },
      {
        "lineNumber": 197,
        "author": {
          "gitId": "ZhangYihanNus"
        },
        "content": "                             \"____________________________________________________________\\n\");"
      },
      {
        "lineNumber": 198,
        "author": {
          "gitId": "ZhangYihanNus"
        },
        "content": "                     continue;"
      },
      {
        "lineNumber": 199,
        "author": {
          "gitId": "ZhangYihanNus"
        },
        "content": "                 }"
      },
      {
        "lineNumber": 200,
        "author": {
          "gitId": "ZhangYihanNus"
        },
        "content": "             }"
      },
      {
        "lineNumber": 201,
        "author": {
          "gitId": "ZhangYihanNus"
        },
        "content": ""
      },
      {
        "lineNumber": 202,
        "author": {
          "gitId": "ZhangYihanNus"
        },
        "content": "             // update list in the txt file"
      },
      {
        "lineNumber": 203,
        "author": {
          "gitId": "ZhangYihanNus"
        },
        "content": "             if(listChanged) {"
      },
      {
        "lineNumber": 204,
        "author": {
          "gitId": "ZhangYihanNus"
        },
        "content": "                 fileOpt.clearFile();"
      },
      {
        "lineNumber": 205,
        "author": {
          "gitId": "ZhangYihanNus"
        },
        "content": "                 fileOpt.setLines(rawList);"
      },
      {
        "lineNumber": 206,
        "author": {
          "gitId": "ZhangYihanNus"
        },
        "content": "                 fileOpt.writeFile();"
      },
      {
        "lineNumber": 207,
        "author": {
          "gitId": "ZhangYihanNus"
        },
        "content": "             }"
      },
      {
        "lineNumber": 208,
        "author": {
          "gitId": "ZhangYihanNus"
        },
        "content": "        }"
      },
      {
        "lineNumber": 209,
        "author": {
          "gitId": "ZhangYihanNus"
        },
        "content": ""
      },
      {
        "lineNumber": 210,
        "author": {
          "gitId": "ZhangYihanNus"
        },
        "content": ""
      },
      {
        "lineNumber": 211,
        "author": {
          "gitId": "ZhangYihanNus"
        },
        "content": "    }"
      },
      {
        "lineNumber": 212,
        "author": {
          "gitId": "ZhangYihanNus"
        },
        "content": ""
      },
      {
        "lineNumber": 213,
        "author": {
          "gitId": "ZhangYihanNus"
        },
        "content": ""
      },
      {
        "lineNumber": 214,
        "author": {
          "gitId": "ZhangYihanNus"
        },
        "content": ""
      },
      {
        "lineNumber": 215,
        "author": {
          "gitId": "ZhangYihanNus"
        },
        "content": "    public static void main(String[] args) throws DukeCmdException, DukeFormatException {"
      },
      {
        "lineNumber": 216,
        "author": {
          "gitId": "-"
        },
        "content": "        String logo \u003d \" ____        _        \\n\""
      },
      {
        "lineNumber": 217,
        "author": {
          "gitId": "-"
        },
        "content": "                + \"|  _ \\\\ _   _| | _____ \\n\""
      },
      {
        "lineNumber": 218,
        "author": {
          "gitId": "-"
        },
        "content": "                + \"| | | | | | | |/ / _ \\\\\\n\""
      },
      {
        "lineNumber": 219,
        "author": {
          "gitId": "-"
        },
        "content": "                + \"| |_| | |_| |   \u003c  __/\\n\""
      },
      {
        "lineNumber": 220,
        "author": {
          "gitId": "-"
        },
        "content": "                + \"|____/ \\\\__,_|_|\\\\_\\\\___|\\n\";"
      },
      {
        "lineNumber": 221,
        "author": {
          "gitId": "-"
        },
        "content": "        System.out.println(\"Hello from\\n\" + logo);"
      },
      {
        "lineNumber": 222,
        "author": {
          "gitId": "ZhangYihanNus"
        },
        "content": ""
      },
      {
        "lineNumber": 223,
        "author": {
          "gitId": "ZhangYihanNus"
        },
        "content": ""
      },
      {
        "lineNumber": 224,
        "author": {
          "gitId": "ZhangYihanNus"
        },
        "content": "        Duke theDuke \u003d new Duke();"
      },
      {
        "lineNumber": 225,
        "author": {
          "gitId": "-"
        },
        "content": "    }"
      },
      {
        "lineNumber": 226,
        "author": {
          "gitId": "ZhangYihanNus"
        },
        "content": ""
      },
      {
        "lineNumber": 227,
        "author": {
          "gitId": "-"
        },
        "content": "}"
      }
    ],
    "authorContributionMap": {
      "ZhangYihanNus": 218,
      "-": 9
    }
  },
  {
    "path": "src/main/java/DukeCmdException.java",
    "fileType": "java",
    "lines": [
      {
        "lineNumber": 1,
        "author": {
          "gitId": "ZhangYihanNus"
        },
        "content": "public class DukeCmdException extends Exception {"
      },
      {
        "lineNumber": 2,
        "author": {
          "gitId": "ZhangYihanNus"
        },
        "content": "    //constructor"
      },
      {
        "lineNumber": 3,
        "author": {
          "gitId": "ZhangYihanNus"
        },
        "content": "    public DukeCmdException(String message) {"
      },
      {
        "lineNumber": 4,
        "author": {
          "gitId": "ZhangYihanNus"
        },
        "content": "        super(message);"
      },
      {
        "lineNumber": 5,
        "author": {
          "gitId": "ZhangYihanNus"
        },
        "content": "    }"
      },
      {
        "lineNumber": 6,
        "author": {
          "gitId": "ZhangYihanNus"
        },
        "content": "}"
      }
    ],
    "authorContributionMap": {
      "ZhangYihanNus": 6
    }
  },
  {
    "path": "src/main/java/DukeFormatException.java",
    "fileType": "java",
    "lines": [
      {
        "lineNumber": 1,
        "author": {
          "gitId": "ZhangYihanNus"
        },
        "content": "public class DukeFormatException extends Exception {"
      },
      {
        "lineNumber": 2,
        "author": {
          "gitId": "ZhangYihanNus"
        },
        "content": "    //constructor"
      },
      {
        "lineNumber": 3,
        "author": {
          "gitId": "ZhangYihanNus"
        },
        "content": "    public DukeFormatException(String message) {"
      },
      {
        "lineNumber": 4,
        "author": {
          "gitId": "ZhangYihanNus"
        },
        "content": "        super(message);"
      },
      {
        "lineNumber": 5,
        "author": {
          "gitId": "ZhangYihanNus"
        },
        "content": "    }"
      },
      {
        "lineNumber": 6,
        "author": {
          "gitId": "ZhangYihanNus"
        },
        "content": "}"
      }
    ],
    "authorContributionMap": {
      "ZhangYihanNus": 6
    }
  },
  {
    "path": "src/main/java/Event.java",
    "fileType": "java",
    "lines": [
      {
        "lineNumber": 1,
        "author": {
          "gitId": "ZhangYihanNus"
        },
        "content": "public class Event extends Task {"
      },
      {
        "lineNumber": 2,
        "author": {
          "gitId": "ZhangYihanNus"
        },
        "content": ""
      },
      {
        "lineNumber": 3,
        "author": {
          "gitId": "ZhangYihanNus"
        },
        "content": "    protected String at;"
      },
      {
        "lineNumber": 4,
        "author": {
          "gitId": "ZhangYihanNus"
        },
        "content": ""
      },
      {
        "lineNumber": 5,
        "author": {
          "gitId": "ZhangYihanNus"
        },
        "content": "    public Event(String description, String at) throws DukeCmdException, DukeFormatException {"
      },
      {
        "lineNumber": 6,
        "author": {
          "gitId": "ZhangYihanNus"
        },
        "content": "        super(description);"
      },
      {
        "lineNumber": 7,
        "author": {
          "gitId": "ZhangYihanNus"
        },
        "content": "        this.at \u003d at;"
      },
      {
        "lineNumber": 8,
        "author": {
          "gitId": "ZhangYihanNus"
        },
        "content": "    }"
      },
      {
        "lineNumber": 9,
        "author": {
          "gitId": "ZhangYihanNus"
        },
        "content": ""
      },
      {
        "lineNumber": 10,
        "author": {
          "gitId": "ZhangYihanNus"
        },
        "content": "    @Override"
      },
      {
        "lineNumber": 11,
        "author": {
          "gitId": "ZhangYihanNus"
        },
        "content": "    public String toString() {"
      },
      {
        "lineNumber": 12,
        "author": {
          "gitId": "ZhangYihanNus"
        },
        "content": "        return \"[E][\" + super.getStatusIcon() + \"] \" + super.getDescription().split(\"event \")[1] + \" (at: \" + at + \")\";"
      },
      {
        "lineNumber": 13,
        "author": {
          "gitId": "ZhangYihanNus"
        },
        "content": "    }"
      },
      {
        "lineNumber": 14,
        "author": {
          "gitId": "ZhangYihanNus"
        },
        "content": ""
      },
      {
        "lineNumber": 15,
        "author": {
          "gitId": "ZhangYihanNus"
        },
        "content": "    @Override"
      },
      {
        "lineNumber": 16,
        "author": {
          "gitId": "ZhangYihanNus"
        },
        "content": "    public String getDescription() {"
      },
      {
        "lineNumber": 17,
        "author": {
          "gitId": "ZhangYihanNus"
        },
        "content": "        return super.getDescription();"
      },
      {
        "lineNumber": 18,
        "author": {
          "gitId": "ZhangYihanNus"
        },
        "content": "    }"
      },
      {
        "lineNumber": 19,
        "author": {
          "gitId": "ZhangYihanNus"
        },
        "content": "}"
      }
    ],
    "authorContributionMap": {
      "ZhangYihanNus": 19
    }
  },
  {
    "path": "src/main/java/ReadTxt.java",
    "fileType": "java",
    "lines": [
      {
        "lineNumber": 1,
        "author": {
          "gitId": "ZhangYihanNus"
        },
        "content": "import java.io.*;"
      },
      {
        "lineNumber": 2,
        "author": {
          "gitId": "ZhangYihanNus"
        },
        "content": ""
      },
      {
        "lineNumber": 3,
        "author": {
          "gitId": "ZhangYihanNus"
        },
        "content": "public class ReadTxt {"
      },
      {
        "lineNumber": 4,
        "author": {
          "gitId": "ZhangYihanNus"
        },
        "content": "    private String[] lines \u003d new String[100];"
      },
      {
        "lineNumber": 5,
        "author": {
          "gitId": "ZhangYihanNus"
        },
        "content": "    private String path;"
      },
      {
        "lineNumber": 6,
        "author": {
          "gitId": "ZhangYihanNus"
        },
        "content": ""
      },
      {
        "lineNumber": 7,
        "author": {
          "gitId": "ZhangYihanNus"
        },
        "content": "    public ReadTxt(String filePath) {"
      },
      {
        "lineNumber": 8,
        "author": {
          "gitId": "ZhangYihanNus"
        },
        "content": "        this.path \u003d filePath;"
      },
      {
        "lineNumber": 9,
        "author": {
          "gitId": "ZhangYihanNus"
        },
        "content": "    }"
      },
      {
        "lineNumber": 10,
        "author": {
          "gitId": "ZhangYihanNus"
        },
        "content": ""
      },
      {
        "lineNumber": 11,
        "author": {
          "gitId": "ZhangYihanNus"
        },
        "content": "    public void setLines(String[] lines) {"
      },
      {
        "lineNumber": 12,
        "author": {
          "gitId": "ZhangYihanNus"
        },
        "content": "        this.lines \u003d lines;"
      },
      {
        "lineNumber": 13,
        "author": {
          "gitId": "ZhangYihanNus"
        },
        "content": "    }"
      },
      {
        "lineNumber": 14,
        "author": {
          "gitId": "ZhangYihanNus"
        },
        "content": ""
      },
      {
        "lineNumber": 15,
        "author": {
          "gitId": "ZhangYihanNus"
        },
        "content": "    public String[] getLines() {"
      },
      {
        "lineNumber": 16,
        "author": {
          "gitId": "ZhangYihanNus"
        },
        "content": "        return lines;"
      },
      {
        "lineNumber": 17,
        "author": {
          "gitId": "ZhangYihanNus"
        },
        "content": "    }"
      },
      {
        "lineNumber": 18,
        "author": {
          "gitId": "ZhangYihanNus"
        },
        "content": ""
      },
      {
        "lineNumber": 19,
        "author": {
          "gitId": "ZhangYihanNus"
        },
        "content": "    public void readFile() {"
      },
      {
        "lineNumber": 20,
        "author": {
          "gitId": "ZhangYihanNus"
        },
        "content": "        //String pathname \u003d \"C:\\\\Users\\\\Min\\\\Desktop\\\\o\\\\NUS\\\\1920-Year2-sem-1\\\\courses\\\\CS2113T\\\\duke\\\\localList.txt\";"
      },
      {
        "lineNumber": 21,
        "author": {
          "gitId": "ZhangYihanNus"
        },
        "content": "        String pathname \u003d this.path;"
      },
      {
        "lineNumber": 22,
        "author": {
          "gitId": "ZhangYihanNus"
        },
        "content": "        try (FileReader reader \u003d new FileReader(pathname);"
      },
      {
        "lineNumber": 23,
        "author": {
          "gitId": "ZhangYihanNus"
        },
        "content": "             BufferedReader br \u003d new BufferedReader(reader)"
      },
      {
        "lineNumber": 24,
        "author": {
          "gitId": "ZhangYihanNus"
        },
        "content": "        ) {"
      },
      {
        "lineNumber": 25,
        "author": {
          "gitId": "ZhangYihanNus"
        },
        "content": "            String line;"
      },
      {
        "lineNumber": 26,
        "author": {
          "gitId": "ZhangYihanNus"
        },
        "content": "            int i \u003d 0;"
      },
      {
        "lineNumber": 27,
        "author": {
          "gitId": "ZhangYihanNus"
        },
        "content": "            while ((line \u003d br.readLine()) !\u003d null) {"
      },
      {
        "lineNumber": 28,
        "author": {
          "gitId": "ZhangYihanNus"
        },
        "content": "                // read in each line"
      },
      {
        "lineNumber": 29,
        "author": {
          "gitId": "ZhangYihanNus"
        },
        "content": "                System.out.println(\"reading from file: \"+line);"
      },
      {
        "lineNumber": 30,
        "author": {
          "gitId": "ZhangYihanNus"
        },
        "content": "                this.lines[i] \u003d line;"
      },
      {
        "lineNumber": 31,
        "author": {
          "gitId": "ZhangYihanNus"
        },
        "content": "                i++;"
      },
      {
        "lineNumber": 32,
        "author": {
          "gitId": "ZhangYihanNus"
        },
        "content": "            }"
      },
      {
        "lineNumber": 33,
        "author": {
          "gitId": "ZhangYihanNus"
        },
        "content": "        } catch (IOException e) {"
      },
      {
        "lineNumber": 34,
        "author": {
          "gitId": "ZhangYihanNus"
        },
        "content": "            e.printStackTrace();"
      },
      {
        "lineNumber": 35,
        "author": {
          "gitId": "ZhangYihanNus"
        },
        "content": "            System.out.println(\"\\tcurrently no list to load from local :)\\n\" +"
      },
      {
        "lineNumber": 36,
        "author": {
          "gitId": "ZhangYihanNus"
        },
        "content": "                    \"____________________________________________________________\\n\");"
      },
      {
        "lineNumber": 37,
        "author": {
          "gitId": "ZhangYihanNus"
        },
        "content": "        }"
      },
      {
        "lineNumber": 38,
        "author": {
          "gitId": "ZhangYihanNus"
        },
        "content": "    }"
      },
      {
        "lineNumber": 39,
        "author": {
          "gitId": "ZhangYihanNus"
        },
        "content": ""
      },
      {
        "lineNumber": 40,
        "author": {
          "gitId": "ZhangYihanNus"
        },
        "content": ""
      },
      {
        "lineNumber": 41,
        "author": {
          "gitId": "ZhangYihanNus"
        },
        "content": "    public void writeFile() {"
      },
      {
        "lineNumber": 42,
        "author": {
          "gitId": "ZhangYihanNus"
        },
        "content": "        try {"
      },
      {
        "lineNumber": 43,
        "author": {
          "gitId": "ZhangYihanNus"
        },
        "content": "            File writeName \u003d new File(this.path);"
      },
      {
        "lineNumber": 44,
        "author": {
          "gitId": "ZhangYihanNus"
        },
        "content": "            //writeName.createNewFile(); // overlaps file with same name"
      },
      {
        "lineNumber": 45,
        "author": {
          "gitId": "ZhangYihanNus"
        },
        "content": "            try (FileWriter writer \u003d new FileWriter(writeName, true);"
      },
      {
        "lineNumber": 46,
        "author": {
          "gitId": "ZhangYihanNus"
        },
        "content": "                 BufferedWriter out \u003d new BufferedWriter(writer)"
      },
      {
        "lineNumber": 47,
        "author": {
          "gitId": "ZhangYihanNus"
        },
        "content": "            ) {"
      },
      {
        "lineNumber": 48,
        "author": {
          "gitId": "ZhangYihanNus"
        },
        "content": "                for(int i \u003d 0; this.lines[i] !\u003d null; i++)"
      },
      {
        "lineNumber": 49,
        "author": {
          "gitId": "ZhangYihanNus"
        },
        "content": "                out.write(this.lines[i]+\"\\r\\n\"); // \\r\\n is to switch line"
      },
      {
        "lineNumber": 50,
        "author": {
          "gitId": "ZhangYihanNus"
        },
        "content": "                out.flush();"
      },
      {
        "lineNumber": 51,
        "author": {
          "gitId": "ZhangYihanNus"
        },
        "content": "            }"
      },
      {
        "lineNumber": 52,
        "author": {
          "gitId": "ZhangYihanNus"
        },
        "content": "        } catch (IOException e) {"
      },
      {
        "lineNumber": 53,
        "author": {
          "gitId": "ZhangYihanNus"
        },
        "content": "            e.printStackTrace();"
      },
      {
        "lineNumber": 54,
        "author": {
          "gitId": "ZhangYihanNus"
        },
        "content": "        }"
      },
      {
        "lineNumber": 55,
        "author": {
          "gitId": "ZhangYihanNus"
        },
        "content": "    }"
      },
      {
        "lineNumber": 56,
        "author": {
          "gitId": "ZhangYihanNus"
        },
        "content": ""
      },
      {
        "lineNumber": 57,
        "author": {
          "gitId": "ZhangYihanNus"
        },
        "content": "    public void clearFile() {"
      },
      {
        "lineNumber": 58,
        "author": {
          "gitId": "ZhangYihanNus"
        },
        "content": "        try {"
      },
      {
        "lineNumber": 59,
        "author": {
          "gitId": "ZhangYihanNus"
        },
        "content": "            File writeName \u003d new File(this.path);"
      },
      {
        "lineNumber": 60,
        "author": {
          "gitId": "ZhangYihanNus"
        },
        "content": "            //writeName.createNewFile(); // overlaps file with same name"
      },
      {
        "lineNumber": 61,
        "author": {
          "gitId": "ZhangYihanNus"
        },
        "content": "            try (FileWriter writer \u003d new FileWriter(writeName);"
      },
      {
        "lineNumber": 62,
        "author": {
          "gitId": "ZhangYihanNus"
        },
        "content": "                 BufferedWriter out \u003d new BufferedWriter(writer)"
      },
      {
        "lineNumber": 63,
        "author": {
          "gitId": "ZhangYihanNus"
        },
        "content": "            ) {"
      },
      {
        "lineNumber": 64,
        "author": {
          "gitId": "ZhangYihanNus"
        },
        "content": "                out.write(\"\");"
      },
      {
        "lineNumber": 65,
        "author": {
          "gitId": "ZhangYihanNus"
        },
        "content": "                out.flush();"
      },
      {
        "lineNumber": 66,
        "author": {
          "gitId": "ZhangYihanNus"
        },
        "content": "            }"
      },
      {
        "lineNumber": 67,
        "author": {
          "gitId": "ZhangYihanNus"
        },
        "content": "        } catch (IOException e) {"
      },
      {
        "lineNumber": 68,
        "author": {
          "gitId": "ZhangYihanNus"
        },
        "content": "            e.printStackTrace();"
      },
      {
        "lineNumber": 69,
        "author": {
          "gitId": "ZhangYihanNus"
        },
        "content": "        }"
      },
      {
        "lineNumber": 70,
        "author": {
          "gitId": "ZhangYihanNus"
        },
        "content": "    }"
      },
      {
        "lineNumber": 71,
        "author": {
          "gitId": "ZhangYihanNus"
        },
        "content": "}"
      }
    ],
    "authorContributionMap": {
      "ZhangYihanNus": 71
    }
  },
  {
    "path": "src/main/java/Task.java",
    "fileType": "java",
    "lines": [
      {
        "lineNumber": 1,
        "author": {
          "gitId": "ZhangYihanNus"
        },
        "content": "public class Task {"
      },
      {
        "lineNumber": 2,
        "author": {
          "gitId": "ZhangYihanNus"
        },
        "content": "    protected String description;"
      },
      {
        "lineNumber": 3,
        "author": {
          "gitId": "ZhangYihanNus"
        },
        "content": "    protected boolean isDone;"
      },
      {
        "lineNumber": 4,
        "author": {
          "gitId": "ZhangYihanNus"
        },
        "content": ""
      },
      {
        "lineNumber": 5,
        "author": {
          "gitId": "ZhangYihanNus"
        },
        "content": "    public Task(String description) throws DukeCmdException, DukeFormatException {"
      },
      {
        "lineNumber": 6,
        "author": {
          "gitId": "ZhangYihanNus"
        },
        "content": "        String tempCmd \u003d description.split(\" \")[0];"
      },
      {
        "lineNumber": 7,
        "author": {
          "gitId": "ZhangYihanNus"
        },
        "content": "        if (description.equals(\"\")) {"
      },
      {
        "lineNumber": 8,
        "author": {
          "gitId": "ZhangYihanNus"
        },
        "content": "            throw new DukeFormatException(\"Oops, there seems to be some format error!\");"
      },
      {
        "lineNumber": 9,
        "author": {
          "gitId": "ZhangYihanNus"
        },
        "content": "        }"
      },
      {
        "lineNumber": 10,
        "author": {
          "gitId": "ZhangYihanNus"
        },
        "content": "        else if (!((tempCmd.equals(\"bye\"))||(tempCmd.equals(\"deadline\"))||(tempCmd.equals(\"event\"))||(tempCmd.equals(\"todo\"))||(tempCmd.equals(\"list\")))) {"
      },
      {
        "lineNumber": 11,
        "author": {
          "gitId": "ZhangYihanNus"
        },
        "content": "            //still need to identify whether unknown in here"
      },
      {
        "lineNumber": 12,
        "author": {
          "gitId": "ZhangYihanNus"
        },
        "content": "            throw new DukeCmdException(\"Oops, command not found!\");"
      },
      {
        "lineNumber": 13,
        "author": {
          "gitId": "ZhangYihanNus"
        },
        "content": "        } else {"
      },
      {
        "lineNumber": 14,
        "author": {
          "gitId": "ZhangYihanNus"
        },
        "content": "            this.description \u003d description;"
      },
      {
        "lineNumber": 15,
        "author": {
          "gitId": "ZhangYihanNus"
        },
        "content": "            this.isDone \u003d false;"
      },
      {
        "lineNumber": 16,
        "author": {
          "gitId": "ZhangYihanNus"
        },
        "content": "        }"
      },
      {
        "lineNumber": 17,
        "author": {
          "gitId": "ZhangYihanNus"
        },
        "content": "    }"
      },
      {
        "lineNumber": 18,
        "author": {
          "gitId": "ZhangYihanNus"
        },
        "content": ""
      },
      {
        "lineNumber": 19,
        "author": {
          "gitId": "ZhangYihanNus"
        },
        "content": "    public String getStatusIcon() {"
      },
      {
        "lineNumber": 20,
        "author": {
          "gitId": "ZhangYihanNus"
        },
        "content": "        return (isDone ? \"\\u2713\" : \"\\u2718\"); //return tick or X symbols"
      },
      {
        "lineNumber": 21,
        "author": {
          "gitId": "ZhangYihanNus"
        },
        "content": "    }"
      },
      {
        "lineNumber": 22,
        "author": {
          "gitId": "ZhangYihanNus"
        },
        "content": ""
      },
      {
        "lineNumber": 23,
        "author": {
          "gitId": "ZhangYihanNus"
        },
        "content": "    public void markAsDone() {"
      },
      {
        "lineNumber": 24,
        "author": {
          "gitId": "ZhangYihanNus"
        },
        "content": "        isDone \u003d true;"
      },
      {
        "lineNumber": 25,
        "author": {
          "gitId": "ZhangYihanNus"
        },
        "content": "    }"
      },
      {
        "lineNumber": 26,
        "author": {
          "gitId": "ZhangYihanNus"
        },
        "content": ""
      },
      {
        "lineNumber": 27,
        "author": {
          "gitId": "ZhangYihanNus"
        },
        "content": "    public String getDescription() {"
      },
      {
        "lineNumber": 28,
        "author": {
          "gitId": "ZhangYihanNus"
        },
        "content": "        return description;"
      },
      {
        "lineNumber": 29,
        "author": {
          "gitId": "ZhangYihanNus"
        },
        "content": "    }"
      },
      {
        "lineNumber": 30,
        "author": {
          "gitId": "ZhangYihanNus"
        },
        "content": "}"
      }
    ],
    "authorContributionMap": {
      "ZhangYihanNus": 30
    }
  },
  {
    "path": "src/main/java/Todo.java",
    "fileType": "java",
    "lines": [
      {
        "lineNumber": 1,
        "author": {
          "gitId": "ZhangYihanNus"
        },
        "content": "public class Todo extends Task {"
      },
      {
        "lineNumber": 2,
        "author": {
          "gitId": "ZhangYihanNus"
        },
        "content": ""
      },
      {
        "lineNumber": 3,
        "author": {
          "gitId": "ZhangYihanNus"
        },
        "content": "    public Todo(String description) throws DukeCmdException, DukeFormatException {"
      },
      {
        "lineNumber": 4,
        "author": {
          "gitId": "ZhangYihanNus"
        },
        "content": "        super(description);"
      },
      {
        "lineNumber": 5,
        "author": {
          "gitId": "ZhangYihanNus"
        },
        "content": "    }"
      },
      {
        "lineNumber": 6,
        "author": {
          "gitId": "ZhangYihanNus"
        },
        "content": ""
      },
      {
        "lineNumber": 7,
        "author": {
          "gitId": "ZhangYihanNus"
        },
        "content": "    public String getType() {"
      },
      {
        "lineNumber": 8,
        "author": {
          "gitId": "ZhangYihanNus"
        },
        "content": "        return \"[T]\";"
      },
      {
        "lineNumber": 9,
        "author": {
          "gitId": "ZhangYihanNus"
        },
        "content": "    }"
      },
      {
        "lineNumber": 10,
        "author": {
          "gitId": "ZhangYihanNus"
        },
        "content": ""
      },
      {
        "lineNumber": 11,
        "author": {
          "gitId": "ZhangYihanNus"
        },
        "content": "    @Override"
      },
      {
        "lineNumber": 12,
        "author": {
          "gitId": "ZhangYihanNus"
        },
        "content": "    public String toString() {"
      },
      {
        "lineNumber": 13,
        "author": {
          "gitId": "ZhangYihanNus"
        },
        "content": "        return \"[T][\" + super.getStatusIcon() + \"] \" + super.getDescription().split(\"todo \")[1];"
      },
      {
        "lineNumber": 14,
        "author": {
          "gitId": "ZhangYihanNus"
        },
        "content": "    }"
      },
      {
        "lineNumber": 15,
        "author": {
          "gitId": "ZhangYihanNus"
        },
        "content": "}"
      }
    ],
    "authorContributionMap": {
      "ZhangYihanNus": 15
    }
  }
]
