{
  "authorDailyContributionsMap": {
    "darrenoje": [
      {
        "insertions": 229,
        "deletions": 62,
        "date": "2019-08-26",
        "commitResults": [
          {
            "hash": "11ac995c07781a922c34dc39edbb5935b9df2737",
            "message": "Level-1: Greet, Echo, Exit",
            "insertions": 40,
            "deletions": 2
          },
          {
            "hash": "b6baf10eda38096b1d68a5c900fe18f2cabf6483",
            "message": "Level-2: Add, List",
            "insertions": 14,
            "deletions": 4
          },
          {
            "hash": "2f5c80d761ef3e9f42c2942bcaf28c640e74f0b5",
            "message": "Level-3: Mark As Done",
            "insertions": 35,
            "deletions": 7
          },
          {
            "hash": "aa73100504e28a810c7b89c507beba4b4e5294ee",
            "message": "A-Inheritance",
            "insertions": 44,
            "deletions": 0
          },
          {
            "hash": "e54aec0c4ad69dc06721e2de1704d8a700399f3f",
            "message": "Level-4: ToDo, Event, Deadline",
            "insertions": 26,
            "deletions": 2
          },
          {
            "hash": "431bdeed4af63d084eceb98a36d054dce5cf641c",
            "message": "Level-5: Handle Errors",
            "insertions": 70,
            "deletions": 47
          }
        ]
      },
      {
        "insertions": 97,
        "deletions": 16,
        "date": "2019-08-27",
        "commitResults": [
          {
            "hash": "ac2a319645d118cd75a681b43a69a746375ef818",
            "message": "Level-7: Save",
            "insertions": 62,
            "deletions": 4
          },
          {
            "hash": "a4f32aafbf726f4f4f92fb0e12eca0ee705edb8e",
            "message": "Level-8: Dates and Times",
            "insertions": 35,
            "deletions": 12
          }
        ]
      },
      {
        "insertions": 127,
        "deletions": 112,
        "date": "2019-09-02",
        "commitResults": [
          {
            "hash": "897091a6b0e75c8c1c0b1fb8379036b442063ae1",
            "message": "A-Collections",
            "insertions": 24,
            "deletions": 26
          },
          {
            "hash": "2f23316d835d5f3b2c55072551daf1390e39cfa5",
            "message": "Revert \"A-Collections\"",
            "insertions": 26,
            "deletions": 24
          },
          {
            "hash": "91a596f354443273099a5552f8ae4f62ee489226",
            "message": "A-Collections",
            "insertions": 24,
            "deletions": 28
          },
          {
            "hash": "09e84cba565c5fec3313761a9ff12436ed818746",
            "message": "Level-6: Delete",
            "insertions": 37,
            "deletions": 31
          },
          {
            "hash": "152f3de73e6870c89212699e61a5214d946aa068",
            "message": "Level-9: Find",
            "insertions": 16,
            "deletions": 3
          }
        ]
      }
    ]
  },
  "authorFinalContributionMap": {
    "darrenoje": 270
  },
  "authorFileFormatContributionMap": {
    "darrenoje": {
      "java": 248,
      "gradle": 22,
      "css": 0,
      "fxml": 0
    }
  },
  "authorContributionVariance": {
    "darrenoje": 8045.6504
  },
  "authorDisplayNameMap": {
    "darrenoje": "W12-4 DAR..ONG"
  }
}
