{
  "authorDailyContributionsMap": {
    "root": [],
    "Enrique Khai": [
      {
        "insertions": 28,
        "deletions": 1,
        "date": "2019-08-20",
        "commitResults": [
          {
            "hash": "1a13fb8c5c628dd002bba377d8524bb01b194f06",
            "messageTitle": "Duke increment 1: Gradle Tutorial",
            "messageBody": "",
            "insertions": 28,
            "deletions": 1
          }
        ]
      },
      {
        "insertions": 40,
        "deletions": 11,
        "date": "2019-08-27",
        "commitResults": [
          {
            "hash": "708ccba6f191ad3cee5b560c511d02139fd355a6",
            "messageTitle": "Level 1: Greet, Echo, Exit.",
            "messageBody": "Made changes to Duke.class by importing the Scanner class.\nLearnt how to use the Scanner class to take user input.\nDo not forget \"System.in\" after instantiating a Scanner object.\n",
            "insertions": 40,
            "deletions": 11
          }
        ]
      }
    ],
    "Jeffry Lum": []
  },
  "authorFinalContributionMap": {
    "root": 0,
    "Enrique Khai": 57,
    "Jeffry Lum": 24
  },
  "authorFileTypeContributionMap": {
    "root": {
      "java": 0,
      "gradle": 0,
      "css": 0,
      "fxml": 0
    },
    "Enrique Khai": {
      "java": 35,
      "gradle": 22,
      "css": 0,
      "fxml": 0
    },
    "Jeffry Lum": {
      "java": 8,
      "gradle": 16,
      "css": 0,
      "fxml": 0
    }
  },
  "authorContributionVariance": {
    "root": 0.0,
    "Enrique Khai": 190.125,
    "Jeffry Lum": 0.0
  },
  "authorDisplayNameMap": {
    "root": "root",
    "Enrique Khai": "Enrique Khai",
    "Jeffry Lum": "Jeffry Lum"
  }
}
