{
  "authorDailyContributionsMap": {
    "RusdiHaizim": [
      {
        "insertions": 179,
        "deletions": 13,
        "date": "2019-08-21",
        "commitResults": [
          {
            "hash": "5378a22c312ed2bac4e06e6918bb72f32ae8505c",
            "messageTitle": "Completed A-Gradle",
            "messageBody": "",
            "insertions": 45,
            "deletions": 6
          },
          {
            "hash": "fc96fbeaf419f0ad2142e0e15a5bdb5178325c26",
            "messageTitle": "Completed Level-1",
            "messageBody": "",
            "insertions": 23,
            "deletions": 1
          },
          {
            "hash": "0915005fed7cebe820b1cb0bcafa00c9a3040222",
            "messageTitle": "Completed Level-2",
            "messageBody": "",
            "insertions": 32,
            "deletions": 5
          },
          {
            "hash": "446dab623ff80d34ade47938ab0c367215d5e3f6",
            "messageTitle": "Completed Level-3",
            "messageBody": "",
            "insertions": 79,
            "deletions": 1
          }
        ]
      },
      {
        "insertions": 516,
        "deletions": 290,
        "date": "2019-08-25",
        "commitResults": [
          {
            "hash": "4ba75a54242c199984c6cf08eaadfbde08ab531a",
            "messageTitle": "Completed Level-4 and created A-Inheritance",
            "messageBody": "",
            "insertions": 252,
            "deletions": 170
          },
          {
            "hash": "7ce9a8406dba5a6a96df330dbfaf6fa3b160f77a",
            "messageTitle": "Completed Level-5 and A-Exceptions",
            "messageBody": "",
            "insertions": 94,
            "deletions": 83
          },
          {
            "hash": "c09d22b933fef553ff8e7608862af16985a5ed8f",
            "messageTitle": "Completed Level-7",
            "messageBody": "",
            "insertions": 170,
            "deletions": 37
          }
        ]
      },
      {
        "insertions": 81,
        "deletions": 31,
        "date": "2019-08-27",
        "commitResults": [
          {
            "hash": "196a2aa27c3fbf5a2c150ce34014703912067e72",
            "messageTitle": "Completed Level-8",
            "messageBody": "",
            "insertions": 81,
            "deletions": 31
          }
        ]
      },
      {
        "insertions": 50,
        "deletions": 5,
        "date": "2019-08-31",
        "commitResults": [
          {
            "hash": "280b0025873dc40c77a26d0169368bc096d167de",
            "messageTitle": "Level-6: Added deletion feature",
            "messageBody": "",
            "insertions": 33,
            "deletions": 4
          },
          {
            "hash": "714061c39a502b329fa1b44447639ee3b3efb586",
            "messageTitle": "Level-9: Added find feature",
            "messageBody": "",
            "insertions": 17,
            "deletions": 1
          }
        ]
      },
      {
        "insertions": 425,
        "deletions": 364,
        "date": "2019-09-02",
        "commitResults": [
          {
            "hash": "77612357f5f796fa53783fc515e32bd78c106b9c",
            "messageTitle": "A-MoreOOP: Added additional classes to supplement Duke.java",
            "messageBody": "",
            "insertions": 425,
            "deletions": 364
          }
        ]
      },
      {
        "insertions": 395,
        "deletions": 238,
        "date": "2019-09-05",
        "commitResults": [
          {
            "hash": "a44e12128dcb30d45ea2ba91124e83fadd5f1278",
            "messageTitle": "A-MoreOOP: Added even more classes to make the code more object-oriented",
            "messageBody": "",
            "insertions": 395,
            "deletions": 238
          }
        ]
      }
    ]
  },
  "authorFinalContributionMap": {
    "RusdiHaizim": 714
  },
  "authorFileTypeContributionMap": {
    "RusdiHaizim": {
      "java": 692,
      "gradle": 22,
      "css": 0,
      "fxml": 0
    }
  },
  "authorContributionVariance": {
    "RusdiHaizim": 72265.195
  },
  "authorDisplayNameMap": {
    "RusdiHaizim": "W13-2 RUS..HIM"
  }
}
