{
  "authorDailyContributionsMap": {
    "Fractalisk": [
      {
        "insertions": 101,
        "deletions": 22,
        "date": "2019-08-22",
        "commitResults": [
          {
            "hash": "d98c9363fd6dea90e73e0126ca12a0583d3e928d",
            "messageTitle": "Level 1, Version 1.0",
            "messageBody": "",
            "insertions": 26,
            "deletions": 1
          },
          {
            "hash": "549def4284347aa60607c81576d5b61a77870b28",
            "messageTitle": "Stage 2 version 1.0, with OOP",
            "messageBody": "",
            "insertions": 75,
            "deletions": 21
          }
        ]
      },
      {
        "insertions": 36,
        "deletions": 5,
        "date": "2019-08-23",
        "commitResults": [
          {
            "hash": "eaab746de261f891992898573a41e805c2614e88",
            "messageTitle": "Level-3",
            "messageBody": "",
            "insertions": 36,
            "deletions": 5
          }
        ]
      },
      {
        "insertions": 496,
        "deletions": 108,
        "date": "2019-08-25",
        "commitResults": [
          {
            "hash": "3793de3b030bb7479ee46f85cf18021235a50273",
            "messageTitle": "Level 4, with A-inheritance",
            "messageBody": "",
            "insertions": 208,
            "deletions": 77
          },
          {
            "hash": "6645f473b97aa09729cc0dce1080bb43de6a052d",
            "messageTitle": "Level 5 with A- exceptions included! may not include all exceptions",
            "messageBody": "",
            "insertions": 70,
            "deletions": 17
          },
          {
            "hash": "5ab1ea921e0d830a18d1aa9924442c4b190c0ab9",
            "messageTitle": "Level 7, may still have some exceptions",
            "messageBody": "",
            "insertions": 150,
            "deletions": 4
          },
          {
            "hash": "307c6439d0ca80b27b218713d70575e871d04613",
            "messageTitle": "Level - 8  A-Enums implemented",
            "messageBody": "",
            "insertions": 68,
            "deletions": 10
          }
        ]
      },
      {
        "insertions": 33,
        "deletions": 23,
        "date": "2019-08-26",
        "commitResults": [
          {
            "hash": "fcfe4454dc924ce150ed77ff1b9b0eddcee4e128",
            "messageTitle": "Fixed a bug related to date display",
            "messageBody": "",
            "insertions": 3,
            "deletions": 3
          },
          {
            "hash": "2d85b420885c6083fa2dc41d3b54adbfff6a4070",
            "messageTitle": "Fixed another bug",
            "messageBody": "",
            "insertions": 1,
            "deletions": 1
          },
          {
            "hash": "c9e6439c5f21110cd4da4aafc8a873b70c5e551a",
            "messageTitle": "cleaned up some imports",
            "messageBody": "",
            "insertions": 0,
            "deletions": 3
          },
          {
            "hash": "3c6a76c282db4de75b4cc08eb4d734df4dbc6f21",
            "messageTitle": "Implemented feature to turn 24 hour clock into 12 hour display, along with a revamp to saveutil to account for this feature. May or may not have solved a save corruption in previous commit",
            "messageBody": "",
            "insertions": 29,
            "deletions": 16
          }
        ]
      },
      {
        "insertions": 75,
        "deletions": 26,
        "date": "2019-08-27",
        "commitResults": [
          {
            "hash": "61653a5598d4595c24bb074124cca711997c8614",
            "messageTitle": "Level 8, now accepting deadline and event info as a string if cannot be parsed into calendar",
            "messageBody": "",
            "insertions": 38,
            "deletions": 20
          },
          {
            "hash": "717cf2999239254e45c8114d5966b5e05da78f98",
            "messageTitle": "fixed input bug for deadline and event string input",
            "messageBody": "",
            "insertions": 2,
            "deletions": 2
          },
          {
            "hash": "e244518fc43804d86662a03cec7e40c298168665",
            "messageTitle": "fixed potential bug involving undeclared variables",
            "messageBody": "",
            "insertions": 2,
            "deletions": 2
          },
          {
            "hash": "d485b3f32b538007231c33821b4e77fb7969caa7",
            "messageTitle": "fixed a bug involving list function, added exception for reaching maximum memory",
            "messageBody": "",
            "insertions": 15,
            "deletions": 1
          },
          {
            "hash": "fc97f2852680a5242d4b77e4af859633332e787e",
            "messageTitle": "Added a few more exceptions",
            "messageBody": "",
            "insertions": 18,
            "deletions": 1
          }
        ]
      },
      {
        "insertions": 126,
        "deletions": 46,
        "date": "2019-08-30",
        "commitResults": [
          {
            "hash": "c48b9795a2e7d71cc99a8185c2c461975d3d9bd2",
            "messageTitle": "Attempting to branch to level 6",
            "messageBody": "",
            "insertions": 46,
            "deletions": 22
          },
          {
            "hash": "1d0a876d66e5d695b9b9db20644d5b9c2c6aa855",
            "messageTitle": "Attempting to branch to level 9",
            "messageBody": "",
            "insertions": 56,
            "deletions": 8
          },
          {
            "hash": "8134edb0f76669dd8f53a41622b12a986c33051f",
            "messageTitle": "Added a exception to delete function",
            "messageBody": "",
            "insertions": 16,
            "deletions": 3
          },
          {
            "hash": "ab83e26b58329c392d53bf640d9fbed7f752b9ff",
            "messageTitle": "minor patches",
            "messageBody": "",
            "insertions": 8,
            "deletions": 13
          }
        ]
      },
      {
        "insertions": 6,
        "deletions": 4,
        "date": "2019-09-03",
        "commitResults": [
          {
            "hash": "f05e6fbdae3a36c1db10ae4a328ed3cd656a503d",
            "messageTitle": "Added text-ui-test for level 9. Ammended code for delete function to use nextint instead of nextline parsed into int",
            "messageBody": "",
            "insertions": 1,
            "deletions": 1
          },
          {
            "hash": "81981ff2971b3ab7b58402ccc02bf7ed7747de7f",
            "messageTitle": "fixed a small bug and changed a few exceptions",
            "messageBody": "",
            "insertions": 5,
            "deletions": 3
          }
        ]
      },
      {
        "insertions": 33,
        "deletions": 7,
        "date": "2019-09-09",
        "commitResults": [
          {
            "hash": "c02d3f42c67813189ac0c52fd2a927099b017f83",
            "messageTitle": "Add A-JUnit testing. Limited number of tests",
            "messageBody": "",
            "insertions": 33,
            "deletions": 7
          }
        ]
      },
      {
        "insertions": 200,
        "deletions": 20,
        "date": "2019-09-10",
        "commitResults": [
          {
            "hash": "e3893c79a963c4d0d8c8d1928f03dd1070ae47b8",
            "messageTitle": "Add javadocs documentation, V1",
            "messageBody": "",
            "insertions": 200,
            "deletions": 20
          }
        ]
      }
    ]
  },
  "authorFinalContributionMap": {
    "Fractalisk": 844
  },
  "authorFileTypeContributionMap": {
    "Fractalisk": {
      "java": 835,
      "gradle": 9,
      "css": 0,
      "fxml": 0
    }
  },
  "authorContributionVariance": {
    "Fractalisk": 16532.707
  },
  "authorDisplayNameMap": {
    "Fractalisk": "W13-4 CHU..WEI"
  }
}
