[
  {
    "path": "src/main/java/Deadline.java",
    "lines": [
      {
        "lineNumber": 1,
        "author": {
          "gitId": "limryan"
        },
        "content": "import java.time.LocalDateTime;"
      },
      {
        "lineNumber": 2,
        "author": {
          "gitId": "limryan"
        },
        "content": "import java.time.format.DateTimeFormatter;"
      },
      {
        "lineNumber": 3,
        "author": {
          "gitId": "limryan"
        },
        "content": ""
      },
      {
        "lineNumber": 4,
        "author": {
          "gitId": "-"
        },
        "content": "public class Deadline extends Task {"
      },
      {
        "lineNumber": 5,
        "author": {
          "gitId": "-"
        },
        "content": ""
      },
      {
        "lineNumber": 6,
        "author": {
          "gitId": "-"
        },
        "content": "    protected String by;"
      },
      {
        "lineNumber": 7,
        "author": {
          "gitId": "limryan"
        },
        "content": "    protected LocalDateTime dateTime;"
      },
      {
        "lineNumber": 8,
        "author": {
          "gitId": "-"
        },
        "content": ""
      },
      {
        "lineNumber": 9,
        "author": {
          "gitId": "limryan"
        },
        "content": "    public Deadline(String description, LocalDateTime dateTime) {"
      },
      {
        "lineNumber": 10,
        "author": {
          "gitId": "-"
        },
        "content": "        super(description);"
      },
      {
        "lineNumber": 11,
        "author": {
          "gitId": "limryan"
        },
        "content": "        this.dateTime \u003d dateTime;"
      },
      {
        "lineNumber": 12,
        "author": {
          "gitId": "-"
        },
        "content": "    }"
      },
      {
        "lineNumber": 13,
        "author": {
          "gitId": "-"
        },
        "content": ""
      },
      {
        "lineNumber": 14,
        "author": {
          "gitId": "limryan"
        },
        "content": "    public String date() {"
      },
      {
        "lineNumber": 15,
        "author": {
          "gitId": "limryan"
        },
        "content": "        this.by \u003d dateTime.format(DateTimeFormatter.ofPattern(\"dd/MM/yyyy HHmm\"));"
      },
      {
        "lineNumber": 16,
        "author": {
          "gitId": "limryan"
        },
        "content": "        return by;"
      },
      {
        "lineNumber": 17,
        "author": {
          "gitId": "limryan"
        },
        "content": "    }"
      },
      {
        "lineNumber": 18,
        "author": {
          "gitId": "limryan"
        },
        "content": ""
      },
      {
        "lineNumber": 19,
        "author": {
          "gitId": "-"
        },
        "content": "    @Override"
      },
      {
        "lineNumber": 20,
        "author": {
          "gitId": "-"
        },
        "content": "    public String toString() {"
      },
      {
        "lineNumber": 21,
        "author": {
          "gitId": "limryan"
        },
        "content": "        return \"[D][\" + super.getStatusIcon() + \"] \" + super.description + \" (by: \" + date() + \")\";"
      },
      {
        "lineNumber": 22,
        "author": {
          "gitId": "-"
        },
        "content": "    }"
      },
      {
        "lineNumber": 23,
        "author": {
          "gitId": "-"
        },
        "content": "}"
      },
      {
        "lineNumber": 24,
        "author": {
          "gitId": "-"
        },
        "content": ""
      }
    ],
    "authorContributionMap": {
      "limryan": 12,
      "-": 12
    }
  },
  {
    "path": "src/main/java/Duke.java",
    "lines": [
      {
        "lineNumber": 1,
        "author": {
          "gitId": "limryan"
        },
        "content": "import java.io.*;"
      },
      {
        "lineNumber": 2,
        "author": {
          "gitId": "limryan"
        },
        "content": "import java.time.LocalDateTime;"
      },
      {
        "lineNumber": 3,
        "author": {
          "gitId": "limryan"
        },
        "content": "import java.time.format.DateTimeFormatter;"
      },
      {
        "lineNumber": 4,
        "author": {
          "gitId": "limryan"
        },
        "content": "import java.util.ArrayList;"
      },
      {
        "lineNumber": 5,
        "author": {
          "gitId": "-"
        },
        "content": "import java.util.Scanner;"
      },
      {
        "lineNumber": 6,
        "author": {
          "gitId": "-"
        },
        "content": "import java.util.StringTokenizer;"
      },
      {
        "lineNumber": 7,
        "author": {
          "gitId": "-"
        },
        "content": ""
      },
      {
        "lineNumber": 8,
        "author": {
          "gitId": "-"
        },
        "content": "public class Duke {"
      },
      {
        "lineNumber": 9,
        "author": {
          "gitId": "-"
        },
        "content": "    public static void main(String[] args) {"
      },
      {
        "lineNumber": 10,
        "author": {
          "gitId": "-"
        },
        "content": "        String logo \u003d \" ____        _        \\n\""
      },
      {
        "lineNumber": 11,
        "author": {
          "gitId": "-"
        },
        "content": "                + \"|  _ \\\\ _   _| | _____ \\n\""
      },
      {
        "lineNumber": 12,
        "author": {
          "gitId": "-"
        },
        "content": "                + \"| | | | | | | |/ / _ \\\\\\n\""
      },
      {
        "lineNumber": 13,
        "author": {
          "gitId": "-"
        },
        "content": "                + \"| |_| | |_| |   \u003c  __/\\n\""
      },
      {
        "lineNumber": 14,
        "author": {
          "gitId": "-"
        },
        "content": "                + \"|____/ \\\\__,_|_|\\\\_\\\\___|\\n\";"
      },
      {
        "lineNumber": 15,
        "author": {
          "gitId": "-"
        },
        "content": "        System.out.println(\"Hello from\\n\" + logo);"
      },
      {
        "lineNumber": 16,
        "author": {
          "gitId": "-"
        },
        "content": "        System.out.println(\"What can I do for you?\");"
      },
      {
        "lineNumber": 17,
        "author": {
          "gitId": "-"
        },
        "content": "        System.out.println(\"________________________________________\");"
      },
      {
        "lineNumber": 18,
        "author": {
          "gitId": "-"
        },
        "content": ""
      },
      {
        "lineNumber": 19,
        "author": {
          "gitId": "limryan"
        },
        "content": "        ChatBot();"
      },
      {
        "lineNumber": 20,
        "author": {
          "gitId": "-"
        },
        "content": "    }"
      },
      {
        "lineNumber": 21,
        "author": {
          "gitId": "-"
        },
        "content": ""
      },
      {
        "lineNumber": 22,
        "author": {
          "gitId": "limryan"
        },
        "content": "    private static void ChatBot() {"
      },
      {
        "lineNumber": 23,
        "author": {
          "gitId": "-"
        },
        "content": "        boolean exitCondition \u003d false;"
      },
      {
        "lineNumber": 24,
        "author": {
          "gitId": "-"
        },
        "content": "        Scanner scanner \u003d new Scanner(System.in);"
      },
      {
        "lineNumber": 25,
        "author": {
          "gitId": "limryan"
        },
        "content": "        ArrayList\u003cTask\u003e list \u003d new ArrayList\u003c\u003e();"
      },
      {
        "lineNumber": 26,
        "author": {
          "gitId": "limryan"
        },
        "content": "        try {"
      },
      {
        "lineNumber": 27,
        "author": {
          "gitId": "limryan"
        },
        "content": "            LoadFromFile(list);"
      },
      {
        "lineNumber": 28,
        "author": {
          "gitId": "limryan"
        },
        "content": "        } catch (IOException e) {"
      },
      {
        "lineNumber": 29,
        "author": {
          "gitId": "limryan"
        },
        "content": "            System.out.println(\"    Error in loading from file.\");"
      },
      {
        "lineNumber": 30,
        "author": {
          "gitId": "limryan"
        },
        "content": "        }"
      },
      {
        "lineNumber": 31,
        "author": {
          "gitId": "-"
        },
        "content": ""
      },
      {
        "lineNumber": 32,
        "author": {
          "gitId": "-"
        },
        "content": "        while (!exitCondition) {"
      },
      {
        "lineNumber": 33,
        "author": {
          "gitId": "-"
        },
        "content": "            String string \u003d scanner.nextLine();"
      },
      {
        "lineNumber": 34,
        "author": {
          "gitId": "-"
        },
        "content": "            StringTokenizer tokenizer \u003d new StringTokenizer(string);"
      },
      {
        "lineNumber": 35,
        "author": {
          "gitId": "-"
        },
        "content": "            String command \u003d tokenizer.nextToken();"
      },
      {
        "lineNumber": 36,
        "author": {
          "gitId": "-"
        },
        "content": "            String description \u003d null;"
      },
      {
        "lineNumber": 37,
        "author": {
          "gitId": "-"
        },
        "content": "            String date \u003d null;"
      },
      {
        "lineNumber": 38,
        "author": {
          "gitId": "-"
        },
        "content": "            if (tokenizer.hasMoreTokens()) description \u003d tokenizer.nextToken(\"/\\n\");"
      },
      {
        "lineNumber": 39,
        "author": {
          "gitId": "-"
        },
        "content": "            if (tokenizer.hasMoreTokens()) date \u003d tokenizer.nextToken(\"\\n\");"
      },
      {
        "lineNumber": 40,
        "author": {
          "gitId": "-"
        },
        "content": ""
      },
      {
        "lineNumber": 41,
        "author": {
          "gitId": "-"
        },
        "content": "            System.out.println(\"________________________________________\");"
      },
      {
        "lineNumber": 42,
        "author": {
          "gitId": "-"
        },
        "content": "            switch (command) {"
      },
      {
        "lineNumber": 43,
        "author": {
          "gitId": "-"
        },
        "content": "                case \"bye\":"
      },
      {
        "lineNumber": 44,
        "author": {
          "gitId": "-"
        },
        "content": "                    exitCondition \u003d true;"
      },
      {
        "lineNumber": 45,
        "author": {
          "gitId": "-"
        },
        "content": "                    System.out.println(\"    Bye. Hope to see you again soon!\");"
      },
      {
        "lineNumber": 46,
        "author": {
          "gitId": "-"
        },
        "content": "                    break;"
      },
      {
        "lineNumber": 47,
        "author": {
          "gitId": "-"
        },
        "content": "                case \"list\":"
      },
      {
        "lineNumber": 48,
        "author": {
          "gitId": "limryan"
        },
        "content": "                    PrintList(list);"
      },
      {
        "lineNumber": 49,
        "author": {
          "gitId": "-"
        },
        "content": "                    break;"
      },
      {
        "lineNumber": 50,
        "author": {
          "gitId": "-"
        },
        "content": "                case \"todo\":"
      },
      {
        "lineNumber": 51,
        "author": {
          "gitId": "limryan"
        },
        "content": "                    CreateTodo(list, false, description);"
      },
      {
        "lineNumber": 52,
        "author": {
          "gitId": "limryan"
        },
        "content": "                    break;"
      },
      {
        "lineNumber": 53,
        "author": {
          "gitId": "limryan"
        },
        "content": "                case \"deadline\":"
      },
      {
        "lineNumber": 54,
        "author": {
          "gitId": "limryan"
        },
        "content": "                    CreateDeadline(list, false, description, date);"
      },
      {
        "lineNumber": 55,
        "author": {
          "gitId": "limryan"
        },
        "content": "                    break;"
      },
      {
        "lineNumber": 56,
        "author": {
          "gitId": "limryan"
        },
        "content": "                case \"event\":"
      },
      {
        "lineNumber": 57,
        "author": {
          "gitId": "limryan"
        },
        "content": "                    CreateEvent(list, false, description, date);"
      },
      {
        "lineNumber": 58,
        "author": {
          "gitId": "limryan"
        },
        "content": "                    break;"
      },
      {
        "lineNumber": 59,
        "author": {
          "gitId": "limryan"
        },
        "content": "                case \"done\":"
      },
      {
        "lineNumber": 60,
        "author": {
          "gitId": "limryan"
        },
        "content": "                    MarkDone(list, description);"
      },
      {
        "lineNumber": 61,
        "author": {
          "gitId": "limryan"
        },
        "content": "                    break;"
      },
      {
        "lineNumber": 62,
        "author": {
          "gitId": "limryan"
        },
        "content": "                case \"delete\":"
      },
      {
        "lineNumber": 63,
        "author": {
          "gitId": "limryan"
        },
        "content": "                    DeleteTask(list, description);"
      },
      {
        "lineNumber": 64,
        "author": {
          "gitId": "limryan"
        },
        "content": "                    break;"
      },
      {
        "lineNumber": 65,
        "author": {
          "gitId": "limryan"
        },
        "content": "                case \"find\":"
      },
      {
        "lineNumber": 66,
        "author": {
          "gitId": "limryan"
        },
        "content": "                    Find(list, description);"
      },
      {
        "lineNumber": 67,
        "author": {
          "gitId": "limryan"
        },
        "content": "                    break;"
      },
      {
        "lineNumber": 68,
        "author": {
          "gitId": "limryan"
        },
        "content": "                default:"
      },
      {
        "lineNumber": 69,
        "author": {
          "gitId": "limryan"
        },
        "content": "                    System.out.println(\"    OOPS!!! I\u0027m sorry, but I don\u0027t know what that means :-(\");"
      },
      {
        "lineNumber": 70,
        "author": {
          "gitId": "limryan"
        },
        "content": "            }"
      },
      {
        "lineNumber": 71,
        "author": {
          "gitId": "limryan"
        },
        "content": "            System.out.println(\"________________________________________\");"
      },
      {
        "lineNumber": 72,
        "author": {
          "gitId": "limryan"
        },
        "content": "        }"
      },
      {
        "lineNumber": 73,
        "author": {
          "gitId": "limryan"
        },
        "content": "    }"
      },
      {
        "lineNumber": 74,
        "author": {
          "gitId": "limryan"
        },
        "content": ""
      },
      {
        "lineNumber": 75,
        "author": {
          "gitId": "limryan"
        },
        "content": "    private static void CreateTodo( ArrayList\u003cTask\u003e list, boolean markAsDone, String description) {"
      },
      {
        "lineNumber": 76,
        "author": {
          "gitId": "limryan"
        },
        "content": "        try {"
      },
      {
        "lineNumber": 77,
        "author": {
          "gitId": "limryan"
        },
        "content": "            list.add(new Todo(description.trim()));"
      },
      {
        "lineNumber": 78,
        "author": {
          "gitId": "limryan"
        },
        "content": "            WriteToFile(list);"
      },
      {
        "lineNumber": 79,
        "author": {
          "gitId": "-"
        },
        "content": "            System.out.println(\"    Got it. I\u0027ve added this task:\\n\" + \"      \""
      },
      {
        "lineNumber": 80,
        "author": {
          "gitId": "limryan"
        },
        "content": "                    + list.get(Task.totalItems-1).toString());"
      },
      {
        "lineNumber": 81,
        "author": {
          "gitId": "limryan"
        },
        "content": "            System.out.println(\"    Now you have \" + Task.totalItems + \" task(s) in the list.\");"
      },
      {
        "lineNumber": 82,
        "author": {
          "gitId": "limryan"
        },
        "content": "        } catch (NullPointerException e) {"
      },
      {
        "lineNumber": 83,
        "author": {
          "gitId": "limryan"
        },
        "content": "            System.out.println(\"    OOPS!!! The description of a todo cannot be empty.\");"
      },
      {
        "lineNumber": 84,
        "author": {
          "gitId": "limryan"
        },
        "content": "        } catch (IOException e) {"
      },
      {
        "lineNumber": 85,
        "author": {
          "gitId": "limryan"
        },
        "content": "            System.out.println(\"    Error in writing to file.\");"
      },
      {
        "lineNumber": 86,
        "author": {
          "gitId": "limryan"
        },
        "content": "        }"
      },
      {
        "lineNumber": 87,
        "author": {
          "gitId": "limryan"
        },
        "content": "    }"
      },
      {
        "lineNumber": 88,
        "author": {
          "gitId": "limryan"
        },
        "content": ""
      },
      {
        "lineNumber": 89,
        "author": {
          "gitId": "limryan"
        },
        "content": "    private static void CreateDeadline(ArrayList\u003cTask\u003e list, boolean markAsDone, String description, String date) {"
      },
      {
        "lineNumber": 90,
        "author": {
          "gitId": "limryan"
        },
        "content": "        try {"
      },
      {
        "lineNumber": 91,
        "author": {
          "gitId": "limryan"
        },
        "content": "            DateTimeFormatter formatter \u003d DateTimeFormatter.ofPattern(\"dd/MM/yyyy HHmm\");"
      },
      {
        "lineNumber": 92,
        "author": {
          "gitId": "limryan"
        },
        "content": "            LocalDateTime dateTime \u003d LocalDateTime.parse(date.trim().substring(4), formatter);"
      },
      {
        "lineNumber": 93,
        "author": {
          "gitId": "limryan"
        },
        "content": "            list.add(new Deadline(description.trim(), dateTime));"
      },
      {
        "lineNumber": 94,
        "author": {
          "gitId": "limryan"
        },
        "content": "            WriteToFile(list);"
      },
      {
        "lineNumber": 95,
        "author": {
          "gitId": "-"
        },
        "content": "            System.out.println(\"    Got it. I\u0027ve added this task:\\n\" + \"      \""
      },
      {
        "lineNumber": 96,
        "author": {
          "gitId": "limryan"
        },
        "content": "                    + list.get(Task.totalItems-1).toString());"
      },
      {
        "lineNumber": 97,
        "author": {
          "gitId": "limryan"
        },
        "content": "            System.out.println(\"    Now you have \" + Task.totalItems + \" task(s) in the list.\");"
      },
      {
        "lineNumber": 98,
        "author": {
          "gitId": "limryan"
        },
        "content": "        } catch (NullPointerException e) {"
      },
      {
        "lineNumber": 99,
        "author": {
          "gitId": "limryan"
        },
        "content": "            System.out.println(\"    OOPS!!! The description/date of a deadline cannot be empty.\");"
      },
      {
        "lineNumber": 100,
        "author": {
          "gitId": "limryan"
        },
        "content": "        } catch (IOException e) {"
      },
      {
        "lineNumber": 101,
        "author": {
          "gitId": "limryan"
        },
        "content": "            System.out.println(\"    Error in writing to file.\");"
      },
      {
        "lineNumber": 102,
        "author": {
          "gitId": "limryan"
        },
        "content": "        }"
      },
      {
        "lineNumber": 103,
        "author": {
          "gitId": "limryan"
        },
        "content": "    }"
      },
      {
        "lineNumber": 104,
        "author": {
          "gitId": "limryan"
        },
        "content": ""
      },
      {
        "lineNumber": 105,
        "author": {
          "gitId": "limryan"
        },
        "content": "    private static void CreateEvent(ArrayList\u003cTask\u003e list, boolean markAsDone, String description, String date) {"
      },
      {
        "lineNumber": 106,
        "author": {
          "gitId": "limryan"
        },
        "content": "        try {"
      },
      {
        "lineNumber": 107,
        "author": {
          "gitId": "limryan"
        },
        "content": "            DateTimeFormatter formatter \u003d DateTimeFormatter.ofPattern(\"dd/MM/yyyy HHmm\");"
      },
      {
        "lineNumber": 108,
        "author": {
          "gitId": "limryan"
        },
        "content": "            LocalDateTime dateTime \u003d LocalDateTime.parse(date.trim().substring(4), formatter);"
      },
      {
        "lineNumber": 109,
        "author": {
          "gitId": "limryan"
        },
        "content": "            list.add(new Event(description.trim(), dateTime));"
      },
      {
        "lineNumber": 110,
        "author": {
          "gitId": "limryan"
        },
        "content": "            WriteToFile(list);"
      },
      {
        "lineNumber": 111,
        "author": {
          "gitId": "-"
        },
        "content": "            System.out.println(\"    Got it. I\u0027ve added this task:\\n\" + \"      \""
      },
      {
        "lineNumber": 112,
        "author": {
          "gitId": "limryan"
        },
        "content": "                    + list.get(Task.totalItems-1).toString());"
      },
      {
        "lineNumber": 113,
        "author": {
          "gitId": "limryan"
        },
        "content": "            System.out.println(\"    Now you have \" + Task.totalItems + \" task(s) in the list.\");"
      },
      {
        "lineNumber": 114,
        "author": {
          "gitId": "limryan"
        },
        "content": "        } catch (NullPointerException e) {"
      },
      {
        "lineNumber": 115,
        "author": {
          "gitId": "limryan"
        },
        "content": "            System.out.println(\"    OOPS!!! The description/date of an event cannot be empty.\");"
      },
      {
        "lineNumber": 116,
        "author": {
          "gitId": "limryan"
        },
        "content": "        } catch (IOException e) {"
      },
      {
        "lineNumber": 117,
        "author": {
          "gitId": "limryan"
        },
        "content": "            System.out.println(\"    Error in writing to file.\");"
      },
      {
        "lineNumber": 118,
        "author": {
          "gitId": "limryan"
        },
        "content": "        }"
      },
      {
        "lineNumber": 119,
        "author": {
          "gitId": "limryan"
        },
        "content": "    }"
      },
      {
        "lineNumber": 120,
        "author": {
          "gitId": "limryan"
        },
        "content": ""
      },
      {
        "lineNumber": 121,
        "author": {
          "gitId": "limryan"
        },
        "content": "    private static void PrintList(ArrayList\u003cTask\u003e list) {"
      },
      {
        "lineNumber": 122,
        "author": {
          "gitId": "limryan"
        },
        "content": "        System.out.println(\"    Here are the tasks in your list:\");"
      },
      {
        "lineNumber": 123,
        "author": {
          "gitId": "limryan"
        },
        "content": "        for (int i \u003d 0; i \u003c Task.totalItems; i++) {"
      },
      {
        "lineNumber": 124,
        "author": {
          "gitId": "limryan"
        },
        "content": "            System.out.println(\"    \" + (i + 1) + \". \" + list.get(i).toString());"
      },
      {
        "lineNumber": 125,
        "author": {
          "gitId": "limryan"
        },
        "content": "        }"
      },
      {
        "lineNumber": 126,
        "author": {
          "gitId": "limryan"
        },
        "content": "    }"
      },
      {
        "lineNumber": 127,
        "author": {
          "gitId": "limryan"
        },
        "content": ""
      },
      {
        "lineNumber": 128,
        "author": {
          "gitId": "limryan"
        },
        "content": "    private static void MarkDone(ArrayList\u003cTask\u003elist, String description) {"
      },
      {
        "lineNumber": 129,
        "author": {
          "gitId": "limryan"
        },
        "content": "        try {"
      },
      {
        "lineNumber": 130,
        "author": {
          "gitId": "limryan"
        },
        "content": "            int item \u003d Integer.parseInt(description.trim());"
      },
      {
        "lineNumber": 131,
        "author": {
          "gitId": "limryan"
        },
        "content": "            list.get(item - 1).markAsDone();"
      },
      {
        "lineNumber": 132,
        "author": {
          "gitId": "limryan"
        },
        "content": "            WriteToFile(list);"
      },
      {
        "lineNumber": 133,
        "author": {
          "gitId": "-"
        },
        "content": "            System.out.println(\"    Nice! I\u0027ve marked this task as done:\");"
      },
      {
        "lineNumber": 134,
        "author": {
          "gitId": "limryan"
        },
        "content": "            System.out.println(\"      [\\u2713] \" + list.get(item - 1).description);"
      },
      {
        "lineNumber": 135,
        "author": {
          "gitId": "limryan"
        },
        "content": "        } catch (NullPointerException | NumberFormatException e) {"
      },
      {
        "lineNumber": 136,
        "author": {
          "gitId": "limryan"
        },
        "content": "            System.out.println(\"    OOPS!!! Please enter an item number.\");"
      },
      {
        "lineNumber": 137,
        "author": {
          "gitId": "limryan"
        },
        "content": "        } catch (IndexOutOfBoundsException e) {"
      },
      {
        "lineNumber": 138,
        "author": {
          "gitId": "limryan"
        },
        "content": "            System.out.println(\"    OOPS!!! Item not found.\");"
      },
      {
        "lineNumber": 139,
        "author": {
          "gitId": "limryan"
        },
        "content": "        } catch (IOException e) {"
      },
      {
        "lineNumber": 140,
        "author": {
          "gitId": "limryan"
        },
        "content": "            System.out.println(\"    Error. File not found.\");"
      },
      {
        "lineNumber": 141,
        "author": {
          "gitId": "limryan"
        },
        "content": "        }"
      },
      {
        "lineNumber": 142,
        "author": {
          "gitId": "limryan"
        },
        "content": "    }"
      },
      {
        "lineNumber": 143,
        "author": {
          "gitId": "limryan"
        },
        "content": ""
      },
      {
        "lineNumber": 144,
        "author": {
          "gitId": "limryan"
        },
        "content": "    private static void DeleteTask(ArrayList\u003cTask\u003e list, String description) {"
      },
      {
        "lineNumber": 145,
        "author": {
          "gitId": "limryan"
        },
        "content": "        try {"
      },
      {
        "lineNumber": 146,
        "author": {
          "gitId": "limryan"
        },
        "content": "            int item \u003d Integer.parseInt(description.trim());"
      },
      {
        "lineNumber": 147,
        "author": {
          "gitId": "limryan"
        },
        "content": "            String task \u003d list.get(item-1).toString();"
      },
      {
        "lineNumber": 148,
        "author": {
          "gitId": "limryan"
        },
        "content": "            list.remove(item-1);"
      },
      {
        "lineNumber": 149,
        "author": {
          "gitId": "limryan"
        },
        "content": "            Task.totalItems--;"
      },
      {
        "lineNumber": 150,
        "author": {
          "gitId": "limryan"
        },
        "content": "            WriteToFile(list);"
      },
      {
        "lineNumber": 151,
        "author": {
          "gitId": "limryan"
        },
        "content": "            System.out.println(\"    Noted. I\u0027ve removed this task:\\n\" + \"    \" + task);"
      },
      {
        "lineNumber": 152,
        "author": {
          "gitId": "limryan"
        },
        "content": "            System.out.println(\"    Now you have \" + list.size() + \" item(s) in your list.\");"
      },
      {
        "lineNumber": 153,
        "author": {
          "gitId": "limryan"
        },
        "content": "        } catch (NullPointerException | NumberFormatException e) {"
      },
      {
        "lineNumber": 154,
        "author": {
          "gitId": "limryan"
        },
        "content": "            System.out.println(\"    OOPS!!! Please enter an item number.\");"
      },
      {
        "lineNumber": 155,
        "author": {
          "gitId": "limryan"
        },
        "content": "        } catch (IndexOutOfBoundsException e) {"
      },
      {
        "lineNumber": 156,
        "author": {
          "gitId": "limryan"
        },
        "content": "            System.out.println(\"    OOPS!!! Item not found.\");"
      },
      {
        "lineNumber": 157,
        "author": {
          "gitId": "limryan"
        },
        "content": "        } catch (IOException e) {"
      },
      {
        "lineNumber": 158,
        "author": {
          "gitId": "limryan"
        },
        "content": "            System.out.println(\"    Error. File not found.\");"
      },
      {
        "lineNumber": 159,
        "author": {
          "gitId": "limryan"
        },
        "content": "        }"
      },
      {
        "lineNumber": 160,
        "author": {
          "gitId": "limryan"
        },
        "content": "    }"
      },
      {
        "lineNumber": 161,
        "author": {
          "gitId": "limryan"
        },
        "content": ""
      },
      {
        "lineNumber": 162,
        "author": {
          "gitId": "limryan"
        },
        "content": "    private static void Find (ArrayList\u003cTask\u003e list, String description) {"
      },
      {
        "lineNumber": 163,
        "author": {
          "gitId": "limryan"
        },
        "content": "        System.out.println(\"    Here are the matching tasks in your list:\");"
      },
      {
        "lineNumber": 164,
        "author": {
          "gitId": "limryan"
        },
        "content": "        int j \u003d 1;"
      },
      {
        "lineNumber": 165,
        "author": {
          "gitId": "limryan"
        },
        "content": "        for (int i \u003d 0; i \u003c list.size(); i++) {"
      },
      {
        "lineNumber": 166,
        "author": {
          "gitId": "limryan"
        },
        "content": "            if (list.get(i).description.contains(description.trim())) {"
      },
      {
        "lineNumber": 167,
        "author": {
          "gitId": "limryan"
        },
        "content": "                System.out.println(j + \". \" + list.get(i).toString());"
      },
      {
        "lineNumber": 168,
        "author": {
          "gitId": "limryan"
        },
        "content": "                j++;"
      },
      {
        "lineNumber": 169,
        "author": {
          "gitId": "limryan"
        },
        "content": "            }"
      },
      {
        "lineNumber": 170,
        "author": {
          "gitId": "limryan"
        },
        "content": "        }"
      },
      {
        "lineNumber": 171,
        "author": {
          "gitId": "limryan"
        },
        "content": "    }"
      },
      {
        "lineNumber": 172,
        "author": {
          "gitId": "limryan"
        },
        "content": ""
      },
      {
        "lineNumber": 173,
        "author": {
          "gitId": "limryan"
        },
        "content": "    private static void WriteToFile (ArrayList\u003cTask\u003e list) throws IOException {"
      },
      {
        "lineNumber": 174,
        "author": {
          "gitId": "limryan"
        },
        "content": "        File file \u003d new File(\"C:\\\\Users\\\\ryana\\\\Desktop\\\\2113_Project\\\\data\\\\duke.txt\");"
      },
      {
        "lineNumber": 175,
        "author": {
          "gitId": "limryan"
        },
        "content": "        FileWriter fileWriter \u003d new FileWriter(file.getAbsoluteFile());"
      },
      {
        "lineNumber": 176,
        "author": {
          "gitId": "limryan"
        },
        "content": "        BufferedWriter bufferedWriter \u003d new BufferedWriter(fileWriter);"
      },
      {
        "lineNumber": 177,
        "author": {
          "gitId": "limryan"
        },
        "content": "        for (int i \u003d 0; i \u003c Task.totalItems; i++) {"
      },
      {
        "lineNumber": 178,
        "author": {
          "gitId": "limryan"
        },
        "content": "            if (list.get(i) instanceof Todo) {"
      },
      {
        "lineNumber": 179,
        "author": {
          "gitId": "limryan"
        },
        "content": "                bufferedWriter.write(\"T | \" + list.get(i).getStatusIcon() + \" | \" + list.get(i).description + \" | \\n\");"
      },
      {
        "lineNumber": 180,
        "author": {
          "gitId": "limryan"
        },
        "content": "            } else if (list.get(i) instanceof Deadline) {"
      },
      {
        "lineNumber": 181,
        "author": {
          "gitId": "limryan"
        },
        "content": "                bufferedWriter.write(\"D | \" + list.get(i).getStatusIcon() + \" | \" + list.get(i).description + \" | \""
      },
      {
        "lineNumber": 182,
        "author": {
          "gitId": "limryan"
        },
        "content": "                        + list.get(i).date() + \"\\n\");"
      },
      {
        "lineNumber": 183,
        "author": {
          "gitId": "limryan"
        },
        "content": "            } else {"
      },
      {
        "lineNumber": 184,
        "author": {
          "gitId": "limryan"
        },
        "content": "                bufferedWriter.write(\"E | \" + list.get(i).getStatusIcon() + \" | \" + list.get(i).description + \" | \""
      },
      {
        "lineNumber": 185,
        "author": {
          "gitId": "limryan"
        },
        "content": "                        + list.get(i).date() + \"\\n\");"
      },
      {
        "lineNumber": 186,
        "author": {
          "gitId": "limryan"
        },
        "content": "            }"
      },
      {
        "lineNumber": 187,
        "author": {
          "gitId": "limryan"
        },
        "content": "        }"
      },
      {
        "lineNumber": 188,
        "author": {
          "gitId": "limryan"
        },
        "content": "        bufferedWriter.close();"
      },
      {
        "lineNumber": 189,
        "author": {
          "gitId": "limryan"
        },
        "content": "    }"
      },
      {
        "lineNumber": 190,
        "author": {
          "gitId": "limryan"
        },
        "content": ""
      },
      {
        "lineNumber": 191,
        "author": {
          "gitId": "limryan"
        },
        "content": "    private static void LoadFromFile (ArrayList\u003cTask\u003e list) throws IOException{"
      },
      {
        "lineNumber": 192,
        "author": {
          "gitId": "limryan"
        },
        "content": "        File file \u003d new File(\"C:\\\\Users\\\\ryana\\\\Desktop\\\\2113_Project\\\\data\\\\duke.txt\");"
      },
      {
        "lineNumber": 193,
        "author": {
          "gitId": "limryan"
        },
        "content": "        try (BufferedReader br \u003d new BufferedReader(new FileReader(file))) {"
      },
      {
        "lineNumber": 194,
        "author": {
          "gitId": "limryan"
        },
        "content": "            String line \u003d null;"
      },
      {
        "lineNumber": 195,
        "author": {
          "gitId": "limryan"
        },
        "content": "            while ((line \u003d br.readLine()) !\u003d null) {"
      },
      {
        "lineNumber": 196,
        "author": {
          "gitId": "limryan"
        },
        "content": "                StringTokenizer tokenizer \u003d new StringTokenizer(line, \"|\");"
      },
      {
        "lineNumber": 197,
        "author": {
          "gitId": "limryan"
        },
        "content": "                String event \u003d tokenizer.nextToken();"
      },
      {
        "lineNumber": 198,
        "author": {
          "gitId": "limryan"
        },
        "content": "                String Done \u003d tokenizer.nextToken();"
      },
      {
        "lineNumber": 199,
        "author": {
          "gitId": "limryan"
        },
        "content": "                String description \u003d tokenizer.nextToken();"
      },
      {
        "lineNumber": 200,
        "author": {
          "gitId": "limryan"
        },
        "content": "                String date \u003d tokenizer.nextToken();"
      },
      {
        "lineNumber": 201,
        "author": {
          "gitId": "limryan"
        },
        "content": "                LocalDateTime dateTime \u003d null;"
      },
      {
        "lineNumber": 202,
        "author": {
          "gitId": "limryan"
        },
        "content": "                if (!(event.trim().equals(\"T\"))) {"
      },
      {
        "lineNumber": 203,
        "author": {
          "gitId": "limryan"
        },
        "content": "                    DateTimeFormatter formatter \u003d DateTimeFormatter.ofPattern(\"dd/MM/yyyy HHmm\");"
      },
      {
        "lineNumber": 204,
        "author": {
          "gitId": "limryan"
        },
        "content": "                    dateTime \u003d LocalDateTime.parse(date.trim(), formatter);"
      },
      {
        "lineNumber": 205,
        "author": {
          "gitId": "limryan"
        },
        "content": "                }"
      },
      {
        "lineNumber": 206,
        "author": {
          "gitId": "limryan"
        },
        "content": "                switch (event.trim()) {"
      },
      {
        "lineNumber": 207,
        "author": {
          "gitId": "limryan"
        },
        "content": "                    case \"T\":"
      },
      {
        "lineNumber": 208,
        "author": {
          "gitId": "limryan"
        },
        "content": "                        list.add(new Todo (description.trim()));"
      },
      {
        "lineNumber": 209,
        "author": {
          "gitId": "limryan"
        },
        "content": "                        if (Done.trim().equals(\"\\u2713\")) list.get(Task.totalItems-1).markAsDone();"
      },
      {
        "lineNumber": 210,
        "author": {
          "gitId": "limryan"
        },
        "content": "                        break;"
      },
      {
        "lineNumber": 211,
        "author": {
          "gitId": "limryan"
        },
        "content": "                    case \"D\":"
      },
      {
        "lineNumber": 212,
        "author": {
          "gitId": "limryan"
        },
        "content": "                        list.add(new Deadline(description.trim(), dateTime));"
      },
      {
        "lineNumber": 213,
        "author": {
          "gitId": "limryan"
        },
        "content": "                        if (Done.trim().equals(\"\\u2713\")) list.get(Task.totalItems-1).markAsDone();"
      },
      {
        "lineNumber": 214,
        "author": {
          "gitId": "limryan"
        },
        "content": "                        break;"
      },
      {
        "lineNumber": 215,
        "author": {
          "gitId": "limryan"
        },
        "content": "                    case \"E\":"
      },
      {
        "lineNumber": 216,
        "author": {
          "gitId": "limryan"
        },
        "content": "                        list.add(new Event(description.trim(), dateTime));"
      },
      {
        "lineNumber": 217,
        "author": {
          "gitId": "limryan"
        },
        "content": "                        if (Done.trim().equals(\"\\u2713\")) list.get(Task.totalItems-1).markAsDone();"
      },
      {
        "lineNumber": 218,
        "author": {
          "gitId": "-"
        },
        "content": "                        break;"
      },
      {
        "lineNumber": 219,
        "author": {
          "gitId": "-"
        },
        "content": "                    default:"
      },
      {
        "lineNumber": 220,
        "author": {
          "gitId": "limryan"
        },
        "content": "                        System.out.println(\"    ERROR \" + event);"
      },
      {
        "lineNumber": 221,
        "author": {
          "gitId": "limryan"
        },
        "content": "                }"
      },
      {
        "lineNumber": 222,
        "author": {
          "gitId": "-"
        },
        "content": "            }"
      },
      {
        "lineNumber": 223,
        "author": {
          "gitId": "-"
        },
        "content": "        }"
      },
      {
        "lineNumber": 224,
        "author": {
          "gitId": "-"
        },
        "content": "    }"
      },
      {
        "lineNumber": 225,
        "author": {
          "gitId": "-"
        },
        "content": "}"
      }
    ],
    "authorContributionMap": {
      "limryan": 178,
      "-": 47
    }
  },
  {
    "path": "src/main/java/DukeException.java",
    "lines": [
      {
        "lineNumber": 1,
        "author": {
          "gitId": "limryan"
        },
        "content": "public class DukeException  extends Exception{"
      },
      {
        "lineNumber": 2,
        "author": {
          "gitId": "limryan"
        },
        "content": "    public DukeException(String errorMessage){"
      },
      {
        "lineNumber": 3,
        "author": {
          "gitId": "limryan"
        },
        "content": "        super(errorMessage);"
      },
      {
        "lineNumber": 4,
        "author": {
          "gitId": "limryan"
        },
        "content": "    }"
      },
      {
        "lineNumber": 5,
        "author": {
          "gitId": "limryan"
        },
        "content": "}"
      }
    ],
    "authorContributionMap": {
      "limryan": 5
    }
  },
  {
    "path": "src/main/java/Event.java",
    "lines": [
      {
        "lineNumber": 1,
        "author": {
          "gitId": "limryan"
        },
        "content": "import java.time.LocalDateTime;"
      },
      {
        "lineNumber": 2,
        "author": {
          "gitId": "limryan"
        },
        "content": "import java.time.format.DateTimeFormatter;"
      },
      {
        "lineNumber": 3,
        "author": {
          "gitId": "limryan"
        },
        "content": ""
      },
      {
        "lineNumber": 4,
        "author": {
          "gitId": "-"
        },
        "content": "public class Event extends Task{"
      },
      {
        "lineNumber": 5,
        "author": {
          "gitId": "-"
        },
        "content": "    protected String at;"
      },
      {
        "lineNumber": 6,
        "author": {
          "gitId": "limryan"
        },
        "content": "    protected LocalDateTime dateTime;"
      },
      {
        "lineNumber": 7,
        "author": {
          "gitId": "-"
        },
        "content": ""
      },
      {
        "lineNumber": 8,
        "author": {
          "gitId": "limryan"
        },
        "content": "    public Event(String description, LocalDateTime dateTime) {"
      },
      {
        "lineNumber": 9,
        "author": {
          "gitId": "-"
        },
        "content": "        super(description);"
      },
      {
        "lineNumber": 10,
        "author": {
          "gitId": "limryan"
        },
        "content": "        this.dateTime \u003d dateTime;"
      },
      {
        "lineNumber": 11,
        "author": {
          "gitId": "-"
        },
        "content": "    }"
      },
      {
        "lineNumber": 12,
        "author": {
          "gitId": "-"
        },
        "content": ""
      },
      {
        "lineNumber": 13,
        "author": {
          "gitId": "limryan"
        },
        "content": "    public String date() {"
      },
      {
        "lineNumber": 14,
        "author": {
          "gitId": "limryan"
        },
        "content": "        at \u003d dateTime.format(DateTimeFormatter.ofPattern(\"dd/MM/yyyy HHmm\"));"
      },
      {
        "lineNumber": 15,
        "author": {
          "gitId": "limryan"
        },
        "content": "        return at;"
      },
      {
        "lineNumber": 16,
        "author": {
          "gitId": "limryan"
        },
        "content": "    }"
      },
      {
        "lineNumber": 17,
        "author": {
          "gitId": "limryan"
        },
        "content": ""
      },
      {
        "lineNumber": 18,
        "author": {
          "gitId": "-"
        },
        "content": "    @Override"
      },
      {
        "lineNumber": 19,
        "author": {
          "gitId": "-"
        },
        "content": "    public String toString() {"
      },
      {
        "lineNumber": 20,
        "author": {
          "gitId": "limryan"
        },
        "content": "        return \"[E][\" + super.getStatusIcon() + \"] \" + super.description + \" (at: \" + date() + \")\";"
      },
      {
        "lineNumber": 21,
        "author": {
          "gitId": "-"
        },
        "content": "    }"
      },
      {
        "lineNumber": 22,
        "author": {
          "gitId": "-"
        },
        "content": "}"
      }
    ],
    "authorContributionMap": {
      "limryan": 12,
      "-": 10
    }
  },
  {
    "path": "src/main/java/Task.java",
    "lines": [
      {
        "lineNumber": 1,
        "author": {
          "gitId": "limryan"
        },
        "content": "public abstract class Task {"
      },
      {
        "lineNumber": 2,
        "author": {
          "gitId": "-"
        },
        "content": "    protected String description;"
      },
      {
        "lineNumber": 3,
        "author": {
          "gitId": "-"
        },
        "content": "    protected boolean isDone;"
      },
      {
        "lineNumber": 4,
        "author": {
          "gitId": "limryan"
        },
        "content": "    protected static int totalItems \u003d 0;"
      },
      {
        "lineNumber": 5,
        "author": {
          "gitId": "-"
        },
        "content": ""
      },
      {
        "lineNumber": 6,
        "author": {
          "gitId": "-"
        },
        "content": "    public Task(String description) {"
      },
      {
        "lineNumber": 7,
        "author": {
          "gitId": "-"
        },
        "content": "        this.description \u003d description;"
      },
      {
        "lineNumber": 8,
        "author": {
          "gitId": "-"
        },
        "content": "        this.isDone \u003d false;"
      },
      {
        "lineNumber": 9,
        "author": {
          "gitId": "limryan"
        },
        "content": "        totalItems++;"
      },
      {
        "lineNumber": 10,
        "author": {
          "gitId": "-"
        },
        "content": "    }"
      },
      {
        "lineNumber": 11,
        "author": {
          "gitId": "-"
        },
        "content": ""
      },
      {
        "lineNumber": 12,
        "author": {
          "gitId": "-"
        },
        "content": "    public void markAsDone() {"
      },
      {
        "lineNumber": 13,
        "author": {
          "gitId": "-"
        },
        "content": "        this.isDone \u003d true;"
      },
      {
        "lineNumber": 14,
        "author": {
          "gitId": "-"
        },
        "content": "    }"
      },
      {
        "lineNumber": 15,
        "author": {
          "gitId": "-"
        },
        "content": ""
      },
      {
        "lineNumber": 16,
        "author": {
          "gitId": "limryan"
        },
        "content": "    public String date() {"
      },
      {
        "lineNumber": 17,
        "author": {
          "gitId": "limryan"
        },
        "content": "        return this.date();"
      },
      {
        "lineNumber": 18,
        "author": {
          "gitId": "limryan"
        },
        "content": "    }"
      },
      {
        "lineNumber": 19,
        "author": {
          "gitId": "limryan"
        },
        "content": ""
      },
      {
        "lineNumber": 20,
        "author": {
          "gitId": "-"
        },
        "content": "    public String getStatusIcon() {"
      },
      {
        "lineNumber": 21,
        "author": {
          "gitId": "-"
        },
        "content": "        return (isDone ? \"\\u2713\" : \"\\u2718\"); //return tick or X symbols"
      },
      {
        "lineNumber": 22,
        "author": {
          "gitId": "-"
        },
        "content": "    }"
      },
      {
        "lineNumber": 23,
        "author": {
          "gitId": "-"
        },
        "content": "}"
      }
    ],
    "authorContributionMap": {
      "limryan": 7,
      "-": 16
    }
  }
]
