[
  {
    "path": "src/main/java/Deadline.java",
    "fileType": "java",
    "lines": [
      {
        "lineNumber": 1,
        "author": {
          "gitId": "kkeejjuunn"
        },
        "content": "import java.util.Date;"
      },
      {
        "lineNumber": 2,
        "author": {
          "gitId": "kkeejjuunn"
        },
        "content": ""
      },
      {
        "lineNumber": 3,
        "author": {
          "gitId": "kkeejjuunn"
        },
        "content": "public class Deadline extends Task {"
      },
      {
        "lineNumber": 4,
        "author": {
          "gitId": "kkeejjuunn"
        },
        "content": "    protected Date by;"
      },
      {
        "lineNumber": 5,
        "author": {
          "gitId": "kkeejjuunn"
        },
        "content": ""
      },
      {
        "lineNumber": 6,
        "author": {
          "gitId": "kkeejjuunn"
        },
        "content": "    public Deadline(String description, Date by) {"
      },
      {
        "lineNumber": 7,
        "author": {
          "gitId": "kkeejjuunn"
        },
        "content": "        super(description);"
      },
      {
        "lineNumber": 8,
        "author": {
          "gitId": "kkeejjuunn"
        },
        "content": "        this.by \u003d by;"
      },
      {
        "lineNumber": 9,
        "author": {
          "gitId": "kkeejjuunn"
        },
        "content": "    }"
      },
      {
        "lineNumber": 10,
        "author": {
          "gitId": "kkeejjuunn"
        },
        "content": ""
      },
      {
        "lineNumber": 11,
        "author": {
          "gitId": "kkeejjuunn"
        },
        "content": "    public String toString() {"
      },
      {
        "lineNumber": 12,
        "author": {
          "gitId": "kkeejjuunn"
        },
        "content": "        return \"[D]\" + super.toString() + \" (by:\" + by + \")\";"
      },
      {
        "lineNumber": 13,
        "author": {
          "gitId": "kkeejjuunn"
        },
        "content": "    }"
      },
      {
        "lineNumber": 14,
        "author": {
          "gitId": "kkeejjuunn"
        },
        "content": "}"
      }
    ],
    "authorContributionMap": {
      "kkeejjuunn": 14
    }
  },
  {
    "path": "src/main/java/Duke.java",
    "fileType": "java",
    "lines": [
      {
        "lineNumber": 1,
        "author": {
          "gitId": "kkeejjuunn"
        },
        "content": "import java.io.IOException;"
      },
      {
        "lineNumber": 2,
        "author": {
          "gitId": "kkeejjuunn"
        },
        "content": "import java.text.DateFormat;"
      },
      {
        "lineNumber": 3,
        "author": {
          "gitId": "kkeejjuunn"
        },
        "content": "import java.text.ParseException;"
      },
      {
        "lineNumber": 4,
        "author": {
          "gitId": "kkeejjuunn"
        },
        "content": "import java.text.SimpleDateFormat;"
      },
      {
        "lineNumber": 5,
        "author": {
          "gitId": "kkeejjuunn"
        },
        "content": "import java.util.ArrayList;"
      },
      {
        "lineNumber": 6,
        "author": {
          "gitId": "kkeejjuunn"
        },
        "content": "import java.util.Date;"
      },
      {
        "lineNumber": 7,
        "author": {
          "gitId": "kkeejjuunn"
        },
        "content": "import java.util.Scanner;"
      },
      {
        "lineNumber": 8,
        "author": {
          "gitId": "kkeejjuunn"
        },
        "content": ""
      },
      {
        "lineNumber": 9,
        "author": {
          "gitId": "-"
        },
        "content": "public class Duke {"
      },
      {
        "lineNumber": 10,
        "author": {
          "gitId": "kkeejjuunn"
        },
        "content": "    /**"
      },
      {
        "lineNumber": 11,
        "author": {
          "gitId": "kkeejjuunn"
        },
        "content": "     *"
      },
      {
        "lineNumber": 12,
        "author": {
          "gitId": "kkeejjuunn"
        },
        "content": "     * @param args"
      },
      {
        "lineNumber": 13,
        "author": {
          "gitId": "kkeejjuunn"
        },
        "content": "     */"
      },
      {
        "lineNumber": 14,
        "author": {
          "gitId": "kkeejjuunn"
        },
        "content": "    public static void main(String[] args) throws IOException {"
      },
      {
        "lineNumber": 15,
        "author": {
          "gitId": "kkeejjuunn"
        },
        "content": "        String file_name \u003d \"data/duke.txt\";"
      },
      {
        "lineNumber": 16,
        "author": {
          "gitId": "kkeejjuunn"
        },
        "content": ""
      },
      {
        "lineNumber": 17,
        "author": {
          "gitId": "-"
        },
        "content": "        String logo \u003d \" ____        _        \\n\""
      },
      {
        "lineNumber": 18,
        "author": {
          "gitId": "-"
        },
        "content": "                + \"|  _ \\\\ _   _| | _____ \\n\""
      },
      {
        "lineNumber": 19,
        "author": {
          "gitId": "-"
        },
        "content": "                + \"| | | | | | | |/ / _ \\\\\\n\""
      },
      {
        "lineNumber": 20,
        "author": {
          "gitId": "-"
        },
        "content": "                + \"| |_| | |_| |   \u003c  __/\\n\""
      },
      {
        "lineNumber": 21,
        "author": {
          "gitId": "-"
        },
        "content": "                + \"|____/ \\\\__,_|_|\\\\_\\\\___|\\n\";"
      },
      {
        "lineNumber": 22,
        "author": {
          "gitId": "-"
        },
        "content": "        System.out.println(\"Hello from\\n\" + logo);"
      },
      {
        "lineNumber": 23,
        "author": {
          "gitId": "kkeejjuunn"
        },
        "content": ""
      },
      {
        "lineNumber": 24,
        "author": {
          "gitId": "kkeejjuunn"
        },
        "content": "        //ArrayList\u003cString\u003e lists \u003d new ArrayList\u003cString\u003e();"
      },
      {
        "lineNumber": 25,
        "author": {
          "gitId": "kkeejjuunn"
        },
        "content": "        ArrayList\u003cTask\u003e lists \u003d new ArrayList\u003cTask\u003e();"
      },
      {
        "lineNumber": 26,
        "author": {
          "gitId": "kkeejjuunn"
        },
        "content": ""
      },
      {
        "lineNumber": 27,
        "author": {
          "gitId": "kkeejjuunn"
        },
        "content": "        System.out.println(\"___________________________________________\");"
      },
      {
        "lineNumber": 28,
        "author": {
          "gitId": "kkeejjuunn"
        },
        "content": ""
      },
      {
        "lineNumber": 29,
        "author": {
          "gitId": "kkeejjuunn"
        },
        "content": "        System.out.println(\"Hello! I am Duke\\nWhat can I do do for you?\");"
      },
      {
        "lineNumber": 30,
        "author": {
          "gitId": "kkeejjuunn"
        },
        "content": ""
      },
      {
        "lineNumber": 31,
        "author": {
          "gitId": "kkeejjuunn"
        },
        "content": "        System.out.println(\"___________________________________________\");"
      },
      {
        "lineNumber": 32,
        "author": {
          "gitId": "kkeejjuunn"
        },
        "content": ""
      },
      {
        "lineNumber": 33,
        "author": {
          "gitId": "kkeejjuunn"
        },
        "content": "        //read file from duke.txt"
      },
      {
        "lineNumber": 34,
        "author": {
          "gitId": "kkeejjuunn"
        },
        "content": "        try{"
      },
      {
        "lineNumber": 35,
        "author": {
          "gitId": "kkeejjuunn"
        },
        "content": "            ReadFile file \u003d new ReadFile(file_name);"
      },
      {
        "lineNumber": 36,
        "author": {
          "gitId": "kkeejjuunn"
        },
        "content": "            String[] aryLines \u003d file.OpenFile();"
      },
      {
        "lineNumber": 37,
        "author": {
          "gitId": "kkeejjuunn"
        },
        "content": ""
      },
      {
        "lineNumber": 38,
        "author": {
          "gitId": "kkeejjuunn"
        },
        "content": "            for (int i\u003d0; i\u003caryLines.length;i++){"
      },
      {
        "lineNumber": 39,
        "author": {
          "gitId": "kkeejjuunn"
        },
        "content": "                String individualTask \u003d aryLines[i];"
      },
      {
        "lineNumber": 40,
        "author": {
          "gitId": "kkeejjuunn"
        },
        "content": "                String[] taskToBeRead \u003d individualTask.split(\" \\\\| \");"
      },
      {
        "lineNumber": 41,
        "author": {
          "gitId": "kkeejjuunn"
        },
        "content": "                DateFormat df \u003d new SimpleDateFormat(\"dd/MM/yyyy HHmm\");"
      },
      {
        "lineNumber": 42,
        "author": {
          "gitId": "kkeejjuunn"
        },
        "content": "                switch (taskToBeRead[0]){"
      },
      {
        "lineNumber": 43,
        "author": {
          "gitId": "kkeejjuunn"
        },
        "content": "                    case \"T\":"
      },
      {
        "lineNumber": 44,
        "author": {
          "gitId": "kkeejjuunn"
        },
        "content": "                        lists.add(new Todo(taskToBeRead[2]));"
      },
      {
        "lineNumber": 45,
        "author": {
          "gitId": "kkeejjuunn"
        },
        "content": "                        if (taskToBeRead[1] \u003d\u003d \"1\"){"
      },
      {
        "lineNumber": 46,
        "author": {
          "gitId": "kkeejjuunn"
        },
        "content": "                            Task t \u003d lists.get(i);"
      },
      {
        "lineNumber": 47,
        "author": {
          "gitId": "kkeejjuunn"
        },
        "content": "                            t.isDone \u003d true;"
      },
      {
        "lineNumber": 48,
        "author": {
          "gitId": "kkeejjuunn"
        },
        "content": "                            System.out.println(\"[T][\\u2713] \" + taskToBeRead[2]);"
      },
      {
        "lineNumber": 49,
        "author": {
          "gitId": "kkeejjuunn"
        },
        "content": "                        }"
      },
      {
        "lineNumber": 50,
        "author": {
          "gitId": "kkeejjuunn"
        },
        "content": "                        else{"
      },
      {
        "lineNumber": 51,
        "author": {
          "gitId": "kkeejjuunn"
        },
        "content": "                            System.out.println(\"[T][\\u2718] \" + taskToBeRead[2]);"
      },
      {
        "lineNumber": 52,
        "author": {
          "gitId": "kkeejjuunn"
        },
        "content": "                        }"
      },
      {
        "lineNumber": 53,
        "author": {
          "gitId": "kkeejjuunn"
        },
        "content": "                        break;"
      },
      {
        "lineNumber": 54,
        "author": {
          "gitId": "kkeejjuunn"
        },
        "content": "                    case \"D\":"
      },
      {
        "lineNumber": 55,
        "author": {
          "gitId": "kkeejjuunn"
        },
        "content": "                        Date by \u003d df.parse(taskToBeRead[3]);"
      },
      {
        "lineNumber": 56,
        "author": {
          "gitId": "kkeejjuunn"
        },
        "content": "                        lists.add(new Deadline(taskToBeRead[2],by));"
      },
      {
        "lineNumber": 57,
        "author": {
          "gitId": "kkeejjuunn"
        },
        "content": "                        if (taskToBeRead[1] \u003d\u003d \"1\"){"
      },
      {
        "lineNumber": 58,
        "author": {
          "gitId": "kkeejjuunn"
        },
        "content": "                            Task t \u003d lists.get(i);"
      },
      {
        "lineNumber": 59,
        "author": {
          "gitId": "kkeejjuunn"
        },
        "content": "                            t.isDone \u003d true;"
      },
      {
        "lineNumber": 60,
        "author": {
          "gitId": "kkeejjuunn"
        },
        "content": "                            System.out.println(\"[D][\\u2713] \" + taskToBeRead[2] + \" (by: \" + taskToBeRead[3] + \")\");"
      },
      {
        "lineNumber": 61,
        "author": {
          "gitId": "kkeejjuunn"
        },
        "content": "                        }"
      },
      {
        "lineNumber": 62,
        "author": {
          "gitId": "kkeejjuunn"
        },
        "content": "                        else{"
      },
      {
        "lineNumber": 63,
        "author": {
          "gitId": "kkeejjuunn"
        },
        "content": "                            System.out.println(\"[D][\\u2718] \" + taskToBeRead[2] + \" (by: \" + taskToBeRead[3] + \")\");"
      },
      {
        "lineNumber": 64,
        "author": {
          "gitId": "kkeejjuunn"
        },
        "content": "                        }"
      },
      {
        "lineNumber": 65,
        "author": {
          "gitId": "kkeejjuunn"
        },
        "content": "                        break;"
      },
      {
        "lineNumber": 66,
        "author": {
          "gitId": "kkeejjuunn"
        },
        "content": "                    case \"E\":"
      },
      {
        "lineNumber": 67,
        "author": {
          "gitId": "kkeejjuunn"
        },
        "content": "                        Date at \u003d df.parse(taskToBeRead[3]);"
      },
      {
        "lineNumber": 68,
        "author": {
          "gitId": "kkeejjuunn"
        },
        "content": "                        lists.add(new Event(taskToBeRead[2],at));"
      },
      {
        "lineNumber": 69,
        "author": {
          "gitId": "kkeejjuunn"
        },
        "content": "                        if (taskToBeRead[1] \u003d\u003d \"1\"){"
      },
      {
        "lineNumber": 70,
        "author": {
          "gitId": "kkeejjuunn"
        },
        "content": "                            Task t \u003d lists.get(i);"
      },
      {
        "lineNumber": 71,
        "author": {
          "gitId": "kkeejjuunn"
        },
        "content": "                            t.isDone \u003d true;"
      },
      {
        "lineNumber": 72,
        "author": {
          "gitId": "kkeejjuunn"
        },
        "content": "                            System.out.println(\"[E][\\u2713] \" + taskToBeRead[2] + \" (at: \" + taskToBeRead[3] + \")\");"
      },
      {
        "lineNumber": 73,
        "author": {
          "gitId": "kkeejjuunn"
        },
        "content": "                        }"
      },
      {
        "lineNumber": 74,
        "author": {
          "gitId": "kkeejjuunn"
        },
        "content": "                        else{"
      },
      {
        "lineNumber": 75,
        "author": {
          "gitId": "kkeejjuunn"
        },
        "content": "                            System.out.println(\"[E][\\u2718] \" + taskToBeRead[2] + \" (at: \" + taskToBeRead[3] + \")\");"
      },
      {
        "lineNumber": 76,
        "author": {
          "gitId": "kkeejjuunn"
        },
        "content": "                        }"
      },
      {
        "lineNumber": 77,
        "author": {
          "gitId": "kkeejjuunn"
        },
        "content": "                        break;"
      },
      {
        "lineNumber": 78,
        "author": {
          "gitId": "kkeejjuunn"
        },
        "content": "                }"
      },
      {
        "lineNumber": 79,
        "author": {
          "gitId": "kkeejjuunn"
        },
        "content": "            }"
      },
      {
        "lineNumber": 80,
        "author": {
          "gitId": "kkeejjuunn"
        },
        "content": "        }catch (IOException | ParseException e){"
      },
      {
        "lineNumber": 81,
        "author": {
          "gitId": "kkeejjuunn"
        },
        "content": "            System.out.println(e.getMessage());"
      },
      {
        "lineNumber": 82,
        "author": {
          "gitId": "kkeejjuunn"
        },
        "content": "        }"
      },
      {
        "lineNumber": 83,
        "author": {
          "gitId": "kkeejjuunn"
        },
        "content": ""
      },
      {
        "lineNumber": 84,
        "author": {
          "gitId": "kkeejjuunn"
        },
        "content": "        Scanner input \u003d new Scanner(System.in);"
      },
      {
        "lineNumber": 85,
        "author": {
          "gitId": "kkeejjuunn"
        },
        "content": ""
      },
      {
        "lineNumber": 86,
        "author": {
          "gitId": "kkeejjuunn"
        },
        "content": "        String command \u003d input.nextLine();"
      },
      {
        "lineNumber": 87,
        "author": {
          "gitId": "kkeejjuunn"
        },
        "content": ""
      },
      {
        "lineNumber": 88,
        "author": {
          "gitId": "kkeejjuunn"
        },
        "content": "        while(!command.equals(\"bye\")){"
      },
      {
        "lineNumber": 89,
        "author": {
          "gitId": "kkeejjuunn"
        },
        "content": "            if(!command.equals(\"list\")){"
      },
      {
        "lineNumber": 90,
        "author": {
          "gitId": "kkeejjuunn"
        },
        "content": "                //input is done"
      },
      {
        "lineNumber": 91,
        "author": {
          "gitId": "kkeejjuunn"
        },
        "content": "                if (command.substring(0, 4).equals(\"done\")){"
      },
      {
        "lineNumber": 92,
        "author": {
          "gitId": "kkeejjuunn"
        },
        "content": "                    String[] specificCommand \u003d command.split(\" \");"
      },
      {
        "lineNumber": 93,
        "author": {
          "gitId": "kkeejjuunn"
        },
        "content": "                    int index \u003d Integer.parseInt(specificCommand[1]) - 1;"
      },
      {
        "lineNumber": 94,
        "author": {
          "gitId": "kkeejjuunn"
        },
        "content": "                    Task t \u003d lists.get(index);"
      },
      {
        "lineNumber": 95,
        "author": {
          "gitId": "kkeejjuunn"
        },
        "content": "                    t.isDone \u003d true;"
      },
      {
        "lineNumber": 96,
        "author": {
          "gitId": "kkeejjuunn"
        },
        "content": "                    System.out.println(\"___________________________________________\");"
      },
      {
        "lineNumber": 97,
        "author": {
          "gitId": "kkeejjuunn"
        },
        "content": "                    System.out.println(\"Nice! I\u0027ve marked this task as done:\");"
      },
      {
        "lineNumber": 98,
        "author": {
          "gitId": "kkeejjuunn"
        },
        "content": "                    System.out.println(\"  [\" + lists.get(index).isDone + \"] \" + lists.get(index).description);"
      },
      {
        "lineNumber": 99,
        "author": {
          "gitId": "kkeejjuunn"
        },
        "content": "                    System.out.println(\"___________________________________________\");"
      },
      {
        "lineNumber": 100,
        "author": {
          "gitId": "kkeejjuunn"
        },
        "content": "                }"
      },
      {
        "lineNumber": 101,
        "author": {
          "gitId": "kkeejjuunn"
        },
        "content": "                else{"
      },
      {
        "lineNumber": 102,
        "author": {
          "gitId": "kkeejjuunn"
        },
        "content": "                    System.out.println(\"___________________________________________\");"
      },
      {
        "lineNumber": 103,
        "author": {
          "gitId": "kkeejjuunn"
        },
        "content": "                    if (!command.startsWith(\"todo\") \u0026\u0026 !command.startsWith(\"deadline\") \u0026\u0026 !command.startsWith(\"event\")){"
      },
      {
        "lineNumber": 104,
        "author": {
          "gitId": "kkeejjuunn"
        },
        "content": "                        try{"
      },
      {
        "lineNumber": 105,
        "author": {
          "gitId": "kkeejjuunn"
        },
        "content": "                            throw new DukeException(\"☹ OOPS!!! I\u0027m sorry, but I don\u0027t know what that means :-(\");"
      },
      {
        "lineNumber": 106,
        "author": {
          "gitId": "kkeejjuunn"
        },
        "content": "                        }catch(DukeException e){"
      },
      {
        "lineNumber": 107,
        "author": {
          "gitId": "kkeejjuunn"
        },
        "content": "                            e.printStackTrace();"
      },
      {
        "lineNumber": 108,
        "author": {
          "gitId": "kkeejjuunn"
        },
        "content": "                        }"
      },
      {
        "lineNumber": 109,
        "author": {
          "gitId": "kkeejjuunn"
        },
        "content": "                    }"
      },
      {
        "lineNumber": 110,
        "author": {
          "gitId": "kkeejjuunn"
        },
        "content": "                    else{"
      },
      {
        "lineNumber": 111,
        "author": {
          "gitId": "kkeejjuunn"
        },
        "content": "                        try{"
      },
      {
        "lineNumber": 112,
        "author": {
          "gitId": "kkeejjuunn"
        },
        "content": "                            WriteFile data \u003d new WriteFile(file_name, true);"
      },
      {
        "lineNumber": 113,
        "author": {
          "gitId": "kkeejjuunn"
        },
        "content": "                            String taskToBeWritten;"
      },
      {
        "lineNumber": 114,
        "author": {
          "gitId": "kkeejjuunn"
        },
        "content": ""
      },
      {
        "lineNumber": 115,
        "author": {
          "gitId": "kkeejjuunn"
        },
        "content": "                            if (command.startsWith(\"todo\")){"
      },
      {
        "lineNumber": 116,
        "author": {
          "gitId": "kkeejjuunn"
        },
        "content": "                                if (command.length() \u003c 6){"
      },
      {
        "lineNumber": 117,
        "author": {
          "gitId": "kkeejjuunn"
        },
        "content": "                                    try{"
      },
      {
        "lineNumber": 118,
        "author": {
          "gitId": "kkeejjuunn"
        },
        "content": "                                        throw new DukeException(\"☹ OOPS!!! The description of a todo cannot be empty.\");"
      },
      {
        "lineNumber": 119,
        "author": {
          "gitId": "kkeejjuunn"
        },
        "content": "                                    }catch(DukeException e){"
      },
      {
        "lineNumber": 120,
        "author": {
          "gitId": "kkeejjuunn"
        },
        "content": "                                        e.printStackTrace();"
      },
      {
        "lineNumber": 121,
        "author": {
          "gitId": "kkeejjuunn"
        },
        "content": "                                    }"
      },
      {
        "lineNumber": 122,
        "author": {
          "gitId": "kkeejjuunn"
        },
        "content": "                                }"
      },
      {
        "lineNumber": 123,
        "author": {
          "gitId": "kkeejjuunn"
        },
        "content": "                                else{"
      },
      {
        "lineNumber": 124,
        "author": {
          "gitId": "kkeejjuunn"
        },
        "content": "                                    command \u003d command.substring(5);"
      },
      {
        "lineNumber": 125,
        "author": {
          "gitId": "kkeejjuunn"
        },
        "content": "                                    lists.add(new Todo(command));"
      },
      {
        "lineNumber": 126,
        "author": {
          "gitId": "kkeejjuunn"
        },
        "content": "                                    System.out.println(\"Got it. I\u0027ve added this task:\");"
      },
      {
        "lineNumber": 127,
        "author": {
          "gitId": "kkeejjuunn"
        },
        "content": "                                    System.out.println(\"  [T][\" + lists.get(lists.size()-1).getStatusIcon() + \"] \" + lists.get(lists.size()-1).description);"
      },
      {
        "lineNumber": 128,
        "author": {
          "gitId": "kkeejjuunn"
        },
        "content": "                                    taskToBeWritten \u003d \"T | 0 | \" + command;"
      },
      {
        "lineNumber": 129,
        "author": {
          "gitId": "kkeejjuunn"
        },
        "content": "                                    data.writeToFile(taskToBeWritten);"
      },
      {
        "lineNumber": 130,
        "author": {
          "gitId": "kkeejjuunn"
        },
        "content": "                                }"
      },
      {
        "lineNumber": 131,
        "author": {
          "gitId": "kkeejjuunn"
        },
        "content": "                            }"
      },
      {
        "lineNumber": 132,
        "author": {
          "gitId": "kkeejjuunn"
        },
        "content": "                            else if (command.startsWith(\"deadline\")){"
      },
      {
        "lineNumber": 133,
        "author": {
          "gitId": "kkeejjuunn"
        },
        "content": "                                command \u003d command.substring(9);"
      },
      {
        "lineNumber": 134,
        "author": {
          "gitId": "kkeejjuunn"
        },
        "content": "                                String[] deadlineCommand \u003d command.split(\" /by \");"
      },
      {
        "lineNumber": 135,
        "author": {
          "gitId": "kkeejjuunn"
        },
        "content": "                                DateFormat df \u003d new SimpleDateFormat(\"dd/MM/yyyy HHmm\");"
      },
      {
        "lineNumber": 136,
        "author": {
          "gitId": "kkeejjuunn"
        },
        "content": "                                Date date \u003d df.parse(deadlineCommand[1]);"
      },
      {
        "lineNumber": 137,
        "author": {
          "gitId": "kkeejjuunn"
        },
        "content": "                                lists.add(new Deadline(deadlineCommand[0], date));"
      },
      {
        "lineNumber": 138,
        "author": {
          "gitId": "kkeejjuunn"
        },
        "content": "                                System.out.println(\"Got it. I\u0027ve added this task:\");"
      },
      {
        "lineNumber": 139,
        "author": {
          "gitId": "kkeejjuunn"
        },
        "content": "                                System.out.println(\"  [D][\" + lists.get(lists.size()-1).isDone + \"] \" + lists.get(lists.size()-1).description + \" (by: \" + date + \")\");"
      },
      {
        "lineNumber": 140,
        "author": {
          "gitId": "kkeejjuunn"
        },
        "content": "                                taskToBeWritten \u003d \"D | 0 | \" + deadlineCommand[0] + \" | \" + deadlineCommand[1];"
      },
      {
        "lineNumber": 141,
        "author": {
          "gitId": "kkeejjuunn"
        },
        "content": "                                data.writeToFile(taskToBeWritten);"
      },
      {
        "lineNumber": 142,
        "author": {
          "gitId": "kkeejjuunn"
        },
        "content": "                            }"
      },
      {
        "lineNumber": 143,
        "author": {
          "gitId": "kkeejjuunn"
        },
        "content": "                            else if (command.startsWith(\"event\")){"
      },
      {
        "lineNumber": 144,
        "author": {
          "gitId": "kkeejjuunn"
        },
        "content": "                                command \u003d command.substring(6);"
      },
      {
        "lineNumber": 145,
        "author": {
          "gitId": "kkeejjuunn"
        },
        "content": "                                String[] eventCommand \u003d command.split(\" /at\");"
      },
      {
        "lineNumber": 146,
        "author": {
          "gitId": "kkeejjuunn"
        },
        "content": "                                DateFormat df \u003d new SimpleDateFormat(\"dd/MM/yyyy HHmm\");"
      },
      {
        "lineNumber": 147,
        "author": {
          "gitId": "kkeejjuunn"
        },
        "content": "                                Date date \u003d df.parse(eventCommand[1]);"
      },
      {
        "lineNumber": 148,
        "author": {
          "gitId": "kkeejjuunn"
        },
        "content": "                                lists.add(new Event(eventCommand[0], date));"
      },
      {
        "lineNumber": 149,
        "author": {
          "gitId": "kkeejjuunn"
        },
        "content": "                                System.out.println(\"Got it. I\u0027ve added this task:\");"
      },
      {
        "lineNumber": 150,
        "author": {
          "gitId": "kkeejjuunn"
        },
        "content": "                                System.out.println(\"  [E][\" + lists.get(lists.size()-1).isDone + \"] \" + lists.get(lists.size()-1).description + \" (at: \" + date + \")\");"
      },
      {
        "lineNumber": 151,
        "author": {
          "gitId": "kkeejjuunn"
        },
        "content": "                                taskToBeWritten \u003d \"E | 0 | \" + eventCommand[0] + \" | \" + eventCommand[1];"
      },
      {
        "lineNumber": 152,
        "author": {
          "gitId": "kkeejjuunn"
        },
        "content": "                                data.writeToFile(taskToBeWritten);"
      },
      {
        "lineNumber": 153,
        "author": {
          "gitId": "kkeejjuunn"
        },
        "content": "                            }"
      },
      {
        "lineNumber": 154,
        "author": {
          "gitId": "kkeejjuunn"
        },
        "content": "                            System.out.println(\"Now you have \" + lists.size() + \" tasks in the list.\");"
      },
      {
        "lineNumber": 155,
        "author": {
          "gitId": "kkeejjuunn"
        },
        "content": ""
      },
      {
        "lineNumber": 156,
        "author": {
          "gitId": "kkeejjuunn"
        },
        "content": "                        }catch (IOException | ParseException e) {"
      },
      {
        "lineNumber": 157,
        "author": {
          "gitId": "kkeejjuunn"
        },
        "content": "                            System.out.println(\"Error initializing stream\");"
      },
      {
        "lineNumber": 158,
        "author": {
          "gitId": "kkeejjuunn"
        },
        "content": "                        }"
      },
      {
        "lineNumber": 159,
        "author": {
          "gitId": "kkeejjuunn"
        },
        "content": "                    }"
      },
      {
        "lineNumber": 160,
        "author": {
          "gitId": "kkeejjuunn"
        },
        "content": "                    System.out.println(\"___________________________________________\");"
      },
      {
        "lineNumber": 161,
        "author": {
          "gitId": "kkeejjuunn"
        },
        "content": "                }"
      },
      {
        "lineNumber": 162,
        "author": {
          "gitId": "kkeejjuunn"
        },
        "content": "            }"
      },
      {
        "lineNumber": 163,
        "author": {
          "gitId": "kkeejjuunn"
        },
        "content": "            //input is list"
      },
      {
        "lineNumber": 164,
        "author": {
          "gitId": "kkeejjuunn"
        },
        "content": "            else{"
      },
      {
        "lineNumber": 165,
        "author": {
          "gitId": "kkeejjuunn"
        },
        "content": "                if(lists.size() \u003e 0){"
      },
      {
        "lineNumber": 166,
        "author": {
          "gitId": "kkeejjuunn"
        },
        "content": "                    System.out.println(\"___________________________________________\");"
      },
      {
        "lineNumber": 167,
        "author": {
          "gitId": "kkeejjuunn"
        },
        "content": "                    System.out.println(\"Here are the tasks in your list:\");"
      },
      {
        "lineNumber": 168,
        "author": {
          "gitId": "kkeejjuunn"
        },
        "content": "                    for(int i \u003d 0; i \u003c lists.size(); i++) {"
      },
      {
        "lineNumber": 169,
        "author": {
          "gitId": "kkeejjuunn"
        },
        "content": "                        System.out.println((i+1) + \".\" + lists.get(i).toString());"
      },
      {
        "lineNumber": 170,
        "author": {
          "gitId": "kkeejjuunn"
        },
        "content": "                    }"
      },
      {
        "lineNumber": 171,
        "author": {
          "gitId": "kkeejjuunn"
        },
        "content": "                    System.out.println(\"___________________________________________\");"
      },
      {
        "lineNumber": 172,
        "author": {
          "gitId": "kkeejjuunn"
        },
        "content": "                }"
      },
      {
        "lineNumber": 173,
        "author": {
          "gitId": "kkeejjuunn"
        },
        "content": "            }"
      },
      {
        "lineNumber": 174,
        "author": {
          "gitId": "kkeejjuunn"
        },
        "content": "            command \u003d input.nextLine();"
      },
      {
        "lineNumber": 175,
        "author": {
          "gitId": "-"
        },
        "content": "        }"
      },
      {
        "lineNumber": 176,
        "author": {
          "gitId": "kkeejjuunn"
        },
        "content": ""
      },
      {
        "lineNumber": 177,
        "author": {
          "gitId": "kkeejjuunn"
        },
        "content": "        System.out.println(\"___________________________________________\");"
      },
      {
        "lineNumber": 178,
        "author": {
          "gitId": "kkeejjuunn"
        },
        "content": "        System.out.println(\"Bye. Hope to see you again soon!\");"
      },
      {
        "lineNumber": 179,
        "author": {
          "gitId": "kkeejjuunn"
        },
        "content": "        System.out.println(\"___________________________________________\");"
      },
      {
        "lineNumber": 180,
        "author": {
          "gitId": "-"
        },
        "content": "    }"
      },
      {
        "lineNumber": 181,
        "author": {
          "gitId": "-"
        },
        "content": "}"
      },
      {
        "lineNumber": 182,
        "author": {
          "gitId": "kkeejjuunn"
        },
        "content": ""
      }
    ],
    "authorContributionMap": {
      "kkeejjuunn": 172,
      "-": 10
    }
  },
  {
    "path": "src/main/java/DukeException.java",
    "fileType": "java",
    "lines": [
      {
        "lineNumber": 1,
        "author": {
          "gitId": "kkeejjuunn"
        },
        "content": "public class DukeException extends Exception {"
      },
      {
        "lineNumber": 2,
        "author": {
          "gitId": "kkeejjuunn"
        },
        "content": "    public DukeException(){}"
      },
      {
        "lineNumber": 3,
        "author": {
          "gitId": "kkeejjuunn"
        },
        "content": "    public DukeException(String msg){"
      },
      {
        "lineNumber": 4,
        "author": {
          "gitId": "kkeejjuunn"
        },
        "content": "        super(msg);"
      },
      {
        "lineNumber": 5,
        "author": {
          "gitId": "kkeejjuunn"
        },
        "content": "    }"
      },
      {
        "lineNumber": 6,
        "author": {
          "gitId": "kkeejjuunn"
        },
        "content": "}"
      }
    ],
    "authorContributionMap": {
      "kkeejjuunn": 6
    }
  },
  {
    "path": "src/main/java/Event.java",
    "fileType": "java",
    "lines": [
      {
        "lineNumber": 1,
        "author": {
          "gitId": "kkeejjuunn"
        },
        "content": "import java.util.Date;"
      },
      {
        "lineNumber": 2,
        "author": {
          "gitId": "kkeejjuunn"
        },
        "content": ""
      },
      {
        "lineNumber": 3,
        "author": {
          "gitId": "kkeejjuunn"
        },
        "content": "public class Event extends Task {"
      },
      {
        "lineNumber": 4,
        "author": {
          "gitId": "kkeejjuunn"
        },
        "content": "    protected Date at;"
      },
      {
        "lineNumber": 5,
        "author": {
          "gitId": "kkeejjuunn"
        },
        "content": ""
      },
      {
        "lineNumber": 6,
        "author": {
          "gitId": "kkeejjuunn"
        },
        "content": "    public Event(String description, Date at) {"
      },
      {
        "lineNumber": 7,
        "author": {
          "gitId": "kkeejjuunn"
        },
        "content": "        super(description);"
      },
      {
        "lineNumber": 8,
        "author": {
          "gitId": "kkeejjuunn"
        },
        "content": "        this.at \u003d at;"
      },
      {
        "lineNumber": 9,
        "author": {
          "gitId": "kkeejjuunn"
        },
        "content": "    }"
      },
      {
        "lineNumber": 10,
        "author": {
          "gitId": "kkeejjuunn"
        },
        "content": ""
      },
      {
        "lineNumber": 11,
        "author": {
          "gitId": "kkeejjuunn"
        },
        "content": "    public String toString() {"
      },
      {
        "lineNumber": 12,
        "author": {
          "gitId": "kkeejjuunn"
        },
        "content": "        return \"[E]\" + super.toString() + \" (at:\" + this.at + \")\";"
      },
      {
        "lineNumber": 13,
        "author": {
          "gitId": "kkeejjuunn"
        },
        "content": "    }"
      },
      {
        "lineNumber": 14,
        "author": {
          "gitId": "kkeejjuunn"
        },
        "content": "}"
      }
    ],
    "authorContributionMap": {
      "kkeejjuunn": 14
    }
  },
  {
    "path": "src/main/java/ReadFile.java",
    "fileType": "java",
    "lines": [
      {
        "lineNumber": 1,
        "author": {
          "gitId": "kkeejjuunn"
        },
        "content": "import java.io.IOException;"
      },
      {
        "lineNumber": 2,
        "author": {
          "gitId": "kkeejjuunn"
        },
        "content": "import java.io.FileReader;"
      },
      {
        "lineNumber": 3,
        "author": {
          "gitId": "kkeejjuunn"
        },
        "content": "import java.io.BufferedReader;"
      },
      {
        "lineNumber": 4,
        "author": {
          "gitId": "kkeejjuunn"
        },
        "content": ""
      },
      {
        "lineNumber": 5,
        "author": {
          "gitId": "kkeejjuunn"
        },
        "content": "public class ReadFile {"
      },
      {
        "lineNumber": 6,
        "author": {
          "gitId": "kkeejjuunn"
        },
        "content": "    private String path;"
      },
      {
        "lineNumber": 7,
        "author": {
          "gitId": "kkeejjuunn"
        },
        "content": ""
      },
      {
        "lineNumber": 8,
        "author": {
          "gitId": "kkeejjuunn"
        },
        "content": "    public ReadFile(String file_path){"
      },
      {
        "lineNumber": 9,
        "author": {
          "gitId": "kkeejjuunn"
        },
        "content": "        path \u003d file_path;"
      },
      {
        "lineNumber": 10,
        "author": {
          "gitId": "kkeejjuunn"
        },
        "content": "    }"
      },
      {
        "lineNumber": 11,
        "author": {
          "gitId": "kkeejjuunn"
        },
        "content": ""
      },
      {
        "lineNumber": 12,
        "author": {
          "gitId": "kkeejjuunn"
        },
        "content": "    public String[] OpenFile() throws IOException{"
      },
      {
        "lineNumber": 13,
        "author": {
          "gitId": "kkeejjuunn"
        },
        "content": "        FileReader fr \u003d new FileReader(path);"
      },
      {
        "lineNumber": 14,
        "author": {
          "gitId": "kkeejjuunn"
        },
        "content": "        BufferedReader textReader \u003d new BufferedReader(fr);"
      },
      {
        "lineNumber": 15,
        "author": {
          "gitId": "kkeejjuunn"
        },
        "content": ""
      },
      {
        "lineNumber": 16,
        "author": {
          "gitId": "kkeejjuunn"
        },
        "content": "        int numberOfLines \u003d readLines();"
      },
      {
        "lineNumber": 17,
        "author": {
          "gitId": "kkeejjuunn"
        },
        "content": "        String[] textData \u003d new String[numberOfLines];"
      },
      {
        "lineNumber": 18,
        "author": {
          "gitId": "kkeejjuunn"
        },
        "content": ""
      },
      {
        "lineNumber": 19,
        "author": {
          "gitId": "kkeejjuunn"
        },
        "content": "        for(int i\u003d0; i\u003cnumberOfLines; i++){"
      },
      {
        "lineNumber": 20,
        "author": {
          "gitId": "kkeejjuunn"
        },
        "content": "            textData[i] \u003d textReader.readLine();"
      },
      {
        "lineNumber": 21,
        "author": {
          "gitId": "kkeejjuunn"
        },
        "content": "        }"
      },
      {
        "lineNumber": 22,
        "author": {
          "gitId": "kkeejjuunn"
        },
        "content": ""
      },
      {
        "lineNumber": 23,
        "author": {
          "gitId": "kkeejjuunn"
        },
        "content": "        textReader.close();"
      },
      {
        "lineNumber": 24,
        "author": {
          "gitId": "kkeejjuunn"
        },
        "content": "        return textData;"
      },
      {
        "lineNumber": 25,
        "author": {
          "gitId": "kkeejjuunn"
        },
        "content": "    }"
      },
      {
        "lineNumber": 26,
        "author": {
          "gitId": "kkeejjuunn"
        },
        "content": ""
      },
      {
        "lineNumber": 27,
        "author": {
          "gitId": "kkeejjuunn"
        },
        "content": "    int readLines() throws IOException {"
      },
      {
        "lineNumber": 28,
        "author": {
          "gitId": "kkeejjuunn"
        },
        "content": "        FileReader file_to_read \u003d new FileReader(path);"
      },
      {
        "lineNumber": 29,
        "author": {
          "gitId": "kkeejjuunn"
        },
        "content": "        BufferedReader bf \u003d new BufferedReader(file_to_read);"
      },
      {
        "lineNumber": 30,
        "author": {
          "gitId": "kkeejjuunn"
        },
        "content": ""
      },
      {
        "lineNumber": 31,
        "author": {
          "gitId": "kkeejjuunn"
        },
        "content": "        String aLine;"
      },
      {
        "lineNumber": 32,
        "author": {
          "gitId": "kkeejjuunn"
        },
        "content": "        int numberOfLines \u003d 0;"
      },
      {
        "lineNumber": 33,
        "author": {
          "gitId": "kkeejjuunn"
        },
        "content": "         while((aLine \u003d bf.readLine()) !\u003d null) {"
      },
      {
        "lineNumber": 34,
        "author": {
          "gitId": "kkeejjuunn"
        },
        "content": "             numberOfLines++;"
      },
      {
        "lineNumber": 35,
        "author": {
          "gitId": "kkeejjuunn"
        },
        "content": "         }"
      },
      {
        "lineNumber": 36,
        "author": {
          "gitId": "kkeejjuunn"
        },
        "content": "         bf.close();"
      },
      {
        "lineNumber": 37,
        "author": {
          "gitId": "kkeejjuunn"
        },
        "content": "         return numberOfLines;"
      },
      {
        "lineNumber": 38,
        "author": {
          "gitId": "kkeejjuunn"
        },
        "content": "    }"
      },
      {
        "lineNumber": 39,
        "author": {
          "gitId": "kkeejjuunn"
        },
        "content": "}"
      }
    ],
    "authorContributionMap": {
      "kkeejjuunn": 39
    }
  },
  {
    "path": "src/main/java/Task.java",
    "fileType": "java",
    "lines": [
      {
        "lineNumber": 1,
        "author": {
          "gitId": "kkeejjuunn"
        },
        "content": "public class Task {"
      },
      {
        "lineNumber": 2,
        "author": {
          "gitId": "kkeejjuunn"
        },
        "content": "    protected String description;"
      },
      {
        "lineNumber": 3,
        "author": {
          "gitId": "kkeejjuunn"
        },
        "content": "    protected boolean isDone;"
      },
      {
        "lineNumber": 4,
        "author": {
          "gitId": "kkeejjuunn"
        },
        "content": ""
      },
      {
        "lineNumber": 5,
        "author": {
          "gitId": "kkeejjuunn"
        },
        "content": "    public Task(String description) {"
      },
      {
        "lineNumber": 6,
        "author": {
          "gitId": "kkeejjuunn"
        },
        "content": "        this.description \u003d description;"
      },
      {
        "lineNumber": 7,
        "author": {
          "gitId": "kkeejjuunn"
        },
        "content": "        this.isDone \u003d false;"
      },
      {
        "lineNumber": 8,
        "author": {
          "gitId": "kkeejjuunn"
        },
        "content": "    }"
      },
      {
        "lineNumber": 9,
        "author": {
          "gitId": "kkeejjuunn"
        },
        "content": ""
      },
      {
        "lineNumber": 10,
        "author": {
          "gitId": "kkeejjuunn"
        },
        "content": "    public String getStatusIcon() {"
      },
      {
        "lineNumber": 11,
        "author": {
          "gitId": "kkeejjuunn"
        },
        "content": "        return (isDone ? \"\\u2713\" : \"\\u2718\");"
      },
      {
        "lineNumber": 12,
        "author": {
          "gitId": "kkeejjuunn"
        },
        "content": "    }"
      },
      {
        "lineNumber": 13,
        "author": {
          "gitId": "kkeejjuunn"
        },
        "content": ""
      },
      {
        "lineNumber": 14,
        "author": {
          "gitId": "kkeejjuunn"
        },
        "content": "    public String toString() {"
      },
      {
        "lineNumber": 15,
        "author": {
          "gitId": "kkeejjuunn"
        },
        "content": "        return \"[\" + this.getStatusIcon() + \"] \" + this.description;"
      },
      {
        "lineNumber": 16,
        "author": {
          "gitId": "kkeejjuunn"
        },
        "content": "    }"
      },
      {
        "lineNumber": 17,
        "author": {
          "gitId": "kkeejjuunn"
        },
        "content": "}"
      },
      {
        "lineNumber": 18,
        "author": {
          "gitId": "kkeejjuunn"
        },
        "content": ""
      },
      {
        "lineNumber": 19,
        "author": {
          "gitId": "kkeejjuunn"
        },
        "content": ""
      }
    ],
    "authorContributionMap": {
      "kkeejjuunn": 19
    }
  },
  {
    "path": "src/main/java/Todo.java",
    "fileType": "java",
    "lines": [
      {
        "lineNumber": 1,
        "author": {
          "gitId": "kkeejjuunn"
        },
        "content": "public class Todo extends Task {"
      },
      {
        "lineNumber": 2,
        "author": {
          "gitId": "kkeejjuunn"
        },
        "content": "    public Todo(String description) {"
      },
      {
        "lineNumber": 3,
        "author": {
          "gitId": "kkeejjuunn"
        },
        "content": "        super(description);"
      },
      {
        "lineNumber": 4,
        "author": {
          "gitId": "kkeejjuunn"
        },
        "content": "    }"
      },
      {
        "lineNumber": 5,
        "author": {
          "gitId": "kkeejjuunn"
        },
        "content": ""
      },
      {
        "lineNumber": 6,
        "author": {
          "gitId": "kkeejjuunn"
        },
        "content": "    public String toString() {"
      },
      {
        "lineNumber": 7,
        "author": {
          "gitId": "kkeejjuunn"
        },
        "content": "        return \"[T]\" + super.toString();"
      },
      {
        "lineNumber": 8,
        "author": {
          "gitId": "kkeejjuunn"
        },
        "content": "    }"
      },
      {
        "lineNumber": 9,
        "author": {
          "gitId": "kkeejjuunn"
        },
        "content": "}"
      }
    ],
    "authorContributionMap": {
      "kkeejjuunn": 9
    }
  },
  {
    "path": "src/main/java/WriteFile.java",
    "fileType": "java",
    "lines": [
      {
        "lineNumber": 1,
        "author": {
          "gitId": "kkeejjuunn"
        },
        "content": "import java.io.FileWriter;"
      },
      {
        "lineNumber": 2,
        "author": {
          "gitId": "kkeejjuunn"
        },
        "content": "import java.io.PrintWriter;"
      },
      {
        "lineNumber": 3,
        "author": {
          "gitId": "kkeejjuunn"
        },
        "content": "import java.io.IOException;"
      },
      {
        "lineNumber": 4,
        "author": {
          "gitId": "kkeejjuunn"
        },
        "content": ""
      },
      {
        "lineNumber": 5,
        "author": {
          "gitId": "kkeejjuunn"
        },
        "content": "public class WriteFile"
      },
      {
        "lineNumber": 6,
        "author": {
          "gitId": "kkeejjuunn"
        },
        "content": "{"
      },
      {
        "lineNumber": 7,
        "author": {
          "gitId": "kkeejjuunn"
        },
        "content": "    private String path;"
      },
      {
        "lineNumber": 8,
        "author": {
          "gitId": "kkeejjuunn"
        },
        "content": "    private boolean append_to_file \u003d false;"
      },
      {
        "lineNumber": 9,
        "author": {
          "gitId": "kkeejjuunn"
        },
        "content": ""
      },
      {
        "lineNumber": 10,
        "author": {
          "gitId": "kkeejjuunn"
        },
        "content": "    public WriteFile(String file_path) {"
      },
      {
        "lineNumber": 11,
        "author": {
          "gitId": "kkeejjuunn"
        },
        "content": "        path \u003d file_path;"
      },
      {
        "lineNumber": 12,
        "author": {
          "gitId": "kkeejjuunn"
        },
        "content": "    }"
      },
      {
        "lineNumber": 13,
        "author": {
          "gitId": "kkeejjuunn"
        },
        "content": ""
      },
      {
        "lineNumber": 14,
        "author": {
          "gitId": "kkeejjuunn"
        },
        "content": "    public WriteFile(String file_path, boolean append_value) {"
      },
      {
        "lineNumber": 15,
        "author": {
          "gitId": "kkeejjuunn"
        },
        "content": "        path \u003d file_path;"
      },
      {
        "lineNumber": 16,
        "author": {
          "gitId": "kkeejjuunn"
        },
        "content": "        append_to_file \u003d append_value;"
      },
      {
        "lineNumber": 17,
        "author": {
          "gitId": "kkeejjuunn"
        },
        "content": "    }"
      },
      {
        "lineNumber": 18,
        "author": {
          "gitId": "kkeejjuunn"
        },
        "content": ""
      },
      {
        "lineNumber": 19,
        "author": {
          "gitId": "kkeejjuunn"
        },
        "content": "    public void writeToFile (String textLine) throws IOException {"
      },
      {
        "lineNumber": 20,
        "author": {
          "gitId": "kkeejjuunn"
        },
        "content": "        FileWriter write \u003d new FileWriter(path, append_to_file);"
      },
      {
        "lineNumber": 21,
        "author": {
          "gitId": "kkeejjuunn"
        },
        "content": "        PrintWriter print_line \u003d new PrintWriter(write);"
      },
      {
        "lineNumber": 22,
        "author": {
          "gitId": "kkeejjuunn"
        },
        "content": ""
      },
      {
        "lineNumber": 23,
        "author": {
          "gitId": "kkeejjuunn"
        },
        "content": "        print_line.printf(\"%s\" + \"%n\", textLine);"
      },
      {
        "lineNumber": 24,
        "author": {
          "gitId": "kkeejjuunn"
        },
        "content": ""
      },
      {
        "lineNumber": 25,
        "author": {
          "gitId": "kkeejjuunn"
        },
        "content": "        print_line.close();"
      },
      {
        "lineNumber": 26,
        "author": {
          "gitId": "kkeejjuunn"
        },
        "content": "    }"
      },
      {
        "lineNumber": 27,
        "author": {
          "gitId": "kkeejjuunn"
        },
        "content": "}"
      }
    ],
    "authorContributionMap": {
      "kkeejjuunn": 27
    }
  },
  {
    "path": "src/test/java/DukeTest.java",
    "fileType": "java",
    "lines": [
      {
        "lineNumber": 1,
        "author": {
          "gitId": "kkeejjuunn"
        },
        "content": "package PACKAGE_NAME;"
      },
      {
        "lineNumber": 2,
        "author": {
          "gitId": "kkeejjuunn"
        },
        "content": ""
      },
      {
        "lineNumber": 3,
        "author": {
          "gitId": "kkeejjuunn"
        },
        "content": "public class DukeTest {"
      },
      {
        "lineNumber": 4,
        "author": {
          "gitId": "kkeejjuunn"
        },
        "content": "}"
      }
    ],
    "authorContributionMap": {
      "kkeejjuunn": 4
    }
  }
]
