{
  "authorDailyContributionsMap": {
    "kkeejjuunn": [
      {
        "insertions": 189,
        "deletions": 31,
        "date": "2019-08-28",
        "commitResults": [
          {
            "hash": "55538402d04c70ac2a5ca4d24ff9906878d51376",
            "messageTitle": "Greet,Echo,Exit",
            "messageBody": "",
            "insertions": 32,
            "deletions": 0
          },
          {
            "hash": "f61121b9b317efa908e25798834b83cddffc5d25",
            "messageTitle": "Add,List",
            "messageBody": "",
            "insertions": 20,
            "deletions": 5
          },
          {
            "hash": "5081bf7d43c03e2a744155b4c5c4a364bc976ab6",
            "messageTitle": "Mark as Done",
            "messageBody": "",
            "insertions": 33,
            "deletions": 6
          },
          {
            "hash": "876961a19cd9d1ea87f8cb96f6af3ade66629939",
            "messageTitle": "Level-4:ToDos, Events, Deadlines",
            "messageBody": "",
            "insertions": 61,
            "deletions": 3
          },
          {
            "hash": "d8affab476bf66b2cc536c87663f980060c41e00",
            "messageTitle": "Level-5:Handle Errors",
            "messageBody": "",
            "insertions": 43,
            "deletions": 17
          }
        ]
      }
    ]
  },
  "authorFinalContributionMap": {
    "kkeejjuunn": 157
  },
  "authorFileTypeContributionMap": {
    "kkeejjuunn": {
      "java": 157,
      "gradle": 0,
      "css": 0,
      "fxml": 0
    }
  },
  "authorContributionVariance": {
    "kkeejjuunn": 4000.0
  },
  "authorDisplayNameMap": {
    "kkeejjuunn": "T13-2 LIU..JUN"
  }
}
