{
  "authorDailyContributionsMap": {
    "maxxyx96": [
      {
        "insertions": 7,
        "deletions": 1,
        "date": "2019-08-21",
        "commitResults": [
          {
            "hash": "c56b3ba2466df51f83af7f60b691073853bb4638",
            "messageTitle": "HELLO FROM MF DUKE",
            "messageBody": "...\n",
            "insertions": 7,
            "deletions": 1
          }
        ]
      },
      {
        "insertions": 56,
        "deletions": 15,
        "date": "2019-08-23",
        "commitResults": [
          {
            "hash": "8ddc835dec83e39712b07000e9487954d88284ca",
            "messageTitle": "Level-1: Greet, Echo, Exit",
            "messageBody": "Echos and exits when bye\n",
            "insertions": 22,
            "deletions": 0
          },
          {
            "hash": "bfb031a304dbe95110222ae1af0152d80fbca4bc",
            "messageTitle": " Level-1: Greet, Echo, Exit",
            "messageBody": "fixed unable to read sentence\n",
            "insertions": 10,
            "deletions": 9
          },
          {
            "hash": "67dc8faff5e2b211e82f350d59f81ba201485854",
            "messageTitle": "Level 2. Add, List",
            "messageBody": "",
            "insertions": 23,
            "deletions": 5
          },
          {
            "hash": "33aee19cba3b1c029a87304af0d56e7163858cc4",
            "messageTitle": "Level 2. Add, List",
            "messageBody": "",
            "insertions": 1,
            "deletions": 1
          }
        ]
      },
      {
        "insertions": 193,
        "deletions": 41,
        "date": "2019-08-24",
        "commitResults": [
          {
            "hash": "83a51b5bb8310e37b8473231a20da75657e9195c",
            "messageTitle": "Level-3: Mark as Done",
            "messageBody": "",
            "insertions": 4,
            "deletions": 0
          },
          {
            "hash": "52b19fb52c02d0505fddffe6d5aaafdce8b5c52e",
            "messageTitle": "Level 3: Mark as Done",
            "messageBody": "",
            "insertions": 60,
            "deletions": 22
          },
          {
            "hash": "f818ee57b84d51e3c7a7171cc08ab599af770b47",
            "messageTitle": "Level-4 Todo, Event, Deadlines",
            "messageBody": "",
            "insertions": 97,
            "deletions": 10
          },
          {
            "hash": "964dbd9cbeb00bca97a4b0ae898b3e9d3700c2f0",
            "messageTitle": "Level 5: Error Handling",
            "messageBody": "",
            "insertions": 30,
            "deletions": 7
          },
          {
            "hash": "4ba33863b9dd4591869ce8d60db2ff07c80dd1e2",
            "messageTitle": "Level 5 - Changed from X / O to \"✓\" : \"✗\"",
            "messageBody": "",
            "insertions": 2,
            "deletions": 2
          }
        ]
      },
      {
        "insertions": 117,
        "deletions": 52,
        "date": "2019-08-27",
        "commitResults": [
          {
            "hash": "ed3576fcff4f658bbcca54553591da66fcfcac04",
            "messageTitle": "I give up on level 7 for now.",
            "messageBody": "",
            "insertions": 63,
            "deletions": 6
          },
          {
            "hash": "71e766438c54b2f1113f278605725df5f40998a9",
            "messageTitle": "Pushed out load/save from Task to Data class for easier debugging Debugged save, should work properly now q.q",
            "messageBody": "",
            "insertions": 54,
            "deletions": 46
          }
        ]
      },
      {
        "insertions": 28,
        "deletions": 8,
        "date": "2019-08-28",
        "commitResults": [
          {
            "hash": "78f5a3d0dc243209ea05bcac3e2b879e34bb0f92",
            "messageTitle": "Duke knows how to date now!",
            "messageBody": "",
            "insertions": 28,
            "deletions": 8
          }
        ]
      },
      {
        "insertions": 10,
        "deletions": 0,
        "date": "2019-08-29",
        "commitResults": [
          {
            "hash": "e5c419e2565c8a827044b47706cf1fc1b63955fb",
            "messageTitle": "Level-6 Delete + A-Collections. Delete function added",
            "messageBody": "",
            "insertions": 10,
            "deletions": 0
          }
        ]
      },
      {
        "insertions": 34,
        "deletions": 7,
        "date": "2019-08-30",
        "commitResults": [
          {
            "hash": "d8a370c0f6fd66cb4e72c035dba0c0d163df1623",
            "messageTitle": "Level-9, Find and optimised input and error handling",
            "messageBody": "",
            "insertions": 34,
            "deletions": 7
          }
        ]
      },
      {
        "insertions": 97,
        "deletions": 100,
        "date": "2019-09-01",
        "commitResults": [
          {
            "hash": "b66f18589f7a84fa6ab36c5c779e240ecb0396c2",
            "messageTitle": "Revert \"Duke knows how to date now!\"",
            "messageBody": "This reverts commit 78f5a3d0dc243209ea05bcac3e2b879e34bb0f92.\n",
            "insertions": 8,
            "deletions": 28
          },
          {
            "hash": "e4e16fcee08792723f8af311c1633c6f7e359067",
            "messageTitle": "Reverted back to Level-8 - Duke now knows how to date!",
            "messageBody": "",
            "insertions": 35,
            "deletions": 52
          },
          {
            "hash": "f0124a4a4a2e8a03e8e7df1a6942524c850bfce3",
            "messageTitle": "Level 6, Duke now knows how to delete.",
            "messageBody": "",
            "insertions": 10,
            "deletions": 0
          },
          {
            "hash": "96779a23e3f7a50be23a9a1bc271de0c847269d1",
            "messageTitle": "Level-9: Duke is now able to find tasks with the keyword \"find\"",
            "messageBody": "",
            "insertions": 27,
            "deletions": 0
          },
          {
            "hash": "96d78bf2297e9c5b994a9b25201b4a26bab4317e",
            "messageTitle": "Optimised the \"find\" function",
            "messageBody": "",
            "insertions": 10,
            "deletions": 11
          },
          {
            "hash": "f863b75d4b008fe10fbb1666304efa0d3fe79aff",
            "messageTitle": "Level-9 Find feature optimised",
            "messageBody": "",
            "insertions": 0,
            "deletions": 1
          },
          {
            "hash": "1c68217dd8fa4c32e9746a17f70063f9a790989c",
            "messageTitle": "Renamed Data to Storage",
            "messageBody": "",
            "insertions": 7,
            "deletions": 8
          }
        ]
      },
      {
        "insertions": 187,
        "deletions": 74,
        "date": "2019-09-03",
        "commitResults": [
          {
            "hash": "c2d80fe7c0f827f49c16146295af7de66a869659",
            "messageTitle": "Added Parser as OOP, and integrated to Duke.java",
            "messageBody": "",
            "insertions": 60,
            "deletions": 18
          },
          {
            "hash": "85017b3bc842213e36ac22e3d3bfff01366cd72c",
            "messageTitle": "Integrated Parser with more aspects of user texts",
            "messageBody": "",
            "insertions": 7,
            "deletions": 6
          },
          {
            "hash": "cf285657802aca2ba22e5a40e348c3d3f0045f31",
            "messageTitle": "Moved out TaskList as its own class",
            "messageBody": "",
            "insertions": 120,
            "deletions": 50
          }
        ]
      },
      {
        "insertions": 32,
        "deletions": 18,
        "date": "2019-09-04",
        "commitResults": [
          {
            "hash": "655d8bf2bf61b089dc2fee9d261b956c72fdebb2",
            "messageTitle": "Optimised some error handling",
            "messageBody": "",
            "insertions": 5,
            "deletions": 5
          },
          {
            "hash": "44cb1616b0af2fcf2e0291899e21fc1b41bcfb16",
            "messageTitle": "Added Ui class and integrated with Duke",
            "messageBody": "",
            "insertions": 27,
            "deletions": 13
          }
        ]
      },
      {
        "insertions": 12,
        "deletions": 1,
        "date": "2019-09-07",
        "commitResults": [
          {
            "hash": "3dd7260a69288a96389ee8d5d624dbae6346149f",
            "messageTitle": "Bug fixes - fixed save \u0026 load function",
            "messageBody": "",
            "insertions": 12,
            "deletions": 1
          }
        ]
      }
    ]
  },
  "authorFinalContributionMap": {
    "maxxyx96": 464
  },
  "authorFileTypeContributionMap": {
    "maxxyx96": {
      "java": 460,
      "gradle": 4,
      "css": 0,
      "fxml": 0
    }
  },
  "authorContributionVariance": {
    "maxxyx96": 6881.9917
  },
  "authorDisplayNameMap": {
    "maxxyx96": "T13-4 ONG..UAN"
  }
}
