[
  {
    "path": "build.gradle",
    "lines": [
      {
        "lineNumber": 1,
        "author": {
          "gitId": "-"
        },
        "content": "plugins {"
      },
      {
        "lineNumber": 2,
        "author": {
          "gitId": "-"
        },
        "content": "    id \u0027java\u0027"
      },
      {
        "lineNumber": 3,
        "author": {
          "gitId": "-"
        },
        "content": "    id \u0027application\u0027"
      },
      {
        "lineNumber": 4,
        "author": {
          "gitId": "9hafidz6"
        },
        "content": "    id \u0027checkstyle\u0027"
      },
      {
        "lineNumber": 5,
        "author": {
          "gitId": "9hafidz6"
        },
        "content": "    id \u0027com.github.johnrengelman.shadow\u0027 version \u00275.1.0\u0027"
      },
      {
        "lineNumber": 6,
        "author": {
          "gitId": "9hafidz6"
        },
        "content": "}"
      },
      {
        "lineNumber": 7,
        "author": {
          "gitId": "9hafidz6"
        },
        "content": ""
      },
      {
        "lineNumber": 8,
        "author": {
          "gitId": "9hafidz6"
        },
        "content": "shadowJar {"
      },
      {
        "lineNumber": 9,
        "author": {
          "gitId": "9hafidz6"
        },
        "content": "    archiveBaseName \u003d \"duke\""
      },
      {
        "lineNumber": 10,
        "author": {
          "gitId": "9hafidz6"
        },
        "content": "    archiveVersion \u003d \"0.1.3\""
      },
      {
        "lineNumber": 11,
        "author": {
          "gitId": "9hafidz6"
        },
        "content": "    archiveClassifier \u003d null"
      },
      {
        "lineNumber": 12,
        "author": {
          "gitId": "9hafidz6"
        },
        "content": "    archiveAppendix \u003d null"
      },
      {
        "lineNumber": 13,
        "author": {
          "gitId": "9hafidz6"
        },
        "content": "}"
      },
      {
        "lineNumber": 14,
        "author": {
          "gitId": "9hafidz6"
        },
        "content": ""
      },
      {
        "lineNumber": 15,
        "author": {
          "gitId": "9hafidz6"
        },
        "content": "checkstyle {"
      },
      {
        "lineNumber": 16,
        "author": {
          "gitId": "9hafidz6"
        },
        "content": "    toolVersion \u003d \u00278.23\u0027"
      },
      {
        "lineNumber": 17,
        "author": {
          "gitId": "-"
        },
        "content": "}"
      },
      {
        "lineNumber": 18,
        "author": {
          "gitId": "-"
        },
        "content": ""
      },
      {
        "lineNumber": 19,
        "author": {
          "gitId": "-"
        },
        "content": "group \u0027seedu.duke\u0027"
      },
      {
        "lineNumber": 20,
        "author": {
          "gitId": "-"
        },
        "content": "version \u00270.1.0\u0027"
      },
      {
        "lineNumber": 21,
        "author": {
          "gitId": "-"
        },
        "content": ""
      },
      {
        "lineNumber": 22,
        "author": {
          "gitId": "-"
        },
        "content": "repositories {"
      },
      {
        "lineNumber": 23,
        "author": {
          "gitId": "-"
        },
        "content": "    mavenCentral()"
      },
      {
        "lineNumber": 24,
        "author": {
          "gitId": "-"
        },
        "content": "}"
      },
      {
        "lineNumber": 25,
        "author": {
          "gitId": "-"
        },
        "content": ""
      },
      {
        "lineNumber": 26,
        "author": {
          "gitId": "9hafidz6"
        },
        "content": "run {"
      },
      {
        "lineNumber": 27,
        "author": {
          "gitId": "9hafidz6"
        },
        "content": "    standardInput \u003d System.in"
      },
      {
        "lineNumber": 28,
        "author": {
          "gitId": "9hafidz6"
        },
        "content": "}"
      },
      {
        "lineNumber": 29,
        "author": {
          "gitId": "-"
        },
        "content": "application {"
      },
      {
        "lineNumber": 30,
        "author": {
          "gitId": "-"
        },
        "content": "    // Change this to your main class."
      },
      {
        "lineNumber": 31,
        "author": {
          "gitId": "9hafidz6"
        },
        "content": "    mainClassName \u003d \"Duke\""
      },
      {
        "lineNumber": 32,
        "author": {
          "gitId": "9hafidz6"
        },
        "content": "}"
      },
      {
        "lineNumber": 33,
        "author": {
          "gitId": "9hafidz6"
        },
        "content": ""
      },
      {
        "lineNumber": 34,
        "author": {
          "gitId": "9hafidz6"
        },
        "content": "dependencies {"
      },
      {
        "lineNumber": 35,
        "author": {
          "gitId": "9hafidz6"
        },
        "content": "    testImplementation \u0027org.junit.jupiter:junit-jupiter:5.5.0\u0027"
      },
      {
        "lineNumber": 36,
        "author": {
          "gitId": "9hafidz6"
        },
        "content": "}"
      },
      {
        "lineNumber": 37,
        "author": {
          "gitId": "9hafidz6"
        },
        "content": ""
      },
      {
        "lineNumber": 38,
        "author": {
          "gitId": "9hafidz6"
        },
        "content": "test {"
      },
      {
        "lineNumber": 39,
        "author": {
          "gitId": "9hafidz6"
        },
        "content": "    useJUnitPlatform()"
      },
      {
        "lineNumber": 40,
        "author": {
          "gitId": "-"
        },
        "content": "}"
      }
    ],
    "authorContributionMap": {
      "9hafidz6": 25,
      "-": 15
    }
  },
  {
    "path": "src/main/java/Deadline.java",
    "lines": [
      {
        "lineNumber": 1,
        "author": {
          "gitId": "9hafidz6"
        },
        "content": "public class Deadline extends Task {"
      },
      {
        "lineNumber": 2,
        "author": {
          "gitId": "9hafidz6"
        },
        "content": ""
      },
      {
        "lineNumber": 3,
        "author": {
          "gitId": "9hafidz6"
        },
        "content": "    protected String by;"
      },
      {
        "lineNumber": 4,
        "author": {
          "gitId": "9hafidz6"
        },
        "content": ""
      },
      {
        "lineNumber": 5,
        "author": {
          "gitId": "9hafidz6"
        },
        "content": "    public Deadline(String description, String by) {"
      },
      {
        "lineNumber": 6,
        "author": {
          "gitId": "9hafidz6"
        },
        "content": "        super(description);"
      },
      {
        "lineNumber": 7,
        "author": {
          "gitId": "9hafidz6"
        },
        "content": "        this.by \u003d by;"
      },
      {
        "lineNumber": 8,
        "author": {
          "gitId": "9hafidz6"
        },
        "content": "    }"
      },
      {
        "lineNumber": 9,
        "author": {
          "gitId": "9hafidz6"
        },
        "content": ""
      },
      {
        "lineNumber": 10,
        "author": {
          "gitId": "9hafidz6"
        },
        "content": "    @Override"
      },
      {
        "lineNumber": 11,
        "author": {
          "gitId": "9hafidz6"
        },
        "content": "    public String toString() {"
      },
      {
        "lineNumber": 12,
        "author": {
          "gitId": "9hafidz6"
        },
        "content": "        return \"[D]\" + \"[\" + super.getStatusIcon() + \"] \" + super.description + \"(by: \" + by + \")\";"
      },
      {
        "lineNumber": 13,
        "author": {
          "gitId": "9hafidz6"
        },
        "content": "    }"
      },
      {
        "lineNumber": 14,
        "author": {
          "gitId": "9hafidz6"
        },
        "content": "}"
      }
    ],
    "authorContributionMap": {
      "9hafidz6": 14
    }
  },
  {
    "path": "src/main/java/Duke.java",
    "lines": [
      {
        "lineNumber": 1,
        "author": {
          "gitId": "9hafidz6"
        },
        "content": "import java.util.Scanner;"
      },
      {
        "lineNumber": 2,
        "author": {
          "gitId": "9hafidz6"
        },
        "content": "import java.util.*;"
      },
      {
        "lineNumber": 3,
        "author": {
          "gitId": "9hafidz6"
        },
        "content": ""
      },
      {
        "lineNumber": 4,
        "author": {
          "gitId": "-"
        },
        "content": "public class Duke {"
      },
      {
        "lineNumber": 5,
        "author": {
          "gitId": "-"
        },
        "content": "    public static void main(String[] args) {"
      },
      {
        "lineNumber": 6,
        "author": {
          "gitId": "9hafidz6"
        },
        "content": "        Scanner sc \u003d new Scanner(System.in);"
      },
      {
        "lineNumber": 7,
        "author": {
          "gitId": "9hafidz6"
        },
        "content": "        String partition \u003d \"_____________________________________\\n\";"
      },
      {
        "lineNumber": 8,
        "author": {
          "gitId": "9hafidz6"
        },
        "content": "        String greet_msg \u003d \"Hello! i\u0027m Duke\\n\" + \"What can i do for you?\\n\";"
      },
      {
        "lineNumber": 9,
        "author": {
          "gitId": "9hafidz6"
        },
        "content": "        String bye_msg \u003d \"Bye. Hope to see you again soon!\";"
      },
      {
        "lineNumber": 10,
        "author": {
          "gitId": "9hafidz6"
        },
        "content": "        String input;"
      },
      {
        "lineNumber": 11,
        "author": {
          "gitId": "9hafidz6"
        },
        "content": "        ArrayList\u003cTask\u003e task_list \u003d new ArrayList\u003cTask\u003e (100);"
      },
      {
        "lineNumber": 12,
        "author": {
          "gitId": "9hafidz6"
        },
        "content": ""
      },
      {
        "lineNumber": 13,
        "author": {
          "gitId": "9hafidz6"
        },
        "content": "        System.out.println(partition + greet_msg + partition);"
      },
      {
        "lineNumber": 14,
        "author": {
          "gitId": "9hafidz6"
        },
        "content": "        while(true) {"
      },
      {
        "lineNumber": 15,
        "author": {
          "gitId": "9hafidz6"
        },
        "content": "            input \u003d sc.nextLine();"
      },
      {
        "lineNumber": 16,
        "author": {
          "gitId": "9hafidz6"
        },
        "content": "            if (input.equals(\"bye\")) { //user enters the bye command"
      },
      {
        "lineNumber": 17,
        "author": {
          "gitId": "9hafidz6"
        },
        "content": "                System.out.println(partition + \"\\t\" + bye_msg + \"\\n\"+ partition);"
      },
      {
        "lineNumber": 18,
        "author": {
          "gitId": "9hafidz6"
        },
        "content": "                break;"
      },
      {
        "lineNumber": 19,
        "author": {
          "gitId": "-"
        },
        "content": "            }"
      },
      {
        "lineNumber": 20,
        "author": {
          "gitId": "9hafidz6"
        },
        "content": "            else if (input.equals(\"list\")) { //user enters the list command"
      },
      {
        "lineNumber": 21,
        "author": {
          "gitId": "9hafidz6"
        },
        "content": "                System.out.println(partition);"
      },
      {
        "lineNumber": 22,
        "author": {
          "gitId": "9hafidz6"
        },
        "content": "                for(int a \u003d 0; a \u003c task_list.size(); a++) { //outputs all entry of list"
      },
      {
        "lineNumber": 23,
        "author": {
          "gitId": "9hafidz6"
        },
        "content": "                    System.out.println((a+1) + \". \" + task_list.get(a).toString() + \"\\n\");"
      },
      {
        "lineNumber": 24,
        "author": {
          "gitId": "9hafidz6"
        },
        "content": "                }"
      },
      {
        "lineNumber": 25,
        "author": {
          "gitId": "9hafidz6"
        },
        "content": "                System.out.println(partition);"
      },
      {
        "lineNumber": 26,
        "author": {
          "gitId": "9hafidz6"
        },
        "content": "            }"
      },
      {
        "lineNumber": 27,
        "author": {
          "gitId": "9hafidz6"
        },
        "content": "            else if (input.indexOf(\"done\") \u003d\u003d 0) { //user enters done command"
      },
      {
        "lineNumber": 28,
        "author": {
          "gitId": "9hafidz6"
        },
        "content": "                System.out.println(partition);"
      },
      {
        "lineNumber": 29,
        "author": {
          "gitId": "9hafidz6"
        },
        "content": "                try{"
      },
      {
        "lineNumber": 30,
        "author": {
          "gitId": "9hafidz6"
        },
        "content": "                    String[] token \u003d input.split(\" \");"
      },
      {
        "lineNumber": 31,
        "author": {
          "gitId": "9hafidz6"
        },
        "content": "                    if(((Integer.parseInt(token[1]) - 1) \u003e task_list.size()) || (Integer.parseInt(token[1]) - 1) \u003c 0) {"
      },
      {
        "lineNumber": 32,
        "author": {
          "gitId": "9hafidz6"
        },
        "content": "                        System.out.println(\"☹ OOPS!!! Index is not in the list.\");"
      },
      {
        "lineNumber": 33,
        "author": {
          "gitId": "9hafidz6"
        },
        "content": "                        System.out.println(partition);"
      },
      {
        "lineNumber": 34,
        "author": {
          "gitId": "9hafidz6"
        },
        "content": "                        continue;"
      },
      {
        "lineNumber": 35,
        "author": {
          "gitId": "9hafidz6"
        },
        "content": "                    }"
      },
      {
        "lineNumber": 36,
        "author": {
          "gitId": "9hafidz6"
        },
        "content": "                    task_list.get(Integer.parseInt(token[1]) - 1).markDone();"
      },
      {
        "lineNumber": 37,
        "author": {
          "gitId": "9hafidz6"
        },
        "content": "                    System.out.println(\"\\tNice! I\u0027ve marked this task as done:\\n\");"
      },
      {
        "lineNumber": 38,
        "author": {
          "gitId": "9hafidz6"
        },
        "content": "                    System.out.println(\"\\t\" + task_list.get(Integer.parseInt(token[1]) - 1).toString() + \"\\n\");"
      },
      {
        "lineNumber": 39,
        "author": {
          "gitId": "9hafidz6"
        },
        "content": "                }"
      },
      {
        "lineNumber": 40,
        "author": {
          "gitId": "9hafidz6"
        },
        "content": "                catch (NumberFormatException | IndexOutOfBoundsException e) {"
      },
      {
        "lineNumber": 41,
        "author": {
          "gitId": "9hafidz6"
        },
        "content": "                    //System.out.println(e.getMessage());"
      },
      {
        "lineNumber": 42,
        "author": {
          "gitId": "9hafidz6"
        },
        "content": "                    if( e instanceof NumberFormatException) {"
      },
      {
        "lineNumber": 43,
        "author": {
          "gitId": "9hafidz6"
        },
        "content": "                        System.out.println(\"☹ OOPS!!! Please enter a valid number.\");"
      },
      {
        "lineNumber": 44,
        "author": {
          "gitId": "9hafidz6"
        },
        "content": "                    }"
      },
      {
        "lineNumber": 45,
        "author": {
          "gitId": "9hafidz6"
        },
        "content": "                    else if( e instanceof IndexOutOfBoundsException) {"
      },
      {
        "lineNumber": 46,
        "author": {
          "gitId": "9hafidz6"
        },
        "content": "                        System.out.println(\"☹ OOPS!!! The description of done cannot be empty.\");"
      },
      {
        "lineNumber": 47,
        "author": {
          "gitId": "9hafidz6"
        },
        "content": "                    }"
      },
      {
        "lineNumber": 48,
        "author": {
          "gitId": "9hafidz6"
        },
        "content": "                }"
      },
      {
        "lineNumber": 49,
        "author": {
          "gitId": "9hafidz6"
        },
        "content": "                System.out.println(partition);"
      },
      {
        "lineNumber": 50,
        "author": {
          "gitId": "9hafidz6"
        },
        "content": "            }"
      },
      {
        "lineNumber": 51,
        "author": {
          "gitId": "9hafidz6"
        },
        "content": "            else { //if user enters a command, add into task_list"
      },
      {
        "lineNumber": 52,
        "author": {
          "gitId": "9hafidz6"
        },
        "content": ""
      },
      {
        "lineNumber": 53,
        "author": {
          "gitId": "9hafidz6"
        },
        "content": "                boolean flag \u003d false; //flag to check whether task exists in list"
      },
      {
        "lineNumber": 54,
        "author": {
          "gitId": "9hafidz6"
        },
        "content": ""
      },
      {
        "lineNumber": 55,
        "author": {
          "gitId": "9hafidz6"
        },
        "content": "                for(int a \u003d 0; a \u003c task_list.size(); a++) {"
      },
      {
        "lineNumber": 56,
        "author": {
          "gitId": "9hafidz6"
        },
        "content": "                    if (task_list.get(a).description.equals(input)) { //if item has already been added, don\u0027t add"
      },
      {
        "lineNumber": 57,
        "author": {
          "gitId": "9hafidz6"
        },
        "content": "                        flag \u003d true;"
      },
      {
        "lineNumber": 58,
        "author": {
          "gitId": "9hafidz6"
        },
        "content": "                        break;"
      },
      {
        "lineNumber": 59,
        "author": {
          "gitId": "9hafidz6"
        },
        "content": "                    }"
      },
      {
        "lineNumber": 60,
        "author": {
          "gitId": "9hafidz6"
        },
        "content": "                }"
      },
      {
        "lineNumber": 61,
        "author": {
          "gitId": "9hafidz6"
        },
        "content": "                if (flag) { //if task already exist, output input has already been added"
      },
      {
        "lineNumber": 62,
        "author": {
          "gitId": "9hafidz6"
        },
        "content": "                    System.out.println(partition);"
      },
      {
        "lineNumber": 63,
        "author": {
          "gitId": "9hafidz6"
        },
        "content": "                    System.out.println(\"\\t\" + input + \" has already been added\" + \"\\n\");"
      },
      {
        "lineNumber": 64,
        "author": {
          "gitId": "9hafidz6"
        },
        "content": "                    System.out.println(partition);"
      },
      {
        "lineNumber": 65,
        "author": {
          "gitId": "9hafidz6"
        },
        "content": "                }"
      },
      {
        "lineNumber": 66,
        "author": {
          "gitId": "9hafidz6"
        },
        "content": ""
      },
      {
        "lineNumber": 67,
        "author": {
          "gitId": "9hafidz6"
        },
        "content": "                else { //if task does not exist in list, add to list"
      },
      {
        "lineNumber": 68,
        "author": {
          "gitId": "9hafidz6"
        },
        "content": "                    if(input.indexOf(\"todo\") \u003d\u003d 0) { //if user enters todo command"
      },
      {
        "lineNumber": 69,
        "author": {
          "gitId": "9hafidz6"
        },
        "content": "                        System.out.println(partition);"
      },
      {
        "lineNumber": 70,
        "author": {
          "gitId": "9hafidz6"
        },
        "content": "                        try{"
      },
      {
        "lineNumber": 71,
        "author": {
          "gitId": "9hafidz6"
        },
        "content": "                            input \u003d input.replaceAll(\"\\\\s+\", \" \");"
      },
      {
        "lineNumber": 72,
        "author": {
          "gitId": "9hafidz6"
        },
        "content": "                            String t_input \u003d input.substring(5);"
      },
      {
        "lineNumber": 73,
        "author": {
          "gitId": "9hafidz6"
        },
        "content": "                            Task t \u003d new ToDos(t_input);"
      },
      {
        "lineNumber": 74,
        "author": {
          "gitId": "9hafidz6"
        },
        "content": "                            task_list.add(t);"
      },
      {
        "lineNumber": 75,
        "author": {
          "gitId": "9hafidz6"
        },
        "content": "                            System.out.println(\"\\tGot it. I\u0027ve added this task\\n\\t\" + t.toString());"
      },
      {
        "lineNumber": 76,
        "author": {
          "gitId": "9hafidz6"
        },
        "content": "                            System.out.println(\"\\tNow you have \" + task_list.size() + \" tasks in this list\\n\");"
      },
      {
        "lineNumber": 77,
        "author": {
          "gitId": "9hafidz6"
        },
        "content": "                        }"
      },
      {
        "lineNumber": 78,
        "author": {
          "gitId": "9hafidz6"
        },
        "content": "                        catch (IndexOutOfBoundsException e) {"
      },
      {
        "lineNumber": 79,
        "author": {
          "gitId": "9hafidz6"
        },
        "content": "                            System.out.println(\"☹ OOPS!!! The description of todo cannot be empty.\");"
      },
      {
        "lineNumber": 80,
        "author": {
          "gitId": "9hafidz6"
        },
        "content": "                        }"
      },
      {
        "lineNumber": 81,
        "author": {
          "gitId": "9hafidz6"
        },
        "content": "                        System.out.println(partition);"
      },
      {
        "lineNumber": 82,
        "author": {
          "gitId": "9hafidz6"
        },
        "content": "                    }"
      },
      {
        "lineNumber": 83,
        "author": {
          "gitId": "9hafidz6"
        },
        "content": "                    else if(input.indexOf(\"deadline\") \u003d\u003d 0) { //if user enters deadline command"
      },
      {
        "lineNumber": 84,
        "author": {
          "gitId": "9hafidz6"
        },
        "content": "                        System.out.println(partition);"
      },
      {
        "lineNumber": 85,
        "author": {
          "gitId": "9hafidz6"
        },
        "content": "                        try {"
      },
      {
        "lineNumber": 86,
        "author": {
          "gitId": "9hafidz6"
        },
        "content": "                            input \u003d input.replaceAll(\"\\\\s+\", \" \");"
      },
      {
        "lineNumber": 87,
        "author": {
          "gitId": "9hafidz6"
        },
        "content": "                            String d_input \u003d input.substring(9);"
      },
      {
        "lineNumber": 88,
        "author": {
          "gitId": "9hafidz6"
        },
        "content": "                            String[] token \u003d d_input.split(\"/by\");"
      },
      {
        "lineNumber": 89,
        "author": {
          "gitId": "9hafidz6"
        },
        "content": "                            Task t \u003d new Deadline(token[0], token[1]);"
      },
      {
        "lineNumber": 90,
        "author": {
          "gitId": "9hafidz6"
        },
        "content": "                            if(token[0].isBlank()) {"
      },
      {
        "lineNumber": 91,
        "author": {
          "gitId": "9hafidz6"
        },
        "content": "                                System.out.println(\"☹ OOPS!!! /by cannot be empty.\");"
      },
      {
        "lineNumber": 92,
        "author": {
          "gitId": "9hafidz6"
        },
        "content": "                                continue;"
      },
      {
        "lineNumber": 93,
        "author": {
          "gitId": "9hafidz6"
        },
        "content": "                            }"
      },
      {
        "lineNumber": 94,
        "author": {
          "gitId": "9hafidz6"
        },
        "content": "                            if(token[1].isBlank()) {"
      },
      {
        "lineNumber": 95,
        "author": {
          "gitId": "9hafidz6"
        },
        "content": "                                System.out.println(\"☹ OOPS!!! /by cannot be empty.\");"
      },
      {
        "lineNumber": 96,
        "author": {
          "gitId": "9hafidz6"
        },
        "content": "                                continue;"
      },
      {
        "lineNumber": 97,
        "author": {
          "gitId": "9hafidz6"
        },
        "content": "                            }"
      },
      {
        "lineNumber": 98,
        "author": {
          "gitId": "9hafidz6"
        },
        "content": "                            task_list.add(t);"
      },
      {
        "lineNumber": 99,
        "author": {
          "gitId": "9hafidz6"
        },
        "content": "                            System.out.println(\"\\tGot it. I\u0027ve added this task\\n\\t\" + t.toString() + \"\\n\");"
      },
      {
        "lineNumber": 100,
        "author": {
          "gitId": "9hafidz6"
        },
        "content": "                            System.out.println(\"\\tNow you have \" + task_list.size() + \" tasks in this list\\n\");"
      },
      {
        "lineNumber": 101,
        "author": {
          "gitId": "9hafidz6"
        },
        "content": "                        }"
      },
      {
        "lineNumber": 102,
        "author": {
          "gitId": "9hafidz6"
        },
        "content": "                        catch ( ArrayIndexOutOfBoundsException | StringIndexOutOfBoundsException e) {"
      },
      {
        "lineNumber": 103,
        "author": {
          "gitId": "9hafidz6"
        },
        "content": "                            if(e instanceof StringIndexOutOfBoundsException) {"
      },
      {
        "lineNumber": 104,
        "author": {
          "gitId": "9hafidz6"
        },
        "content": "                                System.out.println(\"☹ OOPS!!! The description of deadline cannot be empty.\");"
      },
      {
        "lineNumber": 105,
        "author": {
          "gitId": "9hafidz6"
        },
        "content": "                            }"
      },
      {
        "lineNumber": 106,
        "author": {
          "gitId": "9hafidz6"
        },
        "content": "                        }"
      },
      {
        "lineNumber": 107,
        "author": {
          "gitId": "9hafidz6"
        },
        "content": "                        System.out.println(partition);"
      },
      {
        "lineNumber": 108,
        "author": {
          "gitId": "9hafidz6"
        },
        "content": ""
      },
      {
        "lineNumber": 109,
        "author": {
          "gitId": "9hafidz6"
        },
        "content": "                    }"
      },
      {
        "lineNumber": 110,
        "author": {
          "gitId": "9hafidz6"
        },
        "content": "                    else if(input.indexOf(\"event\") \u003d\u003d 0) { //if user enters event command"
      },
      {
        "lineNumber": 111,
        "author": {
          "gitId": "9hafidz6"
        },
        "content": "                        System.out.println(partition);"
      },
      {
        "lineNumber": 112,
        "author": {
          "gitId": "9hafidz6"
        },
        "content": "                        try{"
      },
      {
        "lineNumber": 113,
        "author": {
          "gitId": "9hafidz6"
        },
        "content": "                            input \u003d input.replaceAll(\"\\\\s+\", \" \");"
      },
      {
        "lineNumber": 114,
        "author": {
          "gitId": "9hafidz6"
        },
        "content": "                            String e_input \u003d input.substring(6);"
      },
      {
        "lineNumber": 115,
        "author": {
          "gitId": "9hafidz6"
        },
        "content": "                            String[] token \u003d e_input.split(\"/at\");"
      },
      {
        "lineNumber": 116,
        "author": {
          "gitId": "9hafidz6"
        },
        "content": "                            Task t \u003d new Event(token[0],token[1]);"
      },
      {
        "lineNumber": 117,
        "author": {
          "gitId": "9hafidz6"
        },
        "content": "                            task_list.add(t);"
      },
      {
        "lineNumber": 118,
        "author": {
          "gitId": "9hafidz6"
        },
        "content": "                            System.out.println(\"\\tGot it. I\u0027ve added this task\\n\\t\" + t.toString() + \"\\n\");"
      },
      {
        "lineNumber": 119,
        "author": {
          "gitId": "9hafidz6"
        },
        "content": "                            System.out.println(\"\\tNow you have \" + task_list.size() + \" tasks in this list\\n\");"
      },
      {
        "lineNumber": 120,
        "author": {
          "gitId": "9hafidz6"
        },
        "content": "                        }"
      },
      {
        "lineNumber": 121,
        "author": {
          "gitId": "9hafidz6"
        },
        "content": "                        catch (Exception e) {"
      },
      {
        "lineNumber": 122,
        "author": {
          "gitId": "9hafidz6"
        },
        "content": "                            System.out.println(\"invalid Event command \" + e.getMessage());"
      },
      {
        "lineNumber": 123,
        "author": {
          "gitId": "9hafidz6"
        },
        "content": "                        }"
      },
      {
        "lineNumber": 124,
        "author": {
          "gitId": "9hafidz6"
        },
        "content": "                        System.out.println(partition);"
      },
      {
        "lineNumber": 125,
        "author": {
          "gitId": "9hafidz6"
        },
        "content": "                    }"
      },
      {
        "lineNumber": 126,
        "author": {
          "gitId": "9hafidz6"
        },
        "content": "                }"
      },
      {
        "lineNumber": 127,
        "author": {
          "gitId": "-"
        },
        "content": "            }"
      },
      {
        "lineNumber": 128,
        "author": {
          "gitId": "9hafidz6"
        },
        "content": "        }"
      },
      {
        "lineNumber": 129,
        "author": {
          "gitId": "9hafidz6"
        },
        "content": "    }"
      },
      {
        "lineNumber": 130,
        "author": {
          "gitId": "9hafidz6"
        },
        "content": "}"
      }
    ],
    "authorContributionMap": {
      "9hafidz6": 126,
      "-": 4
    }
  },
  {
    "path": "src/main/java/Event.java",
    "lines": [
      {
        "lineNumber": 1,
        "author": {
          "gitId": "9hafidz6"
        },
        "content": "public class Event extends Task {"
      },
      {
        "lineNumber": 2,
        "author": {
          "gitId": "9hafidz6"
        },
        "content": ""
      },
      {
        "lineNumber": 3,
        "author": {
          "gitId": "9hafidz6"
        },
        "content": "    protected String at;"
      },
      {
        "lineNumber": 4,
        "author": {
          "gitId": "9hafidz6"
        },
        "content": ""
      },
      {
        "lineNumber": 5,
        "author": {
          "gitId": "9hafidz6"
        },
        "content": "    public Event(String description, String at) {"
      },
      {
        "lineNumber": 6,
        "author": {
          "gitId": "9hafidz6"
        },
        "content": "        super(description);"
      },
      {
        "lineNumber": 7,
        "author": {
          "gitId": "9hafidz6"
        },
        "content": "        this.at \u003d at;"
      },
      {
        "lineNumber": 8,
        "author": {
          "gitId": "9hafidz6"
        },
        "content": "    }"
      },
      {
        "lineNumber": 9,
        "author": {
          "gitId": "9hafidz6"
        },
        "content": ""
      },
      {
        "lineNumber": 10,
        "author": {
          "gitId": "9hafidz6"
        },
        "content": "    @Override"
      },
      {
        "lineNumber": 11,
        "author": {
          "gitId": "9hafidz6"
        },
        "content": "    public String toString() {"
      },
      {
        "lineNumber": 12,
        "author": {
          "gitId": "9hafidz6"
        },
        "content": "        return \"[E]\" + \"[\" + super.getStatusIcon() + \"] \" + super.description + \"(at: \" + at + \")\";"
      },
      {
        "lineNumber": 13,
        "author": {
          "gitId": "9hafidz6"
        },
        "content": "    }"
      },
      {
        "lineNumber": 14,
        "author": {
          "gitId": "9hafidz6"
        },
        "content": "}"
      }
    ],
    "authorContributionMap": {
      "9hafidz6": 14
    }
  },
  {
    "path": "src/main/java/Task.java",
    "lines": [
      {
        "lineNumber": 1,
        "author": {
          "gitId": "9hafidz6"
        },
        "content": "public class Task {"
      },
      {
        "lineNumber": 2,
        "author": {
          "gitId": "9hafidz6"
        },
        "content": "    protected String description;"
      },
      {
        "lineNumber": 3,
        "author": {
          "gitId": "9hafidz6"
        },
        "content": "    protected boolean isDone;"
      },
      {
        "lineNumber": 4,
        "author": {
          "gitId": "9hafidz6"
        },
        "content": ""
      },
      {
        "lineNumber": 5,
        "author": {
          "gitId": "9hafidz6"
        },
        "content": "    public Task(String description){"
      },
      {
        "lineNumber": 6,
        "author": {
          "gitId": "9hafidz6"
        },
        "content": "        this.description \u003d description;"
      },
      {
        "lineNumber": 7,
        "author": {
          "gitId": "9hafidz6"
        },
        "content": "        this.isDone \u003d false;"
      },
      {
        "lineNumber": 8,
        "author": {
          "gitId": "9hafidz6"
        },
        "content": "    }"
      },
      {
        "lineNumber": 9,
        "author": {
          "gitId": "9hafidz6"
        },
        "content": "    public void markDone(){"
      },
      {
        "lineNumber": 10,
        "author": {
          "gitId": "9hafidz6"
        },
        "content": "        isDone \u003d true;"
      },
      {
        "lineNumber": 11,
        "author": {
          "gitId": "9hafidz6"
        },
        "content": "    }"
      },
      {
        "lineNumber": 12,
        "author": {
          "gitId": "9hafidz6"
        },
        "content": "    public String getStatusIcon(){"
      },
      {
        "lineNumber": 13,
        "author": {
          "gitId": "9hafidz6"
        },
        "content": "        return (isDone ? \"✔\" : \"✘\"); //return tick or X symbols"
      },
      {
        "lineNumber": 14,
        "author": {
          "gitId": "9hafidz6"
        },
        "content": "    }"
      },
      {
        "lineNumber": 15,
        "author": {
          "gitId": "9hafidz6"
        },
        "content": "}"
      }
    ],
    "authorContributionMap": {
      "9hafidz6": 15
    }
  },
  {
    "path": "src/main/java/ToDos.java",
    "lines": [
      {
        "lineNumber": 1,
        "author": {
          "gitId": "9hafidz6"
        },
        "content": "public class ToDos extends Task {"
      },
      {
        "lineNumber": 2,
        "author": {
          "gitId": "9hafidz6"
        },
        "content": ""
      },
      {
        "lineNumber": 3,
        "author": {
          "gitId": "9hafidz6"
        },
        "content": "    public ToDos(String description) {"
      },
      {
        "lineNumber": 4,
        "author": {
          "gitId": "9hafidz6"
        },
        "content": "        super(description);"
      },
      {
        "lineNumber": 5,
        "author": {
          "gitId": "9hafidz6"
        },
        "content": "    }"
      },
      {
        "lineNumber": 6,
        "author": {
          "gitId": "9hafidz6"
        },
        "content": ""
      },
      {
        "lineNumber": 7,
        "author": {
          "gitId": "9hafidz6"
        },
        "content": "    @Override"
      },
      {
        "lineNumber": 8,
        "author": {
          "gitId": "9hafidz6"
        },
        "content": "    public String toString() {"
      },
      {
        "lineNumber": 9,
        "author": {
          "gitId": "9hafidz6"
        },
        "content": "        return \"[T]\" + \"[\" + super.getStatusIcon() + \"] \" + super.description;"
      },
      {
        "lineNumber": 10,
        "author": {
          "gitId": "9hafidz6"
        },
        "content": "    }"
      },
      {
        "lineNumber": 11,
        "author": {
          "gitId": "9hafidz6"
        },
        "content": "}"
      }
    ],
    "authorContributionMap": {
      "9hafidz6": 11
    }
  }
]
