{
  "authorDailyContributionsMap": {
    "9hafidz6": [
      {
        "insertions": 51,
        "deletions": 27,
        "date": "2019-08-21",
        "commitResults": [
          {
            "hash": "a9a98a09ec0044e5fba59b5d990e58bdf058465b",
            "message": "A-Gradle",
            "insertions": 25,
            "deletions": 1
          },
          {
            "hash": "8766816be27de2c1e301f0568308173e2d042117",
            "message": "Revert \"A-Gradle\"",
            "insertions": 1,
            "deletions": 25
          },
          {
            "hash": "7b2a2b92744723d46ba08c0274f9018c5171484c",
            "message": "A-Gradle for checkstyle, shadow and Junit",
            "insertions": 25,
            "deletions": 1
          }
        ]
      },
      {
        "insertions": 24,
        "deletions": 6,
        "date": "2019-08-22",
        "commitResults": [
          {
            "hash": "d87e9a2d1349ac44bc0a0ce70e75e99414051297",
            "message": "Added greet,echo and exit",
            "insertions": 24,
            "deletions": 6
          }
        ]
      },
      {
        "insertions": 39,
        "deletions": 8,
        "date": "2019-08-23",
        "commitResults": [
          {
            "hash": "e575cfc6c982bbab61e0b76a055c5d8bad81e7e2",
            "message": "implemented string array as a list, add to list and display list",
            "insertions": 39,
            "deletions": 8
          }
        ]
      },
      {
        "insertions": 17,
        "deletions": 23,
        "date": "2019-08-24",
        "commitResults": [
          {
            "hash": "004b481349923709c57599dcb275bd60e010485b",
            "message": "implemented ArrayList for level-2",
            "insertions": 17,
            "deletions": 23
          }
        ]
      },
      {
        "insertions": 37,
        "deletions": 15,
        "date": "2019-08-25",
        "commitResults": [
          {
            "hash": "bd3444f20730e9e2a3208786c71a0333968dd68b",
            "message": "added task class to store status and description",
            "insertions": 15,
            "deletions": 0
          },
          {
            "hash": "aa580a23384461772c5b038924f5b91a33beac2f",
            "message": "level-3 mark as done",
            "insertions": 22,
            "deletions": 15
          }
        ]
      },
      {
        "insertions": 96,
        "deletions": 31,
        "date": "2019-08-26",
        "commitResults": [
          {
            "hash": "9eac7554316a0dddf4d50bb060b136901c1a2a21",
            "message": "added Deadline, event and todo classes",
            "insertions": 41,
            "deletions": 0
          },
          {
            "hash": "5fecc70b4b81119c898adad266957f720bdd207c",
            "message": "level-4 todo, event, deadline",
            "insertions": 55,
            "deletions": 29
          },
          {
            "hash": "f00aab49f52bb6fbc7d2ff5a0a8a411613b3773b",
            "message": "deleted some comment lines",
            "insertions": 0,
            "deletions": 2
          }
        ]
      },
      {
        "insertions": 67,
        "deletions": 23,
        "date": "2019-08-27",
        "commitResults": [
          {
            "hash": "b6e9d7fe474997a90a2e177a7464d8de34afc3f0",
            "message": "level-5 error handling(incomplete)",
            "insertions": 67,
            "deletions": 23
          }
        ]
      },
      {
        "insertions": 129,
        "deletions": 17,
        "date": "2019-08-28",
        "commitResults": [
          {
            "hash": "21fe28ccd8247548ce374d56de99c3bfa364b134",
            "message": "level-5 modified to handle more errors",
            "insertions": 25,
            "deletions": 11
          },
          {
            "hash": "00029e0f7755b3644132ab772a5bb8fb6bf7b9bd",
            "message": "Level-7 able to read only from duke.txt",
            "insertions": 65,
            "deletions": 2
          },
          {
            "hash": "e84a464c81fd7e3b243a1bf6fe386676cdcac985",
            "message": "Level-7 added write feature",
            "insertions": 39,
            "deletions": 4
          }
        ]
      }
    ]
  },
  "authorFinalContributionMap": {
    "9hafidz6": 315
  },
  "authorFileFormatContributionMap": {
    "9hafidz6": {
      "java": 290,
      "gradle": 25,
      "css": 0,
      "fxml": 0
    }
  },
  "authorContributionVariance": {
    "9hafidz6": 2339.917
  },
  "authorDisplayNameMap": {
    "9hafidz6": "MUH ... AIN"
  }
}
