{
  "authorDailyContributionsMap": {
    "Dkenobi": [
      {
        "insertions": 17,
        "deletions": 1,
        "date": "2019-08-19",
        "commitResults": [
          {
            "hash": "a857b8f6d9cd3ed72c965229a91c34ce5b5be6ed",
            "messageTitle": "Completed A-Gradle Gradle Tutorial",
            "messageBody": "",
            "insertions": 17,
            "deletions": 1
          }
        ]
      },
      {
        "insertions": 144,
        "deletions": 41,
        "date": "2019-08-22",
        "commitResults": [
          {
            "hash": "f30d29bcf68a4b6ff34758235002a49abe671a25",
            "messageTitle": "Added welcome message and created a line seperator",
            "messageBody": "",
            "insertions": 13,
            "deletions": 1
          },
          {
            "hash": "86513cb229e8f96d716407b5364dcf09b80bf672",
            "messageTitle": "Level 1. Greet, Echo, Exit",
            "messageBody": "",
            "insertions": 27,
            "deletions": 1
          },
          {
            "hash": "04bcaa6842bfd635dbeadadf360cc202e1a501cb",
            "messageTitle": "refactored to follow oop standard",
            "messageBody": "",
            "insertions": 27,
            "deletions": 22
          },
          {
            "hash": "e48b733025e521572cb047beddf244829c6cbabb",
            "messageTitle": "Level-2",
            "messageBody": "",
            "insertions": 45,
            "deletions": 11
          },
          {
            "hash": "5c872e1236304cd0e89ce9e9482175663d76dcf8",
            "messageTitle": "Level-3",
            "messageBody": "",
            "insertions": 32,
            "deletions": 6
          }
        ]
      },
      {
        "insertions": 74,
        "deletions": 32,
        "date": "2019-08-23",
        "commitResults": [
          {
            "hash": "03f2a6b49b49699b6d695c157fbe66338ab06bd5",
            "messageTitle": "Rewrote duke instance function.",
            "messageBody": "",
            "insertions": 35,
            "deletions": 31
          },
          {
            "hash": "a2ff8bf6c0f2345a8e752216c25de380b13c684a",
            "messageTitle": "removed white spaces on completed done command function.",
            "messageBody": "",
            "insertions": 1,
            "deletions": 1
          },
          {
            "hash": "13b70d43e71b0570044665c0d3f5337d8ea02cc0",
            "messageTitle": "Added a test file for Duke.",
            "messageBody": "",
            "insertions": 38,
            "deletions": 0
          }
        ]
      },
      {
        "insertions": 2,
        "deletions": 11,
        "date": "2019-08-25",
        "commitResults": [
          {
            "hash": "b1637541856f5d1a0c87c81efc5945dae2b6a9ea",
            "messageTitle": "Renamed functions and remove unnecessary codes.",
            "messageBody": "",
            "insertions": 2,
            "deletions": 11
          }
        ]
      },
      {
        "insertions": 274,
        "deletions": 110,
        "date": "2019-08-26",
        "commitResults": [
          {
            "hash": "16c1bd61cef4bdf583e7938f5da4434492afefd0",
            "messageTitle": "Created a new folder model. Move Task.java to model folder.",
            "messageBody": "",
            "insertions": 15,
            "deletions": 3
          },
          {
            "hash": "955d5bc0cba107040e2a958e526249f08312c287",
            "messageTitle": "Changed List to ArrayList",
            "messageBody": "",
            "insertions": 2,
            "deletions": 2
          },
          {
            "hash": "1374900a1aa6f3db15f2c38195f444c6d2abc180",
            "messageTitle": "Added TaskList class.",
            "messageBody": "",
            "insertions": 27,
            "deletions": 0
          },
          {
            "hash": "3965475371ca7091f7401d973c7045f68b2fd324",
            "messageTitle": "Shift main function to Duke.java.",
            "messageBody": "",
            "insertions": 38,
            "deletions": 57
          },
          {
            "hash": "ae7c18feb074ecfa6613cfaac4be51b1e9f74c41",
            "messageTitle": "Refactor DukeTest to reflect the changes made.",
            "messageBody": "",
            "insertions": 9,
            "deletions": 11
          },
          {
            "hash": "57fc3288433077c2d374ec128bfe6e89a41fc3b5",
            "messageTitle": "Added ToDo class.",
            "messageBody": "",
            "insertions": 20,
            "deletions": 0
          },
          {
            "hash": "b30eab39263dd4e106a83aba196a652932cafc2b",
            "messageTitle": "Added TaskList to return id.",
            "messageBody": "",
            "insertions": 10,
            "deletions": 1
          },
          {
            "hash": "beecd770e1c49980c6a5b40090347ef661edac19",
            "messageTitle": "Added Logic for todo task.",
            "messageBody": "",
            "insertions": 21,
            "deletions": 4
          },
          {
            "hash": "2e0e14557a8c74407c1c774ac4974ed528c22fc3",
            "messageTitle": "Added Deadline task",
            "messageBody": "",
            "insertions": 36,
            "deletions": 12
          },
          {
            "hash": "8c84abf54e44e9020a0d4bba203b4af1fecc7919",
            "messageTitle": "Added Event Class. Reformat list Task output Add logic for event command",
            "messageBody": "",
            "insertions": 29,
            "deletions": 3
          },
          {
            "hash": "87a1854b129e183b94cb841cc60102e8008659d0",
            "messageTitle": "Remove unused import",
            "messageBody": "",
            "insertions": 0,
            "deletions": 2
          },
          {
            "hash": "fac4235cce934932757fff9000442bf72ddef14e",
            "messageTitle": "Added BaseExpection, and DukeExpection class to handle multiple errors.",
            "messageBody": "",
            "insertions": 55,
            "deletions": 8
          },
          {
            "hash": "d189ae6cf3747e70d782b1cfcfae029694494db9",
            "messageTitle": "Clean up",
            "messageBody": "",
            "insertions": 0,
            "deletions": 1
          },
          {
            "hash": "833f890fe21f278c6e424e85308594875e80fac6",
            "messageTitle": "Shifted expection class to expection package.",
            "messageBody": "",
            "insertions": 8,
            "deletions": 0
          },
          {
            "hash": "6a97420bb75e1304180e8816d3e67a850e6e6b18",
            "messageTitle": "Remove unused import.",
            "messageBody": "",
            "insertions": 0,
            "deletions": 2
          },
          {
            "hash": "1a2ef2358b68290ce95ab8ad45220f3ae05a0b8b",
            "messageTitle": "Changed icon to unicode.",
            "messageBody": "",
            "insertions": 4,
            "deletions": 4
          }
        ]
      },
      {
        "insertions": 130,
        "deletions": 18,
        "date": "2019-08-27",
        "commitResults": [
          {
            "hash": "1b1df63434b01f9ea755ca1eceb26d9e846742fb",
            "messageTitle": "Added ReadWriteUtility.java for reading and saving to txt file.",
            "messageBody": "",
            "insertions": 60,
            "deletions": 0
          },
          {
            "hash": "8d82c39734a31bb31732ceba5dda80118f6fee3f",
            "messageTitle": "Added constanthelper class.",
            "messageBody": "",
            "insertions": 5,
            "deletions": 0
          },
          {
            "hash": "190eefef8bcde7f4bfff59eed0aa639dae45f3da",
            "messageTitle": "Added overloading and saveToFile() function. and reposition the arg for constructor.",
            "messageBody": "",
            "insertions": 47,
            "deletions": 8
          },
          {
            "hash": "fc7e7722c0d8c6906d94d3477624758afbe47f8f",
            "messageTitle": "Remove unwanted import. Rearrange task child args. Added Read text file function to load the text file at start.",
            "messageBody": "",
            "insertions": 17,
            "deletions": 9
          },
          {
            "hash": "540c795be6e9f1d832477c0426ab03f1a6ff94dc",
            "messageTitle": "Fix duke path.",
            "messageBody": "",
            "insertions": 1,
            "deletions": 1
          }
        ]
      },
      {
        "insertions": 100,
        "deletions": 43,
        "date": "2019-08-28",
        "commitResults": [
          {
            "hash": "1acb5d3e870c65985bee2f0af475851e964822a0",
            "messageTitle": "Added DateTimeHelper Class.",
            "messageBody": "",
            "insertions": 49,
            "deletions": 0
          },
          {
            "hash": "2683019a6e656d2e8ee22503564988333c9a0da6",
            "messageTitle": "Add DateTimeHelper class to help with date and time conversion. Update Duke.txt",
            "messageBody": "",
            "insertions": 8,
            "deletions": 2
          },
          {
            "hash": "ec484d61707c6b5bc0669a45f1222b91056d7b47",
            "messageTitle": "Fix DateTimeHelper to reflect the correct time.",
            "messageBody": "",
            "insertions": 4,
            "deletions": 4
          },
          {
            "hash": "8be8f529cd0f5e16c3e1d090260aaaf5d8d2d682",
            "messageTitle": "Added comments to DateTimeHelper",
            "messageBody": "",
            "insertions": 1,
            "deletions": 4
          },
          {
            "hash": "2764f98cddcea93695249503cbbb4f05d50aa9a3",
            "messageTitle": "Fixed extra space outputed.",
            "messageBody": "",
            "insertions": 2,
            "deletions": 2
          },
          {
            "hash": "10ce0d94aaa9bb3f9345a39c6e3e06520e82f2eb",
            "messageTitle": "Add expection to return orignal time and date format if unable to parse.",
            "messageBody": "",
            "insertions": 31,
            "deletions": 29
          },
          {
            "hash": "ea5d1628113fd54cf18197e67e1f8198fb2cb64e",
            "messageTitle": "Change those import all to a specific class used.",
            "messageBody": "",
            "insertions": 4,
            "deletions": 2
          },
          {
            "hash": "04b0398ce51bef528b00f6917960361b2e7856f5",
            "messageTitle": "Fix missing import.",
            "messageBody": "",
            "insertions": 1,
            "deletions": 0
          }
        ]
      },
      {
        "insertions": 321,
        "deletions": 260,
        "date": "2019-08-29",
        "commitResults": [
          {
            "hash": "1589a87f85527061c86c7149aec0ca2ad6027453",
            "messageTitle": "[Refactor] Shifted main code to a view class.",
            "messageBody": "",
            "insertions": 127,
            "deletions": 110
          },
          {
            "hash": "85798d2d96567783929beb0691f33fb4a01753f2",
            "messageTitle": "[Refactor] Clean up ReadWriteUtility",
            "messageBody": "",
            "insertions": 0,
            "deletions": 5
          },
          {
            "hash": "bf307dbda290aceb18dd6d16e6ec88750ef11a8d",
            "messageTitle": "[Refactor] Rename ReadWrite class file.",
            "messageBody": "",
            "insertions": 60,
            "deletions": 2
          },
          {
            "hash": "8f28b1dae11d5978ac6bf25b47d1520b2ffa4259",
            "messageTitle": "[Refactor] Move ReadWriteUtiliy.java to util package.",
            "messageBody": "",
            "insertions": 2,
            "deletions": 54
          },
          {
            "hash": "ac0d26d4603b0fe3f99f00e2d7b98a2563b26617",
            "messageTitle": "[Refactor] Move TaskList to model package.",
            "messageBody": "",
            "insertions": 56,
            "deletions": 0
          },
          {
            "hash": "2bebeb07478db494c1b2cf5e72b72bafe6c85421",
            "messageTitle": "[Refactor] Move tasklist to model package.",
            "messageBody": "",
            "insertions": 0,
            "deletions": 54
          },
          {
            "hash": "c585a604de4b8c74020a51fb8bed3fbae4d12e14",
            "messageTitle": "[Refactor] Changed inheritance to interface.",
            "messageBody": "",
            "insertions": 76,
            "deletions": 35
          }
        ]
      },
      {
        "insertions": 3,
        "deletions": 0,
        "date": "2019-08-30",
        "commitResults": [
          {
            "hash": "de0e1bbcbc6cbdde57f6229e3c537cac2a097e37",
            "messageTitle": "[Refactor] Added shifted class import.",
            "messageBody": "",
            "insertions": 3,
            "deletions": 0
          }
        ]
      },
      {
        "insertions": 70,
        "deletions": 49,
        "date": "2019-09-01",
        "commitResults": [
          {
            "hash": "428d1d90ebbbe79dc34e6eee70e874c9750c5034",
            "messageTitle": "Remove unused import.",
            "messageBody": "",
            "insertions": 9,
            "deletions": 1
          },
          {
            "hash": "55f3b33d563e3d0550cedeb99e8c8c0808a2a014",
            "messageTitle": "Added delete taskList function",
            "messageBody": "",
            "insertions": 1,
            "deletions": 0
          },
          {
            "hash": "e72ca5ebd410140fcc6dd7c0ea6a90392ae78239",
            "messageTitle": "Changed how getTaskList is handled.",
            "messageBody": "",
            "insertions": 27,
            "deletions": 18
          },
          {
            "hash": "9e1a7fed6d7bec7e3203ab9312cfa4a479b3f3e9",
            "messageTitle": "Removed unwanted code.",
            "messageBody": "",
            "insertions": 0,
            "deletions": 8
          },
          {
            "hash": "d1b41ec9310af5ab621fca31e92618cb3630e22f",
            "messageTitle": "Changed how completedTask work.",
            "messageBody": "",
            "insertions": 13,
            "deletions": 9
          },
          {
            "hash": "3480d3eeb660a1cddac9fba009c7aad8e8f829ce",
            "messageTitle": "Changed how deleteTask work.",
            "messageBody": "",
            "insertions": 20,
            "deletions": 13
          }
        ]
      },
      {
        "insertions": 16,
        "deletions": 14,
        "date": "2019-09-02",
        "commitResults": [
          {
            "hash": "8daac8d89673f6738db959d122b54f3f582a0829",
            "messageTitle": "Fix saving list to file.",
            "messageBody": "",
            "insertions": 10,
            "deletions": 10
          },
          {
            "hash": "2119e04cde08602ad9be170783a550d3ecfd1002",
            "messageTitle": "[Refactor] remove extra lines  and change import.",
            "messageBody": "",
            "insertions": 2,
            "deletions": 4
          },
          {
            "hash": "d1fe803dcd37d072b4995d13448c2eee1fbc92ce",
            "messageTitle": "Added findTask() function in TaskList class",
            "messageBody": "",
            "insertions": 4,
            "deletions": 0
          }
        ]
      },
      {
        "insertions": 17,
        "deletions": 7,
        "date": "2019-09-03",
        "commitResults": [
          {
            "hash": "3f977acffe2f1d0854e0340c5812f7941011cf6c",
            "messageTitle": "[Feat] Added find command function for Duke.",
            "messageBody": "",
            "insertions": 13,
            "deletions": 5
          },
          {
            "hash": "947a2e8ccbe15eb99873820127a018f433e8d5b2",
            "messageTitle": "Added to exit program when file is not found.",
            "messageBody": "",
            "insertions": 1,
            "deletions": 0
          },
          {
            "hash": "be0f7c387067441b25bcf38eca20f8808b56cdbc",
            "messageTitle": "Change duke Filepath.",
            "messageBody": "",
            "insertions": 2,
            "deletions": 1
          },
          {
            "hash": "585c1973e11169fbadaafea87c4761ff260df021",
            "messageTitle": "[Fix] Fix input to take in the whole string after find.",
            "messageBody": "",
            "insertions": 1,
            "deletions": 1
          }
        ]
      },
      {
        "insertions": 452,
        "deletions": 301,
        "date": "2019-09-04",
        "commitResults": [
          {
            "hash": "44f792a83000eb956f318b6bf8a8cc73a55aa24b",
            "messageTitle": "comment out duketest.java",
            "messageBody": "",
            "insertions": 36,
            "deletions": 36
          },
          {
            "hash": "c0cbea018b572768af61f760a5658d0da9a62c0a",
            "messageTitle": "[Refactor] Removed unwanted code.",
            "messageBody": "",
            "insertions": 50,
            "deletions": 50
          },
          {
            "hash": "fced741a7a8efad9592a47fd6b148f2a3e4cd0ee",
            "messageTitle": "[Refactor] Clean up deleteTask function.",
            "messageBody": "",
            "insertions": 13,
            "deletions": 13
          },
          {
            "hash": "8432f9bbef75bdcfa8c682b45863f89132f1e971",
            "messageTitle": "[Refactor] remove unwanted comment",
            "messageBody": "",
            "insertions": 1,
            "deletions": 1
          },
          {
            "hash": "73d4af120e4a7fc89b2ba7b71fdb7b281ec60cb4",
            "messageTitle": "[Refactor]",
            "messageBody": "",
            "insertions": 1,
            "deletions": 2
          },
          {
            "hash": "8cd48c533ae7bb1f4300c832d63427b6a5e4ad29",
            "messageTitle": "[Fix] Fix when adding task to show the correct task added output.",
            "messageBody": "",
            "insertions": 1,
            "deletions": 1
          },
          {
            "hash": "60d51c58a37b233355842e2bf235ac1c9c408280",
            "messageTitle": "[Fix] Bug fix on the return of the created ID.",
            "messageBody": "",
            "insertions": 4,
            "deletions": 2
          },
          {
            "hash": "af7f6c6835b3c6c2671b085ad2774daf0b4d6d72",
            "messageTitle": "[Refactor] Remove unwanted code.",
            "messageBody": "",
            "insertions": 0,
            "deletions": 2
          },
          {
            "hash": "4096244d9f5255e24bf4f4ca9f75d8e0058edb4c",
            "messageTitle": "[Refactor] refactor all the class file to match oop standard.",
            "messageBody": "",
            "insertions": 329,
            "deletions": 174
          },
          {
            "hash": "7445aca5268c913626eafcb456035dddca455d4c",
            "messageTitle": "[Fix] Fix file not saving correctly.",
            "messageBody": "",
            "insertions": 2,
            "deletions": 2
          },
          {
            "hash": "d2f65237c2a89a85df2096d3e533c356c9cd9400",
            "messageTitle": "[Refactor] Remove unused import",
            "messageBody": "",
            "insertions": 0,
            "deletions": 3
          },
          {
            "hash": "766905a8928fcf8ba000a629f8b7a6a1da98b0d7",
            "messageTitle": "[Fix] Fix ToDo to throw the correct exception.",
            "messageBody": "",
            "insertions": 1,
            "deletions": 1
          },
          {
            "hash": "bfd5cba5b26704472ebda56b42e1e9ad687b8fe6",
            "messageTitle": "[Refactor] Correct the spell for the exception package.",
            "messageBody": "",
            "insertions": 5,
            "deletions": 12
          },
          {
            "hash": "18014a79a60b8b8561adb1ef31f37de0ec441117",
            "messageTitle": "[Refactor] change how main in duke is run.",
            "messageBody": "",
            "insertions": 8,
            "deletions": 1
          },
          {
            "hash": "add6d41ecdcd4d21e8394bd376479805dd69b1d8",
            "messageTitle": "[Fix] Fix output of find task Function.",
            "messageBody": "",
            "insertions": 1,
            "deletions": 1
          }
        ]
      },
      {
        "insertions": 258,
        "deletions": 9,
        "date": "2019-09-09",
        "commitResults": [
          {
            "hash": "2be3147ef3b5eebb0321b9dd385a29bb1db0ce42",
            "messageTitle": "Add javadoc for interface Task class.",
            "messageBody": "",
            "insertions": 23,
            "deletions": 1
          },
          {
            "hash": "84323bec1c54e5058458ff12dac3aae38b7c267e",
            "messageTitle": "Added Javadocs for Todo Class",
            "messageBody": "",
            "insertions": 39,
            "deletions": 2
          },
          {
            "hash": "67fc08a4891b2941442031c17fe1ad72fb480cc0",
            "messageTitle": "Added Javadocs for Deadlines class",
            "messageBody": "",
            "insertions": 38,
            "deletions": 1
          },
          {
            "hash": "b7e30dde8c8e43d78ff5f9086c8a00767991b761",
            "messageTitle": "Added Javadocs for Event  class",
            "messageBody": "",
            "insertions": 38,
            "deletions": 0
          },
          {
            "hash": "40a77897bf8ff95f25578171014bc604e40d817a",
            "messageTitle": "Added javadocs for TaskList class",
            "messageBody": "",
            "insertions": 39,
            "deletions": 0
          },
          {
            "hash": "53e8436d7116f29568f3315392fe2e48b0ab466e",
            "messageTitle": "Added javadocs for For command abstract class",
            "messageBody": "",
            "insertions": 24,
            "deletions": 2
          },
          {
            "hash": "a85352ea7c8abc9453e321340d30b507b50009df",
            "messageTitle": "Added javadocs for Parser class.",
            "messageBody": "",
            "insertions": 17,
            "deletions": 1
          },
          {
            "hash": "adf19d7adc17043f3bb0c853063a1b02cc7ea3fe",
            "messageTitle": "Added javadocs for ConstantHelper class.",
            "messageBody": "",
            "insertions": 3,
            "deletions": 1
          },
          {
            "hash": "6a377a2dcc70057a27697d231fb9501d22b4ec29",
            "messageTitle": "Added javadocs for DateTimeHelper class.",
            "messageBody": "",
            "insertions": 10,
            "deletions": 0
          },
          {
            "hash": "4459c457993366351b8139bb750192aa6ad57e6e",
            "messageTitle": "Added javadocs for ReadWriteHelper class.",
            "messageBody": "",
            "insertions": 14,
            "deletions": 1
          },
          {
            "hash": "b6cad39aca923d5ddd674671fd7d6e694c903011",
            "messageTitle": "Added javadocs for ByeCommand class.",
            "messageBody": "",
            "insertions": 13,
            "deletions": 0
          }
        ]
      },
      {
        "insertions": 234,
        "deletions": 45,
        "date": "2019-09-10",
        "commitResults": [
          {
            "hash": "74035d759df6c6d23b6c4f6ca98a29a69c23de46",
            "messageTitle": "Added Javadocs for CommandInterfaceView class",
            "messageBody": "",
            "insertions": 92,
            "deletions": 3
          },
          {
            "hash": "c8838b0abb7a9d45403314a477aea154ccc7cda3",
            "messageTitle": "Added javadocs for the command classes",
            "messageBody": "",
            "insertions": 9,
            "deletions": 2
          },
          {
            "hash": "d8f85e53e0603f57f4495e33a56183ad1370cf58",
            "messageTitle": "Added javadocs for duke class",
            "messageBody": "",
            "insertions": 21,
            "deletions": 1
          },
          {
            "hash": "5f601849184c4fb33cdf372649fdce850903024b",
            "messageTitle": "[Refactor] Change how most function return as a string.",
            "messageBody": "",
            "insertions": 38,
            "deletions": 39
          },
          {
            "hash": "40d31974337836a41d5827ba8b01ca83bf820d45",
            "messageTitle": "[Test] Added Bye,Delete and List command test unit.",
            "messageBody": "",
            "insertions": 74,
            "deletions": 0
          }
        ]
      }
    ]
  },
  "authorFinalContributionMap": {
    "Dkenobi": 1185
  },
  "authorFileTypeContributionMap": {
    "Dkenobi": {
      "java": 1164,
      "gradle": 21,
      "css": 0,
      "fxml": 0
    }
  },
  "authorContributionVariance": {
    "Dkenobi": 38197.58
  },
  "authorDisplayNameMap": {
    "Dkenobi": "T13-1 WON..HUI"
  }
}
