{
  "authorDailyContributionsMap": {
    "valerietyj": [
      {
        "insertions": 19,
        "deletions": 0,
        "date": "2019-08-22",
        "commitResults": [
          {
            "hash": "4ce2ea39b895bc5d20133b12861bab370d359da4",
            "messageTitle": "level 1",
            "messageBody": "",
            "insertions": 19,
            "deletions": 0
          }
        ]
      },
      {
        "insertions": 30,
        "deletions": 8,
        "date": "2019-08-24",
        "commitResults": [
          {
            "hash": "9616725dd5e81c50c9613488e98b73de1cdfc41a",
            "messageTitle": "level 2",
            "messageBody": "",
            "insertions": 30,
            "deletions": 8
          }
        ]
      },
      {
        "insertions": 30,
        "deletions": 20,
        "date": "2019-08-25",
        "commitResults": [
          {
            "hash": "165eb592bbcdb3d6240e022969103c794d0ab8e1",
            "messageTitle": "level 2 updated",
            "messageBody": "",
            "insertions": 30,
            "deletions": 20
          }
        ]
      },
      {
        "insertions": 70,
        "deletions": 46,
        "date": "2019-08-26",
        "commitResults": [
          {
            "hash": "288ce9b33beea05a7d65012fe29117651c5bdca8",
            "messageTitle": "level 3",
            "messageBody": "",
            "insertions": 50,
            "deletions": 4
          },
          {
            "hash": "4bf0902ddbb23a0d65b48bdfc450c8d842ac32d2",
            "messageTitle": "level 3 - UPDATED",
            "messageBody": "",
            "insertions": 20,
            "deletions": 42
          }
        ]
      },
      {
        "insertions": 455,
        "deletions": 211,
        "date": "2019-08-27",
        "commitResults": [
          {
            "hash": "4cc260b44a6bec9314e6aab6e2def6d5a0e383a2",
            "messageTitle": "Level 4. ToDos, Events, Deadlines",
            "messageBody": "",
            "insertions": 132,
            "deletions": 60
          },
          {
            "hash": "12f11f9787e0454170eaa60c382edcfed3489fed",
            "messageTitle": "level 7 and partial level 5",
            "messageBody": "",
            "insertions": 221,
            "deletions": 73
          },
          {
            "hash": "63f52006fde63b90288ab4b7035feeea94b2a19b",
            "messageTitle": "Level 5 - Handle Errors",
            "messageBody": "",
            "insertions": 28,
            "deletions": 17
          },
          {
            "hash": "271aba751f00b47621d4165c0603ca5342d1556b",
            "messageTitle": "Level 5 and Level 7 completed",
            "messageBody": "",
            "insertions": 53,
            "deletions": 55
          },
          {
            "hash": "eb45140c52df74e07ac5492ee4768f7826df3900",
            "messageTitle": "Level 8: Date Time",
            "messageBody": "",
            "insertions": 21,
            "deletions": 6
          }
        ]
      },
      {
        "insertions": 139,
        "deletions": 77,
        "date": "2019-08-31",
        "commitResults": [
          {
            "hash": "41881897e50339f4dfae6085b19581c5fe2fc7ad",
            "messageTitle": "Level 6: Delete",
            "messageBody": "",
            "insertions": 139,
            "deletions": 77
          }
        ]
      },
      {
        "insertions": 155,
        "deletions": 80,
        "date": "2019-09-01",
        "commitResults": [
          {
            "hash": "760d1696a4e9c99ce995287a4e8c53640c7e4686",
            "messageTitle": "Level 9: Find",
            "messageBody": "",
            "insertions": 155,
            "deletions": 80
          }
        ]
      },
      {
        "insertions": 2,
        "deletions": 2,
        "date": "2019-09-02",
        "commitResults": [
          {
            "hash": "785cf8c0f7d964bc9e3d4e5eeff592126170e2c6",
            "messageTitle": "Merge Level-6 with master",
            "messageBody": "",
            "insertions": 2,
            "deletions": 2
          }
        ]
      },
      {
        "insertions": 555,
        "deletions": 295,
        "date": "2019-09-03",
        "commitResults": [
          {
            "hash": "6581b94673f7c2c7671889baab3cf2eff7b81765",
            "messageTitle": "more OOP",
            "messageBody": "",
            "insertions": 545,
            "deletions": 291
          },
          {
            "hash": "57268bfd82dbefa3425aa77915b693c06d11e0a5",
            "messageTitle": "update code to check hasNextLine in input.txt",
            "messageBody": "",
            "insertions": 10,
            "deletions": 4
          }
        ]
      },
      {
        "insertions": 27,
        "deletions": 4,
        "date": "2019-09-08",
        "commitResults": [
          {
            "hash": "5574c3786ec92217d1e5c9b8d8fbe9bec61c205f",
            "messageTitle": "remove redundant code",
            "messageBody": "",
            "insertions": 2,
            "deletions": 2
          },
          {
            "hash": "af5e48e6228aeb54ebd0d6f9aa16ccde9b40145d",
            "messageTitle": "implement gradle",
            "messageBody": "",
            "insertions": 25,
            "deletions": 2
          }
        ]
      }
    ]
  },
  "authorFinalContributionMap": {
    "valerietyj": 685
  },
  "authorFileTypeContributionMap": {
    "valerietyj": {
      "java": 662,
      "gradle": 23,
      "css": 0,
      "fxml": 0
    }
  },
  "authorContributionVariance": {
    "valerietyj": 48256.664
  },
  "authorDisplayNameMap": {
    "valerietyj": "W17-3 VAL..JIA"
  }
}
