[
  {
    "path": "src/main/java/Duke.java",
    "lines": [
      {
        "lineNumber": 1,
        "author": {
          "gitId": "kyawtsan99"
        },
        "content": "import java.sql.SQLOutput;"
      },
      {
        "lineNumber": 2,
        "author": {
          "gitId": "kyawtsan99"
        },
        "content": "import java.util.Scanner; // Import the Scanner class"
      },
      {
        "lineNumber": 3,
        "author": {
          "gitId": "kyawtsan99"
        },
        "content": "import java.io.*;"
      },
      {
        "lineNumber": 4,
        "author": {
          "gitId": "kyawtsan99"
        },
        "content": "import java.util.ArrayList;"
      },
      {
        "lineNumber": 5,
        "author": {
          "gitId": "kyawtsan99"
        },
        "content": "import java.util.List;"
      },
      {
        "lineNumber": 6,
        "author": {
          "gitId": "kyawtsan99"
        },
        "content": ""
      },
      {
        "lineNumber": 7,
        "author": {
          "gitId": "kyawtsan99"
        },
        "content": ""
      },
      {
        "lineNumber": 8,
        "author": {
          "gitId": "-"
        },
        "content": "public class Duke {"
      },
      {
        "lineNumber": 9,
        "author": {
          "gitId": "-"
        },
        "content": "    public static void main(String[] args) {"
      },
      {
        "lineNumber": 10,
        "author": {
          "gitId": "-"
        },
        "content": "        String logo \u003d \" ____        _        \\n\""
      },
      {
        "lineNumber": 11,
        "author": {
          "gitId": "-"
        },
        "content": "                + \"|  _ \\\\ _   _| | _____ \\n\""
      },
      {
        "lineNumber": 12,
        "author": {
          "gitId": "-"
        },
        "content": "                + \"| | | | | | | |/ / _ \\\\\\n\""
      },
      {
        "lineNumber": 13,
        "author": {
          "gitId": "-"
        },
        "content": "                + \"| |_| | |_| |   \u003c  __/\\n\""
      },
      {
        "lineNumber": 14,
        "author": {
          "gitId": "-"
        },
        "content": "                + \"|____/ \\\\__,_|_|\\\\_\\\\___|\\n\";"
      },
      {
        "lineNumber": 15,
        "author": {
          "gitId": "-"
        },
        "content": "        System.out.println(\"Hello from\\n\" + logo);"
      },
      {
        "lineNumber": 16,
        "author": {
          "gitId": "kyawtsan99"
        },
        "content": "        System.out.println(\"Hello! I\u0027m Duke\\n\" + \"What can I do for you?\");"
      },
      {
        "lineNumber": 17,
        "author": {
          "gitId": "kyawtsan99"
        },
        "content": ""
      },
      {
        "lineNumber": 18,
        "author": {
          "gitId": "kyawtsan99"
        },
        "content": "        Scanner input \u003d new Scanner(System.in); // Create a Scanner object"
      },
      {
        "lineNumber": 19,
        "author": {
          "gitId": "kyawtsan99"
        },
        "content": "        boolean stringComparison \u003d true;"
      },
      {
        "lineNumber": 20,
        "author": {
          "gitId": "kyawtsan99"
        },
        "content": ""
      },
      {
        "lineNumber": 21,
        "author": {
          "gitId": "kyawtsan99"
        },
        "content": "        ArrayList\u003cTask\u003e arr \u003d new ArrayList\u003cTask\u003e(); // Creating array list"
      },
      {
        "lineNumber": 22,
        "author": {
          "gitId": "kyawtsan99"
        },
        "content": ""
      },
      {
        "lineNumber": 23,
        "author": {
          "gitId": "kyawtsan99"
        },
        "content": "        while (stringComparison) {"
      },
      {
        "lineNumber": 24,
        "author": {
          "gitId": "kyawtsan99"
        },
        "content": "            String userInput \u003d input.nextLine();"
      },
      {
        "lineNumber": 25,
        "author": {
          "gitId": "kyawtsan99"
        },
        "content": "            // bye"
      },
      {
        "lineNumber": 26,
        "author": {
          "gitId": "kyawtsan99"
        },
        "content": "            if (userInput.equals(\"bye\")) {"
      },
      {
        "lineNumber": 27,
        "author": {
          "gitId": "kyawtsan99"
        },
        "content": "                System.out.println(\"Bye. Hope to see you again soon!\");"
      },
      {
        "lineNumber": 28,
        "author": {
          "gitId": "kyawtsan99"
        },
        "content": "                stringComparison \u003d false; // exits the loop"
      },
      {
        "lineNumber": 29,
        "author": {
          "gitId": "kyawtsan99"
        },
        "content": "            }"
      },
      {
        "lineNumber": 30,
        "author": {
          "gitId": "kyawtsan99"
        },
        "content": "            // list"
      },
      {
        "lineNumber": 31,
        "author": {
          "gitId": "kyawtsan99"
        },
        "content": "            else if (userInput.equals(\"list\")) {"
      },
      {
        "lineNumber": 32,
        "author": {
          "gitId": "kyawtsan99"
        },
        "content": "                System.out.println(\"Here are the tasks in your list:\");"
      },
      {
        "lineNumber": 33,
        "author": {
          "gitId": "kyawtsan99"
        },
        "content": "                for (int i \u003d 0; i \u003c arr.size(); i++) {"
      },
      {
        "lineNumber": 34,
        "author": {
          "gitId": "kyawtsan99"
        },
        "content": "                    System.out.print( (i + 1) + \". \" ); // iterates through the entire array"
      },
      {
        "lineNumber": 35,
        "author": {
          "gitId": "kyawtsan99"
        },
        "content": "                    arr.get(i).listOutput();"
      },
      {
        "lineNumber": 36,
        "author": {
          "gitId": "kyawtsan99"
        },
        "content": "                }"
      },
      {
        "lineNumber": 37,
        "author": {
          "gitId": "kyawtsan99"
        },
        "content": "            }"
      },
      {
        "lineNumber": 38,
        "author": {
          "gitId": "kyawtsan99"
        },
        "content": "            else {"
      },
      {
        "lineNumber": 39,
        "author": {
          "gitId": "kyawtsan99"
        },
        "content": "                String[] splitArr \u003d userInput.split(\" \"); // splits the string by the white spaces"
      },
      {
        "lineNumber": 40,
        "author": {
          "gitId": "kyawtsan99"
        },
        "content": "                String firstWord \u003d splitArr[0]; // obtains the first word of the string"
      },
      {
        "lineNumber": 41,
        "author": {
          "gitId": "kyawtsan99"
        },
        "content": ""
      },
      {
        "lineNumber": 42,
        "author": {
          "gitId": "kyawtsan99"
        },
        "content": "                // done"
      },
      {
        "lineNumber": 43,
        "author": {
          "gitId": "kyawtsan99"
        },
        "content": "                if (firstWord.equals(\"done\")) {"
      },
      {
        "lineNumber": 44,
        "author": {
          "gitId": "kyawtsan99"
        },
        "content": "                    String secondWord \u003d splitArr[1]; // obtains the number after done"
      },
      {
        "lineNumber": 45,
        "author": {
          "gitId": "kyawtsan99"
        },
        "content": "                    int num \u003d Integer.parseInt(secondWord); // converts string into int"
      },
      {
        "lineNumber": 46,
        "author": {
          "gitId": "kyawtsan99"
        },
        "content": "                    arr.get(num - 1).taskIsDone();"
      },
      {
        "lineNumber": 47,
        "author": {
          "gitId": "kyawtsan99"
        },
        "content": "                    arr.get(num - 1).doneOutput();"
      },
      {
        "lineNumber": 48,
        "author": {
          "gitId": "kyawtsan99"
        },
        "content": "                }"
      },
      {
        "lineNumber": 49,
        "author": {
          "gitId": "kyawtsan99"
        },
        "content": "                // add"
      },
      {
        "lineNumber": 50,
        "author": {
          "gitId": "kyawtsan99"
        },
        "content": "                else {"
      },
      {
        "lineNumber": 51,
        "author": {
          "gitId": "kyawtsan99"
        },
        "content": "                    Task newTask \u003d new Task(userInput);"
      },
      {
        "lineNumber": 52,
        "author": {
          "gitId": "kyawtsan99"
        },
        "content": "                    arr.add(newTask);"
      },
      {
        "lineNumber": 53,
        "author": {
          "gitId": "kyawtsan99"
        },
        "content": "                    //arr.add(userInput); // adds tasks into the array"
      },
      {
        "lineNumber": 54,
        "author": {
          "gitId": "kyawtsan99"
        },
        "content": "                    System.out.println(\"added: \" + userInput);"
      },
      {
        "lineNumber": 55,
        "author": {
          "gitId": "kyawtsan99"
        },
        "content": "                }"
      },
      {
        "lineNumber": 56,
        "author": {
          "gitId": "kyawtsan99"
        },
        "content": "            }"
      },
      {
        "lineNumber": 57,
        "author": {
          "gitId": "kyawtsan99"
        },
        "content": "        }"
      },
      {
        "lineNumber": 58,
        "author": {
          "gitId": "-"
        },
        "content": "    }"
      },
      {
        "lineNumber": 59,
        "author": {
          "gitId": "-"
        },
        "content": "}"
      }
    ],
    "authorContributionMap": {
      "kyawtsan99": 49,
      "-": 10
    }
  },
  {
    "path": "src/main/java/Task.java",
    "lines": [
      {
        "lineNumber": 1,
        "author": {
          "gitId": "kyawtsan99"
        },
        "content": "import java.sql.SQLOutput;"
      },
      {
        "lineNumber": 2,
        "author": {
          "gitId": "kyawtsan99"
        },
        "content": ""
      },
      {
        "lineNumber": 3,
        "author": {
          "gitId": "kyawtsan99"
        },
        "content": "public class Task {"
      },
      {
        "lineNumber": 4,
        "author": {
          "gitId": "kyawtsan99"
        },
        "content": "    protected String task;"
      },
      {
        "lineNumber": 5,
        "author": {
          "gitId": "kyawtsan99"
        },
        "content": "    protected boolean isDone;"
      },
      {
        "lineNumber": 6,
        "author": {
          "gitId": "kyawtsan99"
        },
        "content": ""
      },
      {
        "lineNumber": 7,
        "author": {
          "gitId": "kyawtsan99"
        },
        "content": "    public Task(String task) {"
      },
      {
        "lineNumber": 8,
        "author": {
          "gitId": "kyawtsan99"
        },
        "content": "        this.task \u003d task;"
      },
      {
        "lineNumber": 9,
        "author": {
          "gitId": "kyawtsan99"
        },
        "content": "        this.isDone \u003d false;"
      },
      {
        "lineNumber": 10,
        "author": {
          "gitId": "kyawtsan99"
        },
        "content": "    }"
      },
      {
        "lineNumber": 11,
        "author": {
          "gitId": "kyawtsan99"
        },
        "content": ""
      },
      {
        "lineNumber": 12,
        "author": {
          "gitId": "kyawtsan99"
        },
        "content": "    public void taskIsDone() {"
      },
      {
        "lineNumber": 13,
        "author": {
          "gitId": "kyawtsan99"
        },
        "content": "        this.isDone \u003d true;"
      },
      {
        "lineNumber": 14,
        "author": {
          "gitId": "kyawtsan99"
        },
        "content": "    }"
      },
      {
        "lineNumber": 15,
        "author": {
          "gitId": "kyawtsan99"
        },
        "content": ""
      },
      {
        "lineNumber": 16,
        "author": {
          "gitId": "kyawtsan99"
        },
        "content": "    public String getStatusIcon() {"
      },
      {
        "lineNumber": 17,
        "author": {
          "gitId": "kyawtsan99"
        },
        "content": "        return (isDone ? \"\\u2713\" : \"\\u2718\"); // return tick or X symbols"
      },
      {
        "lineNumber": 18,
        "author": {
          "gitId": "kyawtsan99"
        },
        "content": "    }"
      },
      {
        "lineNumber": 19,
        "author": {
          "gitId": "kyawtsan99"
        },
        "content": ""
      },
      {
        "lineNumber": 20,
        "author": {
          "gitId": "kyawtsan99"
        },
        "content": "    public void doneOutput() {"
      },
      {
        "lineNumber": 21,
        "author": {
          "gitId": "kyawtsan99"
        },
        "content": "        System.out.println(\"Nice! I\u0027ve marked this task as done:\");"
      },
      {
        "lineNumber": 22,
        "author": {
          "gitId": "kyawtsan99"
        },
        "content": "        System.out.println(\"[\" + this.getStatusIcon() + \"] \" + this.task);"
      },
      {
        "lineNumber": 23,
        "author": {
          "gitId": "kyawtsan99"
        },
        "content": "    }"
      },
      {
        "lineNumber": 24,
        "author": {
          "gitId": "kyawtsan99"
        },
        "content": ""
      },
      {
        "lineNumber": 25,
        "author": {
          "gitId": "kyawtsan99"
        },
        "content": "    public void listOutput() {"
      },
      {
        "lineNumber": 26,
        "author": {
          "gitId": "kyawtsan99"
        },
        "content": "        System.out.println(\"[\" + this.getStatusIcon() + \"] \" + this.task);"
      },
      {
        "lineNumber": 27,
        "author": {
          "gitId": "kyawtsan99"
        },
        "content": "    }"
      },
      {
        "lineNumber": 28,
        "author": {
          "gitId": "kyawtsan99"
        },
        "content": ""
      },
      {
        "lineNumber": 29,
        "author": {
          "gitId": "kyawtsan99"
        },
        "content": "}"
      }
    ],
    "authorContributionMap": {
      "kyawtsan99": 29
    }
  }
]
