[
  {
    "path": "build.gradle",
    "fileType": "gradle",
    "lines": [
      {
        "lineNumber": 1,
        "author": {
          "gitId": "Jeffry Lum"
        },
        "content": "plugins {"
      },
      {
        "lineNumber": 2,
        "author": {
          "gitId": "Jeffry Lum"
        },
        "content": "    id \u0027java\u0027"
      },
      {
        "lineNumber": 3,
        "author": {
          "gitId": "Jeffry Lum"
        },
        "content": "    id \u0027application\u0027"
      },
      {
        "lineNumber": 4,
        "author": {
          "gitId": "liushiru"
        },
        "content": "    id \u0027com.github.johnrengelman.shadow\u0027 version \u00275.1.0\u0027"
      },
      {
        "lineNumber": 5,
        "author": {
          "gitId": "Jeffry Lum"
        },
        "content": "}"
      },
      {
        "lineNumber": 6,
        "author": {
          "gitId": "Jeffry Lum"
        },
        "content": ""
      },
      {
        "lineNumber": 7,
        "author": {
          "gitId": "Jeffry Lum"
        },
        "content": "group \u0027seedu.duke\u0027"
      },
      {
        "lineNumber": 8,
        "author": {
          "gitId": "Jeffry Lum"
        },
        "content": "version \u00270.1.0\u0027"
      },
      {
        "lineNumber": 9,
        "author": {
          "gitId": "Jeffry Lum"
        },
        "content": ""
      },
      {
        "lineNumber": 10,
        "author": {
          "gitId": "Jeffry Lum"
        },
        "content": "repositories {"
      },
      {
        "lineNumber": 11,
        "author": {
          "gitId": "Jeffry Lum"
        },
        "content": "    mavenCentral()"
      },
      {
        "lineNumber": 12,
        "author": {
          "gitId": "Jeffry Lum"
        },
        "content": "}"
      },
      {
        "lineNumber": 13,
        "author": {
          "gitId": "Jeffry Lum"
        },
        "content": ""
      },
      {
        "lineNumber": 14,
        "author": {
          "gitId": "Jeffry Lum"
        },
        "content": "application {"
      },
      {
        "lineNumber": 15,
        "author": {
          "gitId": "Jeffry Lum"
        },
        "content": "    // Change this to your main class."
      },
      {
        "lineNumber": 16,
        "author": {
          "gitId": "Jeffry Lum"
        },
        "content": "    mainClassName \u003d \"seedu.duke.Duke\""
      },
      {
        "lineNumber": 17,
        "author": {
          "gitId": "Jeffry Lum"
        },
        "content": "}"
      },
      {
        "lineNumber": 18,
        "author": {
          "gitId": "liushiru"
        },
        "content": ""
      },
      {
        "lineNumber": 19,
        "author": {
          "gitId": "liushiru"
        },
        "content": "dependencies {"
      },
      {
        "lineNumber": 20,
        "author": {
          "gitId": "liushiru"
        },
        "content": "    testImplementation \u0027org.junit.jupiter:junit-jupiter:5.5.0\u0027"
      },
      {
        "lineNumber": 21,
        "author": {
          "gitId": "liushiru"
        },
        "content": "}"
      },
      {
        "lineNumber": 22,
        "author": {
          "gitId": "liushiru"
        },
        "content": ""
      },
      {
        "lineNumber": 23,
        "author": {
          "gitId": "liushiru"
        },
        "content": "run{"
      },
      {
        "lineNumber": 24,
        "author": {
          "gitId": "liushiru"
        },
        "content": "    standardInput \u003d System.in"
      },
      {
        "lineNumber": 25,
        "author": {
          "gitId": "liushiru"
        },
        "content": "}"
      },
      {
        "lineNumber": 26,
        "author": {
          "gitId": "liushiru"
        },
        "content": ""
      },
      {
        "lineNumber": 27,
        "author": {
          "gitId": "liushiru"
        },
        "content": "test {"
      },
      {
        "lineNumber": 28,
        "author": {
          "gitId": "liushiru"
        },
        "content": "    useJUnitPlatform()"
      },
      {
        "lineNumber": 29,
        "author": {
          "gitId": "liushiru"
        },
        "content": "}"
      },
      {
        "lineNumber": 30,
        "author": {
          "gitId": "liushiru"
        },
        "content": ""
      },
      {
        "lineNumber": 31,
        "author": {
          "gitId": "liushiru"
        },
        "content": "shadowJar {"
      },
      {
        "lineNumber": 32,
        "author": {
          "gitId": "liushiru"
        },
        "content": "    archiveBaseName \u003d \"duke\""
      },
      {
        "lineNumber": 33,
        "author": {
          "gitId": "liushiru"
        },
        "content": "    archiveVersion \u003d \"0.1.3\""
      },
      {
        "lineNumber": 34,
        "author": {
          "gitId": "liushiru"
        },
        "content": "    archiveClassifier \u003d null"
      },
      {
        "lineNumber": 35,
        "author": {
          "gitId": "liushiru"
        },
        "content": "    archiveAppendix \u003d null"
      },
      {
        "lineNumber": 36,
        "author": {
          "gitId": "liushiru"
        },
        "content": "}"
      }
    ],
    "authorContributionMap": {
      "liushiru": 20,
      "Jeffry Lum": 16
    }
  },
  {
    "path": "settings.gradle",
    "fileType": "gradle",
    "lines": [
      {
        "lineNumber": 1,
        "author": {
          "gitId": "Jeffry Lum"
        },
        "content": "rootProject.name \u003d \u0027duke\u0027"
      }
    ],
    "authorContributionMap": {
      "Jeffry Lum": 1
    }
  },
  {
    "path": "src/main/java/seedu/duke/Deadline.java",
    "fileType": "java",
    "lines": [
      {
        "lineNumber": 1,
        "author": {
          "gitId": "liushiru"
        },
        "content": "package seedu.duke;"
      },
      {
        "lineNumber": 2,
        "author": {
          "gitId": "liushiru"
        },
        "content": ""
      },
      {
        "lineNumber": 3,
        "author": {
          "gitId": "liushiru"
        },
        "content": "public class Deadline extends Task {"
      },
      {
        "lineNumber": 4,
        "author": {
          "gitId": "liushiru"
        },
        "content": ""
      },
      {
        "lineNumber": 5,
        "author": {
          "gitId": "liushiru"
        },
        "content": "    protected String by;"
      },
      {
        "lineNumber": 6,
        "author": {
          "gitId": "liushiru"
        },
        "content": ""
      },
      {
        "lineNumber": 7,
        "author": {
          "gitId": "liushiru"
        },
        "content": "    public Deadline(String description, String by) {"
      },
      {
        "lineNumber": 8,
        "author": {
          "gitId": "liushiru"
        },
        "content": "        super(description);"
      },
      {
        "lineNumber": 9,
        "author": {
          "gitId": "liushiru"
        },
        "content": "        this.by \u003d by;"
      },
      {
        "lineNumber": 10,
        "author": {
          "gitId": "liushiru"
        },
        "content": "    }"
      },
      {
        "lineNumber": 11,
        "author": {
          "gitId": "liushiru"
        },
        "content": ""
      },
      {
        "lineNumber": 12,
        "author": {
          "gitId": "liushiru"
        },
        "content": "    public String getTime() {"
      },
      {
        "lineNumber": 13,
        "author": {
          "gitId": "liushiru"
        },
        "content": "        return this.by;"
      },
      {
        "lineNumber": 14,
        "author": {
          "gitId": "liushiru"
        },
        "content": "    }"
      },
      {
        "lineNumber": 15,
        "author": {
          "gitId": "liushiru"
        },
        "content": "    @Override"
      },
      {
        "lineNumber": 16,
        "author": {
          "gitId": "liushiru"
        },
        "content": "    public String toString() {"
      },
      {
        "lineNumber": 17,
        "author": {
          "gitId": "liushiru"
        },
        "content": "        return \"[D]\"+\"[\" + super.getStatusIcon()+\"] \" + super.getDescription() + \" (by: \" + by + \")\";"
      },
      {
        "lineNumber": 18,
        "author": {
          "gitId": "liushiru"
        },
        "content": "    }"
      },
      {
        "lineNumber": 19,
        "author": {
          "gitId": "liushiru"
        },
        "content": "}"
      }
    ],
    "authorContributionMap": {
      "liushiru": 19
    }
  },
  {
    "path": "src/main/java/seedu/duke/Duke.java",
    "fileType": "java",
    "lines": [
      {
        "lineNumber": 1,
        "author": {
          "gitId": "liushiru"
        },
        "content": "package seedu.duke;"
      },
      {
        "lineNumber": 2,
        "author": {
          "gitId": "liushiru"
        },
        "content": "import java.io.*;"
      },
      {
        "lineNumber": 3,
        "author": {
          "gitId": "liushiru"
        },
        "content": "import java.nio.charset.Charset;"
      },
      {
        "lineNumber": 4,
        "author": {
          "gitId": "liushiru"
        },
        "content": "import java.nio.charset.StandardCharsets;"
      },
      {
        "lineNumber": 5,
        "author": {
          "gitId": "liushiru"
        },
        "content": "import java.nio.file.Files;"
      },
      {
        "lineNumber": 6,
        "author": {
          "gitId": "liushiru"
        },
        "content": "import java.nio.file.Paths;"
      },
      {
        "lineNumber": 7,
        "author": {
          "gitId": "liushiru"
        },
        "content": "import java.util.ArrayList;"
      },
      {
        "lineNumber": 8,
        "author": {
          "gitId": "liushiru"
        },
        "content": "import java.util.List;"
      },
      {
        "lineNumber": 9,
        "author": {
          "gitId": "liushiru"
        },
        "content": "import java.util.Scanner;"
      },
      {
        "lineNumber": 10,
        "author": {
          "gitId": "liushiru"
        },
        "content": ""
      },
      {
        "lineNumber": 11,
        "author": {
          "gitId": "Jeffry Lum"
        },
        "content": "public class Duke {"
      },
      {
        "lineNumber": 12,
        "author": {
          "gitId": "liushiru"
        },
        "content": ""
      },
      {
        "lineNumber": 13,
        "author": {
          "gitId": "liushiru"
        },
        "content": "    // return arr[description][time]"
      },
      {
        "lineNumber": 14,
        "author": {
          "gitId": "liushiru"
        },
        "content": "    public static String[] getInfo(String type, String input) {"
      },
      {
        "lineNumber": 15,
        "author": {
          "gitId": "liushiru"
        },
        "content": "        String descriptionWithTime \u003d input.split(\" \", 2)[1];"
      },
      {
        "lineNumber": 16,
        "author": {
          "gitId": "liushiru"
        },
        "content": "        String[] arr \u003d new String[2];"
      },
      {
        "lineNumber": 17,
        "author": {
          "gitId": "liushiru"
        },
        "content": "        switch (type) {"
      },
      {
        "lineNumber": 18,
        "author": {
          "gitId": "liushiru"
        },
        "content": "            case \"deadline\":"
      },
      {
        "lineNumber": 19,
        "author": {
          "gitId": "liushiru"
        },
        "content": "                    arr \u003d descriptionWithTime.split(\" /by \");"
      },
      {
        "lineNumber": 20,
        "author": {
          "gitId": "liushiru"
        },
        "content": "                break;"
      },
      {
        "lineNumber": 21,
        "author": {
          "gitId": "liushiru"
        },
        "content": "            case \"event\":"
      },
      {
        "lineNumber": 22,
        "author": {
          "gitId": "liushiru"
        },
        "content": "                arr \u003d descriptionWithTime.split(\" /at \");"
      },
      {
        "lineNumber": 23,
        "author": {
          "gitId": "liushiru"
        },
        "content": "                break;"
      },
      {
        "lineNumber": 24,
        "author": {
          "gitId": "liushiru"
        },
        "content": "        }"
      },
      {
        "lineNumber": 25,
        "author": {
          "gitId": "liushiru"
        },
        "content": "        return arr;"
      },
      {
        "lineNumber": 26,
        "author": {
          "gitId": "liushiru"
        },
        "content": "    }"
      },
      {
        "lineNumber": 27,
        "author": {
          "gitId": "liushiru"
        },
        "content": ""
      },
      {
        "lineNumber": 28,
        "author": {
          "gitId": "liushiru"
        },
        "content": "    public static boolean inputValidation(String input) throws Exception {"
      },
      {
        "lineNumber": 29,
        "author": {
          "gitId": "liushiru"
        },
        "content": "        if (!(input.startsWith(\"todo\") || input.startsWith(\"event\") || input.startsWith(\"deadline\"))) {"
      },
      {
        "lineNumber": 30,
        "author": {
          "gitId": "liushiru"
        },
        "content": "            throw new DukeException.inputInvalidException();"
      },
      {
        "lineNumber": 31,
        "author": {
          "gitId": "liushiru"
        },
        "content": "        }"
      },
      {
        "lineNumber": 32,
        "author": {
          "gitId": "liushiru"
        },
        "content": ""
      },
      {
        "lineNumber": 33,
        "author": {
          "gitId": "liushiru"
        },
        "content": "        if (input.startsWith(\"event\") \u0026\u0026 input.equals(\"event\")) {"
      },
      {
        "lineNumber": 34,
        "author": {
          "gitId": "liushiru"
        },
        "content": "                throw new DukeException.emptyDescriptionException(\"event\");"
      },
      {
        "lineNumber": 35,
        "author": {
          "gitId": "liushiru"
        },
        "content": "        }"
      },
      {
        "lineNumber": 36,
        "author": {
          "gitId": "liushiru"
        },
        "content": ""
      },
      {
        "lineNumber": 37,
        "author": {
          "gitId": "liushiru"
        },
        "content": "        if (input.startsWith(\"todo\") \u0026\u0026 input.equals(\"todo\")) {"
      },
      {
        "lineNumber": 38,
        "author": {
          "gitId": "liushiru"
        },
        "content": "            throw new DukeException.emptyDescriptionException(\"todo\");"
      },
      {
        "lineNumber": 39,
        "author": {
          "gitId": "liushiru"
        },
        "content": "        }"
      },
      {
        "lineNumber": 40,
        "author": {
          "gitId": "liushiru"
        },
        "content": ""
      },
      {
        "lineNumber": 41,
        "author": {
          "gitId": "liushiru"
        },
        "content": "        if (input.startsWith(\"deadline\") \u0026\u0026 input.equals(\"deadline\")) {"
      },
      {
        "lineNumber": 42,
        "author": {
          "gitId": "liushiru"
        },
        "content": "            throw new DukeException.emptyDescriptionException(\"deadline\");"
      },
      {
        "lineNumber": 43,
        "author": {
          "gitId": "liushiru"
        },
        "content": "        }"
      },
      {
        "lineNumber": 44,
        "author": {
          "gitId": "liushiru"
        },
        "content": ""
      },
      {
        "lineNumber": 45,
        "author": {
          "gitId": "liushiru"
        },
        "content": "        return true;"
      },
      {
        "lineNumber": 46,
        "author": {
          "gitId": "liushiru"
        },
        "content": "    }"
      },
      {
        "lineNumber": 47,
        "author": {
          "gitId": "liushiru"
        },
        "content": ""
      },
      {
        "lineNumber": 48,
        "author": {
          "gitId": "liushiru"
        },
        "content": "    /*"
      },
      {
        "lineNumber": 49,
        "author": {
          "gitId": "liushiru"
        },
        "content": "    public static void storeTask(char type, Task task) throws IOException {"
      },
      {
        "lineNumber": 50,
        "author": {
          "gitId": "liushiru"
        },
        "content": "        try {"
      },
      {
        "lineNumber": 51,
        "author": {
          "gitId": "liushiru"
        },
        "content": "            PrintWriter outputStream \u003d new PrintWriter(new FileWriter(\"duke.txt\", true));"
      },
      {
        "lineNumber": 52,
        "author": {
          "gitId": "liushiru"
        },
        "content": "            outputStream.print(type + \" | \");"
      },
      {
        "lineNumber": 53,
        "author": {
          "gitId": "liushiru"
        },
        "content": "            if (task.isDone) {"
      },
      {
        "lineNumber": 54,
        "author": {
          "gitId": "liushiru"
        },
        "content": "                outputStream.print(1 + \" | \");"
      },
      {
        "lineNumber": 55,
        "author": {
          "gitId": "liushiru"
        },
        "content": "            } else {"
      },
      {
        "lineNumber": 56,
        "author": {
          "gitId": "liushiru"
        },
        "content": "                outputStream.print(0 + \" | \");"
      },
      {
        "lineNumber": 57,
        "author": {
          "gitId": "liushiru"
        },
        "content": "            }"
      },
      {
        "lineNumber": 58,
        "author": {
          "gitId": "liushiru"
        },
        "content": ""
      },
      {
        "lineNumber": 59,
        "author": {
          "gitId": "liushiru"
        },
        "content": "            if (type \u003d\u003d \u0027T\u0027) {"
      },
      {
        "lineNumber": 60,
        "author": {
          "gitId": "liushiru"
        },
        "content": "                outputStream.println(task.getDescription());"
      },
      {
        "lineNumber": 61,
        "author": {
          "gitId": "liushiru"
        },
        "content": "            } else if (type \u003d\u003d \u0027D\u0027){"
      },
      {
        "lineNumber": 62,
        "author": {
          "gitId": "liushiru"
        },
        "content": "                outputStream.print(task.getDescription() + \" | \");"
      },
      {
        "lineNumber": 63,
        "author": {
          "gitId": "liushiru"
        },
        "content": "                outputStream.println(((Deadline) task).getTime());"
      },
      {
        "lineNumber": 64,
        "author": {
          "gitId": "liushiru"
        },
        "content": "            } else {"
      },
      {
        "lineNumber": 65,
        "author": {
          "gitId": "liushiru"
        },
        "content": "                outputStream.print(task.getDescription() + \" | \");"
      },
      {
        "lineNumber": 66,
        "author": {
          "gitId": "liushiru"
        },
        "content": "                outputStream.println(((Event) task).getTime());"
      },
      {
        "lineNumber": 67,
        "author": {
          "gitId": "liushiru"
        },
        "content": "            }"
      },
      {
        "lineNumber": 68,
        "author": {
          "gitId": "liushiru"
        },
        "content": "            outputStream.close(); //flush the data to the file"
      },
      {
        "lineNumber": 69,
        "author": {
          "gitId": "liushiru"
        },
        "content": "        } catch (IOException e){"
      },
      {
        "lineNumber": 70,
        "author": {
          "gitId": "liushiru"
        },
        "content": "            e.printStackTrace();"
      },
      {
        "lineNumber": 71,
        "author": {
          "gitId": "liushiru"
        },
        "content": "        }"
      },
      {
        "lineNumber": 72,
        "author": {
          "gitId": "liushiru"
        },
        "content": "    }"
      },
      {
        "lineNumber": 73,
        "author": {
          "gitId": "liushiru"
        },
        "content": "*/"
      },
      {
        "lineNumber": 74,
        "author": {
          "gitId": "liushiru"
        },
        "content": "    public static void storeInput(String userInput, ArrayList\u003cTask\u003e inputArray) throws IOException {"
      },
      {
        "lineNumber": 75,
        "author": {
          "gitId": "liushiru"
        },
        "content": "        String type \u003d userInput.split(\" \", 2)[0];"
      },
      {
        "lineNumber": 76,
        "author": {
          "gitId": "liushiru"
        },
        "content": "        String[] infoList \u003d getInfo(type, userInput);"
      },
      {
        "lineNumber": 77,
        "author": {
          "gitId": "liushiru"
        },
        "content": "        switch (type) {"
      },
      {
        "lineNumber": 78,
        "author": {
          "gitId": "liushiru"
        },
        "content": "            case \"deadline\":"
      },
      {
        "lineNumber": 79,
        "author": {
          "gitId": "liushiru"
        },
        "content": "                Deadline newDeadline \u003d new Deadline(infoList[0], infoList[1]);"
      },
      {
        "lineNumber": 80,
        "author": {
          "gitId": "liushiru"
        },
        "content": "                inputArray.add(newDeadline);"
      },
      {
        "lineNumber": 81,
        "author": {
          "gitId": "liushiru"
        },
        "content": "                break;"
      },
      {
        "lineNumber": 82,
        "author": {
          "gitId": "liushiru"
        },
        "content": "            case \"event\":"
      },
      {
        "lineNumber": 83,
        "author": {
          "gitId": "liushiru"
        },
        "content": "                infoList \u003d getInfo(\"event\", userInput);"
      },
      {
        "lineNumber": 84,
        "author": {
          "gitId": "liushiru"
        },
        "content": "                Event newEvent \u003d new Event(infoList[0], infoList[1]);"
      },
      {
        "lineNumber": 85,
        "author": {
          "gitId": "liushiru"
        },
        "content": "                inputArray.add(newEvent);"
      },
      {
        "lineNumber": 86,
        "author": {
          "gitId": "liushiru"
        },
        "content": "                break;"
      },
      {
        "lineNumber": 87,
        "author": {
          "gitId": "liushiru"
        },
        "content": "            case \"todo\":"
      },
      {
        "lineNumber": 88,
        "author": {
          "gitId": "liushiru"
        },
        "content": "                String description \u003d userInput.split(\" \", 2)[1];"
      },
      {
        "lineNumber": 89,
        "author": {
          "gitId": "liushiru"
        },
        "content": "                Todo newTodo \u003d new Todo(description);"
      },
      {
        "lineNumber": 90,
        "author": {
          "gitId": "liushiru"
        },
        "content": "                inputArray.add(newTodo);"
      },
      {
        "lineNumber": 91,
        "author": {
          "gitId": "liushiru"
        },
        "content": "                break;"
      },
      {
        "lineNumber": 92,
        "author": {
          "gitId": "liushiru"
        },
        "content": "        }"
      },
      {
        "lineNumber": 93,
        "author": {
          "gitId": "liushiru"
        },
        "content": "        writeFile(inputArray);"
      },
      {
        "lineNumber": 94,
        "author": {
          "gitId": "liushiru"
        },
        "content": "    }"
      },
      {
        "lineNumber": 95,
        "author": {
          "gitId": "liushiru"
        },
        "content": ""
      },
      {
        "lineNumber": 96,
        "author": {
          "gitId": "liushiru"
        },
        "content": "    public static String taskArrayToString (ArrayList\u003cTask\u003e inputArray) {"
      },
      {
        "lineNumber": 97,
        "author": {
          "gitId": "liushiru"
        },
        "content": "        String content \u003d \"\";"
      },
      {
        "lineNumber": 98,
        "author": {
          "gitId": "liushiru"
        },
        "content": "        int i \u003d 1;"
      },
      {
        "lineNumber": 99,
        "author": {
          "gitId": "liushiru"
        },
        "content": "        for(Task task : inputArray) {"
      },
      {
        "lineNumber": 100,
        "author": {
          "gitId": "liushiru"
        },
        "content": "            content +\u003d i++ + \".\" + task.toString() + \"\\n\";"
      },
      {
        "lineNumber": 101,
        "author": {
          "gitId": "liushiru"
        },
        "content": "        }"
      },
      {
        "lineNumber": 102,
        "author": {
          "gitId": "liushiru"
        },
        "content": "        return content;"
      },
      {
        "lineNumber": 103,
        "author": {
          "gitId": "liushiru"
        },
        "content": "    }"
      },
      {
        "lineNumber": 104,
        "author": {
          "gitId": "liushiru"
        },
        "content": ""
      },
      {
        "lineNumber": 105,
        "author": {
          "gitId": "liushiru"
        },
        "content": "    public static Task decodeLine (String line) {"
      },
      {
        "lineNumber": 106,
        "author": {
          "gitId": "liushiru"
        },
        "content": "        char type \u003d line.charAt(3);"
      },
      {
        "lineNumber": 107,
        "author": {
          "gitId": "liushiru"
        },
        "content": "        boolean done \u003d (line.charAt(6) \u003d\u003d \u0027\\u2713\u0027) ? true : false;"
      },
      {
        "lineNumber": 108,
        "author": {
          "gitId": "liushiru"
        },
        "content": "        String description;"
      },
      {
        "lineNumber": 109,
        "author": {
          "gitId": "liushiru"
        },
        "content": "        String time;"
      },
      {
        "lineNumber": 110,
        "author": {
          "gitId": "liushiru"
        },
        "content": "        String info \u003d line.split(\" \", 2)[1];"
      },
      {
        "lineNumber": 111,
        "author": {
          "gitId": "liushiru"
        },
        "content": "        String[] infoList;"
      },
      {
        "lineNumber": 112,
        "author": {
          "gitId": "liushiru"
        },
        "content": "        if (type \u003d\u003d \u0027T\u0027) {"
      },
      {
        "lineNumber": 113,
        "author": {
          "gitId": "liushiru"
        },
        "content": "            description \u003d info;"
      },
      {
        "lineNumber": 114,
        "author": {
          "gitId": "liushiru"
        },
        "content": "            if (done) {"
      },
      {
        "lineNumber": 115,
        "author": {
          "gitId": "liushiru"
        },
        "content": "                Todo todo \u003d new Todo(description);"
      },
      {
        "lineNumber": 116,
        "author": {
          "gitId": "liushiru"
        },
        "content": "                todo.setDone();"
      },
      {
        "lineNumber": 117,
        "author": {
          "gitId": "liushiru"
        },
        "content": "                return todo;"
      },
      {
        "lineNumber": 118,
        "author": {
          "gitId": "liushiru"
        },
        "content": "            } else {"
      },
      {
        "lineNumber": 119,
        "author": {
          "gitId": "liushiru"
        },
        "content": "                return new Todo(description);"
      },
      {
        "lineNumber": 120,
        "author": {
          "gitId": "liushiru"
        },
        "content": "            }"
      },
      {
        "lineNumber": 121,
        "author": {
          "gitId": "liushiru"
        },
        "content": "        } else if (type \u003d\u003d \u0027D\u0027) {"
      },
      {
        "lineNumber": 122,
        "author": {
          "gitId": "liushiru"
        },
        "content": "            infoList \u003d info.split(\"by: \", 2);"
      },
      {
        "lineNumber": 123,
        "author": {
          "gitId": "liushiru"
        },
        "content": "            description \u003d infoList[0].substring(0, infoList[0].length() - 2);"
      },
      {
        "lineNumber": 124,
        "author": {
          "gitId": "liushiru"
        },
        "content": "            time \u003d infoList[1].substring(0, infoList[1].length() - 1);"
      },
      {
        "lineNumber": 125,
        "author": {
          "gitId": "liushiru"
        },
        "content": "            if (done) {"
      },
      {
        "lineNumber": 126,
        "author": {
          "gitId": "liushiru"
        },
        "content": "                Deadline deadline \u003d new Deadline(description, time);"
      },
      {
        "lineNumber": 127,
        "author": {
          "gitId": "liushiru"
        },
        "content": "                deadline.setDone();"
      },
      {
        "lineNumber": 128,
        "author": {
          "gitId": "liushiru"
        },
        "content": "                return deadline;"
      },
      {
        "lineNumber": 129,
        "author": {
          "gitId": "liushiru"
        },
        "content": "            } else {"
      },
      {
        "lineNumber": 130,
        "author": {
          "gitId": "liushiru"
        },
        "content": "                return new Deadline(description, time);"
      },
      {
        "lineNumber": 131,
        "author": {
          "gitId": "liushiru"
        },
        "content": "            }"
      },
      {
        "lineNumber": 132,
        "author": {
          "gitId": "liushiru"
        },
        "content": "        } else {"
      },
      {
        "lineNumber": 133,
        "author": {
          "gitId": "liushiru"
        },
        "content": "            infoList \u003d info.split(\"at: \", 2);"
      },
      {
        "lineNumber": 134,
        "author": {
          "gitId": "liushiru"
        },
        "content": "            description \u003d infoList[0].substring(0, infoList[0].length() - 2);"
      },
      {
        "lineNumber": 135,
        "author": {
          "gitId": "liushiru"
        },
        "content": "            time \u003d infoList[1].substring(0, infoList[1].length() - 1);"
      },
      {
        "lineNumber": 136,
        "author": {
          "gitId": "liushiru"
        },
        "content": "            if (done) {"
      },
      {
        "lineNumber": 137,
        "author": {
          "gitId": "liushiru"
        },
        "content": "                Event event \u003d new Event(description, time);"
      },
      {
        "lineNumber": 138,
        "author": {
          "gitId": "liushiru"
        },
        "content": "                event.setDone();"
      },
      {
        "lineNumber": 139,
        "author": {
          "gitId": "liushiru"
        },
        "content": "                return event;"
      },
      {
        "lineNumber": 140,
        "author": {
          "gitId": "liushiru"
        },
        "content": "            } else {"
      },
      {
        "lineNumber": 141,
        "author": {
          "gitId": "liushiru"
        },
        "content": "                return new Event(description, time);"
      },
      {
        "lineNumber": 142,
        "author": {
          "gitId": "liushiru"
        },
        "content": "            }"
      },
      {
        "lineNumber": 143,
        "author": {
          "gitId": "liushiru"
        },
        "content": "        }"
      },
      {
        "lineNumber": 144,
        "author": {
          "gitId": "liushiru"
        },
        "content": "    }"
      },
      {
        "lineNumber": 145,
        "author": {
          "gitId": "liushiru"
        },
        "content": "    public static void readFile (ArrayList\u003cTask\u003e inputArray) {"
      },
      {
        "lineNumber": 146,
        "author": {
          "gitId": "liushiru"
        },
        "content": "        inputArray.clear();"
      },
      {
        "lineNumber": 147,
        "author": {
          "gitId": "liushiru"
        },
        "content": "        BufferedReader reader;"
      },
      {
        "lineNumber": 148,
        "author": {
          "gitId": "liushiru"
        },
        "content": "        try {"
      },
      {
        "lineNumber": 149,
        "author": {
          "gitId": "liushiru"
        },
        "content": "            reader \u003d new BufferedReader(new FileReader(\"duke.txt\"));"
      },
      {
        "lineNumber": 150,
        "author": {
          "gitId": "liushiru"
        },
        "content": "            String line \u003d reader.readLine();"
      },
      {
        "lineNumber": 151,
        "author": {
          "gitId": "liushiru"
        },
        "content": "            if (line\u003d\u003dnull) {"
      },
      {
        "lineNumber": 152,
        "author": {
          "gitId": "liushiru"
        },
        "content": "                return;"
      },
      {
        "lineNumber": 153,
        "author": {
          "gitId": "liushiru"
        },
        "content": "            }"
      },
      {
        "lineNumber": 154,
        "author": {
          "gitId": "liushiru"
        },
        "content": "            while (line !\u003d null) {"
      },
      {
        "lineNumber": 155,
        "author": {
          "gitId": "liushiru"
        },
        "content": "                Task task \u003d decodeLine(line);"
      },
      {
        "lineNumber": 156,
        "author": {
          "gitId": "liushiru"
        },
        "content": "                inputArray.add(task);"
      },
      {
        "lineNumber": 157,
        "author": {
          "gitId": "liushiru"
        },
        "content": "                line \u003d reader.readLine();"
      },
      {
        "lineNumber": 158,
        "author": {
          "gitId": "liushiru"
        },
        "content": "            }"
      },
      {
        "lineNumber": 159,
        "author": {
          "gitId": "liushiru"
        },
        "content": "        } catch (FileNotFoundException e) {"
      },
      {
        "lineNumber": 160,
        "author": {
          "gitId": "liushiru"
        },
        "content": "            e.printStackTrace();"
      },
      {
        "lineNumber": 161,
        "author": {
          "gitId": "liushiru"
        },
        "content": "        } catch (IOException e) {"
      },
      {
        "lineNumber": 162,
        "author": {
          "gitId": "liushiru"
        },
        "content": "            e.printStackTrace();"
      },
      {
        "lineNumber": 163,
        "author": {
          "gitId": "liushiru"
        },
        "content": "        }"
      },
      {
        "lineNumber": 164,
        "author": {
          "gitId": "liushiru"
        },
        "content": "    }"
      },
      {
        "lineNumber": 165,
        "author": {
          "gitId": "liushiru"
        },
        "content": ""
      },
      {
        "lineNumber": 166,
        "author": {
          "gitId": "liushiru"
        },
        "content": "    public static void writeFile(ArrayList\u003cTask\u003e inputArray) {"
      },
      {
        "lineNumber": 167,
        "author": {
          "gitId": "liushiru"
        },
        "content": "        String content \u003d taskArrayToString(inputArray);"
      },
      {
        "lineNumber": 168,
        "author": {
          "gitId": "liushiru"
        },
        "content": "        try {"
      },
      {
        "lineNumber": 169,
        "author": {
          "gitId": "liushiru"
        },
        "content": "            PrintWriter outputStream \u003d new PrintWriter(new FileWriter(\"duke.txt\"));"
      },
      {
        "lineNumber": 170,
        "author": {
          "gitId": "liushiru"
        },
        "content": "            outputStream.print(content);"
      },
      {
        "lineNumber": 171,
        "author": {
          "gitId": "liushiru"
        },
        "content": "            outputStream.close();"
      },
      {
        "lineNumber": 172,
        "author": {
          "gitId": "liushiru"
        },
        "content": "        } catch (IOException e) {"
      },
      {
        "lineNumber": 173,
        "author": {
          "gitId": "liushiru"
        },
        "content": "            e.printStackTrace();"
      },
      {
        "lineNumber": 174,
        "author": {
          "gitId": "liushiru"
        },
        "content": "        }"
      },
      {
        "lineNumber": 175,
        "author": {
          "gitId": "liushiru"
        },
        "content": "    }"
      },
      {
        "lineNumber": 176,
        "author": {
          "gitId": "liushiru"
        },
        "content": "    public static void storeTask(Task task) {"
      },
      {
        "lineNumber": 177,
        "author": {
          "gitId": "liushiru"
        },
        "content": "        try {"
      },
      {
        "lineNumber": 178,
        "author": {
          "gitId": "liushiru"
        },
        "content": "            PrintWriter outputStream \u003d new PrintWriter(new FileWriter(\"duke.txt\", true));"
      },
      {
        "lineNumber": 179,
        "author": {
          "gitId": "liushiru"
        },
        "content": "            outputStream.println(task.toString());"
      },
      {
        "lineNumber": 180,
        "author": {
          "gitId": "liushiru"
        },
        "content": "            outputStream.close();"
      },
      {
        "lineNumber": 181,
        "author": {
          "gitId": "liushiru"
        },
        "content": "        } catch (IOException e) {"
      },
      {
        "lineNumber": 182,
        "author": {
          "gitId": "liushiru"
        },
        "content": "            e.printStackTrace();"
      },
      {
        "lineNumber": 183,
        "author": {
          "gitId": "liushiru"
        },
        "content": "        }"
      },
      {
        "lineNumber": 184,
        "author": {
          "gitId": "liushiru"
        },
        "content": "    }"
      },
      {
        "lineNumber": 185,
        "author": {
          "gitId": "liushiru"
        },
        "content": "    public static void displayFile() throws IOException {"
      },
      {
        "lineNumber": 186,
        "author": {
          "gitId": "liushiru"
        },
        "content": "        BufferedReader in \u003d new BufferedReader(new FileReader(\"duke.txt\"));"
      },
      {
        "lineNumber": 187,
        "author": {
          "gitId": "liushiru"
        },
        "content": "        String line;"
      },
      {
        "lineNumber": 188,
        "author": {
          "gitId": "liushiru"
        },
        "content": "        while((line \u003d in.readLine()) !\u003d null) {"
      },
      {
        "lineNumber": 189,
        "author": {
          "gitId": "liushiru"
        },
        "content": "            System.out.println(line);"
      },
      {
        "lineNumber": 190,
        "author": {
          "gitId": "liushiru"
        },
        "content": "        }"
      },
      {
        "lineNumber": 191,
        "author": {
          "gitId": "liushiru"
        },
        "content": "    }"
      },
      {
        "lineNumber": 192,
        "author": {
          "gitId": "liushiru"
        },
        "content": ""
      },
      {
        "lineNumber": 193,
        "author": {
          "gitId": "liushiru"
        },
        "content": "    public static void setTaskDoneAndStore(ArrayList\u003cTask\u003e inputArray, int taskNum) throws IOException {"
      },
      {
        "lineNumber": 194,
        "author": {
          "gitId": "liushiru"
        },
        "content": "        Charset charset \u003d StandardCharsets.UTF_8;"
      },
      {
        "lineNumber": 195,
        "author": {
          "gitId": "liushiru"
        },
        "content": "        String content \u003d new String(Files.readAllBytes(Paths.get(\"duke.txt\")), charset);"
      },
      {
        "lineNumber": 196,
        "author": {
          "gitId": "liushiru"
        },
        "content": "        String notDone \u003d inputArray.get(taskNum).toString();"
      },
      {
        "lineNumber": 197,
        "author": {
          "gitId": "liushiru"
        },
        "content": ""
      },
      {
        "lineNumber": 198,
        "author": {
          "gitId": "liushiru"
        },
        "content": "        inputArray.get(taskNum).setDone();"
      },
      {
        "lineNumber": 199,
        "author": {
          "gitId": "liushiru"
        },
        "content": "        String done \u003d inputArray.get(taskNum).toString();"
      },
      {
        "lineNumber": 200,
        "author": {
          "gitId": "liushiru"
        },
        "content": "        content.replaceAll(\"T\", \"t\");"
      },
      {
        "lineNumber": 201,
        "author": {
          "gitId": "liushiru"
        },
        "content": "        System.out.println(\"content: \" + content);"
      },
      {
        "lineNumber": 202,
        "author": {
          "gitId": "liushiru"
        },
        "content": "        Files.write(Paths.get(\"duke.txt\"), content.getBytes(charset));"
      },
      {
        "lineNumber": 203,
        "author": {
          "gitId": "liushiru"
        },
        "content": "    }"
      },
      {
        "lineNumber": 204,
        "author": {
          "gitId": "liushiru"
        },
        "content": "            /*"
      },
      {
        "lineNumber": 205,
        "author": {
          "gitId": "liushiru"
        },
        "content": "    public static void display(ArrayList\u003cTask\u003e inputArray) {"
      },
      {
        "lineNumber": 206,
        "author": {
          "gitId": "liushiru"
        },
        "content": "        Task currTask \u003d inputArray.get(inputArray.size() - 1);"
      },
      {
        "lineNumber": 207,
        "author": {
          "gitId": "liushiru"
        },
        "content": "        System.out.println(\" \" + currTask.toString());"
      },
      {
        "lineNumber": 208,
        "author": {
          "gitId": "liushiru"
        },
        "content": "        System.out.println(\"Now you have \" + inputArray.size() + \" tasks in the list.\");"
      },
      {
        "lineNumber": 209,
        "author": {
          "gitId": "liushiru"
        },
        "content": "    }"
      },
      {
        "lineNumber": 210,
        "author": {
          "gitId": "liushiru"
        },
        "content": "*/"
      },
      {
        "lineNumber": 211,
        "author": {
          "gitId": "liushiru"
        },
        "content": "    public static void main(String[] args) throws IOException {"
      },
      {
        "lineNumber": 212,
        "author": {
          "gitId": "Jeffry Lum"
        },
        "content": "        String logo \u003d \" ____        _        \\n\""
      },
      {
        "lineNumber": 213,
        "author": {
          "gitId": "Jeffry Lum"
        },
        "content": "                + \"|  _ \\\\ _   _| | _____ \\n\""
      },
      {
        "lineNumber": 214,
        "author": {
          "gitId": "Jeffry Lum"
        },
        "content": "                + \"| | | | | | | |/ / _ \\\\\\n\""
      },
      {
        "lineNumber": 215,
        "author": {
          "gitId": "Jeffry Lum"
        },
        "content": "                + \"| |_| | |_| |   \u003c  __/\\n\""
      },
      {
        "lineNumber": 216,
        "author": {
          "gitId": "Jeffry Lum"
        },
        "content": "                + \"|____/ \\\\__,_|_|\\\\_\\\\___|\\n\";"
      },
      {
        "lineNumber": 217,
        "author": {
          "gitId": "liushiru"
        },
        "content": "        System.out.println(logo);"
      },
      {
        "lineNumber": 218,
        "author": {
          "gitId": "liushiru"
        },
        "content": "        System.out.println(\"Hello! I\u0027m Duke\");"
      },
      {
        "lineNumber": 219,
        "author": {
          "gitId": "liushiru"
        },
        "content": "        System.out.println(\"What can I do for you?\");"
      },
      {
        "lineNumber": 220,
        "author": {
          "gitId": "liushiru"
        },
        "content": "        ArrayList\u003cTask\u003e inputArray \u003d new ArrayList\u003cTask\u003e();"
      },
      {
        "lineNumber": 221,
        "author": {
          "gitId": "liushiru"
        },
        "content": ""
      },
      {
        "lineNumber": 222,
        "author": {
          "gitId": "liushiru"
        },
        "content": "        try {"
      },
      {
        "lineNumber": 223,
        "author": {
          "gitId": "liushiru"
        },
        "content": ""
      },
      {
        "lineNumber": 224,
        "author": {
          "gitId": "liushiru"
        },
        "content": "            readFile(inputArray);"
      },
      {
        "lineNumber": 225,
        "author": {
          "gitId": "liushiru"
        },
        "content": "            displayFile();"
      },
      {
        "lineNumber": 226,
        "author": {
          "gitId": "liushiru"
        },
        "content": "        } catch (Exception e) {"
      },
      {
        "lineNumber": 227,
        "author": {
          "gitId": "liushiru"
        },
        "content": "            e.printStackTrace();"
      },
      {
        "lineNumber": 228,
        "author": {
          "gitId": "liushiru"
        },
        "content": "        }"
      },
      {
        "lineNumber": 229,
        "author": {
          "gitId": "liushiru"
        },
        "content": ""
      },
      {
        "lineNumber": 230,
        "author": {
          "gitId": "liushiru"
        },
        "content": "        Scanner input \u003d new Scanner(System.in);"
      },
      {
        "lineNumber": 231,
        "author": {
          "gitId": "liushiru"
        },
        "content": "        String userInput \u003d input.nextLine();"
      },
      {
        "lineNumber": 232,
        "author": {
          "gitId": "liushiru"
        },
        "content": ""
      },
      {
        "lineNumber": 233,
        "author": {
          "gitId": "liushiru"
        },
        "content": "        while (!userInput.equals(\"bye\")) {"
      },
      {
        "lineNumber": 234,
        "author": {
          "gitId": "liushiru"
        },
        "content": ""
      },
      {
        "lineNumber": 235,
        "author": {
          "gitId": "liushiru"
        },
        "content": "            String[] tokens \u003d userInput.split(\" \");"
      },
      {
        "lineNumber": 236,
        "author": {
          "gitId": "liushiru"
        },
        "content": ""
      },
      {
        "lineNumber": 237,
        "author": {
          "gitId": "liushiru"
        },
        "content": "            if (userInput.equals(\"list\")) {"
      },
      {
        "lineNumber": 238,
        "author": {
          "gitId": "liushiru"
        },
        "content": "                System.out.println(taskArrayToString(inputArray));"
      },
      {
        "lineNumber": 239,
        "author": {
          "gitId": "liushiru"
        },
        "content": "                userInput \u003d input.nextLine();"
      },
      {
        "lineNumber": 240,
        "author": {
          "gitId": "liushiru"
        },
        "content": "            } else if (tokens[0].equals(\"done\")) {"
      },
      {
        "lineNumber": 241,
        "author": {
          "gitId": "liushiru"
        },
        "content": "                int taskNum \u003d Integer.parseInt(tokens[1]) - 1;"
      },
      {
        "lineNumber": 242,
        "author": {
          "gitId": "liushiru"
        },
        "content": "                inputArray.get(taskNum).setDone();"
      },
      {
        "lineNumber": 243,
        "author": {
          "gitId": "liushiru"
        },
        "content": "                writeFile(inputArray);"
      },
      {
        "lineNumber": 244,
        "author": {
          "gitId": "liushiru"
        },
        "content": "                //setTaskDoneAndStore(inputArray, taskNum);"
      },
      {
        "lineNumber": 245,
        "author": {
          "gitId": "liushiru"
        },
        "content": "                System.out.println(\"Nice! I\u0027ve marked this task as done:\");"
      },
      {
        "lineNumber": 246,
        "author": {
          "gitId": "liushiru"
        },
        "content": "                //System.out.println(\"  [\" + inputArray.get(taskNum).getStatusIcon() + \"] \" + inputArray.get(taskNum).getDescription());"
      },
      {
        "lineNumber": 247,
        "author": {
          "gitId": "liushiru"
        },
        "content": "                System.out.println(\"  \" + inputArray.get(taskNum).toString());"
      },
      {
        "lineNumber": 248,
        "author": {
          "gitId": "liushiru"
        },
        "content": "                userInput \u003d input.nextLine();"
      },
      {
        "lineNumber": 249,
        "author": {
          "gitId": "liushiru"
        },
        "content": "            } else {"
      },
      {
        "lineNumber": 250,
        "author": {
          "gitId": "liushiru"
        },
        "content": "                try {"
      },
      {
        "lineNumber": 251,
        "author": {
          "gitId": "liushiru"
        },
        "content": "                    inputValidation(userInput);"
      },
      {
        "lineNumber": 252,
        "author": {
          "gitId": "liushiru"
        },
        "content": "                    System.out.println(\"Got it. I\u0027ve added this task: \");"
      },
      {
        "lineNumber": 253,
        "author": {
          "gitId": "liushiru"
        },
        "content": "                    storeInput(userInput, inputArray);"
      },
      {
        "lineNumber": 254,
        "author": {
          "gitId": "liushiru"
        },
        "content": ""
      },
      {
        "lineNumber": 255,
        "author": {
          "gitId": "liushiru"
        },
        "content": "                    Task currTask \u003d inputArray.get(inputArray.size() - 1);"
      },
      {
        "lineNumber": 256,
        "author": {
          "gitId": "liushiru"
        },
        "content": "                    System.out.println(\" \" + currTask.toString());"
      },
      {
        "lineNumber": 257,
        "author": {
          "gitId": "liushiru"
        },
        "content": "                    System.out.println(\"Now you have \" + inputArray.size() + \" tasks in the list.\");"
      },
      {
        "lineNumber": 258,
        "author": {
          "gitId": "liushiru"
        },
        "content": "                    userInput \u003d input.nextLine();"
      },
      {
        "lineNumber": 259,
        "author": {
          "gitId": "liushiru"
        },
        "content": "                } catch (Exception e) {"
      },
      {
        "lineNumber": 260,
        "author": {
          "gitId": "liushiru"
        },
        "content": "                    userInput \u003d input.nextLine();"
      },
      {
        "lineNumber": 261,
        "author": {
          "gitId": "liushiru"
        },
        "content": "                }"
      },
      {
        "lineNumber": 262,
        "author": {
          "gitId": "Jeffry Lum"
        },
        "content": "            }"
      },
      {
        "lineNumber": 263,
        "author": {
          "gitId": "liushiru"
        },
        "content": "        }"
      },
      {
        "lineNumber": 264,
        "author": {
          "gitId": "liushiru"
        },
        "content": "        System.out.println(\"Bye. Hope to see you again soon!\");"
      },
      {
        "lineNumber": 265,
        "author": {
          "gitId": "Jeffry Lum"
        },
        "content": "    }"
      },
      {
        "lineNumber": 266,
        "author": {
          "gitId": "liushiru"
        },
        "content": ""
      },
      {
        "lineNumber": 267,
        "author": {
          "gitId": "liushiru"
        },
        "content": "}"
      }
    ],
    "authorContributionMap": {
      "liushiru": 259,
      "Jeffry Lum": 8
    }
  },
  {
    "path": "src/main/java/seedu/duke/DukeException.java",
    "fileType": "java",
    "lines": [
      {
        "lineNumber": 1,
        "author": {
          "gitId": "liushiru"
        },
        "content": "package seedu.duke;"
      },
      {
        "lineNumber": 2,
        "author": {
          "gitId": "liushiru"
        },
        "content": ""
      },
      {
        "lineNumber": 3,
        "author": {
          "gitId": "liushiru"
        },
        "content": "public class DukeException extends Exception {"
      },
      {
        "lineNumber": 4,
        "author": {
          "gitId": "liushiru"
        },
        "content": "   // public static Object inputInvalidException;"
      },
      {
        "lineNumber": 5,
        "author": {
          "gitId": "liushiru"
        },
        "content": "    //public static Object inputInvalidException;"
      },
      {
        "lineNumber": 6,
        "author": {
          "gitId": "liushiru"
        },
        "content": "   // public static Object emptyDescriptionException;"
      },
      {
        "lineNumber": 7,
        "author": {
          "gitId": "liushiru"
        },
        "content": "    protected String input;"
      },
      {
        "lineNumber": 8,
        "author": {
          "gitId": "liushiru"
        },
        "content": ""
      },
      {
        "lineNumber": 9,
        "author": {
          "gitId": "liushiru"
        },
        "content": "    public DukeException(String input) {"
      },
      {
        "lineNumber": 10,
        "author": {
          "gitId": "liushiru"
        },
        "content": "        this.input \u003d input;"
      },
      {
        "lineNumber": 11,
        "author": {
          "gitId": "liushiru"
        },
        "content": "    }"
      },
      {
        "lineNumber": 12,
        "author": {
          "gitId": "liushiru"
        },
        "content": ""
      },
      {
        "lineNumber": 13,
        "author": {
          "gitId": "liushiru"
        },
        "content": "    public static class inputInvalidException extends Exception {"
      },
      {
        "lineNumber": 14,
        "author": {
          "gitId": "liushiru"
        },
        "content": "        public inputInvalidException() {"
      },
      {
        "lineNumber": 15,
        "author": {
          "gitId": "liushiru"
        },
        "content": "            System.out.println(\"☹ OOPS!!! I\u0027m sorry, but I don\u0027t know what that means :-(\");"
      },
      {
        "lineNumber": 16,
        "author": {
          "gitId": "liushiru"
        },
        "content": "        }"
      },
      {
        "lineNumber": 17,
        "author": {
          "gitId": "liushiru"
        },
        "content": "    }"
      },
      {
        "lineNumber": 18,
        "author": {
          "gitId": "liushiru"
        },
        "content": ""
      },
      {
        "lineNumber": 19,
        "author": {
          "gitId": "liushiru"
        },
        "content": "    public static class emptyDescriptionException extends Exception {"
      },
      {
        "lineNumber": 20,
        "author": {
          "gitId": "liushiru"
        },
        "content": "        public emptyDescriptionException(String type) {"
      },
      {
        "lineNumber": 21,
        "author": {
          "gitId": "liushiru"
        },
        "content": "            System.out.println(\"☹ OOPS!!! The description of a \" + type + \" cannot be empty.\");"
      },
      {
        "lineNumber": 22,
        "author": {
          "gitId": "liushiru"
        },
        "content": "        }"
      },
      {
        "lineNumber": 23,
        "author": {
          "gitId": "liushiru"
        },
        "content": "    }"
      },
      {
        "lineNumber": 24,
        "author": {
          "gitId": "liushiru"
        },
        "content": "}"
      }
    ],
    "authorContributionMap": {
      "liushiru": 24
    }
  },
  {
    "path": "src/main/java/seedu/duke/Event.java",
    "fileType": "java",
    "lines": [
      {
        "lineNumber": 1,
        "author": {
          "gitId": "liushiru"
        },
        "content": "package seedu.duke;"
      },
      {
        "lineNumber": 2,
        "author": {
          "gitId": "liushiru"
        },
        "content": ""
      },
      {
        "lineNumber": 3,
        "author": {
          "gitId": "liushiru"
        },
        "content": "public class Event extends Task {"
      },
      {
        "lineNumber": 4,
        "author": {
          "gitId": "liushiru"
        },
        "content": "    protected String at;"
      },
      {
        "lineNumber": 5,
        "author": {
          "gitId": "liushiru"
        },
        "content": ""
      },
      {
        "lineNumber": 6,
        "author": {
          "gitId": "liushiru"
        },
        "content": "    public Event(String description, String at) {"
      },
      {
        "lineNumber": 7,
        "author": {
          "gitId": "liushiru"
        },
        "content": "        super(description);"
      },
      {
        "lineNumber": 8,
        "author": {
          "gitId": "liushiru"
        },
        "content": "        this.at \u003d at;"
      },
      {
        "lineNumber": 9,
        "author": {
          "gitId": "liushiru"
        },
        "content": "    }"
      },
      {
        "lineNumber": 10,
        "author": {
          "gitId": "liushiru"
        },
        "content": ""
      },
      {
        "lineNumber": 11,
        "author": {
          "gitId": "liushiru"
        },
        "content": "    public String getTime() {"
      },
      {
        "lineNumber": 12,
        "author": {
          "gitId": "liushiru"
        },
        "content": "        return this.at;"
      },
      {
        "lineNumber": 13,
        "author": {
          "gitId": "liushiru"
        },
        "content": "    }"
      },
      {
        "lineNumber": 14,
        "author": {
          "gitId": "liushiru"
        },
        "content": "    @Override"
      },
      {
        "lineNumber": 15,
        "author": {
          "gitId": "liushiru"
        },
        "content": "    public String toString() {"
      },
      {
        "lineNumber": 16,
        "author": {
          "gitId": "liushiru"
        },
        "content": "        return \"[E]\" + \"[\" + super.getStatusIcon()+\"] \"  + super.getDescription() + \" (at: \" + at + \")\";"
      },
      {
        "lineNumber": 17,
        "author": {
          "gitId": "liushiru"
        },
        "content": "    }"
      },
      {
        "lineNumber": 18,
        "author": {
          "gitId": "liushiru"
        },
        "content": "}"
      }
    ],
    "authorContributionMap": {
      "liushiru": 18
    }
  },
  {
    "path": "src/main/java/seedu/duke/Task.java",
    "fileType": "java",
    "lines": [
      {
        "lineNumber": 1,
        "author": {
          "gitId": "liushiru"
        },
        "content": "package seedu.duke;"
      },
      {
        "lineNumber": 2,
        "author": {
          "gitId": "liushiru"
        },
        "content": ""
      },
      {
        "lineNumber": 3,
        "author": {
          "gitId": "liushiru"
        },
        "content": "public class Task {"
      },
      {
        "lineNumber": 4,
        "author": {
          "gitId": "liushiru"
        },
        "content": "    protected String description;"
      },
      {
        "lineNumber": 5,
        "author": {
          "gitId": "liushiru"
        },
        "content": "    protected boolean isDone;"
      },
      {
        "lineNumber": 6,
        "author": {
          "gitId": "liushiru"
        },
        "content": ""
      },
      {
        "lineNumber": 7,
        "author": {
          "gitId": "liushiru"
        },
        "content": "    public Task(String description) {"
      },
      {
        "lineNumber": 8,
        "author": {
          "gitId": "liushiru"
        },
        "content": "        this.description \u003d description;"
      },
      {
        "lineNumber": 9,
        "author": {
          "gitId": "liushiru"
        },
        "content": "        this.isDone \u003d false;"
      },
      {
        "lineNumber": 10,
        "author": {
          "gitId": "liushiru"
        },
        "content": "    }"
      },
      {
        "lineNumber": 11,
        "author": {
          "gitId": "liushiru"
        },
        "content": ""
      },
      {
        "lineNumber": 12,
        "author": {
          "gitId": "liushiru"
        },
        "content": "    public String getDescription() {"
      },
      {
        "lineNumber": 13,
        "author": {
          "gitId": "liushiru"
        },
        "content": "        return this.description;"
      },
      {
        "lineNumber": 14,
        "author": {
          "gitId": "liushiru"
        },
        "content": "    }"
      },
      {
        "lineNumber": 15,
        "author": {
          "gitId": "liushiru"
        },
        "content": ""
      },
      {
        "lineNumber": 16,
        "author": {
          "gitId": "liushiru"
        },
        "content": "    public boolean getStatus() {"
      },
      {
        "lineNumber": 17,
        "author": {
          "gitId": "liushiru"
        },
        "content": "        return this.isDone;"
      },
      {
        "lineNumber": 18,
        "author": {
          "gitId": "liushiru"
        },
        "content": "    }"
      },
      {
        "lineNumber": 19,
        "author": {
          "gitId": "liushiru"
        },
        "content": ""
      },
      {
        "lineNumber": 20,
        "author": {
          "gitId": "liushiru"
        },
        "content": "    public String getStatusIcon() {"
      },
      {
        "lineNumber": 21,
        "author": {
          "gitId": "liushiru"
        },
        "content": "        return (isDone ? \"✓\" : \"✗\"); //return tick or X symbols"
      },
      {
        "lineNumber": 22,
        "author": {
          "gitId": "liushiru"
        },
        "content": "    }"
      },
      {
        "lineNumber": 23,
        "author": {
          "gitId": "liushiru"
        },
        "content": ""
      },
      {
        "lineNumber": 24,
        "author": {
          "gitId": "liushiru"
        },
        "content": "    public void setDone() {"
      },
      {
        "lineNumber": 25,
        "author": {
          "gitId": "liushiru"
        },
        "content": "        this.isDone \u003d true;"
      },
      {
        "lineNumber": 26,
        "author": {
          "gitId": "liushiru"
        },
        "content": "    }"
      },
      {
        "lineNumber": 27,
        "author": {
          "gitId": "liushiru"
        },
        "content": "}"
      }
    ],
    "authorContributionMap": {
      "liushiru": 27
    }
  },
  {
    "path": "src/main/java/seedu/duke/Todo.java",
    "fileType": "java",
    "lines": [
      {
        "lineNumber": 1,
        "author": {
          "gitId": "liushiru"
        },
        "content": "package seedu.duke;"
      },
      {
        "lineNumber": 2,
        "author": {
          "gitId": "liushiru"
        },
        "content": ""
      },
      {
        "lineNumber": 3,
        "author": {
          "gitId": "liushiru"
        },
        "content": "public class Todo extends Task {"
      },
      {
        "lineNumber": 4,
        "author": {
          "gitId": "liushiru"
        },
        "content": "    public Todo(String description) {"
      },
      {
        "lineNumber": 5,
        "author": {
          "gitId": "liushiru"
        },
        "content": "        super(description);"
      },
      {
        "lineNumber": 6,
        "author": {
          "gitId": "liushiru"
        },
        "content": "    }"
      },
      {
        "lineNumber": 7,
        "author": {
          "gitId": "liushiru"
        },
        "content": ""
      },
      {
        "lineNumber": 8,
        "author": {
          "gitId": "liushiru"
        },
        "content": "    @Override"
      },
      {
        "lineNumber": 9,
        "author": {
          "gitId": "liushiru"
        },
        "content": "    public String toString() {"
      },
      {
        "lineNumber": 10,
        "author": {
          "gitId": "liushiru"
        },
        "content": "        return \"[T]\"+ \"[\" + super.getStatusIcon()+\"] \" + super.getDescription();"
      },
      {
        "lineNumber": 11,
        "author": {
          "gitId": "liushiru"
        },
        "content": "    }"
      },
      {
        "lineNumber": 12,
        "author": {
          "gitId": "liushiru"
        },
        "content": "}"
      }
    ],
    "authorContributionMap": {
      "liushiru": 12
    }
  },
  {
    "path": "src/test/java/seedu/duke/DukeTest.java",
    "fileType": "java",
    "lines": [
      {
        "lineNumber": 1,
        "author": {
          "gitId": "liushiru"
        },
        "content": "package seedu.duke;"
      },
      {
        "lineNumber": 2,
        "author": {
          "gitId": "liushiru"
        },
        "content": ""
      },
      {
        "lineNumber": 3,
        "author": {
          "gitId": "liushiru"
        },
        "content": "class DukeTest {"
      },
      {
        "lineNumber": 4,
        "author": {
          "gitId": "liushiru"
        },
        "content": "    public static void main(String args[]){"
      },
      {
        "lineNumber": 5,
        "author": {
          "gitId": "liushiru"
        },
        "content": "        System.out.println(\"Hello Java\");"
      },
      {
        "lineNumber": 6,
        "author": {
          "gitId": "liushiru"
        },
        "content": "    }"
      },
      {
        "lineNumber": 7,
        "author": {
          "gitId": "liushiru"
        },
        "content": "}"
      }
    ],
    "authorContributionMap": {
      "liushiru": 7
    }
  }
]
