{
  "authorDailyContributionsMap": {
    "liushiru": [
      {
        "insertions": 102,
        "deletions": 8,
        "date": "2019-08-24",
        "commitResults": [
          {
            "hash": "dba82488b9acb8a44a2f6f041ea5aa507754e95d",
            "message": "Level-1 Greet, Echo, Exit",
            "insertions": 40,
            "deletions": 0
          },
          {
            "hash": "e08ac35ab0b8687e163153d9948deae75926e69d",
            "message": "Level 1 amended",
            "insertions": 10,
            "deletions": 5
          },
          {
            "hash": "02c9e8899a34c173ab8a1c694ede4ab6a5db92e5",
            "message": "Level 2 - Add, List",
            "insertions": 7,
            "deletions": 0
          },
          {
            "hash": "b3a64a1ace99361477e4a74e9543c058ac399a6b",
            "message": "Level 3. Mark as Done (class)",
            "insertions": 45,
            "deletions": 3
          }
        ]
      },
      {
        "insertions": 68,
        "deletions": 4,
        "date": "2019-08-25",
        "commitResults": [
          {
            "hash": "730545982dfa85ddee9f3a3d71a3bbc1427a8294",
            "message": "Level-4 Todo, Event, Deadline(inheritance)",
            "insertions": 68,
            "deletions": 4
          }
        ]
      },
      {
        "insertions": 84,
        "deletions": 29,
        "date": "2019-08-26",
        "commitResults": [
          {
            "hash": "b9f5a9d01f0e2b5d90ff3eeb482abd2fe2ce0e08",
            "message": "Level-5 Exception Handling",
            "insertions": 84,
            "deletions": 29
          }
        ]
      },
      {
        "insertions": 222,
        "deletions": 51,
        "date": "2019-08-27",
        "commitResults": [
          {
            "hash": "cce47583c8e5de3d0ecf9601744218ae4799abaa",
            "message": "Write to file, can\u0027t ammend",
            "insertions": 79,
            "deletions": 14
          },
          {
            "hash": "264a35abca318aba9ba4c6fd1c378f0906ab302c",
            "message": "Level-7 write to file",
            "insertions": 115,
            "deletions": 18
          },
          {
            "hash": "745afe6cb50dedbbda4013b59b63374a1f9b006f",
            "message": "fixed ( bug",
            "insertions": 28,
            "deletions": 19
          }
        ]
      },
      {
        "insertions": 66,
        "deletions": 40,
        "date": "2019-08-28",
        "commitResults": [
          {
            "hash": "2f79a18dd3f4f948f6fbc1769ec9aac924fd73c1",
            "message": "date recognition half done, fixed type bugs",
            "insertions": 41,
            "deletions": 25
          },
          {
            "hash": "04ebd96d23abed81ab36009d3558998b2677c481",
            "message": "Level-8 Date and time",
            "insertions": 25,
            "deletions": 15
          }
        ]
      },
      {
        "insertions": 489,
        "deletions": 207,
        "date": "2019-09-01",
        "commitResults": [
          {
            "hash": "b9da3237b74e396a741f4322b931dca788e5c230",
            "message": "refactored file related functions, moved them from main to DukeFile Class",
            "insertions": 152,
            "deletions": 138
          },
          {
            "hash": "46cddf1837fc9b83cd0ce1fc2d066b63ceb2eada",
            "message": "Level-9 find keywords;",
            "insertions": 12,
            "deletions": 2
          },
          {
            "hash": "a992dcb6be5cfa1968850c4296059b9286d7130c",
            "message": "added exception handling, DukeFile class",
            "insertions": 94,
            "deletions": 40
          },
          {
            "hash": "7d70e149d5234cd437663754321239a129103495",
            "message": "in \u0027find\u0027 Changed .getDescription() to .toString() for a more powerful search result",
            "insertions": 1,
            "deletions": 1
          },
          {
            "hash": "9f317201acb94ad6e14c8c62c21764acd7e64a58",
            "message": "half done with refactoring",
            "insertions": 230,
            "deletions": 26
          }
        ]
      },
      {
        "insertions": 104,
        "deletions": 46,
        "date": "2019-09-02",
        "commitResults": [
          {
            "hash": "63582bb56589bc80ce20f41a45aa7241bc7137df",
            "message": "half-done with refactoring",
            "insertions": 104,
            "deletions": 46
          }
        ]
      }
    ]
  },
  "authorFinalContributionMap": {
    "liushiru": 771
  },
  "authorFileFormatContributionMap": {
    "liushiru": {
      "java": 751,
      "gradle": 20,
      "css": 0,
      "fxml": 0
    }
  },
  "authorContributionVariance": {
    "liushiru": 29895.875
  },
  "authorDisplayNameMap": {
    "liushiru": "liushiru"
  }
}
