{
  "authorDailyContributionsMap": {
    "tygq13": [
      {
        "insertions": 95,
        "deletions": 25,
        "date": "2019-08-26",
        "commitResults": [
          {
            "hash": "b25b9f3032e2e5914b518b7d35ad6745d5497736",
            "message": "level 1",
            "insertions": 37,
            "deletions": 0
          },
          {
            "hash": "37160f937a24c0c31184f5daba4015759ad7b28f",
            "message": "level 2 complete",
            "insertions": 58,
            "deletions": 25
          }
        ]
      },
      {
        "insertions": 227,
        "deletions": 57,
        "date": "2019-08-27",
        "commitResults": [
          {
            "hash": "0ee4cc606583bdffbdeb4270305a20984696a774",
            "message": "level 3 without bugFix",
            "insertions": 32,
            "deletions": 3
          },
          {
            "hash": "645e699c47b317ae9848a9223e44d1a40e6a042d",
            "message": "level4 done",
            "insertions": 102,
            "deletions": 21
          },
          {
            "hash": "6f717f2d0b928eb43e55da76502d17e3e61e3a30",
            "message": "level5 exception handling",
            "insertions": 93,
            "deletions": 33
          }
        ]
      },
      {
        "insertions": 114,
        "deletions": 17,
        "date": "2019-08-28",
        "commitResults": [
          {
            "hash": "3c90d47289a8bd41ff8a8b38861cd4522201cef3",
            "message": "level7 completed",
            "insertions": 114,
            "deletions": 17
          }
        ]
      },
      {
        "insertions": 2,
        "deletions": 0,
        "date": "2019-08-29",
        "commitResults": [
          {
            "hash": "133e5a7ffda714d10469c08a85c973fb22a5c7c5",
            "message": "level 8",
            "insertions": 2,
            "deletions": 0
          }
        ]
      },
      {
        "insertions": 1,
        "deletions": 1,
        "date": "2019-09-02",
        "commitResults": [
          {
            "hash": "8a2c5e075d676ba2c040fe0a5f71f3b8f7924376",
            "message": "added files data/duke.txt",
            "insertions": 1,
            "deletions": 1
          }
        ]
      }
    ]
  },
  "authorFinalContributionMap": {
    "tygq13": 340
  },
  "authorFileFormatContributionMap": {
    "tygq13": {
      "java": 340,
      "gradle": 0,
      "css": 0,
      "fxml": 0
    }
  },
  "authorContributionVariance": {
    "tygq13": 5879.214
  },
  "authorDisplayNameMap": {
    "tygq13": "F09-2 YE ..UAN"
  }
}
