{
  "authorDailyContributionsMap": {
    "tygq13": [
      {
        "insertions": 95,
        "deletions": 25,
        "date": "2019-08-26",
        "commitResults": [
          {
            "hash": "b25b9f3032e2e5914b518b7d35ad6745d5497736",
            "messageTitle": "level 1",
            "messageBody": "",
            "insertions": 37,
            "deletions": 0
          },
          {
            "hash": "37160f937a24c0c31184f5daba4015759ad7b28f",
            "messageTitle": "level 2 complete",
            "messageBody": "",
            "insertions": 58,
            "deletions": 25
          }
        ]
      },
      {
        "insertions": 227,
        "deletions": 57,
        "date": "2019-08-27",
        "commitResults": [
          {
            "hash": "0ee4cc606583bdffbdeb4270305a20984696a774",
            "messageTitle": "level 3 without bugFix",
            "messageBody": "",
            "insertions": 32,
            "deletions": 3
          },
          {
            "hash": "645e699c47b317ae9848a9223e44d1a40e6a042d",
            "messageTitle": "level4 done",
            "messageBody": "",
            "insertions": 102,
            "deletions": 21
          },
          {
            "hash": "6f717f2d0b928eb43e55da76502d17e3e61e3a30",
            "messageTitle": "level5 exception handling",
            "messageBody": "",
            "insertions": 93,
            "deletions": 33
          }
        ]
      },
      {
        "insertions": 114,
        "deletions": 17,
        "date": "2019-08-28",
        "commitResults": [
          {
            "hash": "3c90d47289a8bd41ff8a8b38861cd4522201cef3",
            "messageTitle": "level7 completed",
            "messageBody": "",
            "insertions": 114,
            "deletions": 17
          }
        ]
      },
      {
        "insertions": 2,
        "deletions": 0,
        "date": "2019-08-29",
        "commitResults": [
          {
            "hash": "133e5a7ffda714d10469c08a85c973fb22a5c7c5",
            "messageTitle": "level 8",
            "messageBody": "",
            "insertions": 2,
            "deletions": 0
          }
        ]
      },
      {
        "insertions": 1,
        "deletions": 1,
        "date": "2019-09-02",
        "commitResults": [
          {
            "hash": "8a2c5e075d676ba2c040fe0a5f71f3b8f7924376",
            "messageTitle": "added files data/duke.txt",
            "messageBody": "",
            "insertions": 1,
            "deletions": 1
          }
        ]
      },
      {
        "insertions": 555,
        "deletions": 221,
        "date": "2019-09-04",
        "commitResults": [
          {
            "hash": "e78717e99d12b917d216e99ad85f810c00985541",
            "messageTitle": "refactor the project",
            "messageBody": "",
            "insertions": 555,
            "deletions": 221
          }
        ]
      },
      {
        "insertions": 240,
        "deletions": 45,
        "date": "2019-09-05",
        "commitResults": [
          {
            "hash": "52ced57f92fbbef88faf4c43969bf30d10cce850",
            "messageTitle": "fix bugs in Date",
            "messageBody": "",
            "insertions": 58,
            "deletions": 25
          },
          {
            "hash": "e9df2b2d8e76f83be42058ca923024ec2ab4e497",
            "messageTitle": "support command help",
            "messageBody": "",
            "insertions": 71,
            "deletions": 14
          },
          {
            "hash": "a41dff4fad4ceac24dd096469807c5c197c23913",
            "messageTitle": "level 6 done",
            "messageBody": "",
            "insertions": 67,
            "deletions": 5
          },
          {
            "hash": "ed551f2739edf5705f5308e717bf4fac79611d40",
            "messageTitle": "level 9 done",
            "messageBody": "",
            "insertions": 44,
            "deletions": 1
          }
        ]
      },
      {
        "insertions": 538,
        "deletions": 28,
        "date": "2019-09-10",
        "commitResults": [
          {
            "hash": "7ca49db58b8af8f4332db00367abd6ffd4d347db",
            "messageTitle": "add Junit 5",
            "messageBody": "",
            "insertions": 9,
            "deletions": 0
          },
          {
            "hash": "7314b2a68f5fd7d0362a33dfa6cc280b7c8d617b",
            "messageTitle": "add javadoc",
            "messageBody": "",
            "insertions": 529,
            "deletions": 28
          }
        ]
      }
    ]
  },
  "authorFinalContributionMap": {
    "tygq13": 1384
  },
  "authorFileTypeContributionMap": {
    "tygq13": {
      "java": 1384,
      "gradle": 0,
      "css": 0,
      "fxml": 0
    }
  },
  "authorContributionVariance": {
    "tygq13": 38354.188
  },
  "authorDisplayNameMap": {
    "tygq13": "F09-2 YE ..UAN"
  }
}
