{
  "repoSenseVersion": "57e70cf066",
  "reportGeneratedTime": "Thu Dec 26 01:39:18 2019 UTC",
  "repos": [
    {
      "location": {
        "location": "https://github.com/sevenmatt7/duke.git",
        "repoName": "duke",
        "organization": "sevenmatt7"
      },
      "branch": "master",
      "displayName": "sevenmatt7/duke[master]",
      "outputFolderName": "sevenmatt7_duke_master"
    },
    {
      "location": {
        "location": "https://github.com/nishanthelango/duke.git",
        "repoName": "duke",
        "organization": "nishanthelango"
      },
      "branch": "master",
      "displayName": "nishanthelango/duke[master]",
      "outputFolderName": "nishanthelango_duke_master"
    },
    {
      "location": {
        "location": "https://github.com/OungKennedy/duke.git",
        "repoName": "duke",
        "organization": "OungKennedy"
      },
      "branch": "master",
      "displayName": "OungKennedy/duke[master]",
      "outputFolderName": "OungKennedy_duke_master"
    },
    {
      "location": {
        "location": "https://github.com/TerenceTanWT/duke.git",
        "repoName": "duke",
        "organization": "TerenceTanWT"
      },
      "branch": "master",
      "displayName": "TerenceTanWT/duke[master]",
      "outputFolderName": "TerenceTanWT_duke_master"
    },
    {
      "location": {
        "location": "https://github.com/KaneQuah/duke.git",
        "repoName": "duke",
        "organization": "KaneQuah"
      },
      "branch": "master",
      "displayName": "KaneQuah/duke[master]",
      "outputFolderName": "KaneQuah_duke_master"
    },
    {
      "location": {
        "location": "https://github.com/ZhangYihanNus/duke.git",
        "repoName": "duke",
        "organization": "ZhangYihanNus"
      },
      "branch": "master",
      "displayName": "ZhangYihanNus/duke[master]",
      "outputFolderName": "ZhangYihanNus_duke_master"
    },
    {
      "location": {
        "location": "https://github.com/YuanJiayi/duke.git",
        "repoName": "duke",
        "organization": "YuanJiayi"
      },
      "branch": "master",
      "displayName": "YuanJiayi/duke[master]",
      "outputFolderName": "YuanJiayi_duke_master"
    },
    {
      "location": {
        "location": "https://github.com/JohnTYH/duke.git",
        "repoName": "duke",
        "organization": "JohnTYH"
      },
      "branch": "master",
      "displayName": "JohnTYH/duke[master]",
      "outputFolderName": "JohnTYH_duke_master"
    },
    {
      "location": {
        "location": "https://github.com/nystera/duke.git",
        "repoName": "duke",
        "organization": "nystera"
      },
      "branch": "master",
      "displayName": "nystera/duke[master]",
      "outputFolderName": "nystera_duke_master"
    },
    {
      "location": {
        "location": "https://github.com/Raghav-B/duke.git",
        "repoName": "duke",
        "organization": "Raghav-B"
      },
      "branch": "master",
      "displayName": "Raghav-B/duke[master]",
      "outputFolderName": "Raghav-B_duke_master"
    },
    {
      "location": {
        "location": "https://github.com/Samuel787/duke.git",
        "repoName": "duke",
        "organization": "Samuel787"
      },
      "branch": "master",
      "displayName": "Samuel787/duke[master]",
      "outputFolderName": "Samuel787_duke_master"
    },
    {
      "location": {
        "location": "https://github.com/NicholasLiu97/duke.git",
        "repoName": "duke",
        "organization": "NicholasLiu97"
      },
      "branch": "master",
      "displayName": "NicholasLiu97/duke[master]",
      "outputFolderName": "NicholasLiu97_duke_master"
    },
    {
      "location": {
        "location": "https://github.com/priyan-coder/duke.git",
        "repoName": "duke",
        "organization": "priyan-coder"
      },
      "branch": "master",
      "displayName": "priyan-coder/duke[master]",
      "outputFolderName": "priyan-coder_duke_master"
    },
    {
      "location": {
        "location": "https://github.com/tran-quang-thanh/duke.git",
        "repoName": "duke",
        "organization": "tran-quang-thanh"
      },
      "branch": "master",
      "displayName": "tran-quang-thanh/duke[master]",
      "outputFolderName": "tran-quang-thanh_duke_master"
    },
    {
      "location": {
        "location": "https://github.com/ZKathrynx/duke.git",
        "repoName": "duke",
        "organization": "ZKathrynx"
      },
      "branch": "master",
      "displayName": "ZKathrynx/duke[master]",
      "outputFolderName": "ZKathrynx_duke_master"
    },
    {
      "location": {
        "location": "https://github.com/zkchang97/duke.git",
        "repoName": "duke",
        "organization": "zkchang97"
      },
      "branch": "master",
      "displayName": "zkchang97/duke[master]",
      "outputFolderName": "zkchang97_duke_master"
    },
    {
      "location": {
        "location": "https://github.com/kyawtsan99/duke.git",
        "repoName": "duke",
        "organization": "kyawtsan99"
      },
      "branch": "master",
      "displayName": "kyawtsan99/duke[master]",
      "outputFolderName": "kyawtsan99_duke_master"
    },
    {
      "location": {
        "location": "https://github.com/ngjiewu/duke.git",
        "repoName": "duke",
        "organization": "ngjiewu"
      },
      "branch": "master",
      "displayName": "ngjiewu/duke[master]",
      "outputFolderName": "ngjiewu_duke_master"
    },
    {
      "location": {
        "location": "https://github.com/iamabhishek98/duke.git",
        "repoName": "duke",
        "organization": "iamabhishek98"
      },
      "branch": "master",
      "displayName": "iamabhishek98/duke[master]",
      "outputFolderName": "iamabhishek98_duke_master"
    },
    {
      "location": {
        "location": "https://github.com/Sfloydzy/duke.git",
        "repoName": "duke",
        "organization": "Sfloydzy"
      },
      "branch": "master",
      "displayName": "Sfloydzy/duke[master]",
      "outputFolderName": "Sfloydzy_duke_master"
    },
    {
      "location": {
        "location": "https://github.com/rohan-av/duke.git",
        "repoName": "duke",
        "organization": "rohan-av"
      },
      "branch": "master",
      "displayName": "rohan-av/duke[master]",
      "outputFolderName": "rohan-av_duke_master"
    },
    {
      "location": {
        "location": "https://github.com/CheeSengg/duke.git",
        "repoName": "duke",
        "organization": "CheeSengg"
      },
      "branch": "master",
      "displayName": "CheeSengg/duke[master]",
      "outputFolderName": "CheeSengg_duke_master"
    },
    {
      "location": {
        "location": "https://github.com/JacobToresson/duke.git",
        "repoName": "duke",
        "organization": "JacobToresson"
      },
      "branch": "master",
      "displayName": "JacobToresson/duke[master]",
      "outputFolderName": "JacobToresson_duke_master"
    },
    {
      "location": {
        "location": "https://github.com/ChenChao19/duke.git",
        "repoName": "duke",
        "organization": "ChenChao19"
      },
      "branch": "master",
      "displayName": "ChenChao19/duke[master]",
      "outputFolderName": "ChenChao19_duke_master"
    },
    {
      "location": {
        "location": "https://github.com/RusdiHaizim/duke.git",
        "repoName": "duke",
        "organization": "RusdiHaizim"
      },
      "branch": "master",
      "displayName": "RusdiHaizim/duke[master]",
      "outputFolderName": "RusdiHaizim_duke_master"
    },
    {
      "location": {
        "location": "https://github.com/Chianhaoplanks/duke.git",
        "repoName": "duke",
        "organization": "Chianhaoplanks"
      },
      "branch": "master",
      "displayName": "Chianhaoplanks/duke[master]",
      "outputFolderName": "Chianhaoplanks_duke_master"
    },
    {
      "location": {
        "location": "https://github.com/calebtay/duke.git",
        "repoName": "duke",
        "organization": "calebtay"
      },
      "branch": "master",
      "displayName": "calebtay/duke[master]",
      "outputFolderName": "calebtay_duke_master"
    },
    {
      "location": {
        "location": "https://github.com/patwaririshab/duke.git",
        "repoName": "duke",
        "organization": "patwaririshab"
      },
      "branch": "master",
      "displayName": "patwaririshab/duke[master]",
      "outputFolderName": "patwaririshab_duke_master"
    },
    {
      "location": {
        "location": "https://github.com/Catherinetan99/duke.git",
        "repoName": "duke",
        "organization": "Catherinetan99"
      },
      "branch": "master",
      "displayName": "Catherinetan99/duke[master]",
      "outputFolderName": "Catherinetan99_duke_master"
    },
    {
      "location": {
        "location": "https://github.com/cctt1014/duke.git",
        "repoName": "duke",
        "organization": "cctt1014"
      },
      "branch": "master",
      "displayName": "cctt1014/duke[master]",
      "outputFolderName": "cctt1014_duke_master"
    },
    {
      "location": {
        "location": "https://github.com/eugenelim97/duke.git",
        "repoName": "duke",
        "organization": "eugenelim97"
      },
      "branch": "master",
      "displayName": "eugenelim97/duke[master]",
      "outputFolderName": "eugenelim97_duke_master"
    },
    {
      "location": {
        "location": "https://github.com/lucasfoo/duke.git",
        "repoName": "duke",
        "organization": "lucasfoo"
      },
      "branch": "master",
      "displayName": "lucasfoo/duke[master]",
      "outputFolderName": "lucasfoo_duke_master"
    },
    {
      "location": {
        "location": "https://github.com/AugGust/duke.git",
        "repoName": "duke",
        "organization": "AugGust"
      },
      "branch": "master",
      "displayName": "AugGust/duke[master]",
      "outputFolderName": "AugGust_duke_master"
    },
    {
      "location": {
        "location": "https://github.com/yuyanglin28/duke.git",
        "repoName": "duke",
        "organization": "yuyanglin28"
      },
      "branch": "master",
      "displayName": "yuyanglin28/duke[master]",
      "outputFolderName": "yuyanglin28_duke_master"
    },
    {
      "location": {
        "location": "https://github.com/LL-Pengfei/duke.git",
        "repoName": "duke",
        "organization": "LL-Pengfei"
      },
      "branch": "master",
      "displayName": "LL-Pengfei/duke[master]",
      "outputFolderName": "LL-Pengfei_duke_master"
    },
    {
      "location": {
        "location": "https://github.com/chengweixuan/duke.git",
        "repoName": "duke",
        "organization": "chengweixuan"
      },
      "branch": "master",
      "displayName": "chengweixuan/duke[master]",
      "outputFolderName": "chengweixuan_duke_master"
    },
    {
      "location": {
        "location": "https://github.com/lijiayu980606/duke.git",
        "repoName": "duke",
        "organization": "lijiayu980606"
      },
      "branch": "master",
      "displayName": "lijiayu980606/duke[master]",
      "outputFolderName": "lijiayu980606_duke_master"
    },
    {
      "location": {
        "location": "https://github.com/JokerYan/duke.git",
        "repoName": "duke",
        "organization": "JokerYan"
      },
      "branch": "master",
      "displayName": "JokerYan/duke[master]",
      "outputFolderName": "JokerYan_duke_master"
    },
    {
      "location": {
        "location": "https://github.com/tygq13/duke.git",
        "repoName": "duke",
        "organization": "tygq13"
      },
      "branch": "master",
      "displayName": "tygq13/duke[master]",
      "outputFolderName": "tygq13_duke_master"
    },
    {
      "location": {
        "location": "https://github.com/hanskw4267/duke.git",
        "repoName": "duke",
        "organization": "hanskw4267"
      },
      "branch": "master",
      "displayName": "hanskw4267/duke[master]",
      "outputFolderName": "hanskw4267_duke_master"
    },
    {
      "location": {
        "location": "https://github.com/seanlimhx/duke.git",
        "repoName": "duke",
        "organization": "seanlimhx"
      },
      "branch": "master",
      "displayName": "seanlimhx/duke[master]",
      "outputFolderName": "seanlimhx_duke_master"
    },
    {
      "location": {
        "location": "https://github.com/omupenguin/duke.git",
        "repoName": "duke",
        "organization": "omupenguin"
      },
      "branch": "master",
      "displayName": "omupenguin/duke[master]",
      "outputFolderName": "omupenguin_duke_master"
    },
    {
      "location": {
        "location": "https://github.com/jaedonkey/duke.git",
        "repoName": "duke",
        "organization": "jaedonkey"
      },
      "branch": "master",
      "displayName": "jaedonkey/duke[master]",
      "outputFolderName": "jaedonkey_duke_master"
    },
    {
      "location": {
        "location": "https://github.com/Dkenobi/duke.git",
        "repoName": "duke",
        "organization": "Dkenobi"
      },
      "branch": "master",
      "displayName": "Dkenobi/duke[master]",
      "outputFolderName": "Dkenobi_duke_master"
    },
    {
      "location": {
        "location": "https://github.com/KahLokKee/duke.git",
        "repoName": "duke",
        "organization": "KahLokKee"
      },
      "branch": "master",
      "displayName": "KahLokKee/duke[master]",
      "outputFolderName": "KahLokKee_duke_master"
    },
    {
      "location": {
        "location": "https://github.com/fauzt/duke.git",
        "repoName": "duke",
        "organization": "fauzt"
      },
      "branch": "master",
      "displayName": "fauzt/duke[master]",
      "outputFolderName": "fauzt_duke_master"
    },
    {
      "location": {
        "location": "https://github.com/kishore03109/duke.git",
        "repoName": "duke",
        "organization": "kishore03109"
      },
      "branch": "master",
      "displayName": "kishore03109/duke[master]",
      "outputFolderName": "kishore03109_duke_master"
    },
    {
      "location": {
        "location": "https://github.com/parvathi14/duke.git",
        "repoName": "duke",
        "organization": "parvathi14"
      },
      "branch": "master",
      "displayName": "parvathi14/duke[master]",
      "outputFolderName": "parvathi14_duke_master"
    },
    {
      "location": {
        "location": "https://github.com/nwenhui/duke.git",
        "repoName": "duke",
        "organization": "nwenhui"
      },
      "branch": "master",
      "displayName": "nwenhui/duke[master]",
      "outputFolderName": "nwenhui_duke_master"
    },
    {
      "location": {
        "location": "https://github.com/Hotspur1997/duke.git",
        "repoName": "duke",
        "organization": "Hotspur1997"
      },
      "branch": "master",
      "displayName": "Hotspur1997/duke[master]",
      "outputFolderName": "Hotspur1997_duke_master"
    },
    {
      "location": {
        "location": "https://github.com/TehZiHuai/duke.git",
        "repoName": "duke",
        "organization": "TehZiHuai"
      },
      "branch": "master",
      "displayName": "TehZiHuai/duke[master]",
      "outputFolderName": "TehZiHuai_duke_master"
    },
    {
      "location": {
        "location": "https://github.com/Exprescode/duke.git",
        "repoName": "duke",
        "organization": "Exprescode"
      },
      "branch": "master",
      "displayName": "Exprescode/duke[master]",
      "outputFolderName": "Exprescode_duke_master"
    },
    {
      "location": {
        "location": "https://github.com/zyleet/duke.git",
        "repoName": "duke",
        "organization": "zyleet"
      },
      "branch": "master",
      "displayName": "zyleet/duke[master]",
      "outputFolderName": "zyleet_duke_master"
    },
    {
      "location": {
        "location": "https://github.com/talesrune/duke.git",
        "repoName": "duke",
        "organization": "talesrune"
      },
      "branch": "master",
      "displayName": "talesrune/duke[master]",
      "outputFolderName": "talesrune_duke_master"
    },
    {
      "location": {
        "location": "https://github.com/Tejasvas123/duke.git",
        "repoName": "duke",
        "organization": "Tejasvas123"
      },
      "branch": "master",
      "displayName": "Tejasvas123/duke[master]",
      "outputFolderName": "Tejasvas123_duke_master"
    },
    {
      "location": {
        "location": "https://github.com/Pdotdeep/duke.git",
        "repoName": "duke",
        "organization": "Pdotdeep"
      },
      "branch": "master",
      "displayName": "Pdotdeep/duke[master]",
      "outputFolderName": "Pdotdeep_duke_master"
    },
    {
      "location": {
        "location": "https://github.com/tessa-z/duke.git",
        "repoName": "duke",
        "organization": "tessa-z"
      },
      "branch": "master",
      "displayName": "tessa-z/duke[master]",
      "outputFolderName": "tessa-z_duke_master"
    },
    {
      "location": {
        "location": "https://github.com/namiwa/duke.git",
        "repoName": "duke",
        "organization": "namiwa"
      },
      "branch": "master",
      "displayName": "namiwa/duke[master]",
      "outputFolderName": "namiwa_duke_master"
    },
    {
      "location": {
        "location": "https://github.com/JeremyKwok/duke.git",
        "repoName": "duke",
        "organization": "JeremyKwok"
      },
      "branch": "master",
      "displayName": "JeremyKwok/duke[master]",
      "outputFolderName": "JeremyKwok_duke_master"
    },
    {
      "location": {
        "location": "https://github.com/Sukrut1881/duke.git",
        "repoName": "duke",
        "organization": "Sukrut1881"
      },
      "branch": "master",
      "displayName": "Sukrut1881/duke[master]",
      "outputFolderName": "Sukrut1881_duke_master"
    },
    {
      "location": {
        "location": "https://github.com/GlenWong97/duke.git",
        "repoName": "duke",
        "organization": "GlenWong97"
      },
      "branch": "master",
      "displayName": "GlenWong97/duke[master]",
      "outputFolderName": "GlenWong97_duke_master"
    },
    {
      "location": {
        "location": "https://github.com/notahotdog/duke.git",
        "repoName": "duke",
        "organization": "notahotdog"
      },
      "branch": "master",
      "displayName": "notahotdog/duke[master]",
      "outputFolderName": "notahotdog_duke_master"
    },
    {
      "location": {
        "location": "https://github.com/lizihan95/duke.git",
        "repoName": "duke",
        "organization": "lizihan95"
      },
      "branch": "master",
      "displayName": "lizihan95/duke[master]",
      "outputFolderName": "lizihan95_duke_master"
    },
    {
      "location": {
        "location": "https://github.com/laurenthg/duke.git",
        "repoName": "duke",
        "organization": "laurenthg"
      },
      "branch": "master",
      "displayName": "laurenthg/duke[master]",
      "outputFolderName": "laurenthg_duke_master"
    },
    {
      "location": {
        "location": "https://github.com/9hafidz6/duke.git",
        "repoName": "duke",
        "organization": "9hafidz6"
      },
      "branch": "master",
      "displayName": "9hafidz6/duke[master]",
      "outputFolderName": "9hafidz6_duke_master"
    },
    {
      "location": {
        "location": "https://github.com/AjeyAshok/duke.git",
        "repoName": "duke",
        "organization": "AjeyAshok"
      },
      "branch": "master",
      "displayName": "AjeyAshok/duke[master]",
      "outputFolderName": "AjeyAshok_duke_master"
    },
    {
      "location": {
        "location": "https://github.com/darrenoje/duke.git",
        "repoName": "duke",
        "organization": "darrenoje"
      },
      "branch": "master",
      "displayName": "darrenoje/duke[master]",
      "outputFolderName": "darrenoje_duke_master"
    },
    {
      "location": {
        "location": "https://github.com/E0373902/duke.git",
        "repoName": "duke",
        "organization": "E0373902"
      },
      "branch": "master",
      "displayName": "E0373902/duke[master]",
      "outputFolderName": "E0373902_duke_master"
    },
    {
      "location": {
        "location": "https://github.com/KevinAlvarez7/duke.git",
        "repoName": "duke",
        "organization": "KevinAlvarez7"
      },
      "branch": "master",
      "displayName": "KevinAlvarez7/duke[master]",
      "outputFolderName": "KevinAlvarez7_duke_master"
    },
    {
      "location": {
        "location": "https://github.com/LJX0006/duke.git",
        "repoName": "duke",
        "organization": "LJX0006"
      },
      "branch": "master",
      "displayName": "LJX0006/duke[master]",
      "outputFolderName": "LJX0006_duke_master"
    },
    {
      "location": {
        "location": "https://github.com/koushireo/duke.git",
        "repoName": "duke",
        "organization": "koushireo"
      },
      "branch": "master",
      "displayName": "koushireo/duke[master]",
      "outputFolderName": "koushireo_duke_master"
    },
    {
      "location": {
        "location": "https://github.com/yanprosobo/duke.git",
        "repoName": "duke",
        "organization": "yanprosobo"
      },
      "branch": "master",
      "displayName": "yanprosobo/duke[master]",
      "outputFolderName": "yanprosobo_duke_master"
    },
    {
      "location": {
        "location": "https://github.com/sinteary/duke.git",
        "repoName": "duke",
        "organization": "sinteary"
      },
      "branch": "master",
      "displayName": "sinteary/duke[master]",
      "outputFolderName": "sinteary_duke_master"
    },
    {
      "location": {
        "location": "https://github.com/Araavinds/duke.git",
        "repoName": "duke",
        "organization": "Araavinds"
      },
      "branch": "master",
      "displayName": "Araavinds/duke[master]",
      "outputFolderName": "Araavinds_duke_master"
    },
    {
      "location": {
        "location": "https://github.com/termehlee/duke.git",
        "repoName": "duke",
        "organization": "termehlee"
      },
      "branch": "master",
      "displayName": "termehlee/duke[master]",
      "outputFolderName": "termehlee_duke_master"
    },
    {
      "location": {
        "location": "https://github.com/carrieng0323852/duke.git",
        "repoName": "duke",
        "organization": "carrieng0323852"
      },
      "branch": "master",
      "displayName": "carrieng0323852/duke[master]",
      "outputFolderName": "carrieng0323852_duke_master"
    },
    {
      "location": {
        "location": "https://github.com/nwjbrandon/duke.git",
        "repoName": "duke",
        "organization": "nwjbrandon"
      },
      "branch": "master",
      "displayName": "nwjbrandon/duke[master]",
      "outputFolderName": "nwjbrandon_duke_master"
    },
    {
      "location": {
        "location": "https://github.com/limsiying/duke.git",
        "repoName": "duke",
        "organization": "limsiying"
      },
      "branch": "master",
      "displayName": "limsiying/duke[master]",
      "outputFolderName": "limsiying_duke_master"
    },
    {
      "location": {
        "location": "https://github.com/huangje/duke.git",
        "repoName": "duke",
        "organization": "huangje"
      },
      "branch": "master",
      "displayName": "huangje/duke[master]",
      "outputFolderName": "huangje_duke_master"
    },
    {
      "location": {
        "location": "https://github.com/danisheddie/duke.git",
        "repoName": "duke",
        "organization": "danisheddie"
      },
      "branch": "master",
      "displayName": "danisheddie/duke[master]",
      "outputFolderName": "danisheddie_duke_master"
    },
    {
      "location": {
        "location": "https://github.com/kyang96/duke.git",
        "repoName": "duke",
        "organization": "kyang96"
      },
      "branch": "master",
      "displayName": "kyang96/duke[master]",
      "outputFolderName": "kyang96_duke_master"
    },
    {
      "location": {
        "location": "https://github.com/guanyewtan/duke.git",
        "repoName": "duke",
        "organization": "guanyewtan"
      },
      "branch": "master",
      "displayName": "guanyewtan/duke[master]",
      "outputFolderName": "guanyewtan_duke_master"
    },
    {
      "location": {
        "location": "https://github.com/valerietyj/duke.git",
        "repoName": "duke",
        "organization": "valerietyj"
      },
      "branch": "master",
      "displayName": "valerietyj/duke[master]",
      "outputFolderName": "valerietyj_duke_master"
    },
    {
      "location": {
        "location": "https://github.com/jinwentay/duke.git",
        "repoName": "duke",
        "organization": "jinwentay"
      },
      "branch": "master",
      "displayName": "jinwentay/duke[master]",
      "outputFolderName": "jinwentay_duke_master"
    },
    {
      "location": {
        "location": "https://github.com/TanYiXiang/duke.git",
        "repoName": "duke",
        "organization": "TanYiXiang"
      },
      "branch": "master",
      "displayName": "TanYiXiang/duke[master]",
      "outputFolderName": "TanYiXiang_duke_master"
    },
    {
      "location": {
        "location": "https://github.com/Fractalisk/duke.git",
        "repoName": "duke",
        "organization": "Fractalisk"
      },
      "branch": "master",
      "displayName": "Fractalisk/duke[master]",
      "outputFolderName": "Fractalisk_duke_master"
    },
    {
      "location": {
        "location": "https://github.com/ttippinyu/duke.git",
        "repoName": "duke",
        "organization": "ttippinyu"
      },
      "branch": "master",
      "displayName": "ttippinyu/duke[master]",
      "outputFolderName": "ttippinyu_duke_master"
    },
    {
      "location": {
        "location": "https://github.com/hongchuan97/duke.git",
        "repoName": "duke",
        "organization": "hongchuan97"
      },
      "branch": "master",
      "displayName": "hongchuan97/duke[master]",
      "outputFolderName": "hongchuan97_duke_master"
    },
    {
      "location": {
        "location": "https://github.com/otonashixav/duke.git",
        "repoName": "duke",
        "organization": "otonashixav"
      },
      "branch": "master",
      "displayName": "otonashixav/duke[master]",
      "outputFolderName": "otonashixav_duke_master"
    },
    {
      "location": {
        "location": "https://github.com/LTPZ/duke.git",
        "repoName": "duke",
        "organization": "LTPZ"
      },
      "branch": "master",
      "displayName": "LTPZ/duke[master]",
      "outputFolderName": "LTPZ_duke_master"
    },
    {
      "location": {
        "location": "https://github.com/eujingsen/duke.git",
        "repoName": "duke",
        "organization": "eujingsen"
      },
      "branch": "master",
      "displayName": "eujingsen/duke[master]",
      "outputFolderName": "eujingsen_duke_master"
    },
    {
      "location": {
        "location": "https://github.com/yueyuu/duke.git",
        "repoName": "duke",
        "organization": "yueyuu"
      },
      "branch": "master",
      "displayName": "yueyuu/duke[master]",
      "outputFolderName": "yueyuu_duke_master"
    },
    {
      "location": {
        "location": "https://github.com/SalonetheGreat/duke.git",
        "repoName": "duke",
        "organization": "SalonetheGreat"
      },
      "branch": "master",
      "displayName": "SalonetheGreat/duke[master]",
      "outputFolderName": "SalonetheGreat_duke_master"
    },
    {
      "location": {
        "location": "https://github.com/matthewng1996/duke.git",
        "repoName": "duke",
        "organization": "matthewng1996"
      },
      "branch": "master",
      "displayName": "matthewng1996/duke[master]",
      "outputFolderName": "matthewng1996_duke_master"
    },
    {
      "location": {
        "location": "https://github.com/Inno97/duke.git",
        "repoName": "duke",
        "organization": "Inno97"
      },
      "branch": "master",
      "displayName": "Inno97/duke[master]",
      "outputFolderName": "Inno97_duke_master"
    },
    {
      "location": {
        "location": "https://github.com/Mudaafi/duke.git",
        "repoName": "duke",
        "organization": "Mudaafi"
      },
      "branch": "master",
      "displayName": "Mudaafi/duke[master]",
      "outputFolderName": "Mudaafi_duke_master"
    },
    {
      "location": {
        "location": "https://github.com/ChaojieLiu666/duke.git",
        "repoName": "duke",
        "organization": "ChaojieLiu666"
      },
      "branch": "master",
      "displayName": "ChaojieLiu666/duke[master]",
      "outputFolderName": "ChaojieLiu666_duke_master"
    },
    {
      "location": {
        "location": "https://github.com/lionlim97/duke.git",
        "repoName": "duke",
        "organization": "lionlim97"
      },
      "branch": "master",
      "displayName": "lionlim97/duke[master]",
      "outputFolderName": "lionlim97_duke_master"
    },
    {
      "location": {
        "location": "https://github.com/mononokehime14/duke.git",
        "repoName": "duke",
        "organization": "mononokehime14"
      },
      "branch": "master",
      "displayName": "mononokehime14/duke[master]",
      "outputFolderName": "mononokehime14_duke_master"
    },
    {
      "location": {
        "location": "https://github.com/x3chillax/duke.git",
        "repoName": "duke",
        "organization": "x3chillax"
      },
      "branch": "master",
      "displayName": "x3chillax/duke[master]",
      "outputFolderName": "x3chillax_duke_master"
    },
    {
      "location": {
        "location": "https://github.com/jingkang97/duke.git",
        "repoName": "duke",
        "organization": "jingkang97"
      },
      "branch": "master",
      "displayName": "jingkang97/duke[master]",
      "outputFolderName": "jingkang97_duke_master"
    },
    {
      "location": {
        "location": "https://github.com/TCK1997/duke.git",
        "repoName": "duke",
        "organization": "TCK1997"
      },
      "branch": "master",
      "displayName": "TCK1997/duke[master]",
      "outputFolderName": "TCK1997_duke_master"
    },
    {
      "location": {
        "location": "https://github.com/mohideenik/duke.git",
        "repoName": "duke",
        "organization": "mohideenik"
      },
      "branch": "master",
      "displayName": "mohideenik/duke[master]",
      "outputFolderName": "mohideenik_duke_master"
    },
    {
      "location": {
        "location": "https://github.com/CEGLincoln/duke.git",
        "repoName": "duke",
        "organization": "CEGLincoln"
      },
      "branch": "master",
      "displayName": "CEGLincoln/duke[master]",
      "outputFolderName": "CEGLincoln_duke_master"
    },
    {
      "location": {
        "location": "https://github.com/0325961/duke.git",
        "repoName": "duke",
        "organization": "0325961"
      },
      "branch": "master",
      "displayName": "0325961/duke[master]",
      "outputFolderName": "0325961_duke_master"
    },
    {
      "location": {
        "location": "https://github.com/woblek/duke.git",
        "repoName": "duke",
        "organization": "woblek"
      },
      "branch": "master",
      "displayName": "woblek/duke[master]",
      "outputFolderName": "woblek_duke_master"
    },
    {
      "location": {
        "location": "https://github.com/rabhijit/duke.git",
        "repoName": "duke",
        "organization": "rabhijit"
      },
      "branch": "master",
      "displayName": "rabhijit/duke[master]",
      "outputFolderName": "rabhijit_duke_master"
    },
    {
      "location": {
        "location": "https://github.com/jasperosy/duke.git",
        "repoName": "duke",
        "organization": "jasperosy"
      },
      "branch": "master",
      "displayName": "jasperosy/duke[master]",
      "outputFolderName": "jasperosy_duke_master"
    },
    {
      "location": {
        "location": "https://github.com/e0313687/duke.git",
        "repoName": "duke",
        "organization": "e0313687"
      },
      "branch": "master",
      "displayName": "e0313687/duke[master]",
      "outputFolderName": "e0313687_duke_master"
    },
    {
      "location": {
        "location": "https://github.com/HashirZahir/duke.git",
        "repoName": "duke",
        "organization": "HashirZahir"
      },
      "branch": "master",
      "displayName": "HashirZahir/duke[master]",
      "outputFolderName": "HashirZahir_duke_master"
    },
    {
      "location": {
        "location": "https://github.com/AmirAzhar/duke.git",
        "repoName": "duke",
        "organization": "AmirAzhar"
      },
      "branch": "master",
      "displayName": "AmirAzhar/duke[master]",
      "outputFolderName": "AmirAzhar_duke_master"
    },
    {
      "location": {
        "location": "https://github.com/chelsea148629/duke.git",
        "repoName": "duke",
        "organization": "chelsea148629"
      },
      "branch": "master",
      "displayName": "chelsea148629/duke[master]",
      "outputFolderName": "chelsea148629_duke_master"
    },
    {
      "location": {
        "location": "https://github.com/HUANGXUANKUN/duke.git",
        "repoName": "duke",
        "organization": "HUANGXUANKUN"
      },
      "branch": "master",
      "displayName": "HUANGXUANKUN/duke[master]",
      "outputFolderName": "HUANGXUANKUN_duke_master"
    },
    {
      "location": {
        "location": "https://github.com/lmtaek/duke.git",
        "repoName": "duke",
        "organization": "lmtaek"
      },
      "branch": "master",
      "displayName": "lmtaek/duke[master]",
      "outputFolderName": "lmtaek_duke_master"
    },
    {
      "location": {
        "location": "https://github.com/andrewleow97/duke.git",
        "repoName": "duke",
        "organization": "andrewleow97"
      },
      "branch": "master",
      "displayName": "andrewleow97/duke[master]",
      "outputFolderName": "andrewleow97_duke_master"
    },
    {
      "location": {
        "location": "https://github.com/JOSHTAM/duke.git",
        "repoName": "duke",
        "organization": "JOSHTAM"
      },
      "branch": "master",
      "displayName": "JOSHTAM/duke[master]",
      "outputFolderName": "JOSHTAM_duke_master"
    },
    {
      "location": {
        "location": "https://github.com/A0171206R/duke.git",
        "repoName": "duke",
        "organization": "A0171206R"
      },
      "branch": "master",
      "displayName": "A0171206R/duke[master]",
      "outputFolderName": "A0171206R_duke_master"
    },
    {
      "location": {
        "location": "https://github.com/GaryStu/main.git",
        "repoName": "main",
        "organization": "GaryStu"
      },
      "branch": "master",
      "displayName": "GaryStu/main[master]",
      "outputFolderName": "GaryStu_main_master"
    },
    {
      "location": {
        "location": "https://github.com/leowyh/duke.git",
        "repoName": "duke",
        "organization": "leowyh"
      },
      "branch": "master",
      "displayName": "leowyh/duke[master]",
      "outputFolderName": "leowyh_duke_master"
    },
    {
      "location": {
        "location": "https://github.com/jwyf/duke.git",
        "repoName": "duke",
        "organization": "jwyf"
      },
      "branch": "master",
      "displayName": "jwyf/duke[master]",
      "outputFolderName": "jwyf_duke_master"
    },
    {
      "location": {
        "location": "https://github.com/yzia2000/duke.git",
        "repoName": "duke",
        "organization": "yzia2000"
      },
      "branch": "master",
      "displayName": "yzia2000/duke[master]",
      "outputFolderName": "yzia2000_duke_master"
    },
    {
      "location": {
        "location": "https://github.com/kuromono/duke.git",
        "repoName": "duke",
        "organization": "kuromono"
      },
      "branch": "master",
      "displayName": "kuromono/duke[master]",
      "outputFolderName": "kuromono_duke_master"
    },
    {
      "location": {
        "location": "https://github.com/chekjun/duke.git",
        "repoName": "duke",
        "organization": "chekjun"
      },
      "branch": "master",
      "displayName": "chekjun/duke[master]",
      "outputFolderName": "chekjun_duke_master"
    },
    {
      "location": {
        "location": "https://github.com/maxxyx96/duke.git",
        "repoName": "duke",
        "organization": "maxxyx96"
      },
      "branch": "master",
      "displayName": "maxxyx96/duke[master]",
      "outputFolderName": "maxxyx96_duke_master"
    },
    {
      "location": {
        "location": "https://github.com/mong-nus/duke.git",
        "repoName": "duke",
        "organization": "mong-nus"
      },
      "branch": "master",
      "displayName": "mong-nus/duke[master]",
      "outputFolderName": "mong-nus_duke_master"
    },
    {
      "location": {
        "location": "https://github.com/nicholasnovakovic/duke.git",
        "repoName": "duke",
        "organization": "nicholasnovakovic"
      },
      "branch": "master",
      "displayName": "nicholasnovakovic/duke[master]",
      "outputFolderName": "nicholasnovakovic_duke_master"
    },
    {
      "location": {
        "location": "https://github.com/aarushisingh1/duke.git",
        "repoName": "duke",
        "organization": "aarushisingh1"
      },
      "branch": "master",
      "displayName": "aarushisingh1/duke[master]",
      "outputFolderName": "aarushisingh1_duke_master"
    },
    {
      "location": {
        "location": "https://github.com/Kenlhc/duke.git",
        "repoName": "duke",
        "organization": "Kenlhc"
      },
      "branch": "master",
      "displayName": "Kenlhc/duke[master]",
      "outputFolderName": "Kenlhc_duke_master"
    },
    {
      "location": {
        "location": "https://github.com/wjlingg/duke.git",
        "repoName": "duke",
        "organization": "wjlingg"
      },
      "branch": "master",
      "displayName": "wjlingg/duke[master]",
      "outputFolderName": "wjlingg_duke_master"
    },
    {
      "location": {
        "location": "https://github.com/gervaiseang/duke.git",
        "repoName": "duke",
        "organization": "gervaiseang"
      },
      "branch": "master",
      "displayName": "gervaiseang/duke[master]",
      "outputFolderName": "gervaiseang_duke_master"
    },
    {
      "location": {
        "location": "https://github.com/cyanoei/duke.git",
        "repoName": "duke",
        "organization": "cyanoei"
      },
      "branch": "master",
      "displayName": "cyanoei/duke[master]",
      "outputFolderName": "cyanoei_duke_master"
    },
    {
      "location": {
        "location": "https://github.com/AmosChan97/duke.git",
        "repoName": "duke",
        "organization": "AmosChan97"
      },
      "branch": "master",
      "displayName": "AmosChan97/duke[master]",
      "outputFolderName": "AmosChan97_duke_master"
    },
    {
      "location": {
        "location": "https://github.com/shaun97/duke.git",
        "repoName": "duke",
        "organization": "shaun97"
      },
      "branch": "master",
      "displayName": "shaun97/duke[master]",
      "outputFolderName": "shaun97_duke_master"
    },
    {
      "location": {
        "location": "https://github.com/rishi12438/duke.git",
        "repoName": "duke",
        "organization": "rishi12438"
      },
      "branch": "master",
      "displayName": "rishi12438/duke[master]",
      "outputFolderName": "rishi12438_duke_master"
    },
    {
      "location": {
        "location": "https://github.com/yenpeichih/duke.git",
        "repoName": "duke",
        "organization": "yenpeichih"
      },
      "branch": "master",
      "displayName": "yenpeichih/duke[master]",
      "outputFolderName": "yenpeichih_duke_master"
    },
    {
      "location": {
        "location": "https://github.com/njw95/duke.git",
        "repoName": "duke",
        "organization": "njw95"
      },
      "branch": "master",
      "displayName": "njw95/duke[master]",
      "outputFolderName": "njw95_duke_master"
    },
    {
      "location": {
        "location": "https://github.com/therealnickcheong/duke.git",
        "repoName": "duke",
        "organization": "therealnickcheong"
      },
      "branch": "master",
      "displayName": "therealnickcheong/duke[master]",
      "outputFolderName": "therealnickcheong_duke_master"
    },
    {
      "location": {
        "location": "https://github.com/jiaweijwjw/duke.git",
        "repoName": "duke",
        "organization": "jiaweijwjw"
      },
      "branch": "master",
      "displayName": "jiaweijwjw/duke[master]",
      "outputFolderName": "jiaweijwjw_duke_master"
    },
    {
      "location": {
        "location": "https://github.com/Weng-Kexin/duke.git",
        "repoName": "duke",
        "organization": "Weng-Kexin"
      },
      "branch": "master",
      "displayName": "Weng-Kexin/duke[master]",
      "outputFolderName": "Weng-Kexin_duke_master"
    },
    {
      "location": {
        "location": "https://github.com/shannonlee98/duke.git",
        "repoName": "duke",
        "organization": "shannonlee98"
      },
      "branch": "master",
      "displayName": "shannonlee98/duke[master]",
      "outputFolderName": "shannonlee98_duke_master"
    },
    {
      "location": {
        "location": "https://github.com/yueyeah/duke.git",
        "repoName": "duke",
        "organization": "yueyeah"
      },
      "branch": "master",
      "displayName": "yueyeah/duke[master]",
      "outputFolderName": "yueyeah_duke_master"
    },
    {
      "location": {
        "location": "https://github.com/BrianTKM/duke.git",
        "repoName": "duke",
        "organization": "BrianTKM"
      },
      "branch": "master",
      "displayName": "BrianTKM/duke[master]",
      "outputFolderName": "BrianTKM_duke_master"
    },
    {
      "location": {
        "location": "https://github.com/e0318465/duke.git",
        "repoName": "duke",
        "organization": "e0318465"
      },
      "branch": "master",
      "displayName": "e0318465/duke[master]",
      "outputFolderName": "e0318465_duke_master"
    },
    {
      "location": {
        "location": "https://github.com/saradj/duke.git",
        "repoName": "duke",
        "organization": "saradj"
      },
      "branch": "master",
      "displayName": "saradj/duke[master]",
      "outputFolderName": "saradj_duke_master"
    },
    {
      "location": {
        "location": "https://github.com/jing-xuan/duke.git",
        "repoName": "duke",
        "organization": "jing-xuan"
      },
      "branch": "master",
      "displayName": "jing-xuan/duke[master]",
      "outputFolderName": "jing-xuan_duke_master"
    },
    {
      "location": {
        "location": "https://github.com/tatayu/duke.git",
        "repoName": "duke",
        "organization": "tatayu"
      },
      "branch": "master",
      "displayName": "tatayu/duke[master]",
      "outputFolderName": "tatayu_duke_master"
    },
    {
      "location": {
        "location": "https://github.com/liushiru/duke.git",
        "repoName": "duke",
        "organization": "liushiru"
      },
      "branch": "master",
      "displayName": "liushiru/duke[master]",
      "outputFolderName": "liushiru_duke_master"
    },
    {
      "location": {
        "location": "https://github.com/jasonchanwq/duke.git",
        "repoName": "duke",
        "organization": "jasonchanwq"
      },
      "branch": "master",
      "displayName": "jasonchanwq/duke[master]",
      "outputFolderName": "jasonchanwq_duke_master"
    },
    {
      "location": {
        "location": "https://github.com/TianchangLiao/duke.git",
        "repoName": "duke",
        "organization": "TianchangLiao"
      },
      "branch": "master",
      "displayName": "TianchangLiao/duke[master]",
      "outputFolderName": "TianchangLiao_duke_master"
    },
    {
      "location": {
        "location": "https://github.com/danielcyc/duke.git",
        "repoName": "duke",
        "organization": "danielcyc"
      },
      "branch": "master",
      "displayName": "danielcyc/duke[master]",
      "outputFolderName": "danielcyc_duke_master"
    },
    {
      "location": {
        "location": "https://github.com/claysmilesoil/duke.git",
        "repoName": "duke",
        "organization": "claysmilesoil"
      },
      "branch": "master",
      "displayName": "claysmilesoil/duke[master]",
      "outputFolderName": "claysmilesoil_duke_master"
    },
    {
      "location": {
        "location": "https://github.com/LongLeCE/duke.git",
        "repoName": "duke",
        "organization": "LongLeCE"
      },
      "branch": "master",
      "displayName": "LongLeCE/duke[master]",
      "outputFolderName": "LongLeCE_duke_master"
    },
    {
      "location": {
        "location": "https://github.com/sallysohyun/duke.git",
        "repoName": "duke",
        "organization": "sallysohyun"
      },
      "branch": "master",
      "displayName": "sallysohyun/duke[master]",
      "outputFolderName": "sallysohyun_duke_master"
    },
    {
      "location": {
        "location": "https://github.com/Riyas97/duke.git",
        "repoName": "duke",
        "organization": "Riyas97"
      },
      "branch": "master",
      "displayName": "Riyas97/duke[master]",
      "outputFolderName": "Riyas97_duke_master"
    },
    {
      "location": {
        "location": "https://github.com/dou-maokang/duke.git",
        "repoName": "duke",
        "organization": "dou-maokang"
      },
      "branch": "master",
      "displayName": "dou-maokang/duke[master]",
      "outputFolderName": "dou-maokang_duke_master"
    },
    {
      "location": {
        "location": "https://github.com/e0309463/duke.git",
        "repoName": "duke",
        "organization": "e0309463"
      },
      "branch": "master",
      "displayName": "e0309463/duke[master]",
      "outputFolderName": "e0309463_duke_master"
    },
    {
      "location": {
        "location": "https://github.com/Greatnest/duke.git",
        "repoName": "duke",
        "organization": "Greatnest"
      },
      "branch": "master",
      "displayName": "Greatnest/duke[master]",
      "outputFolderName": "Greatnest_duke_master"
    },
    {
      "location": {
        "location": "https://github.com/Ryan-Wong-Ren-Wei/duke.git",
        "repoName": "duke",
        "organization": "Ryan-Wong-Ren-Wei"
      },
      "branch": "master",
      "displayName": "Ryan-Wong-Ren-Wei/duke[master]",
      "outputFolderName": "Ryan-Wong-Ren-Wei_duke_master"
    },
    {
      "location": {
        "location": "https://github.com/ziyun99/duke.git",
        "repoName": "duke",
        "organization": "ziyun99"
      },
      "branch": "master",
      "displayName": "ziyun99/duke[master]",
      "outputFolderName": "ziyun99_duke_master"
    },
    {
      "location": {
        "location": "https://github.com/lee761/duke.git",
        "repoName": "duke",
        "organization": "lee761"
      },
      "branch": "master",
      "displayName": "lee761/duke[master]",
      "outputFolderName": "lee761_duke_master"
    },
    {
      "location": {
        "location": "https://github.com/therealcs1010/duke.git",
        "repoName": "duke",
        "organization": "therealcs1010"
      },
      "branch": "master",
      "displayName": "therealcs1010/duke[master]",
      "outputFolderName": "therealcs1010_duke_master"
    },
    {
      "location": {
        "location": "https://github.com/limryan/duke.git",
        "repoName": "duke",
        "organization": "limryan"
      },
      "branch": "master",
      "displayName": "limryan/duke[master]",
      "outputFolderName": "limryan_duke_master"
    },
    {
      "location": {
        "location": "https://github.com/muserr/duke.git",
        "repoName": "duke",
        "organization": "muserr"
      },
      "branch": "master",
      "displayName": "muserr/duke[master]",
      "outputFolderName": "muserr_duke_master"
    },
    {
      "location": {
        "location": "https://github.com/aquohn/duke.git",
        "repoName": "duke",
        "organization": "aquohn"
      },
      "branch": "master",
      "displayName": "aquohn/duke[master]",
      "outputFolderName": "aquohn_duke_master"
    },
    {
      "location": {
        "location": "https://github.com/benitokun123/duke.git",
        "repoName": "duke",
        "organization": "benitokun123"
      },
      "branch": "master",
      "displayName": "benitokun123/duke[master]",
      "outputFolderName": "benitokun123_duke_master"
    },
    {
      "location": {
        "location": "https://github.com/chenyuheng/duke.git",
        "repoName": "duke",
        "organization": "chenyuheng"
      },
      "branch": "master",
      "displayName": "chenyuheng/duke[master]",
      "outputFolderName": "chenyuheng_duke_master"
    },
    {
      "location": {
        "location": "https://github.com/hwbjerry/duke.git",
        "repoName": "duke",
        "organization": "hwbjerry"
      },
      "branch": "master",
      "displayName": "hwbjerry/duke[master]",
      "outputFolderName": "hwbjerry_duke_master"
    },
    {
      "location": {
        "location": "https://github.com/Deculsion/duke.git",
        "repoName": "duke",
        "organization": "Deculsion"
      },
      "branch": "master",
      "displayName": "Deculsion/duke[master]",
      "outputFolderName": "Deculsion_duke_master"
    },
    {
      "location": {
        "location": "https://github.com/debbiextan/duke.git",
        "repoName": "duke",
        "organization": "debbiextan"
      },
      "branch": "master",
      "displayName": "debbiextan/duke[master]",
      "outputFolderName": "debbiextan_duke_master"
    },
    {
      "location": {
        "location": "https://github.com/modakshantanu/duke.git",
        "repoName": "duke",
        "organization": "modakshantanu"
      },
      "branch": "master",
      "displayName": "modakshantanu/duke[master]",
      "outputFolderName": "modakshantanu_duke_master"
    },
    {
      "location": {
        "location": "https://github.com/Zhubo225/duke.git",
        "repoName": "duke",
        "organization": "Zhubo225"
      },
      "branch": "master",
      "displayName": "Zhubo225/duke[master]",
      "outputFolderName": "Zhubo225_duke_master"
    },
    {
      "location": {
        "location": "https://github.com/qjie7/duke.git",
        "repoName": "duke",
        "organization": "qjie7"
      },
      "branch": "master",
      "displayName": "qjie7/duke[master]",
      "outputFolderName": "qjie7_duke_master"
    },
    {
      "location": {
        "location": "https://github.com/swang1997/duke.git",
        "repoName": "duke",
        "organization": "swang1997"
      },
      "branch": "master",
      "displayName": "swang1997/duke[master]",
      "outputFolderName": "swang1997_duke_master"
    },
    {
      "location": {
        "location": "https://github.com/fuzezeze/duke.git",
        "repoName": "duke",
        "organization": "fuzezeze"
      },
      "branch": "master",
      "displayName": "fuzezeze/duke[master]",
      "outputFolderName": "fuzezeze_duke_master"
    },
    {
      "location": {
        "location": "https://github.com/SholihinK/duke.git",
        "repoName": "duke",
        "organization": "SholihinK"
      },
      "branch": "master",
      "displayName": "SholihinK/duke[master]",
      "outputFolderName": "SholihinK_duke_master"
    },
    {
      "location": {
        "location": "https://github.com/gowgos5/duke.git",
        "repoName": "duke",
        "organization": "gowgos5"
      },
      "branch": "master",
      "displayName": "gowgos5/duke[master]",
      "outputFolderName": "gowgos5_duke_master"
    },
    {
      "location": {
        "location": "https://github.com/Alex-Teo/duke.git",
        "repoName": "duke",
        "organization": "Alex-Teo"
      },
      "branch": "master",
      "displayName": "Alex-Teo/duke[master]",
      "outputFolderName": "Alex-Teo_duke_master"
    },
    {
      "location": {
        "location": "https://github.com/WEIFENG-NUSCEG/duke.git",
        "repoName": "duke",
        "organization": "WEIFENG-NUSCEG"
      },
      "branch": "master",
      "displayName": "WEIFENG-NUSCEG/duke[master]",
      "outputFolderName": "WEIFENG-NUSCEG_duke_master"
    },
    {
      "location": {
        "location": "https://github.com/EnriqueKhai/duke.git",
        "repoName": "duke",
        "organization": "EnriqueKhai"
      },
      "branch": "master",
      "displayName": "EnriqueKhai/duke[master]",
      "outputFolderName": "EnriqueKhai_duke_master"
    },
    {
      "location": {
        "location": "https://github.com/kevin996231/duke.git",
        "repoName": "duke",
        "organization": "kevin996231"
      },
      "branch": "master",
      "displayName": "kevin996231/duke[master]",
      "outputFolderName": "kevin996231_duke_master"
    },
    {
      "location": {
        "location": "https://github.com/kkeejjuunn/duke.git",
        "repoName": "duke",
        "organization": "kkeejjuunn"
      },
      "branch": "master",
      "displayName": "kkeejjuunn/duke[master]",
      "outputFolderName": "kkeejjuunn_duke_master"
    },
    {
      "location": {
        "location": "https://github.com/NotTheRealEdmund/duke.git",
        "repoName": "duke",
        "organization": "NotTheRealEdmund"
      },
      "branch": "master",
      "displayName": "NotTheRealEdmund/duke[master]",
      "outputFolderName": "NotTheRealEdmund_duke_master"
    },
    {
      "location": {
        "location": "https://github.com/jefferson111/duke.git",
        "repoName": "duke",
        "organization": "jefferson111"
      },
      "branch": "master",
      "displayName": "jefferson111/duke[master]",
      "outputFolderName": "jefferson111_duke_master"
    },
    {
      "location": {
        "location": "https://github.com/e0323290/duke.git",
        "repoName": "duke",
        "organization": "e0323290"
      },
      "branch": "master",
      "displayName": "e0323290/duke[master]",
      "outputFolderName": "e0323290_duke_master"
    },
    {
      "location": {
        "location": "https://github.com/rssujay/duke.git",
        "repoName": "duke",
        "organization": "rssujay"
      },
      "branch": "master",
      "displayName": "rssujay/duke[master]",
      "outputFolderName": "rssujay_duke_master"
    },
    {
      "location": {
        "location": "https://github.com/Xdecosee/duke.git",
        "repoName": "duke",
        "organization": "Xdecosee"
      },
      "branch": "master",
      "displayName": "Xdecosee/duke[master]",
      "outputFolderName": "Xdecosee_duke_master"
    },
    {
      "location": {
        "location": "https://github.com/tzw0/duke.git",
        "repoName": "duke",
        "organization": "tzw0"
      },
      "branch": "master",
      "displayName": "tzw0/duke[master]",
      "outputFolderName": "tzw0_duke_master"
    },
    {
      "location": {
        "location": "https://github.com/liujiajun/duke.git",
        "repoName": "duke",
        "organization": "liujiajun"
      },
      "branch": "master",
      "displayName": "liujiajun/duke[master]",
      "outputFolderName": "liujiajun_duke_master"
    },
    {
      "location": {
        "location": "https://github.com/assman/duke.git",
        "repoName": "duke",
        "organization": "assman"
      },
      "branch": "master",
      "displayName": "assman/duke[master]",
      "outputFolderName": "assman_duke_master"
    },
    {
      "location": {
        "location": "https://github.com/manaswini05/duke.git",
        "repoName": "duke",
        "organization": "manaswini05"
      },
      "branch": "master",
      "displayName": "manaswini05/duke[master]",
      "outputFolderName": "manaswini05_duke_master"
    },
    {
      "location": {
        "location": "https://github.com/tyeryan/duke.git",
        "repoName": "duke",
        "organization": "tyeryan"
      },
      "branch": "master",
      "displayName": "tyeryan/duke[master]",
      "outputFolderName": "tyeryan_duke_master"
    },
    {
      "location": {
        "location": "https://github.com/hin1/duke.git",
        "repoName": "duke",
        "organization": "hin1"
      },
      "branch": "master",
      "displayName": "hin1/duke[master]",
      "outputFolderName": "hin1_duke_master"
    },
    {
      "location": {
        "location": "https://github.com/Krazzen/duke.git",
        "repoName": "duke",
        "organization": "Krazzen"
      },
      "branch": "master",
      "displayName": "Krazzen/duke[master]",
      "outputFolderName": "Krazzen_duke_master"
    },
    {
      "location": {
        "location": "https://github.com/nimiew/duke.git",
        "repoName": "duke",
        "organization": "nimiew"
      },
      "branch": "master",
      "displayName": "nimiew/duke[master]",
      "outputFolderName": "nimiew_duke_master"
    },
    {
      "location": {
        "location": "https://github.com/wyinnnn/duke.git",
        "repoName": "duke",
        "organization": "wyinnnn"
      },
      "branch": "master",
      "displayName": "wyinnnn/duke[master]",
      "outputFolderName": "wyinnnn_duke_master"
    },
    {
      "location": {
        "location": "https://github.com/JasonLeeWeiHern/duke.git",
        "repoName": "duke",
        "organization": "JasonLeeWeiHern"
      },
      "branch": "master",
      "displayName": "JasonLeeWeiHern/duke[master]",
      "outputFolderName": "JasonLeeWeiHern_duke_master"
    },
    {
      "location": {
        "location": "https://github.com/Lucria/duke.git",
        "repoName": "duke",
        "organization": "Lucria"
      },
      "branch": "master",
      "displayName": "Lucria/duke[master]",
      "outputFolderName": "Lucria_duke_master"
    },
    {
      "location": {
        "location": "https://github.com/yetong1895/duke.git",
        "repoName": "duke",
        "organization": "yetong1895"
      },
      "branch": "master",
      "displayName": "yetong1895/duke[master]",
      "outputFolderName": "yetong1895_duke_master"
    },
    {
      "location": {
        "location": "https://github.com/E0310898/duke.git",
        "repoName": "duke",
        "organization": "E0310898"
      },
      "branch": "master",
      "displayName": "E0310898/duke[master]",
      "outputFolderName": "E0310898_duke_master"
    },
    {
      "location": {
        "location": "https://github.com/lackmoo/duke.git",
        "repoName": "duke",
        "organization": "lackmoo"
      },
      "branch": "master",
      "displayName": "lackmoo/duke[master]",
      "outputFolderName": "lackmoo_duke_master"
    },
    {
      "location": {
        "location": "https://github.com/shamussy/duke.git",
        "repoName": "duke",
        "organization": "shamussy"
      },
      "branch": "master",
      "displayName": "shamussy/duke[master]",
      "outputFolderName": "shamussy_duke_master"
    },
    {
      "location": {
        "location": "https://github.com/VirginiaYu/duke.git",
        "repoName": "duke",
        "organization": "VirginiaYu"
      },
      "branch": "master",
      "displayName": "VirginiaYu/duke[master]",
      "outputFolderName": "VirginiaYu_duke_master"
    }
  ],
  "errorList": [
    {
      "repoName": "isbobby/duke[master]",
      "errorMessage": "Failed to clone from https://github.com/isbobby/duke.git"
    },
    {
      "repoName": "missing/duke[master]",
      "errorMessage": "Failed to clone from https://github.com/missing/duke.git"
    }
  ],
  "sinceDate": "2019-08-18",
  "untilDate": "2019-12-26",
  "isSinceDateProvided": true,
  "isUntilDateProvided": false
}
