{
  "authorDailyContributionsMap": {
    "debbiextan": [
      {
        "insertions": 30,
        "deletions": 1,
        "date": "2019-08-19",
        "commitResults": [
          {
            "hash": "489e2774da911c07e66c150d030a156613127608",
            "messageTitle": "Level 1. Greet, Echo, Exit",
            "messageBody": "",
            "insertions": 15,
            "deletions": 0
          },
          {
            "hash": "39019bb3657aadc62ce18999bd37837acde064ae",
            "messageTitle": "Level 2. Add, List",
            "messageBody": "",
            "insertions": 15,
            "deletions": 1
          }
        ]
      },
      {
        "insertions": 108,
        "deletions": 57,
        "date": "2019-08-20",
        "commitResults": [
          {
            "hash": "9e1de110fc8de9cd418ed6a3039619c15844a323",
            "messageTitle": "Level 3. Mark as Done Without Extension implemented.",
            "messageBody": "",
            "insertions": 33,
            "deletions": 14
          },
          {
            "hash": "70952acbd62d3e19cbc5c8c9442d39c70e6e0836",
            "messageTitle": "Level 3. Mark as Done With Extension implemented.",
            "messageBody": "",
            "insertions": 25,
            "deletions": 7
          },
          {
            "hash": "b261413e4ea39632c69c996d3729833c50ff31b7",
            "messageTitle": "Level 3. Mark as Done With Extension implemented and unused methods removed.",
            "messageBody": "",
            "insertions": 0,
            "deletions": 7
          },
          {
            "hash": "6a5f4f966ac868defc1d8d4ab7c23b5c340a78b2",
            "messageTitle": "Level 3. Mark as Done Relevant functions created. Array used replaced with ArrayList.",
            "messageBody": "",
            "insertions": 50,
            "deletions": 29
          }
        ]
      },
      {
        "insertions": 111,
        "deletions": 12,
        "date": "2019-08-25",
        "commitResults": [
          {
            "hash": "634fe2afc3ae10396f062e92504f9b686b9034fd",
            "messageTitle": "Level 4. ToDos, Events, Deadlines Implemented Task Categories: Todo, Events and Deadlines. Added Deadline and Event classes that inherit from Task superclass. Reformatted output messages according to level-4 requirements.",
            "messageBody": "",
            "insertions": 111,
            "deletions": 12
          }
        ]
      },
      {
        "insertions": 299,
        "deletions": 128,
        "date": "2019-08-26",
        "commitResults": [
          {
            "hash": "7ca003ce1e9812d0a250b0480892fd17e4a00beb",
            "messageTitle": "Level 5. Handle Errors Implemented custom exceptions handling for Duke. Display relevant dates for Deadline and Events. Implemented Switch Case.",
            "messageBody": "",
            "insertions": 110,
            "deletions": 45
          },
          {
            "hash": "955a3d26cbedff343b34b9df07855d915f6c3069",
            "messageTitle": "Level 7. Save Implemented save and load functions for Duke.",
            "messageBody": "",
            "insertions": 189,
            "deletions": 83
          }
        ]
      },
      {
        "insertions": 110,
        "deletions": 41,
        "date": "2019-08-28",
        "commitResults": [
          {
            "hash": "e553c5f44b9b9298a3511e28c7735de419dc04b0",
            "messageTitle": "Level 8. Dates and Times Implemented DateFormat and Date parsing methods. Duke.csv now saves date and times in Date format.",
            "messageBody": "",
            "insertions": 110,
            "deletions": 41
          }
        ]
      },
      {
        "insertions": 26,
        "deletions": 4,
        "date": "2019-08-30",
        "commitResults": [
          {
            "hash": "4929cddbc8ebf3587a60e7cf6e537993cf7f77ba",
            "messageTitle": "Level 6. Delete Add support for deleting tasks from the list.",
            "messageBody": "",
            "insertions": 26,
            "deletions": 4
          }
        ]
      },
      {
        "insertions": 30,
        "deletions": 9,
        "date": "2019-09-01",
        "commitResults": [
          {
            "hash": "a0e9ddf45cb73089c4d8adf61f2e4565bdfd1cb9",
            "messageTitle": "Level 6. Delete Add support for deleting tasks from the list. Add automated testing for Duke UI.",
            "messageBody": "",
            "insertions": 5,
            "deletions": 9
          },
          {
            "hash": "d980744cd3692318e44b58062df0c5561e4aadb0",
            "messageTitle": "Level 9. Find Add find function for users to find a task by searching keywords.",
            "messageBody": "",
            "insertions": 25,
            "deletions": 0
          }
        ]
      },
      {
        "insertions": 323,
        "deletions": 214,
        "date": "2019-09-02",
        "commitResults": [
          {
            "hash": "0cfe34256171f0e63a7450bd4e164c665149ced6",
            "messageTitle": "Level 9. Find Add find function for users to find a task by searching keywords. Refactor code to extract out closely related code as classes.",
            "messageBody": "",
            "insertions": 323,
            "deletions": 214
          }
        ]
      },
      {
        "insertions": 287,
        "deletions": 42,
        "date": "2019-09-10",
        "commitResults": [
          {
            "hash": "82a3116ae86d527b18b15871bedec15e86504b62",
            "messageTitle": "Add JavaDoc to all main classes",
            "messageBody": "",
            "insertions": 258,
            "deletions": 15
          },
          {
            "hash": "e04829149d5eaf12b11fad2cfdc598e49b832739",
            "messageTitle": "Add JUnit testing with Gradle implementation. Update method access.",
            "messageBody": "",
            "insertions": 29,
            "deletions": 27
          }
        ]
      },
      {
        "insertions": 8,
        "deletions": 8,
        "date": "2019-09-19",
        "commitResults": [
          {
            "hash": "c223eb0b06dd2611e40e5a312bb8a3c56659540b",
            "messageTitle": "Update JUnit.",
            "messageBody": "",
            "insertions": 8,
            "deletions": 7
          },
          {
            "hash": "b679ceeed84a1f9c12bd3302e8cf53eb5bca7520",
            "messageTitle": "Update JUnit.",
            "messageBody": "",
            "insertions": 0,
            "deletions": 1
          }
        ]
      }
    ]
  },
  "authorFinalContributionMap": {
    "debbiextan": 824
  },
  "authorFileTypeContributionMap": {
    "debbiextan": {
      "java": 801,
      "gradle": 23,
      "css": 0,
      "fxml": 0
    }
  },
  "authorContributionVariance": {
    "debbiextan": 16492.242
  },
  "authorDisplayNameMap": {
    "debbiextan": "W17-4 DEB..MIN"
  }
}
