{
  "authorDailyContributionsMap": {
    "nicholasnovakovic": [
      {
        "insertions": 175,
        "deletions": 41,
        "date": "2019-08-29",
        "commitResults": [
          {
            "hash": "d1e6efb87a6711f99e2c8259112d0d90fc8026ef",
            "messageTitle": "Level-1: Greet, Echo, Exit",
            "messageBody": "",
            "insertions": 15,
            "deletions": 7
          },
          {
            "hash": "648634c9187bfeb3b6cd6482e13b0c6f5fae8a10",
            "messageTitle": "Level-2: Add, List",
            "messageBody": "",
            "insertions": 20,
            "deletions": 5
          },
          {
            "hash": "cffbf187c07b906a4f41a03418d1e71fb5b0d9d5",
            "messageTitle": "Level-3: Mark as Done",
            "messageBody": "",
            "insertions": 49,
            "deletions": 15
          },
          {
            "hash": "85c594b4d970c37f0a2bdf0a109c18d371b282a8",
            "messageTitle": "Level-4: ToDo, Event, Deadline A-Inheritance",
            "messageBody": "",
            "insertions": 91,
            "deletions": 14
          }
        ]
      },
      {
        "insertions": 292,
        "deletions": 114,
        "date": "2019-08-31",
        "commitResults": [
          {
            "hash": "c3669c01688d2937425d88780c74b9f81c50bc05",
            "messageTitle": "A-Exceptions, Level-5: Handle Errors",
            "messageBody": "",
            "insertions": 103,
            "deletions": 73
          },
          {
            "hash": "0fa57886c8a5f841ab208f49cad0e1efa8f6a312",
            "messageTitle": "Level-7: Save",
            "messageBody": "",
            "insertions": 73,
            "deletions": 17
          },
          {
            "hash": "533ed91a7d44db2f023dee2b573d9db148fcd4f8",
            "messageTitle": "A-Collections: replace array with arraylist",
            "messageBody": "",
            "insertions": 8,
            "deletions": 5
          },
          {
            "hash": "c60564f02644c8b03e8b60a3480c40f7768a83be",
            "messageTitle": "Level-6: Delete",
            "messageBody": "",
            "insertions": 25,
            "deletions": 0
          },
          {
            "hash": "ad498fb9a5d6bbf94ef300c66d5f54e69fdb2b30",
            "messageTitle": "Level-8: Dates and Times",
            "messageBody": "",
            "insertions": 34,
            "deletions": 13
          },
          {
            "hash": "56ade576c804dec9fafe52076ad883b7f38191f5",
            "messageTitle": "Level-9: Find",
            "messageBody": "",
            "insertions": 49,
            "deletions": 6
          }
        ]
      }
    ]
  },
  "authorFinalContributionMap": {
    "nicholasnovakovic": 319
  },
  "authorFileTypeContributionMap": {
    "nicholasnovakovic": {
      "java": 318,
      "gradle": 1,
      "css": 0,
      "fxml": 0
    }
  },
  "authorContributionVariance": {
    "nicholasnovakovic": 13132.674
  },
  "authorDisplayNameMap": {
    "nicholasnovakovic": "T16-2 NIC..VIC"
  }
}
