{
  "authorDailyContributionsMap": {
    "Exprescode": [
      {
        "insertions": 154,
        "deletions": 40,
        "date": "2019-08-19",
        "commitResults": [
          {
            "hash": "6ac5047bd4e912c008b666815c5691e8868f5465",
            "message": "A-Gradle",
            "insertions": 4,
            "deletions": 0
          },
          {
            "hash": "18a454180510505d2cf9ea56bee1f476272e3fa4",
            "message": "Level-1: Greet, Echo, Exit",
            "insertions": 60,
            "deletions": 9
          },
          {
            "hash": "aca54259739eedc59716745e576d1728bb7fe553",
            "message": "Level 2. Add, List",
            "insertions": 14,
            "deletions": 6
          },
          {
            "hash": "fe274fdeecbacef6f80c3778af5cf2b7c273dc93",
            "message": "Revert \"Level 2. Add, List\"",
            "insertions": 6,
            "deletions": 14
          },
          {
            "hash": "838aa5e8c4b3ba7fe7a8ce461224312e39100022",
            "message": "Level-2: Add, List",
            "insertions": 13,
            "deletions": 1
          },
          {
            "hash": "a636ececdf852d6b721b40b2ef16d37a3eaaa2a9",
            "message": "A-Classes",
            "insertions": 4,
            "deletions": 0
          },
          {
            "hash": "41347a80b2933d1379d8cd5cb2e37d2ab752692b",
            "message": "Level-3: Mark as Done",
            "insertions": 53,
            "deletions": 10
          }
        ]
      },
      {
        "insertions": 1,
        "deletions": 0,
        "date": "2019-08-21",
        "commitResults": [
          {
            "hash": "5465e6268d414a28adff8007cc5938cc1fb67574",
            "message": "Changed list output message for Level-3.",
            "insertions": 1,
            "deletions": 0
          }
        ]
      },
      {
        "insertions": 68,
        "deletions": 2,
        "date": "2019-08-23",
        "commitResults": [
          {
            "hash": "b741d6750627e4d3ec5357c2b629a1c2ae89fc3b",
            "message": "Level-10 Part 1",
            "insertions": 4,
            "deletions": 0
          },
          {
            "hash": "dca7bec37bc2dd3cebef65e963078cb969d6cf9e",
            "message": "Level-10 Part 1 Exercise 2ii",
            "insertions": 48,
            "deletions": 2
          },
          {
            "hash": "11f9cedfaa445d5b1172782b82dc0b563a4eac65",
            "message": "Level-10 Part 1 Exercise 3",
            "insertions": 4,
            "deletions": 0
          },
          {
            "hash": "254d80c83921897f1b79029ce9fa47e7e8e1f200",
            "message": "Level-4: ToDos, Events, Deadlines",
            "insertions": 12,
            "deletions": 0
          }
        ]
      },
      {
        "insertions": 104,
        "deletions": 73,
        "date": "2019-08-24",
        "commitResults": [
          {
            "hash": "c655ba9a946cc809aaa8c06132c9768fe5cad3ec",
            "message": "Fix exit code 1 bug from Level-4.",
            "insertions": 90,
            "deletions": 73
          },
          {
            "hash": "bdb61343b870cd12af7076d815fda0eb93df9ad2",
            "message": "Level-5: Handle Errors",
            "insertions": 14,
            "deletions": 0
          }
        ]
      },
      {
        "insertions": 162,
        "deletions": 50,
        "date": "2019-08-27",
        "commitResults": [
          {
            "hash": "805837e764f8402123bddefdc7a5e8ba28258877",
            "message": "Level-7: Save",
            "insertions": 162,
            "deletions": 50
          }
        ]
      },
      {
        "insertions": 195,
        "deletions": 43,
        "date": "2019-08-31",
        "commitResults": [
          {
            "hash": "dee1dbff84c84f178fb3ead5e40d84efe697c5dc",
            "message": "java/Deadline: Add level-6 delete.",
            "insertions": 156,
            "deletions": 33
          },
          {
            "hash": "95ebb7981e363199b7041b7a4c67e9073b0aebdc",
            "message": "java/Duke.java: Add levl-9 find",
            "insertions": 39,
            "deletions": 10
          }
        ]
      }
    ]
  },
  "authorFinalContributionMap": {
    "Exprescode": 482
  },
  "authorFileFormatContributionMap": {
    "Exprescode": {
      "java": 449,
      "gradle": 33,
      "css": 0,
      "fxml": 0
    }
  },
  "authorContributionVariance": {
    "Exprescode": 7857.8125
  },
  "authorDisplayNameMap": {
    "Exprescode": "YEW ... HUI"
  }
}
