[
  {
    "path": "src/main/java/Command.java",
    "fileType": "java",
    "lines": [
      {
        "lineNumber": 1,
        "author": {
          "gitId": "ZKathrynx"
        },
        "content": "/*"
      },
      {
        "lineNumber": 2,
        "author": {
          "gitId": "ZKathrynx"
        },
        "content": " * Copyright © 2019 by Zheng Kaining"
      },
      {
        "lineNumber": 3,
        "author": {
          "gitId": "ZKathrynx"
        },
        "content": " */"
      },
      {
        "lineNumber": 4,
        "author": {
          "gitId": "ZKathrynx"
        },
        "content": ""
      },
      {
        "lineNumber": 5,
        "author": {
          "gitId": "ZKathrynx"
        },
        "content": "import java.util.Date;"
      },
      {
        "lineNumber": 6,
        "author": {
          "gitId": "ZKathrynx"
        },
        "content": "import java.util.Vector;"
      },
      {
        "lineNumber": 7,
        "author": {
          "gitId": "ZKathrynx"
        },
        "content": ""
      },
      {
        "lineNumber": 8,
        "author": {
          "gitId": "ZKathrynx"
        },
        "content": "public class Command {"
      },
      {
        "lineNumber": 9,
        "author": {
          "gitId": "ZKathrynx"
        },
        "content": ""
      },
      {
        "lineNumber": 10,
        "author": {
          "gitId": "ZKathrynx"
        },
        "content": "    public void printLine () {"
      },
      {
        "lineNumber": 11,
        "author": {
          "gitId": "ZKathrynx"
        },
        "content": "        System.out.println(\"____________________________________________________________\");"
      },
      {
        "lineNumber": 12,
        "author": {
          "gitId": "ZKathrynx"
        },
        "content": "    }"
      },
      {
        "lineNumber": 13,
        "author": {
          "gitId": "ZKathrynx"
        },
        "content": ""
      },
      {
        "lineNumber": 14,
        "author": {
          "gitId": "ZKathrynx"
        },
        "content": "    public void addToDo (Vector\u003cTask\u003e toDoList, String taskName) {"
      },
      {
        "lineNumber": 15,
        "author": {
          "gitId": "ZKathrynx"
        },
        "content": "        Task task \u003d new Task(taskName,TaskType.T);"
      },
      {
        "lineNumber": 16,
        "author": {
          "gitId": "ZKathrynx"
        },
        "content": "        toDoList.add(task);"
      },
      {
        "lineNumber": 17,
        "author": {
          "gitId": "ZKathrynx"
        },
        "content": "        printLine();"
      },
      {
        "lineNumber": 18,
        "author": {
          "gitId": "ZKathrynx"
        },
        "content": "        System.out.println(\"Got it. I\u0027ve added this task:\");"
      },
      {
        "lineNumber": 19,
        "author": {
          "gitId": "ZKathrynx"
        },
        "content": "        System.out.println(task.taskInfo());"
      },
      {
        "lineNumber": 20,
        "author": {
          "gitId": "ZKathrynx"
        },
        "content": "        System.out.println(\"Now you have \"+toDoList.size()+\" tasks in your list.\");"
      },
      {
        "lineNumber": 21,
        "author": {
          "gitId": "ZKathrynx"
        },
        "content": "        printLine();"
      },
      {
        "lineNumber": 22,
        "author": {
          "gitId": "ZKathrynx"
        },
        "content": "    }"
      },
      {
        "lineNumber": 23,
        "author": {
          "gitId": "ZKathrynx"
        },
        "content": ""
      },
      {
        "lineNumber": 24,
        "author": {
          "gitId": "ZKathrynx"
        },
        "content": "    public void addDeadline (Vector\u003cTask\u003e toDoList, String taskName, Date ddl) {"
      },
      {
        "lineNumber": 25,
        "author": {
          "gitId": "ZKathrynx"
        },
        "content": "        Task task \u003d new Deadline(taskName,TaskType.D,ddl);"
      },
      {
        "lineNumber": 26,
        "author": {
          "gitId": "ZKathrynx"
        },
        "content": "        toDoList.add(task);"
      },
      {
        "lineNumber": 27,
        "author": {
          "gitId": "ZKathrynx"
        },
        "content": "        printLine();"
      },
      {
        "lineNumber": 28,
        "author": {
          "gitId": "ZKathrynx"
        },
        "content": "        System.out.println(\"Got it. I\u0027ve added this task:\");"
      },
      {
        "lineNumber": 29,
        "author": {
          "gitId": "ZKathrynx"
        },
        "content": "        System.out.println(task.taskInfo());"
      },
      {
        "lineNumber": 30,
        "author": {
          "gitId": "ZKathrynx"
        },
        "content": "        System.out.println(\"Now you have \"+toDoList.size()+\" tasks in your list.\");"
      },
      {
        "lineNumber": 31,
        "author": {
          "gitId": "ZKathrynx"
        },
        "content": "        printLine();"
      },
      {
        "lineNumber": 32,
        "author": {
          "gitId": "ZKathrynx"
        },
        "content": "    }"
      },
      {
        "lineNumber": 33,
        "author": {
          "gitId": "ZKathrynx"
        },
        "content": ""
      },
      {
        "lineNumber": 34,
        "author": {
          "gitId": "ZKathrynx"
        },
        "content": "    public void addEvent (Vector\u003cTask\u003e toDoList, String taskName, Date date) {"
      },
      {
        "lineNumber": 35,
        "author": {
          "gitId": "ZKathrynx"
        },
        "content": "        Task task \u003d new Event(taskName,TaskType.E,date);"
      },
      {
        "lineNumber": 36,
        "author": {
          "gitId": "ZKathrynx"
        },
        "content": "        toDoList.add(task);"
      },
      {
        "lineNumber": 37,
        "author": {
          "gitId": "ZKathrynx"
        },
        "content": "        printLine();"
      },
      {
        "lineNumber": 38,
        "author": {
          "gitId": "ZKathrynx"
        },
        "content": "        System.out.println(\"Got it. I\u0027ve added this task:\");"
      },
      {
        "lineNumber": 39,
        "author": {
          "gitId": "ZKathrynx"
        },
        "content": "        System.out.println(task.taskInfo());"
      },
      {
        "lineNumber": 40,
        "author": {
          "gitId": "ZKathrynx"
        },
        "content": "        System.out.println(\"Now you have \"+toDoList.size()+\" tasks in your list.\");"
      },
      {
        "lineNumber": 41,
        "author": {
          "gitId": "ZKathrynx"
        },
        "content": "        printLine();"
      },
      {
        "lineNumber": 42,
        "author": {
          "gitId": "ZKathrynx"
        },
        "content": "    }"
      },
      {
        "lineNumber": 43,
        "author": {
          "gitId": "ZKathrynx"
        },
        "content": ""
      },
      {
        "lineNumber": 44,
        "author": {
          "gitId": "ZKathrynx"
        },
        "content": "    public void listOut (Vector\u003cTask\u003e toDoList) {"
      },
      {
        "lineNumber": 45,
        "author": {
          "gitId": "ZKathrynx"
        },
        "content": "        printLine();"
      },
      {
        "lineNumber": 46,
        "author": {
          "gitId": "ZKathrynx"
        },
        "content": "        System.out.println(\"Here are the tasks in your list:\");"
      },
      {
        "lineNumber": 47,
        "author": {
          "gitId": "ZKathrynx"
        },
        "content": "        for (int i \u003d 1; i \u003c\u003d toDoList.size(); i++) {"
      },
      {
        "lineNumber": 48,
        "author": {
          "gitId": "ZKathrynx"
        },
        "content": "            System.out.print(i+\".\");"
      },
      {
        "lineNumber": 49,
        "author": {
          "gitId": "ZKathrynx"
        },
        "content": "            System.out.println(toDoList.elementAt(i-1).taskInfo());"
      },
      {
        "lineNumber": 50,
        "author": {
          "gitId": "ZKathrynx"
        },
        "content": "        }"
      },
      {
        "lineNumber": 51,
        "author": {
          "gitId": "ZKathrynx"
        },
        "content": "        printLine();"
      },
      {
        "lineNumber": 52,
        "author": {
          "gitId": "ZKathrynx"
        },
        "content": "    }"
      },
      {
        "lineNumber": 53,
        "author": {
          "gitId": "ZKathrynx"
        },
        "content": ""
      },
      {
        "lineNumber": 54,
        "author": {
          "gitId": "ZKathrynx"
        },
        "content": "    public void markAsDone (Vector\u003cTask\u003e toDoList, int i) {"
      },
      {
        "lineNumber": 55,
        "author": {
          "gitId": "ZKathrynx"
        },
        "content": "        toDoList.elementAt(i-1).markAsDone();"
      },
      {
        "lineNumber": 56,
        "author": {
          "gitId": "ZKathrynx"
        },
        "content": "        printLine();"
      },
      {
        "lineNumber": 57,
        "author": {
          "gitId": "ZKathrynx"
        },
        "content": "        System.out.println(\"Nice! I\u0027ve marked this task as done:\");"
      },
      {
        "lineNumber": 58,
        "author": {
          "gitId": "ZKathrynx"
        },
        "content": "        System.out.println(toDoList.elementAt(i-1).taskInfo());"
      },
      {
        "lineNumber": 59,
        "author": {
          "gitId": "ZKathrynx"
        },
        "content": "        System.out.println(\"Now you have \"+toDoList.size()+\" tasks in your list.\");"
      },
      {
        "lineNumber": 60,
        "author": {
          "gitId": "ZKathrynx"
        },
        "content": "        printLine();"
      },
      {
        "lineNumber": 61,
        "author": {
          "gitId": "ZKathrynx"
        },
        "content": "    }"
      },
      {
        "lineNumber": 62,
        "author": {
          "gitId": "ZKathrynx"
        },
        "content": ""
      },
      {
        "lineNumber": 63,
        "author": {
          "gitId": "ZKathrynx"
        },
        "content": "    public void find (Vector\u003cTask\u003e toDoList, String key) {"
      },
      {
        "lineNumber": 64,
        "author": {
          "gitId": "ZKathrynx"
        },
        "content": "        printLine();"
      },
      {
        "lineNumber": 65,
        "author": {
          "gitId": "ZKathrynx"
        },
        "content": "        System.out.println(\"Here are the matching tasks in your list:\");"
      },
      {
        "lineNumber": 66,
        "author": {
          "gitId": "ZKathrynx"
        },
        "content": "        int count \u003d 1;"
      },
      {
        "lineNumber": 67,
        "author": {
          "gitId": "ZKathrynx"
        },
        "content": "        for (int i \u003d 0; i \u003c toDoList.size(); i ++) {"
      },
      {
        "lineNumber": 68,
        "author": {
          "gitId": "ZKathrynx"
        },
        "content": "            if (toDoList.elementAt(i).getTaskName().contains(key)) {"
      },
      {
        "lineNumber": 69,
        "author": {
          "gitId": "ZKathrynx"
        },
        "content": "                System.out.print(count+\".\");"
      },
      {
        "lineNumber": 70,
        "author": {
          "gitId": "ZKathrynx"
        },
        "content": "                System.out.println(toDoList.elementAt(i).taskInfo());"
      },
      {
        "lineNumber": 71,
        "author": {
          "gitId": "ZKathrynx"
        },
        "content": "                count ++;"
      },
      {
        "lineNumber": 72,
        "author": {
          "gitId": "ZKathrynx"
        },
        "content": "            }"
      },
      {
        "lineNumber": 73,
        "author": {
          "gitId": "ZKathrynx"
        },
        "content": "        }"
      },
      {
        "lineNumber": 74,
        "author": {
          "gitId": "ZKathrynx"
        },
        "content": "        printLine();"
      },
      {
        "lineNumber": 75,
        "author": {
          "gitId": "ZKathrynx"
        },
        "content": "    }"
      },
      {
        "lineNumber": 76,
        "author": {
          "gitId": "ZKathrynx"
        },
        "content": ""
      },
      {
        "lineNumber": 77,
        "author": {
          "gitId": "ZKathrynx"
        },
        "content": "    public void sayBye () {"
      },
      {
        "lineNumber": 78,
        "author": {
          "gitId": "ZKathrynx"
        },
        "content": "        printLine();"
      },
      {
        "lineNumber": 79,
        "author": {
          "gitId": "ZKathrynx"
        },
        "content": "        System.out.println(\"Bye. Hope to see you again soon!\");"
      },
      {
        "lineNumber": 80,
        "author": {
          "gitId": "ZKathrynx"
        },
        "content": "        printLine();"
      },
      {
        "lineNumber": 81,
        "author": {
          "gitId": "ZKathrynx"
        },
        "content": "    }"
      },
      {
        "lineNumber": 82,
        "author": {
          "gitId": "ZKathrynx"
        },
        "content": ""
      },
      {
        "lineNumber": 83,
        "author": {
          "gitId": "ZKathrynx"
        },
        "content": "    public void unknownCommand (String command) {"
      },
      {
        "lineNumber": 84,
        "author": {
          "gitId": "ZKathrynx"
        },
        "content": "        printLine();"
      },
      {
        "lineNumber": 85,
        "author": {
          "gitId": "ZKathrynx"
        },
        "content": "        System.out.println(\"OOPS! I haven\u0027t studied the \\\"\"+command+\"\\\" command yet. So sad :(\");"
      },
      {
        "lineNumber": 86,
        "author": {
          "gitId": "ZKathrynx"
        },
        "content": "        System.out.println(\"Probably you can check your spelling or key in \\\"help\\\" to see what commands I know! :)\");"
      },
      {
        "lineNumber": 87,
        "author": {
          "gitId": "ZKathrynx"
        },
        "content": "        printLine();"
      },
      {
        "lineNumber": 88,
        "author": {
          "gitId": "ZKathrynx"
        },
        "content": "    }"
      },
      {
        "lineNumber": 89,
        "author": {
          "gitId": "ZKathrynx"
        },
        "content": ""
      },
      {
        "lineNumber": 90,
        "author": {
          "gitId": "ZKathrynx"
        },
        "content": "    public void delete (Vector\u003cTask\u003e toDoList, int i) {"
      },
      {
        "lineNumber": 91,
        "author": {
          "gitId": "ZKathrynx"
        },
        "content": "        String temp \u003d toDoList.elementAt(i-1).taskInfo();"
      },
      {
        "lineNumber": 92,
        "author": {
          "gitId": "ZKathrynx"
        },
        "content": "        toDoList.remove(i-1);"
      },
      {
        "lineNumber": 93,
        "author": {
          "gitId": "ZKathrynx"
        },
        "content": "        printLine();"
      },
      {
        "lineNumber": 94,
        "author": {
          "gitId": "ZKathrynx"
        },
        "content": "        System.out.println(\"Nice! I\u0027ve marked this task as done:\");"
      },
      {
        "lineNumber": 95,
        "author": {
          "gitId": "ZKathrynx"
        },
        "content": "        System.out.println(temp);"
      },
      {
        "lineNumber": 96,
        "author": {
          "gitId": "ZKathrynx"
        },
        "content": "        System.out.println(\"Now you have \"+toDoList.size()+\" tasks in your list.\");"
      },
      {
        "lineNumber": 97,
        "author": {
          "gitId": "ZKathrynx"
        },
        "content": "        printLine();"
      },
      {
        "lineNumber": 98,
        "author": {
          "gitId": "ZKathrynx"
        },
        "content": "    }"
      },
      {
        "lineNumber": 99,
        "author": {
          "gitId": "ZKathrynx"
        },
        "content": "    "
      },
      {
        "lineNumber": 100,
        "author": {
          "gitId": "ZKathrynx"
        },
        "content": ""
      },
      {
        "lineNumber": 101,
        "author": {
          "gitId": "ZKathrynx"
        },
        "content": "    public void showHelp () {"
      },
      {
        "lineNumber": 102,
        "author": {
          "gitId": "ZKathrynx"
        },
        "content": "        printLine();"
      },
      {
        "lineNumber": 103,
        "author": {
          "gitId": "ZKathrynx"
        },
        "content": "        System.out.println(\"a new feature waiting to be developed... :P\");"
      },
      {
        "lineNumber": 104,
        "author": {
          "gitId": "ZKathrynx"
        },
        "content": "        printLine();"
      },
      {
        "lineNumber": 105,
        "author": {
          "gitId": "ZKathrynx"
        },
        "content": "    }"
      },
      {
        "lineNumber": 106,
        "author": {
          "gitId": "ZKathrynx"
        },
        "content": "}"
      }
    ],
    "authorContributionMap": {
      "ZKathrynx": 106
    }
  },
  {
    "path": "src/main/java/Duke.java",
    "fileType": "java",
    "lines": [
      {
        "lineNumber": 1,
        "author": {
          "gitId": "ZKathrynx"
        },
        "content": "/*"
      },
      {
        "lineNumber": 2,
        "author": {
          "gitId": "ZKathrynx"
        },
        "content": " * National University of Singapore"
      },
      {
        "lineNumber": 3,
        "author": {
          "gitId": "ZKathrynx"
        },
        "content": " * AY19/20 CS2113T Module Project"
      },
      {
        "lineNumber": 4,
        "author": {
          "gitId": "ZKathrynx"
        },
        "content": " * Copyright © 2019 by Zheng Kaining"
      },
      {
        "lineNumber": 5,
        "author": {
          "gitId": "ZKathrynx"
        },
        "content": " */"
      },
      {
        "lineNumber": 6,
        "author": {
          "gitId": "ZKathrynx"
        },
        "content": ""
      },
      {
        "lineNumber": 7,
        "author": {
          "gitId": "ZKathrynx"
        },
        "content": "import java.util.Scanner;"
      },
      {
        "lineNumber": 8,
        "author": {
          "gitId": "ZKathrynx"
        },
        "content": ""
      },
      {
        "lineNumber": 9,
        "author": {
          "gitId": "-"
        },
        "content": "public class Duke {"
      },
      {
        "lineNumber": 10,
        "author": {
          "gitId": "ZKathrynx"
        },
        "content": ""
      },
      {
        "lineNumber": 11,
        "author": {
          "gitId": "ZKathrynx"
        },
        "content": "    public void welcomeScreen () {"
      },
      {
        "lineNumber": 12,
        "author": {
          "gitId": "-"
        },
        "content": "        String logo \u003d \" ____        _        \\n\""
      },
      {
        "lineNumber": 13,
        "author": {
          "gitId": "-"
        },
        "content": "                + \"|  _ \\\\ _   _| | _____ \\n\""
      },
      {
        "lineNumber": 14,
        "author": {
          "gitId": "-"
        },
        "content": "                + \"| | | | | | | |/ / _ \\\\\\n\""
      },
      {
        "lineNumber": 15,
        "author": {
          "gitId": "-"
        },
        "content": "                + \"| |_| | |_| |   \u003c  __/\\n\""
      },
      {
        "lineNumber": 16,
        "author": {
          "gitId": "-"
        },
        "content": "                + \"|____/ \\\\__,_|_|\\\\_\\\\___|\\n\";"
      },
      {
        "lineNumber": 17,
        "author": {
          "gitId": "ZKathrynx"
        },
        "content": "        System.out.println(\"____________________________________________________________\");"
      },
      {
        "lineNumber": 18,
        "author": {
          "gitId": "-"
        },
        "content": "        System.out.println(\"Hello from\\n\" + logo);"
      },
      {
        "lineNumber": 19,
        "author": {
          "gitId": "ZKathrynx"
        },
        "content": "        System.out.println(\"What can I do for you?\");"
      },
      {
        "lineNumber": 20,
        "author": {
          "gitId": "ZKathrynx"
        },
        "content": "        System.out.println(\"____________________________________________________________\");"
      },
      {
        "lineNumber": 21,
        "author": {
          "gitId": "ZKathrynx"
        },
        "content": "    }"
      },
      {
        "lineNumber": 22,
        "author": {
          "gitId": "ZKathrynx"
        },
        "content": ""
      },
      {
        "lineNumber": 23,
        "author": {
          "gitId": "ZKathrynx"
        },
        "content": "    public static void main(String[] args) {"
      },
      {
        "lineNumber": 24,
        "author": {
          "gitId": "ZKathrynx"
        },
        "content": ""
      },
      {
        "lineNumber": 25,
        "author": {
          "gitId": "ZKathrynx"
        },
        "content": "        User user \u003d new User();"
      },
      {
        "lineNumber": 26,
        "author": {
          "gitId": "ZKathrynx"
        },
        "content": "        new Duke().welcomeScreen();"
      },
      {
        "lineNumber": 27,
        "author": {
          "gitId": "ZKathrynx"
        },
        "content": ""
      },
      {
        "lineNumber": 28,
        "author": {
          "gitId": "ZKathrynx"
        },
        "content": "        Scanner s \u003d new Scanner(System.in);"
      },
      {
        "lineNumber": 29,
        "author": {
          "gitId": "ZKathrynx"
        },
        "content": "        while(s.hasNextLine()) {"
      },
      {
        "lineNumber": 30,
        "author": {
          "gitId": "ZKathrynx"
        },
        "content": "            String inputLine \u003d s.nextLine();"
      },
      {
        "lineNumber": 31,
        "author": {
          "gitId": "ZKathrynx"
        },
        "content": "            user.parseCommand(inputLine);"
      },
      {
        "lineNumber": 32,
        "author": {
          "gitId": "ZKathrynx"
        },
        "content": "            if (user.isBye()) {"
      },
      {
        "lineNumber": 33,
        "author": {
          "gitId": "ZKathrynx"
        },
        "content": "                break;"
      },
      {
        "lineNumber": 34,
        "author": {
          "gitId": "ZKathrynx"
        },
        "content": "            }"
      },
      {
        "lineNumber": 35,
        "author": {
          "gitId": "ZKathrynx"
        },
        "content": "        }"
      },
      {
        "lineNumber": 36,
        "author": {
          "gitId": "-"
        },
        "content": "    }"
      },
      {
        "lineNumber": 37,
        "author": {
          "gitId": "ZKathrynx"
        },
        "content": "}"
      }
    ],
    "authorContributionMap": {
      "ZKathrynx": 29,
      "-": 8
    }
  },
  {
    "path": "src/main/java/DukeException.java",
    "fileType": "java",
    "lines": [
      {
        "lineNumber": 1,
        "author": {
          "gitId": "ZKathrynx"
        },
        "content": "/*"
      },
      {
        "lineNumber": 2,
        "author": {
          "gitId": "ZKathrynx"
        },
        "content": " * Copyright © 2019 by Zheng Kaining"
      },
      {
        "lineNumber": 3,
        "author": {
          "gitId": "ZKathrynx"
        },
        "content": " */"
      },
      {
        "lineNumber": 4,
        "author": {
          "gitId": "ZKathrynx"
        },
        "content": ""
      },
      {
        "lineNumber": 5,
        "author": {
          "gitId": "ZKathrynx"
        },
        "content": "public class DukeException extends Exception {"
      },
      {
        "lineNumber": 6,
        "author": {
          "gitId": "ZKathrynx"
        },
        "content": "    public DukeException(String message) {"
      },
      {
        "lineNumber": 7,
        "author": {
          "gitId": "ZKathrynx"
        },
        "content": "        super(message);"
      },
      {
        "lineNumber": 8,
        "author": {
          "gitId": "ZKathrynx"
        },
        "content": "    }"
      },
      {
        "lineNumber": 9,
        "author": {
          "gitId": "ZKathrynx"
        },
        "content": ""
      },
      {
        "lineNumber": 10,
        "author": {
          "gitId": "ZKathrynx"
        },
        "content": "    public void printMessage() {"
      },
      {
        "lineNumber": 11,
        "author": {
          "gitId": "ZKathrynx"
        },
        "content": "        System.out.println(\"____________________________________________________________\");"
      },
      {
        "lineNumber": 12,
        "author": {
          "gitId": "ZKathrynx"
        },
        "content": "        System.out.println(getMessage());"
      },
      {
        "lineNumber": 13,
        "author": {
          "gitId": "ZKathrynx"
        },
        "content": "        System.out.println(\"____________________________________________________________\");"
      },
      {
        "lineNumber": 14,
        "author": {
          "gitId": "ZKathrynx"
        },
        "content": "    }"
      },
      {
        "lineNumber": 15,
        "author": {
          "gitId": "ZKathrynx"
        },
        "content": ""
      },
      {
        "lineNumber": 16,
        "author": {
          "gitId": "ZKathrynx"
        },
        "content": "}"
      }
    ],
    "authorContributionMap": {
      "ZKathrynx": 16
    }
  },
  {
    "path": "src/main/java/Save.java",
    "fileType": "java",
    "lines": [
      {
        "lineNumber": 1,
        "author": {
          "gitId": "ZKathrynx"
        },
        "content": "/*"
      },
      {
        "lineNumber": 2,
        "author": {
          "gitId": "ZKathrynx"
        },
        "content": " * Copyright © 2019 by Zheng Kaining"
      },
      {
        "lineNumber": 3,
        "author": {
          "gitId": "ZKathrynx"
        },
        "content": " */"
      },
      {
        "lineNumber": 4,
        "author": {
          "gitId": "ZKathrynx"
        },
        "content": ""
      },
      {
        "lineNumber": 5,
        "author": {
          "gitId": "ZKathrynx"
        },
        "content": "import java.io.File;"
      },
      {
        "lineNumber": 6,
        "author": {
          "gitId": "ZKathrynx"
        },
        "content": "import java.io.FileWriter;"
      },
      {
        "lineNumber": 7,
        "author": {
          "gitId": "ZKathrynx"
        },
        "content": "import java.util.Vector;"
      },
      {
        "lineNumber": 8,
        "author": {
          "gitId": "ZKathrynx"
        },
        "content": ""
      },
      {
        "lineNumber": 9,
        "author": {
          "gitId": "ZKathrynx"
        },
        "content": "public class Save {"
      },
      {
        "lineNumber": 10,
        "author": {
          "gitId": "ZKathrynx"
        },
        "content": "    String fileName;"
      },
      {
        "lineNumber": 11,
        "author": {
          "gitId": "ZKathrynx"
        },
        "content": "    String filePath;"
      },
      {
        "lineNumber": 12,
        "author": {
          "gitId": "ZKathrynx"
        },
        "content": ""
      },
      {
        "lineNumber": 13,
        "author": {
          "gitId": "ZKathrynx"
        },
        "content": "    //default filepath and name"
      },
      {
        "lineNumber": 14,
        "author": {
          "gitId": "ZKathrynx"
        },
        "content": "    Save () {"
      },
      {
        "lineNumber": 15,
        "author": {
          "gitId": "ZKathrynx"
        },
        "content": "        this.filePath \u003d \"F:\\\\lenovo\\\\Desktop\\\\CS2113T\\\\Duke\";"
      },
      {
        "lineNumber": 16,
        "author": {
          "gitId": "ZKathrynx"
        },
        "content": "        this.fileName \u003d \"data.txt\";"
      },
      {
        "lineNumber": 17,
        "author": {
          "gitId": "ZKathrynx"
        },
        "content": "        File file \u003d new File(this.filePath+this.fileName);"
      },
      {
        "lineNumber": 18,
        "author": {
          "gitId": "ZKathrynx"
        },
        "content": "        if (!file.exists()) {"
      },
      {
        "lineNumber": 19,
        "author": {
          "gitId": "ZKathrynx"
        },
        "content": "            try {"
      },
      {
        "lineNumber": 20,
        "author": {
          "gitId": "ZKathrynx"
        },
        "content": "                file.createNewFile();"
      },
      {
        "lineNumber": 21,
        "author": {
          "gitId": "ZKathrynx"
        },
        "content": "            } catch (Exception e) {"
      },
      {
        "lineNumber": 22,
        "author": {
          "gitId": "ZKathrynx"
        },
        "content": "                System.out.println(\"OOPS! the programme encounters an I/O exception\");"
      },
      {
        "lineNumber": 23,
        "author": {
          "gitId": "ZKathrynx"
        },
        "content": "            }"
      },
      {
        "lineNumber": 24,
        "author": {
          "gitId": "ZKathrynx"
        },
        "content": "        }"
      },
      {
        "lineNumber": 25,
        "author": {
          "gitId": "ZKathrynx"
        },
        "content": "        try {"
      },
      {
        "lineNumber": 26,
        "author": {
          "gitId": "ZKathrynx"
        },
        "content": "            FileWriter fw \u003d new FileWriter(file);"
      },
      {
        "lineNumber": 27,
        "author": {
          "gitId": "ZKathrynx"
        },
        "content": "            fw.write(\"Your task list:\");"
      },
      {
        "lineNumber": 28,
        "author": {
          "gitId": "ZKathrynx"
        },
        "content": "            fw.write(System.getProperty(\"line.separator\"));"
      },
      {
        "lineNumber": 29,
        "author": {
          "gitId": "ZKathrynx"
        },
        "content": "            fw.close();"
      },
      {
        "lineNumber": 30,
        "author": {
          "gitId": "ZKathrynx"
        },
        "content": "        } catch (Exception e) {"
      },
      {
        "lineNumber": 31,
        "author": {
          "gitId": "ZKathrynx"
        },
        "content": "            System.out.println(\"OOPS! the programme encounters an I/O exception\");"
      },
      {
        "lineNumber": 32,
        "author": {
          "gitId": "ZKathrynx"
        },
        "content": "        }"
      },
      {
        "lineNumber": 33,
        "author": {
          "gitId": "ZKathrynx"
        },
        "content": "    }"
      },
      {
        "lineNumber": 34,
        "author": {
          "gitId": "ZKathrynx"
        },
        "content": ""
      },
      {
        "lineNumber": 35,
        "author": {
          "gitId": "ZKathrynx"
        },
        "content": "    /*"
      },
      {
        "lineNumber": 36,
        "author": {
          "gitId": "ZKathrynx"
        },
        "content": "    //customized filepath and name"
      },
      {
        "lineNumber": 37,
        "author": {
          "gitId": "ZKathrynx"
        },
        "content": "    Save (String filePath, String fileName) {"
      },
      {
        "lineNumber": 38,
        "author": {
          "gitId": "ZKathrynx"
        },
        "content": "        this.filePath \u003d filePath;"
      },
      {
        "lineNumber": 39,
        "author": {
          "gitId": "ZKathrynx"
        },
        "content": "        this.fileName \u003d fileName;"
      },
      {
        "lineNumber": 40,
        "author": {
          "gitId": "ZKathrynx"
        },
        "content": "    }*/"
      },
      {
        "lineNumber": 41,
        "author": {
          "gitId": "ZKathrynx"
        },
        "content": ""
      },
      {
        "lineNumber": 42,
        "author": {
          "gitId": "ZKathrynx"
        },
        "content": ""
      },
      {
        "lineNumber": 43,
        "author": {
          "gitId": "ZKathrynx"
        },
        "content": "    public void appendTask (Task task)  {"
      },
      {
        "lineNumber": 44,
        "author": {
          "gitId": "ZKathrynx"
        },
        "content": "        try {"
      },
      {
        "lineNumber": 45,
        "author": {
          "gitId": "ZKathrynx"
        },
        "content": "            FileWriter fw \u003d new FileWriter(this.filePath + this.fileName, true);"
      },
      {
        "lineNumber": 46,
        "author": {
          "gitId": "ZKathrynx"
        },
        "content": "            fw.write(task.taskInfo());"
      },
      {
        "lineNumber": 47,
        "author": {
          "gitId": "ZKathrynx"
        },
        "content": "            fw.write(System.getProperty(\"line.separator\"));"
      },
      {
        "lineNumber": 48,
        "author": {
          "gitId": "ZKathrynx"
        },
        "content": "            fw.close();"
      },
      {
        "lineNumber": 49,
        "author": {
          "gitId": "ZKathrynx"
        },
        "content": "        } catch (Exception e) {"
      },
      {
        "lineNumber": 50,
        "author": {
          "gitId": "ZKathrynx"
        },
        "content": "            System.out.println(\"OOPS! the programme encounters an I/O exception\");"
      },
      {
        "lineNumber": 51,
        "author": {
          "gitId": "ZKathrynx"
        },
        "content": "        }"
      },
      {
        "lineNumber": 52,
        "author": {
          "gitId": "ZKathrynx"
        },
        "content": "    }"
      },
      {
        "lineNumber": 53,
        "author": {
          "gitId": "ZKathrynx"
        },
        "content": ""
      },
      {
        "lineNumber": 54,
        "author": {
          "gitId": "ZKathrynx"
        },
        "content": "    public void updateTask (Vector\u003cTask\u003e toDoList) {"
      },
      {
        "lineNumber": 55,
        "author": {
          "gitId": "ZKathrynx"
        },
        "content": "        try {"
      },
      {
        "lineNumber": 56,
        "author": {
          "gitId": "ZKathrynx"
        },
        "content": "            FileWriter fw \u003d new FileWriter(this.filePath + this.fileName);"
      },
      {
        "lineNumber": 57,
        "author": {
          "gitId": "ZKathrynx"
        },
        "content": "            for (Task task : toDoList) {"
      },
      {
        "lineNumber": 58,
        "author": {
          "gitId": "ZKathrynx"
        },
        "content": "                fw.write(task.taskInfo());"
      },
      {
        "lineNumber": 59,
        "author": {
          "gitId": "ZKathrynx"
        },
        "content": "                fw.write(System.getProperty(\"line.separator\"));"
      },
      {
        "lineNumber": 60,
        "author": {
          "gitId": "ZKathrynx"
        },
        "content": "            }"
      },
      {
        "lineNumber": 61,
        "author": {
          "gitId": "ZKathrynx"
        },
        "content": "            fw.close();"
      },
      {
        "lineNumber": 62,
        "author": {
          "gitId": "ZKathrynx"
        },
        "content": "        } catch (Exception e) {"
      },
      {
        "lineNumber": 63,
        "author": {
          "gitId": "ZKathrynx"
        },
        "content": "            System.out.println(\"OOPS! the programme encounters an I/O exception\");"
      },
      {
        "lineNumber": 64,
        "author": {
          "gitId": "ZKathrynx"
        },
        "content": "        }"
      },
      {
        "lineNumber": 65,
        "author": {
          "gitId": "ZKathrynx"
        },
        "content": "    }"
      },
      {
        "lineNumber": 66,
        "author": {
          "gitId": "ZKathrynx"
        },
        "content": "}"
      }
    ],
    "authorContributionMap": {
      "ZKathrynx": 66
    }
  },
  {
    "path": "src/main/java/Task.java",
    "fileType": "java",
    "lines": [
      {
        "lineNumber": 1,
        "author": {
          "gitId": "ZKathrynx"
        },
        "content": "/*"
      },
      {
        "lineNumber": 2,
        "author": {
          "gitId": "ZKathrynx"
        },
        "content": " * Copyright © 2019 by Zheng Kaining"
      },
      {
        "lineNumber": 3,
        "author": {
          "gitId": "ZKathrynx"
        },
        "content": " */"
      },
      {
        "lineNumber": 4,
        "author": {
          "gitId": "ZKathrynx"
        },
        "content": ""
      },
      {
        "lineNumber": 5,
        "author": {
          "gitId": "ZKathrynx"
        },
        "content": "import java.text.DateFormat;"
      },
      {
        "lineNumber": 6,
        "author": {
          "gitId": "ZKathrynx"
        },
        "content": "import java.text.SimpleDateFormat;"
      },
      {
        "lineNumber": 7,
        "author": {
          "gitId": "ZKathrynx"
        },
        "content": "import java.util.Date;"
      },
      {
        "lineNumber": 8,
        "author": {
          "gitId": "ZKathrynx"
        },
        "content": ""
      },
      {
        "lineNumber": 9,
        "author": {
          "gitId": "ZKathrynx"
        },
        "content": "enum TaskType {"
      },
      {
        "lineNumber": 10,
        "author": {
          "gitId": "ZKathrynx"
        },
        "content": "    T,D,E;"
      },
      {
        "lineNumber": 11,
        "author": {
          "gitId": "ZKathrynx"
        },
        "content": "}"
      },
      {
        "lineNumber": 12,
        "author": {
          "gitId": "ZKathrynx"
        },
        "content": ""
      },
      {
        "lineNumber": 13,
        "author": {
          "gitId": "ZKathrynx"
        },
        "content": "class Task {"
      },
      {
        "lineNumber": 14,
        "author": {
          "gitId": "ZKathrynx"
        },
        "content": "    private String taskName;"
      },
      {
        "lineNumber": 15,
        "author": {
          "gitId": "ZKathrynx"
        },
        "content": "    private boolean isDone;"
      },
      {
        "lineNumber": 16,
        "author": {
          "gitId": "ZKathrynx"
        },
        "content": "    private TaskType taskType;"
      },
      {
        "lineNumber": 17,
        "author": {
          "gitId": "ZKathrynx"
        },
        "content": ""
      },
      {
        "lineNumber": 18,
        "author": {
          "gitId": "ZKathrynx"
        },
        "content": "    //Constructors"
      },
      {
        "lineNumber": 19,
        "author": {
          "gitId": "ZKathrynx"
        },
        "content": "    public Task() {"
      },
      {
        "lineNumber": 20,
        "author": {
          "gitId": "ZKathrynx"
        },
        "content": "    }"
      },
      {
        "lineNumber": 21,
        "author": {
          "gitId": "ZKathrynx"
        },
        "content": "    public Task (String taskName, TaskType taskType) {"
      },
      {
        "lineNumber": 22,
        "author": {
          "gitId": "ZKathrynx"
        },
        "content": "        this.taskName \u003d taskName;"
      },
      {
        "lineNumber": 23,
        "author": {
          "gitId": "ZKathrynx"
        },
        "content": "        this.isDone \u003d false;"
      },
      {
        "lineNumber": 24,
        "author": {
          "gitId": "ZKathrynx"
        },
        "content": "        this.taskType \u003d taskType;"
      },
      {
        "lineNumber": 25,
        "author": {
          "gitId": "ZKathrynx"
        },
        "content": "    }"
      },
      {
        "lineNumber": 26,
        "author": {
          "gitId": "ZKathrynx"
        },
        "content": ""
      },
      {
        "lineNumber": 27,
        "author": {
          "gitId": "ZKathrynx"
        },
        "content": "    //Getters"
      },
      {
        "lineNumber": 28,
        "author": {
          "gitId": "ZKathrynx"
        },
        "content": "    public String getTaskName () {"
      },
      {
        "lineNumber": 29,
        "author": {
          "gitId": "ZKathrynx"
        },
        "content": "        return taskName;"
      },
      {
        "lineNumber": 30,
        "author": {
          "gitId": "ZKathrynx"
        },
        "content": "    }"
      },
      {
        "lineNumber": 31,
        "author": {
          "gitId": "ZKathrynx"
        },
        "content": "    public boolean isDone () {"
      },
      {
        "lineNumber": 32,
        "author": {
          "gitId": "ZKathrynx"
        },
        "content": "        return isDone;"
      },
      {
        "lineNumber": 33,
        "author": {
          "gitId": "ZKathrynx"
        },
        "content": "    }"
      },
      {
        "lineNumber": 34,
        "author": {
          "gitId": "ZKathrynx"
        },
        "content": "    public TaskType getTaskType() {"
      },
      {
        "lineNumber": 35,
        "author": {
          "gitId": "ZKathrynx"
        },
        "content": "        return taskType;"
      },
      {
        "lineNumber": 36,
        "author": {
          "gitId": "ZKathrynx"
        },
        "content": "    }"
      },
      {
        "lineNumber": 37,
        "author": {
          "gitId": "ZKathrynx"
        },
        "content": ""
      },
      {
        "lineNumber": 38,
        "author": {
          "gitId": "ZKathrynx"
        },
        "content": "    //Setters"
      },
      {
        "lineNumber": 39,
        "author": {
          "gitId": "ZKathrynx"
        },
        "content": "    public void markAsDone () {"
      },
      {
        "lineNumber": 40,
        "author": {
          "gitId": "ZKathrynx"
        },
        "content": "        isDone \u003d true;"
      },
      {
        "lineNumber": 41,
        "author": {
          "gitId": "ZKathrynx"
        },
        "content": "    }"
      },
      {
        "lineNumber": 42,
        "author": {
          "gitId": "ZKathrynx"
        },
        "content": ""
      },
      {
        "lineNumber": 43,
        "author": {
          "gitId": "ZKathrynx"
        },
        "content": "    public String taskInfo() {"
      },
      {
        "lineNumber": 44,
        "author": {
          "gitId": "ZKathrynx"
        },
        "content": "        if (isDone) {"
      },
      {
        "lineNumber": 45,
        "author": {
          "gitId": "ZKathrynx"
        },
        "content": "            return \"[\\u2713] [T] \"+taskName;"
      },
      {
        "lineNumber": 46,
        "author": {
          "gitId": "ZKathrynx"
        },
        "content": "        } else {"
      },
      {
        "lineNumber": 47,
        "author": {
          "gitId": "ZKathrynx"
        },
        "content": "            return \"[\\u2717] [T] \"+taskName;"
      },
      {
        "lineNumber": 48,
        "author": {
          "gitId": "ZKathrynx"
        },
        "content": "        }"
      },
      {
        "lineNumber": 49,
        "author": {
          "gitId": "ZKathrynx"
        },
        "content": "    }"
      },
      {
        "lineNumber": 50,
        "author": {
          "gitId": "ZKathrynx"
        },
        "content": "}"
      },
      {
        "lineNumber": 51,
        "author": {
          "gitId": "ZKathrynx"
        },
        "content": ""
      },
      {
        "lineNumber": 52,
        "author": {
          "gitId": "ZKathrynx"
        },
        "content": "class Deadline extends Task {"
      },
      {
        "lineNumber": 53,
        "author": {
          "gitId": "ZKathrynx"
        },
        "content": "    private Date ddl;"
      },
      {
        "lineNumber": 54,
        "author": {
          "gitId": "ZKathrynx"
        },
        "content": ""
      },
      {
        "lineNumber": 55,
        "author": {
          "gitId": "ZKathrynx"
        },
        "content": "    public Deadline(String taskName, TaskType taskType, Date ddl) {"
      },
      {
        "lineNumber": 56,
        "author": {
          "gitId": "ZKathrynx"
        },
        "content": "        super(taskName,taskType);"
      },
      {
        "lineNumber": 57,
        "author": {
          "gitId": "ZKathrynx"
        },
        "content": "        this.ddl \u003d ddl;"
      },
      {
        "lineNumber": 58,
        "author": {
          "gitId": "ZKathrynx"
        },
        "content": "    }"
      },
      {
        "lineNumber": 59,
        "author": {
          "gitId": "ZKathrynx"
        },
        "content": ""
      },
      {
        "lineNumber": 60,
        "author": {
          "gitId": "ZKathrynx"
        },
        "content": "    public Date getDdl() {"
      },
      {
        "lineNumber": 61,
        "author": {
          "gitId": "ZKathrynx"
        },
        "content": "        return ddl;"
      },
      {
        "lineNumber": 62,
        "author": {
          "gitId": "ZKathrynx"
        },
        "content": "    }"
      },
      {
        "lineNumber": 63,
        "author": {
          "gitId": "ZKathrynx"
        },
        "content": ""
      },
      {
        "lineNumber": 64,
        "author": {
          "gitId": "ZKathrynx"
        },
        "content": "    @Override"
      },
      {
        "lineNumber": 65,
        "author": {
          "gitId": "ZKathrynx"
        },
        "content": "    public String taskInfo() {"
      },
      {
        "lineNumber": 66,
        "author": {
          "gitId": "ZKathrynx"
        },
        "content": "        DateFormat dateFormat \u003d new SimpleDateFormat(\"yyyy.mm.dd hh.mm\");"
      },
      {
        "lineNumber": 67,
        "author": {
          "gitId": "ZKathrynx"
        },
        "content": "        if (super.isDone()) {"
      },
      {
        "lineNumber": 68,
        "author": {
          "gitId": "ZKathrynx"
        },
        "content": "            return \"[\\u2713] [D] \" + super.getTaskName() + \" (by: \" + dateFormat.format(ddl);"
      },
      {
        "lineNumber": 69,
        "author": {
          "gitId": "ZKathrynx"
        },
        "content": "        } else {"
      },
      {
        "lineNumber": 70,
        "author": {
          "gitId": "ZKathrynx"
        },
        "content": "            return \"[\\u2717] [D] \" + super.getTaskName() + \" (by: \" + dateFormat.format(ddl);"
      },
      {
        "lineNumber": 71,
        "author": {
          "gitId": "ZKathrynx"
        },
        "content": "        }"
      },
      {
        "lineNumber": 72,
        "author": {
          "gitId": "ZKathrynx"
        },
        "content": "    }"
      },
      {
        "lineNumber": 73,
        "author": {
          "gitId": "ZKathrynx"
        },
        "content": ""
      },
      {
        "lineNumber": 74,
        "author": {
          "gitId": "ZKathrynx"
        },
        "content": "}"
      },
      {
        "lineNumber": 75,
        "author": {
          "gitId": "ZKathrynx"
        },
        "content": ""
      },
      {
        "lineNumber": 76,
        "author": {
          "gitId": "ZKathrynx"
        },
        "content": "class Event extends Task {"
      },
      {
        "lineNumber": 77,
        "author": {
          "gitId": "ZKathrynx"
        },
        "content": "    private Date date;"
      },
      {
        "lineNumber": 78,
        "author": {
          "gitId": "ZKathrynx"
        },
        "content": ""
      },
      {
        "lineNumber": 79,
        "author": {
          "gitId": "ZKathrynx"
        },
        "content": "    public Event(String taskName, TaskType taskType, Date date) {"
      },
      {
        "lineNumber": 80,
        "author": {
          "gitId": "ZKathrynx"
        },
        "content": "        super(taskName,taskType);"
      },
      {
        "lineNumber": 81,
        "author": {
          "gitId": "ZKathrynx"
        },
        "content": "        this.date \u003d date;"
      },
      {
        "lineNumber": 82,
        "author": {
          "gitId": "ZKathrynx"
        },
        "content": "    }"
      },
      {
        "lineNumber": 83,
        "author": {
          "gitId": "ZKathrynx"
        },
        "content": ""
      },
      {
        "lineNumber": 84,
        "author": {
          "gitId": "ZKathrynx"
        },
        "content": "    public Date getDate() {"
      },
      {
        "lineNumber": 85,
        "author": {
          "gitId": "ZKathrynx"
        },
        "content": "        return date;"
      },
      {
        "lineNumber": 86,
        "author": {
          "gitId": "ZKathrynx"
        },
        "content": "    }"
      },
      {
        "lineNumber": 87,
        "author": {
          "gitId": "ZKathrynx"
        },
        "content": ""
      },
      {
        "lineNumber": 88,
        "author": {
          "gitId": "ZKathrynx"
        },
        "content": "    @Override"
      },
      {
        "lineNumber": 89,
        "author": {
          "gitId": "ZKathrynx"
        },
        "content": "    public String taskInfo() {"
      },
      {
        "lineNumber": 90,
        "author": {
          "gitId": "ZKathrynx"
        },
        "content": "        DateFormat dateFormat \u003d new SimpleDateFormat(\"yyyy.mm.dd hh.mm\");"
      },
      {
        "lineNumber": 91,
        "author": {
          "gitId": "ZKathrynx"
        },
        "content": "        if (super.isDone()) {"
      },
      {
        "lineNumber": 92,
        "author": {
          "gitId": "ZKathrynx"
        },
        "content": "            return \"[\\u2713] [E] \" + super.getTaskName() + \" (at: \" + dateFormat.format(date);"
      },
      {
        "lineNumber": 93,
        "author": {
          "gitId": "ZKathrynx"
        },
        "content": "        } else {"
      },
      {
        "lineNumber": 94,
        "author": {
          "gitId": "ZKathrynx"
        },
        "content": "            return \"[\\u2717] [E] \" + super.getTaskName() + \" (at: \" + dateFormat.format(date);"
      },
      {
        "lineNumber": 95,
        "author": {
          "gitId": "ZKathrynx"
        },
        "content": "        }"
      },
      {
        "lineNumber": 96,
        "author": {
          "gitId": "ZKathrynx"
        },
        "content": "    }"
      },
      {
        "lineNumber": 97,
        "author": {
          "gitId": "ZKathrynx"
        },
        "content": ""
      },
      {
        "lineNumber": 98,
        "author": {
          "gitId": "ZKathrynx"
        },
        "content": "}"
      }
    ],
    "authorContributionMap": {
      "ZKathrynx": 98
    }
  },
  {
    "path": "src/main/java/User.java",
    "fileType": "java",
    "lines": [
      {
        "lineNumber": 1,
        "author": {
          "gitId": "ZKathrynx"
        },
        "content": "/*"
      },
      {
        "lineNumber": 2,
        "author": {
          "gitId": "ZKathrynx"
        },
        "content": " * Copyright © 2019 by Zheng Kaining"
      },
      {
        "lineNumber": 3,
        "author": {
          "gitId": "ZKathrynx"
        },
        "content": " */"
      },
      {
        "lineNumber": 4,
        "author": {
          "gitId": "ZKathrynx"
        },
        "content": ""
      },
      {
        "lineNumber": 5,
        "author": {
          "gitId": "ZKathrynx"
        },
        "content": "import java.text.ParseException;"
      },
      {
        "lineNumber": 6,
        "author": {
          "gitId": "ZKathrynx"
        },
        "content": "import java.text.SimpleDateFormat;"
      },
      {
        "lineNumber": 7,
        "author": {
          "gitId": "ZKathrynx"
        },
        "content": "import java.util.Date;"
      },
      {
        "lineNumber": 8,
        "author": {
          "gitId": "ZKathrynx"
        },
        "content": "import java.util.Vector;"
      },
      {
        "lineNumber": 9,
        "author": {
          "gitId": "ZKathrynx"
        },
        "content": "import java.util.regex.Matcher;"
      },
      {
        "lineNumber": 10,
        "author": {
          "gitId": "ZKathrynx"
        },
        "content": "import java.util.regex.Pattern;"
      },
      {
        "lineNumber": 11,
        "author": {
          "gitId": "ZKathrynx"
        },
        "content": ""
      },
      {
        "lineNumber": 12,
        "author": {
          "gitId": "ZKathrynx"
        },
        "content": "public class  User {"
      },
      {
        "lineNumber": 13,
        "author": {
          "gitId": "ZKathrynx"
        },
        "content": "    private Vector\u003cTask\u003e toDoList \u003d new Vector\u003cTask\u003e();"
      },
      {
        "lineNumber": 14,
        "author": {
          "gitId": "ZKathrynx"
        },
        "content": "    private boolean isBye;"
      },
      {
        "lineNumber": 15,
        "author": {
          "gitId": "ZKathrynx"
        },
        "content": "    private Save save \u003d new Save();"
      },
      {
        "lineNumber": 16,
        "author": {
          "gitId": "ZKathrynx"
        },
        "content": ""
      },
      {
        "lineNumber": 17,
        "author": {
          "gitId": "ZKathrynx"
        },
        "content": "    public User () {"
      },
      {
        "lineNumber": 18,
        "author": {
          "gitId": "ZKathrynx"
        },
        "content": "        this.isBye \u003d false;"
      },
      {
        "lineNumber": 19,
        "author": {
          "gitId": "ZKathrynx"
        },
        "content": "    }"
      },
      {
        "lineNumber": 20,
        "author": {
          "gitId": "ZKathrynx"
        },
        "content": ""
      },
      {
        "lineNumber": 21,
        "author": {
          "gitId": "ZKathrynx"
        },
        "content": "    public boolean isBye () {"
      },
      {
        "lineNumber": 22,
        "author": {
          "gitId": "ZKathrynx"
        },
        "content": "        return isBye;"
      },
      {
        "lineNumber": 23,
        "author": {
          "gitId": "ZKathrynx"
        },
        "content": "    }"
      },
      {
        "lineNumber": 24,
        "author": {
          "gitId": "ZKathrynx"
        },
        "content": ""
      },
      {
        "lineNumber": 25,
        "author": {
          "gitId": "ZKathrynx"
        },
        "content": "    public int extractTaskNo (String command) throws DukeException {"
      },
      {
        "lineNumber": 26,
        "author": {
          "gitId": "ZKathrynx"
        },
        "content": "        Pattern p \u003d Pattern.compile(\"\\\\d+\");"
      },
      {
        "lineNumber": 27,
        "author": {
          "gitId": "ZKathrynx"
        },
        "content": "        Matcher m \u003d p.matcher(command);"
      },
      {
        "lineNumber": 28,
        "author": {
          "gitId": "ZKathrynx"
        },
        "content": "        if(!m.find()) {"
      },
      {
        "lineNumber": 29,
        "author": {
          "gitId": "ZKathrynx"
        },
        "content": "            throw new DukeException(\"OOPS! the command needs a number as parameter\");"
      },
      {
        "lineNumber": 30,
        "author": {
          "gitId": "ZKathrynx"
        },
        "content": "        } else {"
      },
      {
        "lineNumber": 31,
        "author": {
          "gitId": "ZKathrynx"
        },
        "content": "            int ans \u003d Integer.parseInt(m.group());"
      },
      {
        "lineNumber": 32,
        "author": {
          "gitId": "ZKathrynx"
        },
        "content": "            if (ans \u003e toDoList.size()) {"
      },
      {
        "lineNumber": 33,
        "author": {
          "gitId": "ZKathrynx"
        },
        "content": "                throw new DukeException(\"OOPS! the current maximum number of tasks is \"+ toDoList.size());"
      },
      {
        "lineNumber": 34,
        "author": {
          "gitId": "ZKathrynx"
        },
        "content": "            } else if (toDoList.elementAt(ans-1).isDone()) {"
      },
      {
        "lineNumber": 35,
        "author": {
          "gitId": "ZKathrynx"
        },
        "content": "                throw new DukeException(\"OOPS! you have already finished this task\");"
      },
      {
        "lineNumber": 36,
        "author": {
          "gitId": "ZKathrynx"
        },
        "content": "            }"
      },
      {
        "lineNumber": 37,
        "author": {
          "gitId": "ZKathrynx"
        },
        "content": "            return ans;"
      },
      {
        "lineNumber": 38,
        "author": {
          "gitId": "ZKathrynx"
        },
        "content": "        }"
      },
      {
        "lineNumber": 39,
        "author": {
          "gitId": "ZKathrynx"
        },
        "content": "    }"
      },
      {
        "lineNumber": 40,
        "author": {
          "gitId": "ZKathrynx"
        },
        "content": ""
      },
      {
        "lineNumber": 41,
        "author": {
          "gitId": "ZKathrynx"
        },
        "content": "    public Date extractDdl (String command) throws DukeException, ParseException {"
      },
      {
        "lineNumber": 42,
        "author": {
          "gitId": "ZKathrynx"
        },
        "content": "        command.trim();"
      },
      {
        "lineNumber": 43,
        "author": {
          "gitId": "ZKathrynx"
        },
        "content": "        if(command.indexOf(\"\\\\by\")\u003d\u003d-1||command.indexOf(\"\\\\by\") + 2 \u003d\u003d command.length()-1) {"
      },
      {
        "lineNumber": 44,
        "author": {
          "gitId": "ZKathrynx"
        },
        "content": "            throw new DukeException(\"OOPS! you haven\u0027t set the deadline\");"
      },
      {
        "lineNumber": 45,
        "author": {
          "gitId": "ZKathrynx"
        },
        "content": "        } else {"
      },
      {
        "lineNumber": 46,
        "author": {
          "gitId": "ZKathrynx"
        },
        "content": "            return new SimpleDateFormat(\"yyyy.mm.dd hh.mm\").parse(command.substring(command.indexOf(\"\\\\by\") + 4));"
      },
      {
        "lineNumber": 47,
        "author": {
          "gitId": "ZKathrynx"
        },
        "content": "        }"
      },
      {
        "lineNumber": 48,
        "author": {
          "gitId": "ZKathrynx"
        },
        "content": "    }"
      },
      {
        "lineNumber": 49,
        "author": {
          "gitId": "ZKathrynx"
        },
        "content": ""
      },
      {
        "lineNumber": 50,
        "author": {
          "gitId": "ZKathrynx"
        },
        "content": "    public Date extractDate (String command) throws DukeException, ParseException {"
      },
      {
        "lineNumber": 51,
        "author": {
          "gitId": "ZKathrynx"
        },
        "content": "        command.trim();"
      },
      {
        "lineNumber": 52,
        "author": {
          "gitId": "ZKathrynx"
        },
        "content": "        if(command.indexOf(\"\\\\at\")\u003d\u003d-1||command.indexOf(\"\\\\at\") + 2 \u003d\u003d command.length()-1) {"
      },
      {
        "lineNumber": 53,
        "author": {
          "gitId": "ZKathrynx"
        },
        "content": "            throw new DukeException(\"OOPS! you haven\u0027t set the date\");"
      },
      {
        "lineNumber": 54,
        "author": {
          "gitId": "ZKathrynx"
        },
        "content": "        } else {"
      },
      {
        "lineNumber": 55,
        "author": {
          "gitId": "ZKathrynx"
        },
        "content": "            return new SimpleDateFormat(\"yyyy.mm.dd hh.mm\").parse(command.substring(command.indexOf(\"\\\\at\") + 4));"
      },
      {
        "lineNumber": 56,
        "author": {
          "gitId": "ZKathrynx"
        },
        "content": "        }"
      },
      {
        "lineNumber": 57,
        "author": {
          "gitId": "ZKathrynx"
        },
        "content": "    }"
      },
      {
        "lineNumber": 58,
        "author": {
          "gitId": "ZKathrynx"
        },
        "content": ""
      },
      {
        "lineNumber": 59,
        "author": {
          "gitId": "ZKathrynx"
        },
        "content": "    public String extractTaskName (String command) throws DukeException{"
      },
      {
        "lineNumber": 60,
        "author": {
          "gitId": "ZKathrynx"
        },
        "content": "        if (command.indexOf(\" \")\u003d\u003d-1) {"
      },
      {
        "lineNumber": 61,
        "author": {
          "gitId": "ZKathrynx"
        },
        "content": "            throw new DukeException(\"OOPS! the task name cannot be empty\");"
      },
      {
        "lineNumber": 62,
        "author": {
          "gitId": "ZKathrynx"
        },
        "content": "        } else {"
      },
      {
        "lineNumber": 63,
        "author": {
          "gitId": "ZKathrynx"
        },
        "content": "            if (!command.contains(\"\\\\by\")\u0026\u0026!command.contains(\"\\\\at\")) {"
      },
      {
        "lineNumber": 64,
        "author": {
          "gitId": "ZKathrynx"
        },
        "content": "                String temp \u003d command.substring(command.indexOf(\" \"));"
      },
      {
        "lineNumber": 65,
        "author": {
          "gitId": "ZKathrynx"
        },
        "content": "                if (temp.trim().length()\u003d\u003d0) {"
      },
      {
        "lineNumber": 66,
        "author": {
          "gitId": "ZKathrynx"
        },
        "content": "                    throw new DukeException(\"OOPS! the task name cannot be empty\");"
      },
      {
        "lineNumber": 67,
        "author": {
          "gitId": "ZKathrynx"
        },
        "content": "                } else {"
      },
      {
        "lineNumber": 68,
        "author": {
          "gitId": "ZKathrynx"
        },
        "content": "                    return temp;"
      },
      {
        "lineNumber": 69,
        "author": {
          "gitId": "ZKathrynx"
        },
        "content": "                }"
      },
      {
        "lineNumber": 70,
        "author": {
          "gitId": "ZKathrynx"
        },
        "content": "            } else {"
      },
      {
        "lineNumber": 71,
        "author": {
          "gitId": "ZKathrynx"
        },
        "content": "                String temp \u003d command.substring(command.indexOf(\" \"),command.indexOf(\"\\\\\"));"
      },
      {
        "lineNumber": 72,
        "author": {
          "gitId": "ZKathrynx"
        },
        "content": "                if (temp.trim().length()\u003d\u003d0) {"
      },
      {
        "lineNumber": 73,
        "author": {
          "gitId": "ZKathrynx"
        },
        "content": "                    throw new DukeException(\"OOPS! the task name cannot be empty\");"
      },
      {
        "lineNumber": 74,
        "author": {
          "gitId": "ZKathrynx"
        },
        "content": "                } else {"
      },
      {
        "lineNumber": 75,
        "author": {
          "gitId": "ZKathrynx"
        },
        "content": "                    return temp;"
      },
      {
        "lineNumber": 76,
        "author": {
          "gitId": "ZKathrynx"
        },
        "content": "                }"
      },
      {
        "lineNumber": 77,
        "author": {
          "gitId": "ZKathrynx"
        },
        "content": "            }"
      },
      {
        "lineNumber": 78,
        "author": {
          "gitId": "ZKathrynx"
        },
        "content": "        }"
      },
      {
        "lineNumber": 79,
        "author": {
          "gitId": "ZKathrynx"
        },
        "content": "    }"
      },
      {
        "lineNumber": 80,
        "author": {
          "gitId": "ZKathrynx"
        },
        "content": ""
      },
      {
        "lineNumber": 81,
        "author": {
          "gitId": "ZKathrynx"
        },
        "content": "    public void parseCommand (String command) {"
      },
      {
        "lineNumber": 82,
        "author": {
          "gitId": "ZKathrynx"
        },
        "content": "        if (command.matches(\"bye(.*)\")) {"
      },
      {
        "lineNumber": 83,
        "author": {
          "gitId": "ZKathrynx"
        },
        "content": "            new Command().sayBye();"
      },
      {
        "lineNumber": 84,
        "author": {
          "gitId": "ZKathrynx"
        },
        "content": "            isBye \u003d true;"
      },
      {
        "lineNumber": 85,
        "author": {
          "gitId": "ZKathrynx"
        },
        "content": "        } else if (command.matches(\"done(.*)\")) {"
      },
      {
        "lineNumber": 86,
        "author": {
          "gitId": "ZKathrynx"
        },
        "content": "            try {"
      },
      {
        "lineNumber": 87,
        "author": {
          "gitId": "ZKathrynx"
        },
        "content": "                int tempTaskNo \u003d extractTaskNo(command);"
      },
      {
        "lineNumber": 88,
        "author": {
          "gitId": "ZKathrynx"
        },
        "content": "                new Command().markAsDone(toDoList,tempTaskNo);"
      },
      {
        "lineNumber": 89,
        "author": {
          "gitId": "ZKathrynx"
        },
        "content": "                save.updateTask(toDoList);"
      },
      {
        "lineNumber": 90,
        "author": {
          "gitId": "ZKathrynx"
        },
        "content": "            } catch (DukeException e){"
      },
      {
        "lineNumber": 91,
        "author": {
          "gitId": "ZKathrynx"
        },
        "content": "                e.printMessage();"
      },
      {
        "lineNumber": 92,
        "author": {
          "gitId": "ZKathrynx"
        },
        "content": "            }"
      },
      {
        "lineNumber": 93,
        "author": {
          "gitId": "ZKathrynx"
        },
        "content": "        } else if (command.matches(\"list(.*)\")) {"
      },
      {
        "lineNumber": 94,
        "author": {
          "gitId": "ZKathrynx"
        },
        "content": "            new Command().listOut(toDoList);"
      },
      {
        "lineNumber": 95,
        "author": {
          "gitId": "ZKathrynx"
        },
        "content": "        } else if (command.matches(\"todo(.*)\")) {"
      },
      {
        "lineNumber": 96,
        "author": {
          "gitId": "ZKathrynx"
        },
        "content": "            try {"
      },
      {
        "lineNumber": 97,
        "author": {
          "gitId": "ZKathrynx"
        },
        "content": "                String tempName \u003d extractTaskName(command);"
      },
      {
        "lineNumber": 98,
        "author": {
          "gitId": "ZKathrynx"
        },
        "content": "                new Command().addToDo(toDoList,tempName);"
      },
      {
        "lineNumber": 99,
        "author": {
          "gitId": "ZKathrynx"
        },
        "content": "                save.appendTask(toDoList.elementAt(toDoList.size()-1));"
      },
      {
        "lineNumber": 100,
        "author": {
          "gitId": "ZKathrynx"
        },
        "content": "            } catch (DukeException e){"
      },
      {
        "lineNumber": 101,
        "author": {
          "gitId": "ZKathrynx"
        },
        "content": "                e.printMessage();"
      },
      {
        "lineNumber": 102,
        "author": {
          "gitId": "ZKathrynx"
        },
        "content": "            }"
      },
      {
        "lineNumber": 103,
        "author": {
          "gitId": "ZKathrynx"
        },
        "content": "        } else if (command.matches(\"deadline(.*)\")) {"
      },
      {
        "lineNumber": 104,
        "author": {
          "gitId": "ZKathrynx"
        },
        "content": "            try {"
      },
      {
        "lineNumber": 105,
        "author": {
          "gitId": "ZKathrynx"
        },
        "content": "                String tempName \u003d extractTaskName(command);"
      },
      {
        "lineNumber": 106,
        "author": {
          "gitId": "ZKathrynx"
        },
        "content": "                Date tempDdl \u003d extractDdl(command);"
      },
      {
        "lineNumber": 107,
        "author": {
          "gitId": "ZKathrynx"
        },
        "content": "                new Command().addDeadline(toDoList,tempName,tempDdl);"
      },
      {
        "lineNumber": 108,
        "author": {
          "gitId": "ZKathrynx"
        },
        "content": "                save.appendTask(toDoList.elementAt(toDoList.size()-1));"
      },
      {
        "lineNumber": 109,
        "author": {
          "gitId": "ZKathrynx"
        },
        "content": "            } catch (DukeException e){"
      },
      {
        "lineNumber": 110,
        "author": {
          "gitId": "ZKathrynx"
        },
        "content": "                e.printMessage();"
      },
      {
        "lineNumber": 111,
        "author": {
          "gitId": "ZKathrynx"
        },
        "content": "            } catch (ParseException e) {"
      },
      {
        "lineNumber": 112,
        "author": {
          "gitId": "ZKathrynx"
        },
        "content": "                System.out.println(\"____________________________________________________________\");"
      },
      {
        "lineNumber": 113,
        "author": {
          "gitId": "ZKathrynx"
        },
        "content": "                System.out.println(\"OOPS! the format of date should be:yyyy.mm.dd hh.mm\");"
      },
      {
        "lineNumber": 114,
        "author": {
          "gitId": "ZKathrynx"
        },
        "content": "                System.out.println(\"____________________________________________________________\");"
      },
      {
        "lineNumber": 115,
        "author": {
          "gitId": "ZKathrynx"
        },
        "content": "            }"
      },
      {
        "lineNumber": 116,
        "author": {
          "gitId": "ZKathrynx"
        },
        "content": "        } else if (command.matches(\"event(.*)\")) {"
      },
      {
        "lineNumber": 117,
        "author": {
          "gitId": "ZKathrynx"
        },
        "content": "            try {"
      },
      {
        "lineNumber": 118,
        "author": {
          "gitId": "ZKathrynx"
        },
        "content": "                String tempName \u003d extractTaskName(command);"
      },
      {
        "lineNumber": 119,
        "author": {
          "gitId": "ZKathrynx"
        },
        "content": "                Date tempDate \u003d extractDate(command);"
      },
      {
        "lineNumber": 120,
        "author": {
          "gitId": "ZKathrynx"
        },
        "content": "                new Command().addEvent(toDoList,tempName,tempDate);"
      },
      {
        "lineNumber": 121,
        "author": {
          "gitId": "ZKathrynx"
        },
        "content": "                save.appendTask(toDoList.elementAt(toDoList.size()-1));"
      },
      {
        "lineNumber": 122,
        "author": {
          "gitId": "ZKathrynx"
        },
        "content": "            } catch (DukeException e){"
      },
      {
        "lineNumber": 123,
        "author": {
          "gitId": "ZKathrynx"
        },
        "content": "                e.printMessage();"
      },
      {
        "lineNumber": 124,
        "author": {
          "gitId": "ZKathrynx"
        },
        "content": "            } catch (ParseException e) {"
      },
      {
        "lineNumber": 125,
        "author": {
          "gitId": "ZKathrynx"
        },
        "content": "                System.out.println(\"____________________________________________________________\");"
      },
      {
        "lineNumber": 126,
        "author": {
          "gitId": "ZKathrynx"
        },
        "content": "                System.out.println(\"OOPS! the format of date should be:yyyy.mm.dd hh.mm\");"
      },
      {
        "lineNumber": 127,
        "author": {
          "gitId": "ZKathrynx"
        },
        "content": "                System.out.println(\"____________________________________________________________\");"
      },
      {
        "lineNumber": 128,
        "author": {
          "gitId": "ZKathrynx"
        },
        "content": "            }"
      },
      {
        "lineNumber": 129,
        "author": {
          "gitId": "ZKathrynx"
        },
        "content": "        } else if (command.matches(\"help(.*)\")) {"
      },
      {
        "lineNumber": 130,
        "author": {
          "gitId": "ZKathrynx"
        },
        "content": "            new Command().showHelp();"
      },
      {
        "lineNumber": 131,
        "author": {
          "gitId": "ZKathrynx"
        },
        "content": "        } else if (command.matches(\"delete(.*)\")) {"
      },
      {
        "lineNumber": 132,
        "author": {
          "gitId": "ZKathrynx"
        },
        "content": "            try {"
      },
      {
        "lineNumber": 133,
        "author": {
          "gitId": "ZKathrynx"
        },
        "content": "                int tempTaskNo \u003d extractTaskNo(command);"
      },
      {
        "lineNumber": 134,
        "author": {
          "gitId": "ZKathrynx"
        },
        "content": "                new Command().delete(toDoList,tempTaskNo);"
      },
      {
        "lineNumber": 135,
        "author": {
          "gitId": "ZKathrynx"
        },
        "content": "                save.updateTask(toDoList);"
      },
      {
        "lineNumber": 136,
        "author": {
          "gitId": "ZKathrynx"
        },
        "content": "            } catch (DukeException e){"
      },
      {
        "lineNumber": 137,
        "author": {
          "gitId": "ZKathrynx"
        },
        "content": "                e.printMessage();"
      },
      {
        "lineNumber": 138,
        "author": {
          "gitId": "ZKathrynx"
        },
        "content": "            }"
      },
      {
        "lineNumber": 139,
        "author": {
          "gitId": "ZKathrynx"
        },
        "content": "        } else if (command.matches(\"find(.*)\")) {"
      },
      {
        "lineNumber": 140,
        "author": {
          "gitId": "ZKathrynx"
        },
        "content": "            try {"
      },
      {
        "lineNumber": 141,
        "author": {
          "gitId": "ZKathrynx"
        },
        "content": "                String tempName \u003d extractTaskName(command);"
      },
      {
        "lineNumber": 142,
        "author": {
          "gitId": "ZKathrynx"
        },
        "content": "                new Command().find(toDoList,tempName);"
      },
      {
        "lineNumber": 143,
        "author": {
          "gitId": "ZKathrynx"
        },
        "content": "            } catch (DukeException e){"
      },
      {
        "lineNumber": 144,
        "author": {
          "gitId": "ZKathrynx"
        },
        "content": "                e.printMessage();"
      },
      {
        "lineNumber": 145,
        "author": {
          "gitId": "ZKathrynx"
        },
        "content": "            }"
      },
      {
        "lineNumber": 146,
        "author": {
          "gitId": "ZKathrynx"
        },
        "content": "        } else {"
      },
      {
        "lineNumber": 147,
        "author": {
          "gitId": "ZKathrynx"
        },
        "content": "            if (command.indexOf(\" \")\u003d\u003d-1) {"
      },
      {
        "lineNumber": 148,
        "author": {
          "gitId": "ZKathrynx"
        },
        "content": "                new Command().unknownCommand(command);"
      },
      {
        "lineNumber": 149,
        "author": {
          "gitId": "ZKathrynx"
        },
        "content": "            } else {"
      },
      {
        "lineNumber": 150,
        "author": {
          "gitId": "ZKathrynx"
        },
        "content": "                new Command().unknownCommand(command.substring(0,command.indexOf(\" \")));"
      },
      {
        "lineNumber": 151,
        "author": {
          "gitId": "ZKathrynx"
        },
        "content": "            }"
      },
      {
        "lineNumber": 152,
        "author": {
          "gitId": "ZKathrynx"
        },
        "content": "        }"
      },
      {
        "lineNumber": 153,
        "author": {
          "gitId": "ZKathrynx"
        },
        "content": "    }"
      },
      {
        "lineNumber": 154,
        "author": {
          "gitId": "ZKathrynx"
        },
        "content": "}"
      }
    ],
    "authorContributionMap": {
      "ZKathrynx": 154
    }
  },
  {
    "path": "src/main/test/TaskTest.java",
    "fileType": "java",
    "lines": [
      {
        "lineNumber": 1,
        "author": {
          "gitId": "ZKathrynx"
        },
        "content": "import org.junit.jupiter.api.Test;"
      },
      {
        "lineNumber": 2,
        "author": {
          "gitId": "ZKathrynx"
        },
        "content": ""
      },
      {
        "lineNumber": 3,
        "author": {
          "gitId": "ZKathrynx"
        },
        "content": "import static org.junit.jupiter.api.Assertions.*;"
      },
      {
        "lineNumber": 4,
        "author": {
          "gitId": "ZKathrynx"
        },
        "content": ""
      },
      {
        "lineNumber": 5,
        "author": {
          "gitId": "ZKathrynx"
        },
        "content": "/*class TaskTest {"
      },
      {
        "lineNumber": 6,
        "author": {
          "gitId": "ZKathrynx"
        },
        "content": ""
      },
      {
        "lineNumber": 7,
        "author": {
          "gitId": "ZKathrynx"
        },
        "content": "    @Test"
      },
      {
        "lineNumber": 8,
        "author": {
          "gitId": "ZKathrynx"
        },
        "content": "    void getTaskName() {"
      },
      {
        "lineNumber": 9,
        "author": {
          "gitId": "ZKathrynx"
        },
        "content": "        Task t \u003d new Task(\"test\");"
      },
      {
        "lineNumber": 10,
        "author": {
          "gitId": "ZKathrynx"
        },
        "content": "        assertEquals(t.getTaskName(),\"test\");"
      },
      {
        "lineNumber": 11,
        "author": {
          "gitId": "ZKathrynx"
        },
        "content": "    }"
      },
      {
        "lineNumber": 12,
        "author": {
          "gitId": "ZKathrynx"
        },
        "content": "}*/"
      }
    ],
    "authorContributionMap": {
      "ZKathrynx": 12
    }
  }
]
