[
  {
    "path": "src/main/java/Deadline.java",
    "fileType": "java",
    "lines": [
      {
        "lineNumber": 1,
        "author": {
          "gitId": "yueyuu"
        },
        "content": "import java.time.LocalDateTime;"
      },
      {
        "lineNumber": 2,
        "author": {
          "gitId": "yueyuu"
        },
        "content": "import java.time.format.DateTimeFormatter;"
      },
      {
        "lineNumber": 3,
        "author": {
          "gitId": "yueyuu"
        },
        "content": ""
      },
      {
        "lineNumber": 4,
        "author": {
          "gitId": "yueyuu"
        },
        "content": "public class Deadline extends Task {"
      },
      {
        "lineNumber": 5,
        "author": {
          "gitId": "yueyuu"
        },
        "content": "    protected LocalDateTime dueDate; //includes date and time"
      },
      {
        "lineNumber": 6,
        "author": {
          "gitId": "yueyuu"
        },
        "content": "    protected static DateTimeFormatter formatterD \u003d DateTimeFormatter.ofPattern(\"dd/MM/yy HH:mm\");//24h clock"
      },
      {
        "lineNumber": 7,
        "author": {
          "gitId": "yueyuu"
        },
        "content": ""
      },
      {
        "lineNumber": 8,
        "author": {
          "gitId": "yueyuu"
        },
        "content": "    public Deadline (String description, String dateTime) {"
      },
      {
        "lineNumber": 9,
        "author": {
          "gitId": "yueyuu"
        },
        "content": "        super(description);"
      },
      {
        "lineNumber": 10,
        "author": {
          "gitId": "yueyuu"
        },
        "content": "        this.dueDate \u003d LocalDateTime.parse(dateTime, formatterD);"
      },
      {
        "lineNumber": 11,
        "author": {
          "gitId": "yueyuu"
        },
        "content": "        this.identifier \u003d \"[D]\";"
      },
      {
        "lineNumber": 12,
        "author": {
          "gitId": "yueyuu"
        },
        "content": "    }"
      },
      {
        "lineNumber": 13,
        "author": {
          "gitId": "yueyuu"
        },
        "content": ""
      },
      {
        "lineNumber": 14,
        "author": {
          "gitId": "yueyuu"
        },
        "content": "    @Override"
      },
      {
        "lineNumber": 15,
        "author": {
          "gitId": "yueyuu"
        },
        "content": "    public String format() {"
      },
      {
        "lineNumber": 16,
        "author": {
          "gitId": "yueyuu"
        },
        "content": "        return (super.format() + \" (by: \" + formatterD.format(this.dueDate) + \")\");"
      },
      {
        "lineNumber": 17,
        "author": {
          "gitId": "yueyuu"
        },
        "content": "    }"
      },
      {
        "lineNumber": 18,
        "author": {
          "gitId": "yueyuu"
        },
        "content": "}"
      }
    ],
    "authorContributionMap": {
      "yueyuu": 18
    }
  },
  {
    "path": "src/main/java/Duke.java",
    "fileType": "java",
    "lines": [
      {
        "lineNumber": 1,
        "author": {
          "gitId": "yueyuu"
        },
        "content": "import java.io.IOException;"
      },
      {
        "lineNumber": 2,
        "author": {
          "gitId": "yueyuu"
        },
        "content": ""
      },
      {
        "lineNumber": 3,
        "author": {
          "gitId": "-"
        },
        "content": "public class Duke {"
      },
      {
        "lineNumber": 4,
        "author": {
          "gitId": "yueyuu"
        },
        "content": ""
      },
      {
        "lineNumber": 5,
        "author": {
          "gitId": "yueyuu"
        },
        "content": "    public static void main(String[] args) throws IOException {"
      },
      {
        "lineNumber": 6,
        "author": {
          "gitId": "yueyuu"
        },
        "content": "        Ui.startup();"
      },
      {
        "lineNumber": 7,
        "author": {
          "gitId": "yueyuu"
        },
        "content": "        TaskList list \u003d new TaskList();"
      },
      {
        "lineNumber": 8,
        "author": {
          "gitId": "yueyuu"
        },
        "content": "        Parser parser \u003d new Parser();"
      },
      {
        "lineNumber": 9,
        "author": {
          "gitId": "yueyuu"
        },
        "content": ""
      },
      {
        "lineNumber": 10,
        "author": {
          "gitId": "yueyuu"
        },
        "content": ""
      },
      {
        "lineNumber": 11,
        "author": {
          "gitId": "yueyuu"
        },
        "content": "        while (true) {"
      },
      {
        "lineNumber": 12,
        "author": {
          "gitId": "yueyuu"
        },
        "content": "            parser.readInput();"
      },
      {
        "lineNumber": 13,
        "author": {
          "gitId": "yueyuu"
        },
        "content": "            try {"
      },
      {
        "lineNumber": 14,
        "author": {
          "gitId": "yueyuu"
        },
        "content": "                parser.parse(list);"
      },
      {
        "lineNumber": 15,
        "author": {
          "gitId": "yueyuu"
        },
        "content": "                } catch (ArrayIndexOutOfBoundsException e) {"
      },
      {
        "lineNumber": 16,
        "author": {
          "gitId": "yueyuu"
        },
        "content": "                    Ui.printEmptyDescription(parser.command);"
      },
      {
        "lineNumber": 17,
        "author": {
          "gitId": "yueyuu"
        },
        "content": "                }"
      },
      {
        "lineNumber": 18,
        "author": {
          "gitId": "yueyuu"
        },
        "content": "            }"
      },
      {
        "lineNumber": 19,
        "author": {
          "gitId": "-"
        },
        "content": "        }"
      },
      {
        "lineNumber": 20,
        "author": {
          "gitId": "-"
        },
        "content": "}"
      }
    ],
    "authorContributionMap": {
      "yueyuu": 17,
      "-": 3
    }
  },
  {
    "path": "src/main/java/Event.java",
    "fileType": "java",
    "lines": [
      {
        "lineNumber": 1,
        "author": {
          "gitId": "yueyuu"
        },
        "content": "import java.time.LocalDate;"
      },
      {
        "lineNumber": 2,
        "author": {
          "gitId": "yueyuu"
        },
        "content": "import java.time.LocalTime;"
      },
      {
        "lineNumber": 3,
        "author": {
          "gitId": "yueyuu"
        },
        "content": "import java.time.format.DateTimeFormatter;"
      },
      {
        "lineNumber": 4,
        "author": {
          "gitId": "yueyuu"
        },
        "content": ""
      },
      {
        "lineNumber": 5,
        "author": {
          "gitId": "yueyuu"
        },
        "content": "public class Event extends Task{"
      },
      {
        "lineNumber": 6,
        "author": {
          "gitId": "yueyuu"
        },
        "content": "    protected LocalDate date;"
      },
      {
        "lineNumber": 7,
        "author": {
          "gitId": "yueyuu"
        },
        "content": "    protected LocalTime start;"
      },
      {
        "lineNumber": 8,
        "author": {
          "gitId": "yueyuu"
        },
        "content": "    protected LocalTime end;"
      },
      {
        "lineNumber": 9,
        "author": {
          "gitId": "yueyuu"
        },
        "content": ""
      },
      {
        "lineNumber": 10,
        "author": {
          "gitId": "yueyuu"
        },
        "content": "    protected static DateTimeFormatter formatterED \u003d DateTimeFormatter.ofPattern(\"dd/MM/yy\");"
      },
      {
        "lineNumber": 11,
        "author": {
          "gitId": "yueyuu"
        },
        "content": "    protected static DateTimeFormatter formatterET \u003d DateTimeFormatter.ofPattern(\"HH:mm\");"
      },
      {
        "lineNumber": 12,
        "author": {
          "gitId": "yueyuu"
        },
        "content": ""
      },
      {
        "lineNumber": 13,
        "author": {
          "gitId": "yueyuu"
        },
        "content": "    public Event(String description, String period) {"
      },
      {
        "lineNumber": 14,
        "author": {
          "gitId": "yueyuu"
        },
        "content": "        super(description);"
      },
      {
        "lineNumber": 15,
        "author": {
          "gitId": "yueyuu"
        },
        "content": "        String[] dateTime \u003d period.split(\" \");"
      },
      {
        "lineNumber": 16,
        "author": {
          "gitId": "yueyuu"
        },
        "content": "        String[] time \u003d dateTime[1].split(\"-\");"
      },
      {
        "lineNumber": 17,
        "author": {
          "gitId": "yueyuu"
        },
        "content": "        this.date \u003d LocalDate.parse(dateTime[0], formatterED);"
      },
      {
        "lineNumber": 18,
        "author": {
          "gitId": "yueyuu"
        },
        "content": "        this.start \u003d LocalTime.parse(time[0]);"
      },
      {
        "lineNumber": 19,
        "author": {
          "gitId": "yueyuu"
        },
        "content": "        this.end \u003d LocalTime.parse(time[1]);"
      },
      {
        "lineNumber": 20,
        "author": {
          "gitId": "yueyuu"
        },
        "content": "        this.identifier \u003d \"[E]\";"
      },
      {
        "lineNumber": 21,
        "author": {
          "gitId": "yueyuu"
        },
        "content": "    }"
      },
      {
        "lineNumber": 22,
        "author": {
          "gitId": "yueyuu"
        },
        "content": ""
      },
      {
        "lineNumber": 23,
        "author": {
          "gitId": "yueyuu"
        },
        "content": "    @Override"
      },
      {
        "lineNumber": 24,
        "author": {
          "gitId": "yueyuu"
        },
        "content": "    public String format() {"
      },
      {
        "lineNumber": 25,
        "author": {
          "gitId": "yueyuu"
        },
        "content": "        return (super.format() + \" (at: \" + formatterED.format(this.date) + \" \" + this.start.format(formatterET)"
      },
      {
        "lineNumber": 26,
        "author": {
          "gitId": "yueyuu"
        },
        "content": "                + \"-\" + this.end.format(formatterET) + \")\");"
      },
      {
        "lineNumber": 27,
        "author": {
          "gitId": "yueyuu"
        },
        "content": "    }"
      },
      {
        "lineNumber": 28,
        "author": {
          "gitId": "yueyuu"
        },
        "content": "}"
      }
    ],
    "authorContributionMap": {
      "yueyuu": 28
    }
  },
  {
    "path": "src/main/java/Parser.java",
    "fileType": "java",
    "lines": [
      {
        "lineNumber": 1,
        "author": {
          "gitId": "yueyuu"
        },
        "content": "import java.io.IOException;"
      },
      {
        "lineNumber": 2,
        "author": {
          "gitId": "yueyuu"
        },
        "content": "import java.time.format.DateTimeParseException;"
      },
      {
        "lineNumber": 3,
        "author": {
          "gitId": "yueyuu"
        },
        "content": "import java.util.ArrayList;"
      },
      {
        "lineNumber": 4,
        "author": {
          "gitId": "yueyuu"
        },
        "content": "import java.util.Scanner;"
      },
      {
        "lineNumber": 5,
        "author": {
          "gitId": "yueyuu"
        },
        "content": ""
      },
      {
        "lineNumber": 6,
        "author": {
          "gitId": "yueyuu"
        },
        "content": "public class Parser {"
      },
      {
        "lineNumber": 7,
        "author": {
          "gitId": "yueyuu"
        },
        "content": "    //deals with making sense of the user command"
      },
      {
        "lineNumber": 8,
        "author": {
          "gitId": "yueyuu"
        },
        "content": "    protected String[] userInput;"
      },
      {
        "lineNumber": 9,
        "author": {
          "gitId": "yueyuu"
        },
        "content": "    protected String command;"
      },
      {
        "lineNumber": 10,
        "author": {
          "gitId": "yueyuu"
        },
        "content": "    protected Scanner in;"
      },
      {
        "lineNumber": 11,
        "author": {
          "gitId": "yueyuu"
        },
        "content": ""
      },
      {
        "lineNumber": 12,
        "author": {
          "gitId": "yueyuu"
        },
        "content": "    public Parser() {"
      },
      {
        "lineNumber": 13,
        "author": {
          "gitId": "yueyuu"
        },
        "content": "        this.in \u003d new Scanner(System.in); //setting up to read in input from user"
      },
      {
        "lineNumber": 14,
        "author": {
          "gitId": "yueyuu"
        },
        "content": "    }"
      },
      {
        "lineNumber": 15,
        "author": {
          "gitId": "yueyuu"
        },
        "content": ""
      },
      {
        "lineNumber": 16,
        "author": {
          "gitId": "yueyuu"
        },
        "content": "    public void readInput() {"
      },
      {
        "lineNumber": 17,
        "author": {
          "gitId": "yueyuu"
        },
        "content": "        String input \u003d in.nextLine().trim(); // read in input (the whole line)"
      },
      {
        "lineNumber": 18,
        "author": {
          "gitId": "yueyuu"
        },
        "content": "        userInput \u003d  input.split(\" \", 2); //extract out the command word"
      },
      {
        "lineNumber": 19,
        "author": {
          "gitId": "yueyuu"
        },
        "content": "        command \u003d userInput[0];"
      },
      {
        "lineNumber": 20,
        "author": {
          "gitId": "yueyuu"
        },
        "content": "    }"
      },
      {
        "lineNumber": 21,
        "author": {
          "gitId": "yueyuu"
        },
        "content": ""
      },
      {
        "lineNumber": 22,
        "author": {
          "gitId": "yueyuu"
        },
        "content": "    public void parse(TaskList list) throws IOException {"
      },
      {
        "lineNumber": 23,
        "author": {
          "gitId": "yueyuu"
        },
        "content": "        if (command.equals(\"\")) { //user enters nothing"
      },
      {
        "lineNumber": 24,
        "author": {
          "gitId": "yueyuu"
        },
        "content": "            Ui.printEnterSomething();"
      },
      {
        "lineNumber": 25,
        "author": {
          "gitId": "yueyuu"
        },
        "content": "        } else if (command.equals(\"bye\")) { //BYE"
      },
      {
        "lineNumber": 26,
        "author": {
          "gitId": "yueyuu"
        },
        "content": "            Ui.printBye();"
      },
      {
        "lineNumber": 27,
        "author": {
          "gitId": "yueyuu"
        },
        "content": "            System.exit(0);"
      },
      {
        "lineNumber": 28,
        "author": {
          "gitId": "yueyuu"
        },
        "content": "        } else if (command.equals(\"list\")) { //LIST"
      },
      {
        "lineNumber": 29,
        "author": {
          "gitId": "yueyuu"
        },
        "content": "            Ui.printList(list.userList.isEmpty(), list.userList);"
      },
      {
        "lineNumber": 30,
        "author": {
          "gitId": "yueyuu"
        },
        "content": "        } else if (command.equals(\"done\")) { //DONE"
      },
      {
        "lineNumber": 31,
        "author": {
          "gitId": "yueyuu"
        },
        "content": "            try {"
      },
      {
        "lineNumber": 32,
        "author": {
          "gitId": "yueyuu"
        },
        "content": "                int taskNum \u003d Integer.parseInt(userInput[1]) - 1; //if fail gives exception n"
      },
      {
        "lineNumber": 33,
        "author": {
          "gitId": "yueyuu"
        },
        "content": "                list.doneTask(taskNum);"
      },
      {
        "lineNumber": 34,
        "author": {
          "gitId": "yueyuu"
        },
        "content": "                Ui.printDone(list.userList, taskNum);"
      },
      {
        "lineNumber": 35,
        "author": {
          "gitId": "yueyuu"
        },
        "content": "            } catch (NumberFormatException | IOException n) {"
      },
      {
        "lineNumber": 36,
        "author": {
          "gitId": "yueyuu"
        },
        "content": "                System.out.println(\"The task number has to be in digits. :)\");"
      },
      {
        "lineNumber": 37,
        "author": {
          "gitId": "yueyuu"
        },
        "content": "            }"
      },
      {
        "lineNumber": 38,
        "author": {
          "gitId": "yueyuu"
        },
        "content": "        } else if (userInput[0].equals(\"delete\")) { //REMOVING TASK"
      },
      {
        "lineNumber": 39,
        "author": {
          "gitId": "yueyuu"
        },
        "content": "            try {"
      },
      {
        "lineNumber": 40,
        "author": {
          "gitId": "yueyuu"
        },
        "content": "                int taskNum \u003d Integer.parseInt(userInput[1])-1;"
      },
      {
        "lineNumber": 41,
        "author": {
          "gitId": "yueyuu"
        },
        "content": "                Ui.printDelete(list.userList, taskNum);"
      },
      {
        "lineNumber": 42,
        "author": {
          "gitId": "yueyuu"
        },
        "content": "                list.deleteTask(taskNum);"
      },
      {
        "lineNumber": 43,
        "author": {
          "gitId": "yueyuu"
        },
        "content": "            } catch (NumberFormatException | IOException f) {"
      },
      {
        "lineNumber": 44,
        "author": {
          "gitId": "yueyuu"
        },
        "content": "                System.out.println(\"The task number has to be in digits. :)\");"
      },
      {
        "lineNumber": 45,
        "author": {
          "gitId": "yueyuu"
        },
        "content": "            }"
      },
      {
        "lineNumber": 46,
        "author": {
          "gitId": "yueyuu"
        },
        "content": "        } else if (userInput[0].equals(\"find\")) { //FINDING TASK: search for keyword"
      },
      {
        "lineNumber": 47,
        "author": {
          "gitId": "yueyuu"
        },
        "content": "            String keyword \u003d userInput[1];"
      },
      {
        "lineNumber": 48,
        "author": {
          "gitId": "yueyuu"
        },
        "content": "            ArrayList\u003cTask\u003e match \u003d new ArrayList\u003cTask\u003e(); //to store task that contains the keyword"
      },
      {
        "lineNumber": 49,
        "author": {
          "gitId": "yueyuu"
        },
        "content": "            list.findTask(match, keyword);"
      },
      {
        "lineNumber": 50,
        "author": {
          "gitId": "yueyuu"
        },
        "content": "            Ui.printFind(match);"
      },
      {
        "lineNumber": 51,
        "author": {
          "gitId": "yueyuu"
        },
        "content": "        } else if (userInput[0].equals(\"todo\")) {"
      },
      {
        "lineNumber": 52,
        "author": {
          "gitId": "yueyuu"
        },
        "content": "            Task t \u003d new Task(userInput[1]);"
      },
      {
        "lineNumber": 53,
        "author": {
          "gitId": "yueyuu"
        },
        "content": "            list.addTask(t);"
      },
      {
        "lineNumber": 54,
        "author": {
          "gitId": "yueyuu"
        },
        "content": "        } else if (userInput[0].equals(\"deadline\")) {"
      },
      {
        "lineNumber": 55,
        "author": {
          "gitId": "yueyuu"
        },
        "content": "            String[] deadline \u003d userInput[1].split(\" /by \", 2);"
      },
      {
        "lineNumber": 56,
        "author": {
          "gitId": "yueyuu"
        },
        "content": "            try {"
      },
      {
        "lineNumber": 57,
        "author": {
          "gitId": "yueyuu"
        },
        "content": "                Task t \u003d new Deadline(deadline[0], deadline[1]);"
      },
      {
        "lineNumber": 58,
        "author": {
          "gitId": "yueyuu"
        },
        "content": "                list.addTask(t);"
      },
      {
        "lineNumber": 59,
        "author": {
          "gitId": "yueyuu"
        },
        "content": "            }  catch (DateTimeParseException | ArrayIndexOutOfBoundsException e) {"
      },
      {
        "lineNumber": 60,
        "author": {
          "gitId": "yueyuu"
        },
        "content": "                Ui.printDeadlineError();"
      },
      {
        "lineNumber": 61,
        "author": {
          "gitId": "yueyuu"
        },
        "content": "            }"
      },
      {
        "lineNumber": 62,
        "author": {
          "gitId": "yueyuu"
        },
        "content": "        } else if (userInput[0].equals(\"event\")) {"
      },
      {
        "lineNumber": 63,
        "author": {
          "gitId": "yueyuu"
        },
        "content": "            String[] event \u003d userInput[1].split(\" /at \", 2);"
      },
      {
        "lineNumber": 64,
        "author": {
          "gitId": "yueyuu"
        },
        "content": "            try {"
      },
      {
        "lineNumber": 65,
        "author": {
          "gitId": "yueyuu"
        },
        "content": "                Task t \u003d new Event(event[0], event[1]);"
      },
      {
        "lineNumber": 66,
        "author": {
          "gitId": "yueyuu"
        },
        "content": "                list.addTask(t);"
      },
      {
        "lineNumber": 67,
        "author": {
          "gitId": "yueyuu"
        },
        "content": "            } catch (DateTimeParseException | ArrayIndexOutOfBoundsException ex) {"
      },
      {
        "lineNumber": 68,
        "author": {
          "gitId": "yueyuu"
        },
        "content": "                Ui.printEventError();"
      },
      {
        "lineNumber": 69,
        "author": {
          "gitId": "yueyuu"
        },
        "content": "            }"
      },
      {
        "lineNumber": 70,
        "author": {
          "gitId": "yueyuu"
        },
        "content": "        } else {"
      },
      {
        "lineNumber": 71,
        "author": {
          "gitId": "yueyuu"
        },
        "content": "            Ui.printDono();"
      },
      {
        "lineNumber": 72,
        "author": {
          "gitId": "yueyuu"
        },
        "content": "        }"
      },
      {
        "lineNumber": 73,
        "author": {
          "gitId": "yueyuu"
        },
        "content": "    }"
      },
      {
        "lineNumber": 74,
        "author": {
          "gitId": "yueyuu"
        },
        "content": "}"
      }
    ],
    "authorContributionMap": {
      "yueyuu": 74
    }
  },
  {
    "path": "src/main/java/Storage.java",
    "fileType": "java",
    "lines": [
      {
        "lineNumber": 1,
        "author": {
          "gitId": "yueyuu"
        },
        "content": "import java.io.File;"
      },
      {
        "lineNumber": 2,
        "author": {
          "gitId": "yueyuu"
        },
        "content": "import java.io.FileNotFoundException;"
      },
      {
        "lineNumber": 3,
        "author": {
          "gitId": "yueyuu"
        },
        "content": "import java.io.FileWriter;"
      },
      {
        "lineNumber": 4,
        "author": {
          "gitId": "yueyuu"
        },
        "content": "import java.io.IOException;"
      },
      {
        "lineNumber": 5,
        "author": {
          "gitId": "yueyuu"
        },
        "content": "import java.util.ArrayList;"
      },
      {
        "lineNumber": 6,
        "author": {
          "gitId": "yueyuu"
        },
        "content": "import java.util.Scanner;"
      },
      {
        "lineNumber": 7,
        "author": {
          "gitId": "yueyuu"
        },
        "content": ""
      },
      {
        "lineNumber": 8,
        "author": {
          "gitId": "yueyuu"
        },
        "content": "public class Storage {"
      },
      {
        "lineNumber": 9,
        "author": {
          "gitId": "yueyuu"
        },
        "content": "    public static void writeToFile (Task task) throws IOException {"
      },
      {
        "lineNumber": 10,
        "author": {
          "gitId": "yueyuu"
        },
        "content": "        FileWriter file \u003d new FileWriter(\"C:\\\\Users\\\\yy2\\\\Documents\\\\CS2113Tproject\\\\duke\\\\src\\\\main\\\\java\\\\Data.txt\", true); //curr working dir is duke"
      },
      {
        "lineNumber": 11,
        "author": {
          "gitId": "yueyuu"
        },
        "content": "        file.write(task.identifier + \u0027;\u0027);"
      },
      {
        "lineNumber": 12,
        "author": {
          "gitId": "yueyuu"
        },
        "content": "        file.write(Boolean.toString(task.isDone) + \u0027;\u0027);"
      },
      {
        "lineNumber": 13,
        "author": {
          "gitId": "yueyuu"
        },
        "content": "        file.write(task.description + \u0027;\u0027);"
      },
      {
        "lineNumber": 14,
        "author": {
          "gitId": "yueyuu"
        },
        "content": "        if (task.identifier.equals(\"[D]\")) {"
      },
      {
        "lineNumber": 15,
        "author": {
          "gitId": "yueyuu"
        },
        "content": "            file.write(Deadline.formatterD.format(((Deadline)task).dueDate) + \u0027;\u0027);"
      },
      {
        "lineNumber": 16,
        "author": {
          "gitId": "yueyuu"
        },
        "content": "            //write the date and time as a string to the file"
      },
      {
        "lineNumber": 17,
        "author": {
          "gitId": "yueyuu"
        },
        "content": "        } else if (task.identifier.equals(\"[E]\")) {"
      },
      {
        "lineNumber": 18,
        "author": {
          "gitId": "yueyuu"
        },
        "content": "            file.write(Event.formatterED.format(((Event)task).date) + \u0027 \u0027);"
      },
      {
        "lineNumber": 19,
        "author": {
          "gitId": "yueyuu"
        },
        "content": "            file.write(Event.formatterET.format(((Event)task).start) + \u0027-\u0027);"
      },
      {
        "lineNumber": 20,
        "author": {
          "gitId": "yueyuu"
        },
        "content": "            file.write(Event.formatterET.format(((Event)task).end) + \u0027;\u0027);"
      },
      {
        "lineNumber": 21,
        "author": {
          "gitId": "yueyuu"
        },
        "content": "        }"
      },
      {
        "lineNumber": 22,
        "author": {
          "gitId": "yueyuu"
        },
        "content": "        file.close();"
      },
      {
        "lineNumber": 23,
        "author": {
          "gitId": "yueyuu"
        },
        "content": "    }"
      },
      {
        "lineNumber": 24,
        "author": {
          "gitId": "yueyuu"
        },
        "content": ""
      },
      {
        "lineNumber": 25,
        "author": {
          "gitId": "yueyuu"
        },
        "content": "    public static void overrideFile (ArrayList\u003cTask\u003e list) throws IOException {"
      },
      {
        "lineNumber": 26,
        "author": {
          "gitId": "yueyuu"
        },
        "content": "        FileWriter file \u003d new FileWriter(\"C:\\\\Users\\\\yy2\\\\Documents\\\\CS2113Tproject\\\\duke\\\\src\\\\main\\\\java\\\\Data.txt\");"
      },
      {
        "lineNumber": 27,
        "author": {
          "gitId": "yueyuu"
        },
        "content": "        file.write(\"\"); // to clear the file"
      },
      {
        "lineNumber": 28,
        "author": {
          "gitId": "yueyuu"
        },
        "content": "        file.close();"
      },
      {
        "lineNumber": 29,
        "author": {
          "gitId": "yueyuu"
        },
        "content": "        for (Task l : list) {"
      },
      {
        "lineNumber": 30,
        "author": {
          "gitId": "yueyuu"
        },
        "content": "            writeToFile(l);"
      },
      {
        "lineNumber": 31,
        "author": {
          "gitId": "yueyuu"
        },
        "content": "        }"
      },
      {
        "lineNumber": 32,
        "author": {
          "gitId": "yueyuu"
        },
        "content": "    }"
      },
      {
        "lineNumber": 33,
        "author": {
          "gitId": "yueyuu"
        },
        "content": ""
      },
      {
        "lineNumber": 34,
        "author": {
          "gitId": "yueyuu"
        },
        "content": "    public static void readFromFile (ArrayList\u003cTask\u003e list) throws FileNotFoundException {"
      },
      {
        "lineNumber": 35,
        "author": {
          "gitId": "yueyuu"
        },
        "content": "        File data \u003d new File(\"C:\\\\Users\\\\yy2\\\\Documents\\\\CS2113Tproject\\\\duke\\\\src\\\\main\\\\java\\\\Data.txt\");"
      },
      {
        "lineNumber": 36,
        "author": {
          "gitId": "yueyuu"
        },
        "content": "        Scanner s \u003d new Scanner(data);"
      },
      {
        "lineNumber": 37,
        "author": {
          "gitId": "yueyuu"
        },
        "content": "        s.useDelimiter(\";\");"
      },
      {
        "lineNumber": 38,
        "author": {
          "gitId": "yueyuu"
        },
        "content": "        while (s.hasNext()) {"
      },
      {
        "lineNumber": 39,
        "author": {
          "gitId": "yueyuu"
        },
        "content": "            String id \u003d s.next();"
      },
      {
        "lineNumber": 40,
        "author": {
          "gitId": "yueyuu"
        },
        "content": "            String done \u003d s.next();"
      },
      {
        "lineNumber": 41,
        "author": {
          "gitId": "yueyuu"
        },
        "content": "            String des \u003d s.next();"
      },
      {
        "lineNumber": 42,
        "author": {
          "gitId": "yueyuu"
        },
        "content": "            Task t;"
      },
      {
        "lineNumber": 43,
        "author": {
          "gitId": "yueyuu"
        },
        "content": "            if (id.equals(\"[D]\")) {"
      },
      {
        "lineNumber": 44,
        "author": {
          "gitId": "yueyuu"
        },
        "content": "                String due \u003d s.next();"
      },
      {
        "lineNumber": 45,
        "author": {
          "gitId": "yueyuu"
        },
        "content": "                t \u003d new Deadline(des, due);"
      },
      {
        "lineNumber": 46,
        "author": {
          "gitId": "yueyuu"
        },
        "content": "                if (done.equals(\"true\")) {"
      },
      {
        "lineNumber": 47,
        "author": {
          "gitId": "yueyuu"
        },
        "content": "                    t.markAsDone();"
      },
      {
        "lineNumber": 48,
        "author": {
          "gitId": "yueyuu"
        },
        "content": "                }"
      },
      {
        "lineNumber": 49,
        "author": {
          "gitId": "yueyuu"
        },
        "content": "            } else if (id.equals(\"[E]\")) {"
      },
      {
        "lineNumber": 50,
        "author": {
          "gitId": "yueyuu"
        },
        "content": "                String due \u003d s.next();"
      },
      {
        "lineNumber": 51,
        "author": {
          "gitId": "yueyuu"
        },
        "content": "                t \u003d new Event(des, due);"
      },
      {
        "lineNumber": 52,
        "author": {
          "gitId": "yueyuu"
        },
        "content": "            } else {"
      },
      {
        "lineNumber": 53,
        "author": {
          "gitId": "yueyuu"
        },
        "content": "                t \u003d new Task(des);"
      },
      {
        "lineNumber": 54,
        "author": {
          "gitId": "yueyuu"
        },
        "content": "            }"
      },
      {
        "lineNumber": 55,
        "author": {
          "gitId": "yueyuu"
        },
        "content": "            if (done.equals(\"true\")) {"
      },
      {
        "lineNumber": 56,
        "author": {
          "gitId": "yueyuu"
        },
        "content": "                t.markAsDone();"
      },
      {
        "lineNumber": 57,
        "author": {
          "gitId": "yueyuu"
        },
        "content": "            }"
      },
      {
        "lineNumber": 58,
        "author": {
          "gitId": "yueyuu"
        },
        "content": "            list.add(t);"
      },
      {
        "lineNumber": 59,
        "author": {
          "gitId": "yueyuu"
        },
        "content": "        }"
      },
      {
        "lineNumber": 60,
        "author": {
          "gitId": "yueyuu"
        },
        "content": "    }"
      },
      {
        "lineNumber": 61,
        "author": {
          "gitId": "yueyuu"
        },
        "content": "}"
      }
    ],
    "authorContributionMap": {
      "yueyuu": 61
    }
  },
  {
    "path": "src/main/java/Task.java",
    "fileType": "java",
    "lines": [
      {
        "lineNumber": 1,
        "author": {
          "gitId": "yueyuu"
        },
        "content": "public class Task {"
      },
      {
        "lineNumber": 2,
        "author": {
          "gitId": "yueyuu"
        },
        "content": "    //same as ToDos"
      },
      {
        "lineNumber": 3,
        "author": {
          "gitId": "yueyuu"
        },
        "content": "    protected String description;"
      },
      {
        "lineNumber": 4,
        "author": {
          "gitId": "yueyuu"
        },
        "content": "    protected boolean isDone;"
      },
      {
        "lineNumber": 5,
        "author": {
          "gitId": "yueyuu"
        },
        "content": "    protected String identifier;"
      },
      {
        "lineNumber": 6,
        "author": {
          "gitId": "yueyuu"
        },
        "content": ""
      },
      {
        "lineNumber": 7,
        "author": {
          "gitId": "yueyuu"
        },
        "content": "    public Task(String description) {"
      },
      {
        "lineNumber": 8,
        "author": {
          "gitId": "yueyuu"
        },
        "content": "        this.description \u003d description;"
      },
      {
        "lineNumber": 9,
        "author": {
          "gitId": "yueyuu"
        },
        "content": "        this.isDone \u003d false;"
      },
      {
        "lineNumber": 10,
        "author": {
          "gitId": "yueyuu"
        },
        "content": "        this.identifier \u003d \"[T]\";"
      },
      {
        "lineNumber": 11,
        "author": {
          "gitId": "yueyuu"
        },
        "content": "    }"
      },
      {
        "lineNumber": 12,
        "author": {
          "gitId": "yueyuu"
        },
        "content": ""
      },
      {
        "lineNumber": 13,
        "author": {
          "gitId": "yueyuu"
        },
        "content": "    public String getStatusIcon() {"
      },
      {
        "lineNumber": 14,
        "author": {
          "gitId": "yueyuu"
        },
        "content": "        return (isDone ? \"\\u2713\" : \"\\u2718\"); //return tick or X symbols"
      },
      {
        "lineNumber": 15,
        "author": {
          "gitId": "yueyuu"
        },
        "content": "    }"
      },
      {
        "lineNumber": 16,
        "author": {
          "gitId": "yueyuu"
        },
        "content": ""
      },
      {
        "lineNumber": 17,
        "author": {
          "gitId": "yueyuu"
        },
        "content": "    public void markAsDone() {"
      },
      {
        "lineNumber": 18,
        "author": {
          "gitId": "yueyuu"
        },
        "content": "        this.isDone \u003d true;"
      },
      {
        "lineNumber": 19,
        "author": {
          "gitId": "yueyuu"
        },
        "content": "    }"
      },
      {
        "lineNumber": 20,
        "author": {
          "gitId": "yueyuu"
        },
        "content": ""
      },
      {
        "lineNumber": 21,
        "author": {
          "gitId": "yueyuu"
        },
        "content": "    public String format() {"
      },
      {
        "lineNumber": 22,
        "author": {
          "gitId": "yueyuu"
        },
        "content": "        return (this.identifier + \"[\" + this.getStatusIcon() + \"] \" + this.description);"
      },
      {
        "lineNumber": 23,
        "author": {
          "gitId": "yueyuu"
        },
        "content": "    }"
      },
      {
        "lineNumber": 24,
        "author": {
          "gitId": "yueyuu"
        },
        "content": "}"
      }
    ],
    "authorContributionMap": {
      "yueyuu": 24
    }
  },
  {
    "path": "src/main/java/TaskList.java",
    "fileType": "java",
    "lines": [
      {
        "lineNumber": 1,
        "author": {
          "gitId": "yueyuu"
        },
        "content": "import java.io.IOException;"
      },
      {
        "lineNumber": 2,
        "author": {
          "gitId": "yueyuu"
        },
        "content": "import java.util.ArrayList;"
      },
      {
        "lineNumber": 3,
        "author": {
          "gitId": "yueyuu"
        },
        "content": ""
      },
      {
        "lineNumber": 4,
        "author": {
          "gitId": "yueyuu"
        },
        "content": "public class TaskList {"
      },
      {
        "lineNumber": 5,
        "author": {
          "gitId": "yueyuu"
        },
        "content": "    protected ArrayList\u003cTask\u003e userList \u003d new ArrayList\u003cTask\u003e(); //array to store userinputs: ArrayList is similar to vectors in c++"
      },
      {
        "lineNumber": 6,
        "author": {
          "gitId": "yueyuu"
        },
        "content": ""
      },
      {
        "lineNumber": 7,
        "author": {
          "gitId": "yueyuu"
        },
        "content": "    public TaskList() throws IOException {"
      },
      {
        "lineNumber": 8,
        "author": {
          "gitId": "yueyuu"
        },
        "content": "            Storage.readFromFile(userList);"
      },
      {
        "lineNumber": 9,
        "author": {
          "gitId": "yueyuu"
        },
        "content": "    }"
      },
      {
        "lineNumber": 10,
        "author": {
          "gitId": "yueyuu"
        },
        "content": ""
      },
      {
        "lineNumber": 11,
        "author": {
          "gitId": "yueyuu"
        },
        "content": "    public void deleteTask(int taskNum) throws IOException {"
      },
      {
        "lineNumber": 12,
        "author": {
          "gitId": "yueyuu"
        },
        "content": "        userList.remove(taskNum);"
      },
      {
        "lineNumber": 13,
        "author": {
          "gitId": "yueyuu"
        },
        "content": "        Storage.overrideFile(userList);"
      },
      {
        "lineNumber": 14,
        "author": {
          "gitId": "yueyuu"
        },
        "content": "    }"
      },
      {
        "lineNumber": 15,
        "author": {
          "gitId": "yueyuu"
        },
        "content": ""
      },
      {
        "lineNumber": 16,
        "author": {
          "gitId": "yueyuu"
        },
        "content": "    public void doneTask(int taskNum) throws IOException {"
      },
      {
        "lineNumber": 17,
        "author": {
          "gitId": "yueyuu"
        },
        "content": "        userList.get(taskNum).markAsDone();"
      },
      {
        "lineNumber": 18,
        "author": {
          "gitId": "yueyuu"
        },
        "content": "        Storage.overrideFile(userList);"
      },
      {
        "lineNumber": 19,
        "author": {
          "gitId": "yueyuu"
        },
        "content": "    }"
      },
      {
        "lineNumber": 20,
        "author": {
          "gitId": "yueyuu"
        },
        "content": ""
      },
      {
        "lineNumber": 21,
        "author": {
          "gitId": "yueyuu"
        },
        "content": "    public void findTask(ArrayList\u003cTask\u003e match, String keyword) {"
      },
      {
        "lineNumber": 22,
        "author": {
          "gitId": "yueyuu"
        },
        "content": "        for (Task task : userList) {"
      },
      {
        "lineNumber": 23,
        "author": {
          "gitId": "yueyuu"
        },
        "content": "            if (task.description.contains(keyword)) {"
      },
      {
        "lineNumber": 24,
        "author": {
          "gitId": "yueyuu"
        },
        "content": "                match.add(task);"
      },
      {
        "lineNumber": 25,
        "author": {
          "gitId": "yueyuu"
        },
        "content": "            }"
      },
      {
        "lineNumber": 26,
        "author": {
          "gitId": "yueyuu"
        },
        "content": "        }"
      },
      {
        "lineNumber": 27,
        "author": {
          "gitId": "yueyuu"
        },
        "content": "    }"
      },
      {
        "lineNumber": 28,
        "author": {
          "gitId": "yueyuu"
        },
        "content": ""
      },
      {
        "lineNumber": 29,
        "author": {
          "gitId": "yueyuu"
        },
        "content": "    public void addTask (Task t) throws IOException {"
      },
      {
        "lineNumber": 30,
        "author": {
          "gitId": "yueyuu"
        },
        "content": "        userList.add(t); //add input into the arraylist"
      },
      {
        "lineNumber": 31,
        "author": {
          "gitId": "yueyuu"
        },
        "content": "        Storage.writeToFile(t);"
      },
      {
        "lineNumber": 32,
        "author": {
          "gitId": "yueyuu"
        },
        "content": "        Ui.printAdd(t, userList.size());"
      },
      {
        "lineNumber": 33,
        "author": {
          "gitId": "yueyuu"
        },
        "content": "    }"
      },
      {
        "lineNumber": 34,
        "author": {
          "gitId": "yueyuu"
        },
        "content": "}"
      }
    ],
    "authorContributionMap": {
      "yueyuu": 34
    }
  },
  {
    "path": "src/main/java/Ui.java",
    "fileType": "java",
    "lines": [
      {
        "lineNumber": 1,
        "author": {
          "gitId": "yueyuu"
        },
        "content": "import java.util.ArrayList;"
      },
      {
        "lineNumber": 2,
        "author": {
          "gitId": "yueyuu"
        },
        "content": ""
      },
      {
        "lineNumber": 3,
        "author": {
          "gitId": "yueyuu"
        },
        "content": "public class Ui {"
      },
      {
        "lineNumber": 4,
        "author": {
          "gitId": "yueyuu"
        },
        "content": "    public static void startup() {"
      },
      {
        "lineNumber": 5,
        "author": {
          "gitId": "yueyuu"
        },
        "content": "        String logo \u003d \" ____        _        \\n\""
      },
      {
        "lineNumber": 6,
        "author": {
          "gitId": "yueyuu"
        },
        "content": "                + \"|  _ \\\\ _   _| | _____ \\n\""
      },
      {
        "lineNumber": 7,
        "author": {
          "gitId": "yueyuu"
        },
        "content": "                + \"| | | | | | | |/ / _ \\\\\\n\""
      },
      {
        "lineNumber": 8,
        "author": {
          "gitId": "yueyuu"
        },
        "content": "                + \"| |_| | |_| |   \u003c  __/\\n\""
      },
      {
        "lineNumber": 9,
        "author": {
          "gitId": "yueyuu"
        },
        "content": "                + \"|____/ \\\\__,_|_|\\\\_\\\\___|\\n\";"
      },
      {
        "lineNumber": 10,
        "author": {
          "gitId": "yueyuu"
        },
        "content": "        System.out.println(\"Hello from\\n\" + logo); //start up logo"
      },
      {
        "lineNumber": 11,
        "author": {
          "gitId": "yueyuu"
        },
        "content": "        System.out.println(\"Hello! I\u0027m Duke\\n\" + \"What can I do for you?\\n\"); //initial greeting"
      },
      {
        "lineNumber": 12,
        "author": {
          "gitId": "yueyuu"
        },
        "content": "        System.out.println(\"-Note for date and time format-\");"
      },
      {
        "lineNumber": 13,
        "author": {
          "gitId": "yueyuu"
        },
        "content": "        System.out.println(\"\\tDeadlines: dd/mm/yy hh:mm\");"
      },
      {
        "lineNumber": 14,
        "author": {
          "gitId": "yueyuu"
        },
        "content": "        System.out.println(\"\\tEvents: dd/mm/yy hh:mm-hh:mm\\n\");"
      },
      {
        "lineNumber": 15,
        "author": {
          "gitId": "yueyuu"
        },
        "content": "    }"
      },
      {
        "lineNumber": 16,
        "author": {
          "gitId": "yueyuu"
        },
        "content": ""
      },
      {
        "lineNumber": 17,
        "author": {
          "gitId": "yueyuu"
        },
        "content": "    public static void printDelete(ArrayList\u003cTask\u003e userList, int taskNum) {"
      },
      {
        "lineNumber": 18,
        "author": {
          "gitId": "yueyuu"
        },
        "content": "        System.out.println(\"Noted. I\u0027ve removed this task: \");"
      },
      {
        "lineNumber": 19,
        "author": {
          "gitId": "yueyuu"
        },
        "content": "        System.out.println(\" \" + userList.get(taskNum).format());"
      },
      {
        "lineNumber": 20,
        "author": {
          "gitId": "yueyuu"
        },
        "content": "        System.out.printf(\"Now you have %d tasks in the list.\\n\", userList.size()-1);"
      },
      {
        "lineNumber": 21,
        "author": {
          "gitId": "yueyuu"
        },
        "content": "    }"
      },
      {
        "lineNumber": 22,
        "author": {
          "gitId": "yueyuu"
        },
        "content": ""
      },
      {
        "lineNumber": 23,
        "author": {
          "gitId": "yueyuu"
        },
        "content": "    public static void printBye() {"
      },
      {
        "lineNumber": 24,
        "author": {
          "gitId": "yueyuu"
        },
        "content": "        System.out.println(\"Bye! Hope to see you again soon!\");"
      },
      {
        "lineNumber": 25,
        "author": {
          "gitId": "yueyuu"
        },
        "content": "    }"
      },
      {
        "lineNumber": 26,
        "author": {
          "gitId": "yueyuu"
        },
        "content": ""
      },
      {
        "lineNumber": 27,
        "author": {
          "gitId": "yueyuu"
        },
        "content": "    public static void printList (boolean b, ArrayList\u003cTask\u003e userList) {"
      },
      {
        "lineNumber": 28,
        "author": {
          "gitId": "yueyuu"
        },
        "content": "        if (b) {"
      },
      {
        "lineNumber": 29,
        "author": {
          "gitId": "yueyuu"
        },
        "content": "            System.out.println(\"Congrats! You have no tasks! :D\");"
      },
      {
        "lineNumber": 30,
        "author": {
          "gitId": "yueyuu"
        },
        "content": "        } else {"
      },
      {
        "lineNumber": 31,
        "author": {
          "gitId": "yueyuu"
        },
        "content": "            System.out.println(\"Here are the tasks in your list:\");"
      },
      {
        "lineNumber": 32,
        "author": {
          "gitId": "yueyuu"
        },
        "content": "            for (int i \u003d 0; i \u003c userList.size(); i++) {"
      },
      {
        "lineNumber": 33,
        "author": {
          "gitId": "yueyuu"
        },
        "content": "                System.out.println(\"\\t\" + (i+1) + \".\" + userList.get(i).format());"
      },
      {
        "lineNumber": 34,
        "author": {
          "gitId": "yueyuu"
        },
        "content": "            }"
      },
      {
        "lineNumber": 35,
        "author": {
          "gitId": "yueyuu"
        },
        "content": "        }"
      },
      {
        "lineNumber": 36,
        "author": {
          "gitId": "yueyuu"
        },
        "content": "    }"
      },
      {
        "lineNumber": 37,
        "author": {
          "gitId": "yueyuu"
        },
        "content": ""
      },
      {
        "lineNumber": 38,
        "author": {
          "gitId": "yueyuu"
        },
        "content": "    public static void printDone (ArrayList\u003cTask\u003e userList, int taskNum) {"
      },
      {
        "lineNumber": 39,
        "author": {
          "gitId": "yueyuu"
        },
        "content": "        System.out.println(\"Nice! I\u0027ve marked this task as done:\");"
      },
      {
        "lineNumber": 40,
        "author": {
          "gitId": "yueyuu"
        },
        "content": "        System.out.println(\"\\t\" + userList.get(taskNum).format());"
      },
      {
        "lineNumber": 41,
        "author": {
          "gitId": "yueyuu"
        },
        "content": "    }"
      },
      {
        "lineNumber": 42,
        "author": {
          "gitId": "yueyuu"
        },
        "content": ""
      },
      {
        "lineNumber": 43,
        "author": {
          "gitId": "yueyuu"
        },
        "content": "    public static void printFind (ArrayList\u003cTask\u003e list) {"
      },
      {
        "lineNumber": 44,
        "author": {
          "gitId": "yueyuu"
        },
        "content": "        if (list.isEmpty()) {"
      },
      {
        "lineNumber": 45,
        "author": {
          "gitId": "yueyuu"
        },
        "content": "            System.out.println(\"There are no matching tasks. :-(\");"
      },
      {
        "lineNumber": 46,
        "author": {
          "gitId": "yueyuu"
        },
        "content": "        } else {"
      },
      {
        "lineNumber": 47,
        "author": {
          "gitId": "yueyuu"
        },
        "content": "            System.out.println(\"Here are the matching tasks in your list:\");"
      },
      {
        "lineNumber": 48,
        "author": {
          "gitId": "yueyuu"
        },
        "content": "            for (int j \u003d 0; j \u003c list.size(); j++) {"
      },
      {
        "lineNumber": 49,
        "author": {
          "gitId": "yueyuu"
        },
        "content": "                System.out.println(\"\\t\" + (j+1) + \".\" + list.get(j).format());"
      },
      {
        "lineNumber": 50,
        "author": {
          "gitId": "yueyuu"
        },
        "content": "            }"
      },
      {
        "lineNumber": 51,
        "author": {
          "gitId": "yueyuu"
        },
        "content": "        }"
      },
      {
        "lineNumber": 52,
        "author": {
          "gitId": "yueyuu"
        },
        "content": "    }"
      },
      {
        "lineNumber": 53,
        "author": {
          "gitId": "yueyuu"
        },
        "content": ""
      },
      {
        "lineNumber": 54,
        "author": {
          "gitId": "yueyuu"
        },
        "content": "    public static void printAdd (Task t, int size) {"
      },
      {
        "lineNumber": 55,
        "author": {
          "gitId": "yueyuu"
        },
        "content": "        System.out.println(\"Got it. I\u0027ve added this task: \");"
      },
      {
        "lineNumber": 56,
        "author": {
          "gitId": "yueyuu"
        },
        "content": "        System.out.println(\" \" + t.format());"
      },
      {
        "lineNumber": 57,
        "author": {
          "gitId": "yueyuu"
        },
        "content": "        System.out.printf(\"Now you have %d tasks in the list.\\n\", size);"
      },
      {
        "lineNumber": 58,
        "author": {
          "gitId": "yueyuu"
        },
        "content": "    }"
      },
      {
        "lineNumber": 59,
        "author": {
          "gitId": "yueyuu"
        },
        "content": ""
      },
      {
        "lineNumber": 60,
        "author": {
          "gitId": "yueyuu"
        },
        "content": "    public static void printDeadlineError() {"
      },
      {
        "lineNumber": 61,
        "author": {
          "gitId": "yueyuu"
        },
        "content": "        System.out.println(\"Please input the date and time(24h format) in the format \\\u0027dd/mm/yy hh:mm\\\u0027\");"
      },
      {
        "lineNumber": 62,
        "author": {
          "gitId": "yueyuu"
        },
        "content": "    }"
      },
      {
        "lineNumber": 63,
        "author": {
          "gitId": "yueyuu"
        },
        "content": ""
      },
      {
        "lineNumber": 64,
        "author": {
          "gitId": "yueyuu"
        },
        "content": "    public static void printEventError() {"
      },
      {
        "lineNumber": 65,
        "author": {
          "gitId": "yueyuu"
        },
        "content": "        System.out.println(\"Please input the date and time(24h format) in the format \\\u0027dd/mm/yy hh:mm-hh:mm\\\u0027\");"
      },
      {
        "lineNumber": 66,
        "author": {
          "gitId": "yueyuu"
        },
        "content": "    }"
      },
      {
        "lineNumber": 67,
        "author": {
          "gitId": "yueyuu"
        },
        "content": ""
      },
      {
        "lineNumber": 68,
        "author": {
          "gitId": "yueyuu"
        },
        "content": "    public static void printDono() {"
      },
      {
        "lineNumber": 69,
        "author": {
          "gitId": "yueyuu"
        },
        "content": "        System.out.println(\"☹ OOPS!!! I\u0027m sorry, but I don\u0027t know what that means :-(\");"
      },
      {
        "lineNumber": 70,
        "author": {
          "gitId": "yueyuu"
        },
        "content": "    }"
      },
      {
        "lineNumber": 71,
        "author": {
          "gitId": "yueyuu"
        },
        "content": ""
      },
      {
        "lineNumber": 72,
        "author": {
          "gitId": "yueyuu"
        },
        "content": "    public static void printEmptyDescription(String s) {"
      },
      {
        "lineNumber": 73,
        "author": {
          "gitId": "yueyuu"
        },
        "content": "        System.out.printf(\"☹ OOPS!!! The description of a %s cannot be empty.\\n\", s);"
      },
      {
        "lineNumber": 74,
        "author": {
          "gitId": "yueyuu"
        },
        "content": "    }"
      },
      {
        "lineNumber": 75,
        "author": {
          "gitId": "yueyuu"
        },
        "content": ""
      },
      {
        "lineNumber": 76,
        "author": {
          "gitId": "yueyuu"
        },
        "content": "    public static void printEnterSomething() {"
      },
      {
        "lineNumber": 77,
        "author": {
          "gitId": "yueyuu"
        },
        "content": "        System.out.println(\"Please enter a command! :D\");"
      },
      {
        "lineNumber": 78,
        "author": {
          "gitId": "yueyuu"
        },
        "content": "    }"
      },
      {
        "lineNumber": 79,
        "author": {
          "gitId": "yueyuu"
        },
        "content": "}"
      }
    ],
    "authorContributionMap": {
      "yueyuu": 79
    }
  }
]
