{
  "authorDailyContributionsMap": {
    "chenyuheng": [
      {
        "insertions": 108,
        "deletions": 26,
        "date": "2019-08-27",
        "commitResults": [
          {
            "hash": "f872380ed9b24506d592b1ce189c15388c75c94e",
            "messageTitle": "A-Gradle",
            "messageBody": "",
            "insertions": 4,
            "deletions": 0
          },
          {
            "hash": "7c89bda56625188148a09a2d9e13e4d8c2e04ed7",
            "messageTitle": "A-Gradle",
            "messageBody": "",
            "insertions": 27,
            "deletions": 4
          },
          {
            "hash": "23e7e864667296fed522ce953af8942ac29bbad5",
            "messageTitle": "Level-1",
            "messageBody": "",
            "insertions": 26,
            "deletions": 6
          },
          {
            "hash": "687608e6865317227682710bd2aa512d78ed3d9e",
            "messageTitle": "Level-2",
            "messageBody": "",
            "insertions": 12,
            "deletions": 2
          },
          {
            "hash": "cfec05940b9849d6daa2217487655a0f1a4e1338",
            "messageTitle": "A-Classes",
            "messageBody": "",
            "insertions": 4,
            "deletions": 0
          },
          {
            "hash": "7f46edfbe89bc37711b17801e72a9c42f43f3b9a",
            "messageTitle": "A-Classes",
            "messageBody": "",
            "insertions": 16,
            "deletions": 2
          },
          {
            "hash": "18f94531769adf0f4f42fd3e804f393582bf1b56",
            "messageTitle": "Level-3",
            "messageBody": "",
            "insertions": 9,
            "deletions": 6
          },
          {
            "hash": "dd37031047cecaf12f1f4503db045b7a3dd19731",
            "messageTitle": "fix small bugs",
            "messageBody": "",
            "insertions": 10,
            "deletions": 6
          }
        ]
      },
      {
        "insertions": 307,
        "deletions": 82,
        "date": "2019-08-28",
        "commitResults": [
          {
            "hash": "ffbafc058fae94b64927e03ff20f24140f6b1f74",
            "messageTitle": "A-Inheritance",
            "messageBody": "",
            "insertions": 31,
            "deletions": 0
          },
          {
            "hash": "faabe66f0ad35f9b52d07498aa1accc0aad315e0",
            "messageTitle": "Level-4: ToDo, Event, Deadline",
            "messageBody": "",
            "insertions": 19,
            "deletions": 10
          },
          {
            "hash": "4d65fed7b65414e75e958d60a13b5cbddb57e953",
            "messageTitle": "improved code quality",
            "messageBody": "",
            "insertions": 68,
            "deletions": 41
          },
          {
            "hash": "c574408a0a44336c3b3020bd6b98bd9c410e5cbd",
            "messageTitle": "add error handle",
            "messageBody": "",
            "insertions": 48,
            "deletions": 8
          },
          {
            "hash": "c65a80449affc30db45b330c453d3180a7ee2ecc",
            "messageTitle": "Level-7: Save",
            "messageBody": "",
            "insertions": 109,
            "deletions": 14
          },
          {
            "hash": "292f1dbff1c0202ec522aad09f856c29953a1cf1",
            "messageTitle": "Level 8. Dates and Times. Needs further improvement",
            "messageBody": "",
            "insertions": 32,
            "deletions": 9
          }
        ]
      },
      {
        "insertions": 442,
        "deletions": 185,
        "date": "2019-09-03",
        "commitResults": [
          {
            "hash": "1b488d97918569c710482c0ab32ceaa6955484fe",
            "messageTitle": "more OOP",
            "messageBody": "",
            "insertions": 359,
            "deletions": 183
          },
          {
            "hash": "5de95ccea77330749b46b556f24eaf84c4be7c5b",
            "messageTitle": "add delete ccommand",
            "messageBody": "",
            "insertions": 29,
            "deletions": 2
          },
          {
            "hash": "a97c42368978b314d09a3bcccf2a0eb78967075b",
            "messageTitle": "add find command",
            "messageBody": "",
            "insertions": 27,
            "deletions": 0
          },
          {
            "hash": "20839f18d7515a57ca43170c75d40d6d10975705",
            "messageTitle": "add find command",
            "messageBody": "",
            "insertions": 27,
            "deletions": 0
          }
        ]
      },
      {
        "insertions": 1,
        "deletions": 1,
        "date": "2019-09-04",
        "commitResults": [
          {
            "hash": "cb5b936293819e184fde26ae7adf1b393d190330",
            "messageTitle": "add text-ui-test tool",
            "messageBody": "",
            "insertions": 1,
            "deletions": 1
          }
        ]
      },
      {
        "insertions": 56,
        "deletions": 36,
        "date": "2019-09-10",
        "commitResults": [
          {
            "hash": "3162a5b6c40dbeac2c2ecf5ec48746515aac1465",
            "messageTitle": "Add JUnit tests (done this before, this commit added a dummy test method.",
            "messageBody": "",
            "insertions": 8,
            "deletions": 12
          },
          {
            "hash": "cf43534a8a3a310174e094da611785dd35a70f20",
            "messageTitle": "Add JavaDoc comments to the code with style polishing",
            "messageBody": "",
            "insertions": 48,
            "deletions": 24
          }
        ]
      }
    ]
  },
  "authorFinalContributionMap": {
    "chenyuheng": 565
  },
  "authorFileTypeContributionMap": {
    "chenyuheng": {
      "java": 542,
      "gradle": 23,
      "css": 0,
      "fxml": 0
    }
  },
  "authorContributionVariance": {
    "chenyuheng": 21099.72
  },
  "authorDisplayNameMap": {
    "chenyuheng": "T14-4 CHE..ENG"
  }
}
