[
  {
    "path": "build.gradle",
    "fileType": "gradle",
    "lines": [
      {
        "lineNumber": 1,
        "author": {
          "gitId": "-"
        },
        "content": "plugins {"
      },
      {
        "lineNumber": 2,
        "author": {
          "gitId": "-"
        },
        "content": "    id \u0027java\u0027"
      },
      {
        "lineNumber": 3,
        "author": {
          "gitId": "-"
        },
        "content": "    id \u0027application\u0027"
      },
      {
        "lineNumber": 4,
        "author": {
          "gitId": "mohideenik"
        },
        "content": "    id \u0027checkstyle\u0027"
      },
      {
        "lineNumber": 5,
        "author": {
          "gitId": "mohideenik"
        },
        "content": "    id \u0027com.github.johnrengelman.shadow\u0027 version \u00275.1.0\u0027"
      },
      {
        "lineNumber": 6,
        "author": {
          "gitId": "mohideenik"
        },
        "content": "}"
      },
      {
        "lineNumber": 7,
        "author": {
          "gitId": "mohideenik"
        },
        "content": ""
      },
      {
        "lineNumber": 8,
        "author": {
          "gitId": "mohideenik"
        },
        "content": "checkstyle {"
      },
      {
        "lineNumber": 9,
        "author": {
          "gitId": "mohideenik"
        },
        "content": "    toolVersion \u003d \u00278.23\u0027"
      },
      {
        "lineNumber": 10,
        "author": {
          "gitId": "mohideenik"
        },
        "content": "}"
      },
      {
        "lineNumber": 11,
        "author": {
          "gitId": "mohideenik"
        },
        "content": ""
      },
      {
        "lineNumber": 12,
        "author": {
          "gitId": "mohideenik"
        },
        "content": "shadowJar {"
      },
      {
        "lineNumber": 13,
        "author": {
          "gitId": "mohideenik"
        },
        "content": "    archiveBaseName \u003d \"duke\""
      },
      {
        "lineNumber": 14,
        "author": {
          "gitId": "mohideenik"
        },
        "content": "    archiveVersion \u003d \"0.1.3\""
      },
      {
        "lineNumber": 15,
        "author": {
          "gitId": "mohideenik"
        },
        "content": "    archiveClassifier \u003d null"
      },
      {
        "lineNumber": 16,
        "author": {
          "gitId": "mohideenik"
        },
        "content": "    archiveAppendix \u003d null"
      },
      {
        "lineNumber": 17,
        "author": {
          "gitId": "mohideenik"
        },
        "content": "}"
      },
      {
        "lineNumber": 18,
        "author": {
          "gitId": "mohideenik"
        },
        "content": ""
      },
      {
        "lineNumber": 19,
        "author": {
          "gitId": "mohideenik"
        },
        "content": "dependencies {"
      },
      {
        "lineNumber": 20,
        "author": {
          "gitId": "mohideenik"
        },
        "content": "    testImplementation \u0027org.junit.jupiter:junit-jupiter:5.5.0\u0027"
      },
      {
        "lineNumber": 21,
        "author": {
          "gitId": "mohideenik"
        },
        "content": "}"
      },
      {
        "lineNumber": 22,
        "author": {
          "gitId": "mohideenik"
        },
        "content": ""
      },
      {
        "lineNumber": 23,
        "author": {
          "gitId": "mohideenik"
        },
        "content": "test {"
      },
      {
        "lineNumber": 24,
        "author": {
          "gitId": "mohideenik"
        },
        "content": "    useJUnitPlatform()"
      },
      {
        "lineNumber": 25,
        "author": {
          "gitId": "-"
        },
        "content": "}"
      },
      {
        "lineNumber": 26,
        "author": {
          "gitId": "-"
        },
        "content": ""
      },
      {
        "lineNumber": 27,
        "author": {
          "gitId": "-"
        },
        "content": "group \u0027seedu.duke\u0027"
      },
      {
        "lineNumber": 28,
        "author": {
          "gitId": "-"
        },
        "content": "version \u00270.1.0\u0027"
      },
      {
        "lineNumber": 29,
        "author": {
          "gitId": "-"
        },
        "content": ""
      },
      {
        "lineNumber": 30,
        "author": {
          "gitId": "-"
        },
        "content": "repositories {"
      },
      {
        "lineNumber": 31,
        "author": {
          "gitId": "-"
        },
        "content": "    mavenCentral()"
      },
      {
        "lineNumber": 32,
        "author": {
          "gitId": "-"
        },
        "content": "}"
      },
      {
        "lineNumber": 33,
        "author": {
          "gitId": "-"
        },
        "content": ""
      },
      {
        "lineNumber": 34,
        "author": {
          "gitId": "-"
        },
        "content": "application {"
      },
      {
        "lineNumber": 35,
        "author": {
          "gitId": "mohideenik"
        },
        "content": "    mainClassName \u003d \"Duke\""
      },
      {
        "lineNumber": 36,
        "author": {
          "gitId": "-"
        },
        "content": "}"
      }
    ],
    "authorContributionMap": {
      "mohideenik": 22,
      "-": 14
    }
  },
  {
    "path": "src/main/java/AddDeadlineCommand.java",
    "fileType": "java",
    "lines": [
      {
        "lineNumber": 1,
        "author": {
          "gitId": "mohideenik"
        },
        "content": "import java.util.List;"
      },
      {
        "lineNumber": 2,
        "author": {
          "gitId": "mohideenik"
        },
        "content": ""
      },
      {
        "lineNumber": 3,
        "author": {
          "gitId": "mohideenik"
        },
        "content": "public class AddDeadlineCommand extends Command {"
      },
      {
        "lineNumber": 4,
        "author": {
          "gitId": "mohideenik"
        },
        "content": "    private List\u003cString\u003e words;"
      },
      {
        "lineNumber": 5,
        "author": {
          "gitId": "mohideenik"
        },
        "content": ""
      },
      {
        "lineNumber": 6,
        "author": {
          "gitId": "mohideenik"
        },
        "content": "    public AddDeadlineCommand(List\u003cString\u003e words) {"
      },
      {
        "lineNumber": 7,
        "author": {
          "gitId": "mohideenik"
        },
        "content": "        this.words \u003d words;"
      },
      {
        "lineNumber": 8,
        "author": {
          "gitId": "mohideenik"
        },
        "content": "    }"
      },
      {
        "lineNumber": 9,
        "author": {
          "gitId": "mohideenik"
        },
        "content": ""
      },
      {
        "lineNumber": 10,
        "author": {
          "gitId": "mohideenik"
        },
        "content": "    @Override"
      },
      {
        "lineNumber": 11,
        "author": {
          "gitId": "mohideenik"
        },
        "content": "    public void execute(TaskList taskList, Ui ui, Storage storage) throws DukeException {"
      },
      {
        "lineNumber": 12,
        "author": {
          "gitId": "mohideenik"
        },
        "content": "        Task task \u003d new Deadline(words.subList(0, words.size()));"
      },
      {
        "lineNumber": 13,
        "author": {
          "gitId": "mohideenik"
        },
        "content": "        taskList.add(task);"
      },
      {
        "lineNumber": 14,
        "author": {
          "gitId": "mohideenik"
        },
        "content": "        ui.showTaskAdded(taskList.getTasks(), task);"
      },
      {
        "lineNumber": 15,
        "author": {
          "gitId": "mohideenik"
        },
        "content": "        storage.save(taskList);"
      },
      {
        "lineNumber": 16,
        "author": {
          "gitId": "mohideenik"
        },
        "content": "    }"
      },
      {
        "lineNumber": 17,
        "author": {
          "gitId": "mohideenik"
        },
        "content": "}"
      }
    ],
    "authorContributionMap": {
      "mohideenik": 17
    }
  },
  {
    "path": "src/main/java/AddEventCommand.java",
    "fileType": "java",
    "lines": [
      {
        "lineNumber": 1,
        "author": {
          "gitId": "mohideenik"
        },
        "content": "import java.util.List;"
      },
      {
        "lineNumber": 2,
        "author": {
          "gitId": "mohideenik"
        },
        "content": ""
      },
      {
        "lineNumber": 3,
        "author": {
          "gitId": "mohideenik"
        },
        "content": "public class AddEventCommand extends Command {"
      },
      {
        "lineNumber": 4,
        "author": {
          "gitId": "mohideenik"
        },
        "content": "    private List\u003cString\u003e words;"
      },
      {
        "lineNumber": 5,
        "author": {
          "gitId": "mohideenik"
        },
        "content": ""
      },
      {
        "lineNumber": 6,
        "author": {
          "gitId": "mohideenik"
        },
        "content": "    public AddEventCommand(List\u003cString\u003e words) {"
      },
      {
        "lineNumber": 7,
        "author": {
          "gitId": "mohideenik"
        },
        "content": "        this.words \u003d words;"
      },
      {
        "lineNumber": 8,
        "author": {
          "gitId": "mohideenik"
        },
        "content": "    }"
      },
      {
        "lineNumber": 9,
        "author": {
          "gitId": "mohideenik"
        },
        "content": ""
      },
      {
        "lineNumber": 10,
        "author": {
          "gitId": "mohideenik"
        },
        "content": "    @Override"
      },
      {
        "lineNumber": 11,
        "author": {
          "gitId": "mohideenik"
        },
        "content": "    public void execute(TaskList taskList, Ui ui, Storage storage) throws DukeException {"
      },
      {
        "lineNumber": 12,
        "author": {
          "gitId": "mohideenik"
        },
        "content": "        Task task \u003d new Event(words.subList(0, words.size()));"
      },
      {
        "lineNumber": 13,
        "author": {
          "gitId": "mohideenik"
        },
        "content": "        taskList.add(task);"
      },
      {
        "lineNumber": 14,
        "author": {
          "gitId": "mohideenik"
        },
        "content": "        ui.showTaskAdded(taskList.getTasks(), task);"
      },
      {
        "lineNumber": 15,
        "author": {
          "gitId": "mohideenik"
        },
        "content": "        storage.save(taskList);"
      },
      {
        "lineNumber": 16,
        "author": {
          "gitId": "mohideenik"
        },
        "content": "    }"
      },
      {
        "lineNumber": 17,
        "author": {
          "gitId": "mohideenik"
        },
        "content": "}"
      }
    ],
    "authorContributionMap": {
      "mohideenik": 17
    }
  },
  {
    "path": "src/main/java/AddTodoCommand.java",
    "fileType": "java",
    "lines": [
      {
        "lineNumber": 1,
        "author": {
          "gitId": "mohideenik"
        },
        "content": "import java.util.List;"
      },
      {
        "lineNumber": 2,
        "author": {
          "gitId": "mohideenik"
        },
        "content": ""
      },
      {
        "lineNumber": 3,
        "author": {
          "gitId": "mohideenik"
        },
        "content": "public class AddTodoCommand extends Command {"
      },
      {
        "lineNumber": 4,
        "author": {
          "gitId": "mohideenik"
        },
        "content": "    private List\u003cString\u003e words;"
      },
      {
        "lineNumber": 5,
        "author": {
          "gitId": "mohideenik"
        },
        "content": ""
      },
      {
        "lineNumber": 6,
        "author": {
          "gitId": "mohideenik"
        },
        "content": "    public AddTodoCommand(List\u003cString\u003e words) {"
      },
      {
        "lineNumber": 7,
        "author": {
          "gitId": "mohideenik"
        },
        "content": "        this.words \u003d words;"
      },
      {
        "lineNumber": 8,
        "author": {
          "gitId": "mohideenik"
        },
        "content": "    }"
      },
      {
        "lineNumber": 9,
        "author": {
          "gitId": "mohideenik"
        },
        "content": ""
      },
      {
        "lineNumber": 10,
        "author": {
          "gitId": "mohideenik"
        },
        "content": "    @Override"
      },
      {
        "lineNumber": 11,
        "author": {
          "gitId": "mohideenik"
        },
        "content": "    public void execute(TaskList taskList, Ui ui, Storage storage) throws DukeException {"
      },
      {
        "lineNumber": 12,
        "author": {
          "gitId": "mohideenik"
        },
        "content": "        Task task \u003d new Todo(words.subList(0, words.size()));"
      },
      {
        "lineNumber": 13,
        "author": {
          "gitId": "mohideenik"
        },
        "content": "        taskList.add(task);"
      },
      {
        "lineNumber": 14,
        "author": {
          "gitId": "mohideenik"
        },
        "content": "        ui.showTaskAdded(taskList.getTasks(), task);"
      },
      {
        "lineNumber": 15,
        "author": {
          "gitId": "mohideenik"
        },
        "content": "        storage.save(taskList);"
      },
      {
        "lineNumber": 16,
        "author": {
          "gitId": "mohideenik"
        },
        "content": "    }"
      },
      {
        "lineNumber": 17,
        "author": {
          "gitId": "mohideenik"
        },
        "content": "}"
      }
    ],
    "authorContributionMap": {
      "mohideenik": 17
    }
  },
  {
    "path": "src/main/java/ByeCommand.java",
    "fileType": "java",
    "lines": [
      {
        "lineNumber": 1,
        "author": {
          "gitId": "mohideenik"
        },
        "content": "public class ByeCommand extends Command {"
      },
      {
        "lineNumber": 2,
        "author": {
          "gitId": "mohideenik"
        },
        "content": "    @Override"
      },
      {
        "lineNumber": 3,
        "author": {
          "gitId": "mohideenik"
        },
        "content": "    public void execute(TaskList taskList, Ui ui, Storage storage) throws DukeException {"
      },
      {
        "lineNumber": 4,
        "author": {
          "gitId": "mohideenik"
        },
        "content": "        this.isExit \u003d true;"
      },
      {
        "lineNumber": 5,
        "author": {
          "gitId": "mohideenik"
        },
        "content": "        ui.showBye();"
      },
      {
        "lineNumber": 6,
        "author": {
          "gitId": "mohideenik"
        },
        "content": "    }"
      },
      {
        "lineNumber": 7,
        "author": {
          "gitId": "mohideenik"
        },
        "content": "}"
      }
    ],
    "authorContributionMap": {
      "mohideenik": 7
    }
  },
  {
    "path": "src/main/java/Command.java",
    "fileType": "java",
    "lines": [
      {
        "lineNumber": 1,
        "author": {
          "gitId": "mohideenik"
        },
        "content": "abstract public class Command {"
      },
      {
        "lineNumber": 2,
        "author": {
          "gitId": "mohideenik"
        },
        "content": "    protected boolean isExit;"
      },
      {
        "lineNumber": 3,
        "author": {
          "gitId": "mohideenik"
        },
        "content": ""
      },
      {
        "lineNumber": 4,
        "author": {
          "gitId": "mohideenik"
        },
        "content": "    public boolean isExit() {"
      },
      {
        "lineNumber": 5,
        "author": {
          "gitId": "mohideenik"
        },
        "content": "        return this.isExit;"
      },
      {
        "lineNumber": 6,
        "author": {
          "gitId": "mohideenik"
        },
        "content": "    }"
      },
      {
        "lineNumber": 7,
        "author": {
          "gitId": "mohideenik"
        },
        "content": ""
      },
      {
        "lineNumber": 8,
        "author": {
          "gitId": "mohideenik"
        },
        "content": "    abstract public void execute(TaskList taskList, Ui ui, Storage storage) throws DukeException;"
      },
      {
        "lineNumber": 9,
        "author": {
          "gitId": "mohideenik"
        },
        "content": "}"
      }
    ],
    "authorContributionMap": {
      "mohideenik": 9
    }
  },
  {
    "path": "src/main/java/DateTime.java",
    "fileType": "java",
    "lines": [
      {
        "lineNumber": 1,
        "author": {
          "gitId": "mohideenik"
        },
        "content": "import java.io.Serializable;"
      },
      {
        "lineNumber": 2,
        "author": {
          "gitId": "mohideenik"
        },
        "content": "import java.util.List;"
      },
      {
        "lineNumber": 3,
        "author": {
          "gitId": "mohideenik"
        },
        "content": ""
      },
      {
        "lineNumber": 4,
        "author": {
          "gitId": "mohideenik"
        },
        "content": "public class DateTime implements Serializable {"
      },
      {
        "lineNumber": 5,
        "author": {
          "gitId": "mohideenik"
        },
        "content": "    private int day, month, year, hour, minute;"
      },
      {
        "lineNumber": 6,
        "author": {
          "gitId": "mohideenik"
        },
        "content": ""
      },
      {
        "lineNumber": 7,
        "author": {
          "gitId": "mohideenik"
        },
        "content": "    public DateTime(List\u003cString\u003e tokens) throws DukeException {"
      },
      {
        "lineNumber": 8,
        "author": {
          "gitId": "mohideenik"
        },
        "content": "        try {"
      },
      {
        "lineNumber": 9,
        "author": {
          "gitId": "mohideenik"
        },
        "content": "            String[] date \u003d tokens.get(0).split(\"/\");"
      },
      {
        "lineNumber": 10,
        "author": {
          "gitId": "mohideenik"
        },
        "content": ""
      },
      {
        "lineNumber": 11,
        "author": {
          "gitId": "mohideenik"
        },
        "content": "            this.day \u003d Integer.parseInt(date[0]);"
      },
      {
        "lineNumber": 12,
        "author": {
          "gitId": "mohideenik"
        },
        "content": "            this.month \u003d Integer.parseInt(date[1]);"
      },
      {
        "lineNumber": 13,
        "author": {
          "gitId": "mohideenik"
        },
        "content": "            this.year \u003d Integer.parseInt(date[2]);"
      },
      {
        "lineNumber": 14,
        "author": {
          "gitId": "mohideenik"
        },
        "content": ""
      },
      {
        "lineNumber": 15,
        "author": {
          "gitId": "mohideenik"
        },
        "content": "            this.hour \u003d Integer.parseInt(tokens.get(1)) / 100;"
      },
      {
        "lineNumber": 16,
        "author": {
          "gitId": "mohideenik"
        },
        "content": "            this.minute \u003d Integer.parseInt(tokens.get(1)) % 100;"
      },
      {
        "lineNumber": 17,
        "author": {
          "gitId": "mohideenik"
        },
        "content": ""
      },
      {
        "lineNumber": 18,
        "author": {
          "gitId": "mohideenik"
        },
        "content": "            if (this.day \u003c 0 || this.month \u003c 0 || this.year \u003c 0 ||"
      },
      {
        "lineNumber": 19,
        "author": {
          "gitId": "mohideenik"
        },
        "content": "                this.day \u003e 31 || this.month \u003e 12 || this.hour \u003c 0 ||"
      },
      {
        "lineNumber": 20,
        "author": {
          "gitId": "mohideenik"
        },
        "content": "                this.minute \u003c 0 || this.hour \u003e 23 || this.minute \u003e 59 || this.year \u003c 1000) {"
      },
      {
        "lineNumber": 21,
        "author": {
          "gitId": "mohideenik"
        },
        "content": "                throw new DukeException(\"Invalid datetime. Correct format: dd/mm/yyyy hhmm\");"
      },
      {
        "lineNumber": 22,
        "author": {
          "gitId": "mohideenik"
        },
        "content": "            }"
      },
      {
        "lineNumber": 23,
        "author": {
          "gitId": "mohideenik"
        },
        "content": "        } catch (NumberFormatException | IndexOutOfBoundsException e) {"
      },
      {
        "lineNumber": 24,
        "author": {
          "gitId": "mohideenik"
        },
        "content": "            throw new DukeException(\"Invalid datetime. Correct format: dd/mm/yyyy hhmm\");"
      },
      {
        "lineNumber": 25,
        "author": {
          "gitId": "mohideenik"
        },
        "content": "        }"
      },
      {
        "lineNumber": 26,
        "author": {
          "gitId": "mohideenik"
        },
        "content": "    }"
      },
      {
        "lineNumber": 27,
        "author": {
          "gitId": "mohideenik"
        },
        "content": ""
      },
      {
        "lineNumber": 28,
        "author": {
          "gitId": "mohideenik"
        },
        "content": "    @Override"
      },
      {
        "lineNumber": 29,
        "author": {
          "gitId": "mohideenik"
        },
        "content": "    public String toString() {"
      },
      {
        "lineNumber": 30,
        "author": {
          "gitId": "mohideenik"
        },
        "content": "        return String.format(\"%02d/%02d/%04d %02d%02d\", this.day, this.month, this.year, this.hour, this.minute);"
      },
      {
        "lineNumber": 31,
        "author": {
          "gitId": "mohideenik"
        },
        "content": "    }"
      },
      {
        "lineNumber": 32,
        "author": {
          "gitId": "mohideenik"
        },
        "content": "}"
      }
    ],
    "authorContributionMap": {
      "mohideenik": 32
    }
  },
  {
    "path": "src/main/java/Deadline.java",
    "fileType": "java",
    "lines": [
      {
        "lineNumber": 1,
        "author": {
          "gitId": "mohideenik"
        },
        "content": "import java.util.List;"
      },
      {
        "lineNumber": 2,
        "author": {
          "gitId": "mohideenik"
        },
        "content": ""
      },
      {
        "lineNumber": 3,
        "author": {
          "gitId": "mohideenik"
        },
        "content": "public class Deadline extends Task {"
      },
      {
        "lineNumber": 4,
        "author": {
          "gitId": "mohideenik"
        },
        "content": "    private String description;"
      },
      {
        "lineNumber": 5,
        "author": {
          "gitId": "mohideenik"
        },
        "content": "    private DateTime deadline;"
      },
      {
        "lineNumber": 6,
        "author": {
          "gitId": "mohideenik"
        },
        "content": ""
      },
      {
        "lineNumber": 7,
        "author": {
          "gitId": "mohideenik"
        },
        "content": "    public Deadline(List\u003cString\u003e input) throws DukeException {"
      },
      {
        "lineNumber": 8,
        "author": {
          "gitId": "mohideenik"
        },
        "content": "        int separatorIndex \u003d input.indexOf(\"/by\");"
      },
      {
        "lineNumber": 9,
        "author": {
          "gitId": "mohideenik"
        },
        "content": "        if (input.size() \u003d\u003d 0 || separatorIndex \u003c\u003d 0) {"
      },
      {
        "lineNumber": 10,
        "author": {
          "gitId": "mohideenik"
        },
        "content": "            throw new DukeException(\"Format for deadline: deadline \u003ctask\u003e /by \u003cdeadline\u003e\");"
      },
      {
        "lineNumber": 11,
        "author": {
          "gitId": "mohideenik"
        },
        "content": "        }"
      },
      {
        "lineNumber": 12,
        "author": {
          "gitId": "mohideenik"
        },
        "content": "        this.description \u003d String.join(\" \", input.subList(0, separatorIndex));"
      },
      {
        "lineNumber": 13,
        "author": {
          "gitId": "mohideenik"
        },
        "content": "        this.deadline \u003d new DateTime(input.subList(separatorIndex + 1, input.size()));"
      },
      {
        "lineNumber": 14,
        "author": {
          "gitId": "mohideenik"
        },
        "content": "    }"
      },
      {
        "lineNumber": 15,
        "author": {
          "gitId": "mohideenik"
        },
        "content": ""
      },
      {
        "lineNumber": 16,
        "author": {
          "gitId": "mohideenik"
        },
        "content": "    @Override"
      },
      {
        "lineNumber": 17,
        "author": {
          "gitId": "mohideenik"
        },
        "content": "    public boolean containsKeyword(String keyword) {"
      },
      {
        "lineNumber": 18,
        "author": {
          "gitId": "mohideenik"
        },
        "content": "        return this.description.contains(keyword);"
      },
      {
        "lineNumber": 19,
        "author": {
          "gitId": "mohideenik"
        },
        "content": "    }"
      },
      {
        "lineNumber": 20,
        "author": {
          "gitId": "mohideenik"
        },
        "content": ""
      },
      {
        "lineNumber": 21,
        "author": {
          "gitId": "mohideenik"
        },
        "content": "    @Override"
      },
      {
        "lineNumber": 22,
        "author": {
          "gitId": "mohideenik"
        },
        "content": "    public String toString() {"
      },
      {
        "lineNumber": 23,
        "author": {
          "gitId": "mohideenik"
        },
        "content": "        return String.format(\"[D]%s %s (by: %s)\", super.toString(), this.description, this.deadline);"
      },
      {
        "lineNumber": 24,
        "author": {
          "gitId": "mohideenik"
        },
        "content": "    }"
      },
      {
        "lineNumber": 25,
        "author": {
          "gitId": "mohideenik"
        },
        "content": "}"
      }
    ],
    "authorContributionMap": {
      "mohideenik": 25
    }
  },
  {
    "path": "src/main/java/DeleteCommand.java",
    "fileType": "java",
    "lines": [
      {
        "lineNumber": 1,
        "author": {
          "gitId": "mohideenik"
        },
        "content": "import java.util.List;"
      },
      {
        "lineNumber": 2,
        "author": {
          "gitId": "mohideenik"
        },
        "content": ""
      },
      {
        "lineNumber": 3,
        "author": {
          "gitId": "mohideenik"
        },
        "content": "public class DeleteCommand extends Command {"
      },
      {
        "lineNumber": 4,
        "author": {
          "gitId": "mohideenik"
        },
        "content": "    List\u003cString\u003e words;"
      },
      {
        "lineNumber": 5,
        "author": {
          "gitId": "mohideenik"
        },
        "content": ""
      },
      {
        "lineNumber": 6,
        "author": {
          "gitId": "mohideenik"
        },
        "content": "    public DeleteCommand(List\u003cString\u003e words) {"
      },
      {
        "lineNumber": 7,
        "author": {
          "gitId": "mohideenik"
        },
        "content": "        this.words \u003d words;"
      },
      {
        "lineNumber": 8,
        "author": {
          "gitId": "mohideenik"
        },
        "content": "    }"
      },
      {
        "lineNumber": 9,
        "author": {
          "gitId": "mohideenik"
        },
        "content": ""
      },
      {
        "lineNumber": 10,
        "author": {
          "gitId": "mohideenik"
        },
        "content": "    @Override"
      },
      {
        "lineNumber": 11,
        "author": {
          "gitId": "mohideenik"
        },
        "content": "    public void execute(TaskList taskList, Ui ui, Storage storage) throws DukeException {"
      },
      {
        "lineNumber": 12,
        "author": {
          "gitId": "mohideenik"
        },
        "content": "        try {"
      },
      {
        "lineNumber": 13,
        "author": {
          "gitId": "mohideenik"
        },
        "content": "            int taskNo \u003d Integer.parseInt(words.get(0)) - 1;"
      },
      {
        "lineNumber": 14,
        "author": {
          "gitId": "mohideenik"
        },
        "content": "            Task toRemove \u003d taskList.get(taskNo);"
      },
      {
        "lineNumber": 15,
        "author": {
          "gitId": "mohideenik"
        },
        "content": "            taskList.delete(taskNo);"
      },
      {
        "lineNumber": 16,
        "author": {
          "gitId": "mohideenik"
        },
        "content": "            ui.showDeletedTask(taskList.getTasks(), toRemove);"
      },
      {
        "lineNumber": 17,
        "author": {
          "gitId": "mohideenik"
        },
        "content": "            storage.save(taskList);"
      },
      {
        "lineNumber": 18,
        "author": {
          "gitId": "mohideenik"
        },
        "content": "        } catch (NumberFormatException e) {"
      },
      {
        "lineNumber": 19,
        "author": {
          "gitId": "mohideenik"
        },
        "content": "            throw new DukeException(\"Please supply a number. Eg: done 2\");"
      },
      {
        "lineNumber": 20,
        "author": {
          "gitId": "mohideenik"
        },
        "content": "        } catch (IndexOutOfBoundsException e) {"
      },
      {
        "lineNumber": 21,
        "author": {
          "gitId": "mohideenik"
        },
        "content": "            throw new DukeException(\"Please supply a valid number.\");"
      },
      {
        "lineNumber": 22,
        "author": {
          "gitId": "mohideenik"
        },
        "content": "        }"
      },
      {
        "lineNumber": 23,
        "author": {
          "gitId": "mohideenik"
        },
        "content": ""
      },
      {
        "lineNumber": 24,
        "author": {
          "gitId": "mohideenik"
        },
        "content": "    }"
      },
      {
        "lineNumber": 25,
        "author": {
          "gitId": "mohideenik"
        },
        "content": "}"
      }
    ],
    "authorContributionMap": {
      "mohideenik": 25
    }
  },
  {
    "path": "src/main/java/DoneCommand.java",
    "fileType": "java",
    "lines": [
      {
        "lineNumber": 1,
        "author": {
          "gitId": "mohideenik"
        },
        "content": "import java.util.List;"
      },
      {
        "lineNumber": 2,
        "author": {
          "gitId": "mohideenik"
        },
        "content": ""
      },
      {
        "lineNumber": 3,
        "author": {
          "gitId": "mohideenik"
        },
        "content": "public class DoneCommand extends Command {"
      },
      {
        "lineNumber": 4,
        "author": {
          "gitId": "mohideenik"
        },
        "content": "    private List\u003cString\u003e words;"
      },
      {
        "lineNumber": 5,
        "author": {
          "gitId": "mohideenik"
        },
        "content": ""
      },
      {
        "lineNumber": 6,
        "author": {
          "gitId": "mohideenik"
        },
        "content": "    public DoneCommand(List\u003cString\u003e words) {"
      },
      {
        "lineNumber": 7,
        "author": {
          "gitId": "mohideenik"
        },
        "content": "        this.words \u003d words;"
      },
      {
        "lineNumber": 8,
        "author": {
          "gitId": "mohideenik"
        },
        "content": "    }"
      },
      {
        "lineNumber": 9,
        "author": {
          "gitId": "mohideenik"
        },
        "content": ""
      },
      {
        "lineNumber": 10,
        "author": {
          "gitId": "mohideenik"
        },
        "content": "    @Override"
      },
      {
        "lineNumber": 11,
        "author": {
          "gitId": "mohideenik"
        },
        "content": "    public void execute(TaskList taskList, Ui ui, Storage storage) throws DukeException {"
      },
      {
        "lineNumber": 12,
        "author": {
          "gitId": "mohideenik"
        },
        "content": "        try {"
      },
      {
        "lineNumber": 13,
        "author": {
          "gitId": "mohideenik"
        },
        "content": "            int taskNo \u003d Integer.parseInt(words.get(0)) - 1;"
      },
      {
        "lineNumber": 14,
        "author": {
          "gitId": "mohideenik"
        },
        "content": "            Task task \u003d taskList.get(taskNo);"
      },
      {
        "lineNumber": 15,
        "author": {
          "gitId": "mohideenik"
        },
        "content": "            task.markAsDone();"
      },
      {
        "lineNumber": 16,
        "author": {
          "gitId": "mohideenik"
        },
        "content": "            ui.showDoneTask(task);"
      },
      {
        "lineNumber": 17,
        "author": {
          "gitId": "mohideenik"
        },
        "content": "            storage.save(taskList);"
      },
      {
        "lineNumber": 18,
        "author": {
          "gitId": "mohideenik"
        },
        "content": "        } catch (NumberFormatException e) {"
      },
      {
        "lineNumber": 19,
        "author": {
          "gitId": "mohideenik"
        },
        "content": "            throw new DukeException(\"Please supply a number. Eg: done 2\");"
      },
      {
        "lineNumber": 20,
        "author": {
          "gitId": "mohideenik"
        },
        "content": "        } catch (IndexOutOfBoundsException e) {"
      },
      {
        "lineNumber": 21,
        "author": {
          "gitId": "mohideenik"
        },
        "content": "            throw new DukeException(\"Please supply a valid number.\");"
      },
      {
        "lineNumber": 22,
        "author": {
          "gitId": "mohideenik"
        },
        "content": "        }"
      },
      {
        "lineNumber": 23,
        "author": {
          "gitId": "mohideenik"
        },
        "content": "    }"
      },
      {
        "lineNumber": 24,
        "author": {
          "gitId": "mohideenik"
        },
        "content": "}"
      }
    ],
    "authorContributionMap": {
      "mohideenik": 24
    }
  },
  {
    "path": "src/main/java/Duke.java",
    "fileType": "java",
    "lines": [
      {
        "lineNumber": 1,
        "author": {
          "gitId": "-"
        },
        "content": "public class Duke {"
      },
      {
        "lineNumber": 2,
        "author": {
          "gitId": "mohideenik"
        },
        "content": ""
      },
      {
        "lineNumber": 3,
        "author": {
          "gitId": "mohideenik"
        },
        "content": "    private Storage storage;"
      },
      {
        "lineNumber": 4,
        "author": {
          "gitId": "mohideenik"
        },
        "content": "    private TaskList tasks;"
      },
      {
        "lineNumber": 5,
        "author": {
          "gitId": "mohideenik"
        },
        "content": "    private Ui ui;"
      },
      {
        "lineNumber": 6,
        "author": {
          "gitId": "mohideenik"
        },
        "content": ""
      },
      {
        "lineNumber": 7,
        "author": {
          "gitId": "mohideenik"
        },
        "content": "    public Duke(String filePath) {"
      },
      {
        "lineNumber": 8,
        "author": {
          "gitId": "mohideenik"
        },
        "content": "        ui \u003d new Ui();"
      },
      {
        "lineNumber": 9,
        "author": {
          "gitId": "mohideenik"
        },
        "content": "        storage \u003d new Storage(filePath);"
      },
      {
        "lineNumber": 10,
        "author": {
          "gitId": "mohideenik"
        },
        "content": ""
      },
      {
        "lineNumber": 11,
        "author": {
          "gitId": "mohideenik"
        },
        "content": "        try {"
      },
      {
        "lineNumber": 12,
        "author": {
          "gitId": "mohideenik"
        },
        "content": "            tasks \u003d storage.load();"
      },
      {
        "lineNumber": 13,
        "author": {
          "gitId": "mohideenik"
        },
        "content": "        } catch (DukeException e) {"
      },
      {
        "lineNumber": 14,
        "author": {
          "gitId": "mohideenik"
        },
        "content": "            ui.showError(e.getMessage());"
      },
      {
        "lineNumber": 15,
        "author": {
          "gitId": "mohideenik"
        },
        "content": "            tasks \u003d new TaskList();"
      },
      {
        "lineNumber": 16,
        "author": {
          "gitId": "mohideenik"
        },
        "content": "        }"
      },
      {
        "lineNumber": 17,
        "author": {
          "gitId": "mohideenik"
        },
        "content": "    }"
      },
      {
        "lineNumber": 18,
        "author": {
          "gitId": "mohideenik"
        },
        "content": ""
      },
      {
        "lineNumber": 19,
        "author": {
          "gitId": "mohideenik"
        },
        "content": "    public void run() {"
      },
      {
        "lineNumber": 20,
        "author": {
          "gitId": "mohideenik"
        },
        "content": "        ui.showWelcome();"
      },
      {
        "lineNumber": 21,
        "author": {
          "gitId": "mohideenik"
        },
        "content": "        boolean isExit \u003d false;"
      },
      {
        "lineNumber": 22,
        "author": {
          "gitId": "mohideenik"
        },
        "content": "        while (!isExit) {"
      },
      {
        "lineNumber": 23,
        "author": {
          "gitId": "mohideenik"
        },
        "content": "            try {"
      },
      {
        "lineNumber": 24,
        "author": {
          "gitId": "mohideenik"
        },
        "content": "                String fullCommand \u003d ui.readCommand();"
      },
      {
        "lineNumber": 25,
        "author": {
          "gitId": "mohideenik"
        },
        "content": "                ui.beginBlock();"
      },
      {
        "lineNumber": 26,
        "author": {
          "gitId": "mohideenik"
        },
        "content": "                Command c \u003d Parser.parse(fullCommand);"
      },
      {
        "lineNumber": 27,
        "author": {
          "gitId": "mohideenik"
        },
        "content": "                c.execute(tasks, ui, storage);"
      },
      {
        "lineNumber": 28,
        "author": {
          "gitId": "mohideenik"
        },
        "content": "                isExit \u003d c.isExit();"
      },
      {
        "lineNumber": 29,
        "author": {
          "gitId": "mohideenik"
        },
        "content": "            } catch (DukeException e) {"
      },
      {
        "lineNumber": 30,
        "author": {
          "gitId": "mohideenik"
        },
        "content": "                ui.showError(e.getMessage());"
      },
      {
        "lineNumber": 31,
        "author": {
          "gitId": "mohideenik"
        },
        "content": "            } finally {"
      },
      {
        "lineNumber": 32,
        "author": {
          "gitId": "mohideenik"
        },
        "content": "                ui.endBlock();"
      },
      {
        "lineNumber": 33,
        "author": {
          "gitId": "mohideenik"
        },
        "content": "            }"
      },
      {
        "lineNumber": 34,
        "author": {
          "gitId": "mohideenik"
        },
        "content": "        }"
      },
      {
        "lineNumber": 35,
        "author": {
          "gitId": "mohideenik"
        },
        "content": "    }"
      },
      {
        "lineNumber": 36,
        "author": {
          "gitId": "mohideenik"
        },
        "content": ""
      },
      {
        "lineNumber": 37,
        "author": {
          "gitId": "-"
        },
        "content": "    public static void main(String[] args) {"
      },
      {
        "lineNumber": 38,
        "author": {
          "gitId": "mohideenik"
        },
        "content": "        new Duke(\"tasks.dat\").run();"
      },
      {
        "lineNumber": 39,
        "author": {
          "gitId": "-"
        },
        "content": "    }"
      },
      {
        "lineNumber": 40,
        "author": {
          "gitId": "mohideenik"
        },
        "content": ""
      },
      {
        "lineNumber": 41,
        "author": {
          "gitId": "-"
        },
        "content": "}"
      }
    ],
    "authorContributionMap": {
      "mohideenik": 37,
      "-": 4
    }
  },
  {
    "path": "src/main/java/DukeException.java",
    "fileType": "java",
    "lines": [
      {
        "lineNumber": 1,
        "author": {
          "gitId": "mohideenik"
        },
        "content": "public class DukeException extends Exception {"
      },
      {
        "lineNumber": 2,
        "author": {
          "gitId": "mohideenik"
        },
        "content": "    public DukeException(String message) {"
      },
      {
        "lineNumber": 3,
        "author": {
          "gitId": "mohideenik"
        },
        "content": "        super(message);"
      },
      {
        "lineNumber": 4,
        "author": {
          "gitId": "mohideenik"
        },
        "content": "    }"
      },
      {
        "lineNumber": 5,
        "author": {
          "gitId": "mohideenik"
        },
        "content": "}"
      }
    ],
    "authorContributionMap": {
      "mohideenik": 5
    }
  },
  {
    "path": "src/main/java/Event.java",
    "fileType": "java",
    "lines": [
      {
        "lineNumber": 1,
        "author": {
          "gitId": "mohideenik"
        },
        "content": "import java.util.List;"
      },
      {
        "lineNumber": 2,
        "author": {
          "gitId": "mohideenik"
        },
        "content": ""
      },
      {
        "lineNumber": 3,
        "author": {
          "gitId": "mohideenik"
        },
        "content": "public class Event extends Task {"
      },
      {
        "lineNumber": 4,
        "author": {
          "gitId": "mohideenik"
        },
        "content": "    private String description;"
      },
      {
        "lineNumber": 5,
        "author": {
          "gitId": "mohideenik"
        },
        "content": "    private DateTime start, end;"
      },
      {
        "lineNumber": 6,
        "author": {
          "gitId": "mohideenik"
        },
        "content": ""
      },
      {
        "lineNumber": 7,
        "author": {
          "gitId": "mohideenik"
        },
        "content": "    public Event(List\u003cString\u003e input) throws DukeException {"
      },
      {
        "lineNumber": 8,
        "author": {
          "gitId": "mohideenik"
        },
        "content": "        int separatorIndex \u003d input.indexOf(\"/at\");"
      },
      {
        "lineNumber": 9,
        "author": {
          "gitId": "mohideenik"
        },
        "content": "        if (input.size() \u003d\u003d 0 || separatorIndex \u003c\u003d 0) {"
      },
      {
        "lineNumber": 10,
        "author": {
          "gitId": "mohideenik"
        },
        "content": "            throw new DukeException(\"Format for event: event \u003cevent\u003e /at \u003cstart datetime\u003e to \u003cend\u003e datetime\");"
      },
      {
        "lineNumber": 11,
        "author": {
          "gitId": "mohideenik"
        },
        "content": "        }"
      },
      {
        "lineNumber": 12,
        "author": {
          "gitId": "mohideenik"
        },
        "content": "        try {"
      },
      {
        "lineNumber": 13,
        "author": {
          "gitId": "mohideenik"
        },
        "content": "            this.description \u003d String.join(\" \", input.subList(0, separatorIndex));"
      },
      {
        "lineNumber": 14,
        "author": {
          "gitId": "mohideenik"
        },
        "content": "            this.start \u003d new DateTime(input.subList(separatorIndex + 1, separatorIndex + 3));"
      },
      {
        "lineNumber": 15,
        "author": {
          "gitId": "mohideenik"
        },
        "content": "            this.end \u003d new DateTime(input.subList(separatorIndex + 4, separatorIndex + 6));"
      },
      {
        "lineNumber": 16,
        "author": {
          "gitId": "mohideenik"
        },
        "content": "        } catch (IndexOutOfBoundsException e) {"
      },
      {
        "lineNumber": 17,
        "author": {
          "gitId": "mohideenik"
        },
        "content": "            throw new DukeException(\"Format for event: event \u003cevent\u003e /at \u003cstart datetime\u003e to \u003cend datetime\u003e\");"
      },
      {
        "lineNumber": 18,
        "author": {
          "gitId": "mohideenik"
        },
        "content": "        }"
      },
      {
        "lineNumber": 19,
        "author": {
          "gitId": "mohideenik"
        },
        "content": "    }"
      },
      {
        "lineNumber": 20,
        "author": {
          "gitId": "mohideenik"
        },
        "content": ""
      },
      {
        "lineNumber": 21,
        "author": {
          "gitId": "mohideenik"
        },
        "content": "    @Override"
      },
      {
        "lineNumber": 22,
        "author": {
          "gitId": "mohideenik"
        },
        "content": "    public boolean containsKeyword(String keyword) {"
      },
      {
        "lineNumber": 23,
        "author": {
          "gitId": "mohideenik"
        },
        "content": "        return this.description.contains(keyword);"
      },
      {
        "lineNumber": 24,
        "author": {
          "gitId": "mohideenik"
        },
        "content": "    }"
      },
      {
        "lineNumber": 25,
        "author": {
          "gitId": "mohideenik"
        },
        "content": ""
      },
      {
        "lineNumber": 26,
        "author": {
          "gitId": "mohideenik"
        },
        "content": "    @Override"
      },
      {
        "lineNumber": 27,
        "author": {
          "gitId": "mohideenik"
        },
        "content": "    public String toString() {"
      },
      {
        "lineNumber": 28,
        "author": {
          "gitId": "mohideenik"
        },
        "content": "        return String.format(\"[E]%s %s (at: %s to %s)\", super.toString(), this.description, this.start, this.end);"
      },
      {
        "lineNumber": 29,
        "author": {
          "gitId": "mohideenik"
        },
        "content": "    }"
      },
      {
        "lineNumber": 30,
        "author": {
          "gitId": "mohideenik"
        },
        "content": "}"
      }
    ],
    "authorContributionMap": {
      "mohideenik": 30
    }
  },
  {
    "path": "src/main/java/FindCommand.java",
    "fileType": "java",
    "lines": [
      {
        "lineNumber": 1,
        "author": {
          "gitId": "mohideenik"
        },
        "content": "import java.util.List;"
      },
      {
        "lineNumber": 2,
        "author": {
          "gitId": "mohideenik"
        },
        "content": "import java.util.stream.Collectors;"
      },
      {
        "lineNumber": 3,
        "author": {
          "gitId": "mohideenik"
        },
        "content": ""
      },
      {
        "lineNumber": 4,
        "author": {
          "gitId": "mohideenik"
        },
        "content": "public class FindCommand extends Command {"
      },
      {
        "lineNumber": 5,
        "author": {
          "gitId": "mohideenik"
        },
        "content": "    private List\u003cString\u003e words;"
      },
      {
        "lineNumber": 6,
        "author": {
          "gitId": "mohideenik"
        },
        "content": ""
      },
      {
        "lineNumber": 7,
        "author": {
          "gitId": "mohideenik"
        },
        "content": "    public FindCommand(List\u003cString\u003e words) {"
      },
      {
        "lineNumber": 8,
        "author": {
          "gitId": "mohideenik"
        },
        "content": "        this.words \u003d words;"
      },
      {
        "lineNumber": 9,
        "author": {
          "gitId": "mohideenik"
        },
        "content": "    }"
      },
      {
        "lineNumber": 10,
        "author": {
          "gitId": "mohideenik"
        },
        "content": ""
      },
      {
        "lineNumber": 11,
        "author": {
          "gitId": "mohideenik"
        },
        "content": "    @Override"
      },
      {
        "lineNumber": 12,
        "author": {
          "gitId": "mohideenik"
        },
        "content": "    public void execute(TaskList taskList, Ui ui, Storage storage) throws DukeException {"
      },
      {
        "lineNumber": 13,
        "author": {
          "gitId": "mohideenik"
        },
        "content": "        if (words.size() \u003e 0) {"
      },
      {
        "lineNumber": 14,
        "author": {
          "gitId": "mohideenik"
        },
        "content": "            String searchTerm \u003d String.join(\" \", words.subList(0, words.size()));"
      },
      {
        "lineNumber": 15,
        "author": {
          "gitId": "mohideenik"
        },
        "content": "            List\u003cTask\u003e filteredTasks \u003d"
      },
      {
        "lineNumber": 16,
        "author": {
          "gitId": "mohideenik"
        },
        "content": "                    taskList.getTasks().stream()"
      },
      {
        "lineNumber": 17,
        "author": {
          "gitId": "mohideenik"
        },
        "content": "                            .filter(task -\u003e task.containsKeyword(searchTerm))"
      },
      {
        "lineNumber": 18,
        "author": {
          "gitId": "mohideenik"
        },
        "content": "                            .collect(Collectors.toList());"
      },
      {
        "lineNumber": 19,
        "author": {
          "gitId": "mohideenik"
        },
        "content": "            if (filteredTasks.size() \u003e 0) {"
      },
      {
        "lineNumber": 20,
        "author": {
          "gitId": "mohideenik"
        },
        "content": "                ui.showSearchResult(filteredTasks);"
      },
      {
        "lineNumber": 21,
        "author": {
          "gitId": "mohideenik"
        },
        "content": "            } else {"
      },
      {
        "lineNumber": 22,
        "author": {
          "gitId": "mohideenik"
        },
        "content": "                throw new DukeException(\"There are no matching tasks.\");"
      },
      {
        "lineNumber": 23,
        "author": {
          "gitId": "mohideenik"
        },
        "content": "            }"
      },
      {
        "lineNumber": 24,
        "author": {
          "gitId": "mohideenik"
        },
        "content": "        } else {"
      },
      {
        "lineNumber": 25,
        "author": {
          "gitId": "mohideenik"
        },
        "content": "            throw new DukeException(\"Please enter at least a keyword to search.\");"
      },
      {
        "lineNumber": 26,
        "author": {
          "gitId": "mohideenik"
        },
        "content": "        }"
      },
      {
        "lineNumber": 27,
        "author": {
          "gitId": "mohideenik"
        },
        "content": "    }"
      },
      {
        "lineNumber": 28,
        "author": {
          "gitId": "mohideenik"
        },
        "content": "}"
      }
    ],
    "authorContributionMap": {
      "mohideenik": 28
    }
  },
  {
    "path": "src/main/java/ListCommand.java",
    "fileType": "java",
    "lines": [
      {
        "lineNumber": 1,
        "author": {
          "gitId": "mohideenik"
        },
        "content": "public class ListCommand extends Command {"
      },
      {
        "lineNumber": 2,
        "author": {
          "gitId": "mohideenik"
        },
        "content": "    @Override"
      },
      {
        "lineNumber": 3,
        "author": {
          "gitId": "mohideenik"
        },
        "content": "    public void execute(TaskList taskList, Ui ui, Storage storage) throws DukeException {"
      },
      {
        "lineNumber": 4,
        "author": {
          "gitId": "mohideenik"
        },
        "content": "        ui.showTaskList(taskList.getTasks());"
      },
      {
        "lineNumber": 5,
        "author": {
          "gitId": "mohideenik"
        },
        "content": "    }"
      },
      {
        "lineNumber": 6,
        "author": {
          "gitId": "mohideenik"
        },
        "content": "}"
      }
    ],
    "authorContributionMap": {
      "mohideenik": 6
    }
  },
  {
    "path": "src/main/java/Parser.java",
    "fileType": "java",
    "lines": [
      {
        "lineNumber": 1,
        "author": {
          "gitId": "mohideenik"
        },
        "content": "import java.util.Arrays;"
      },
      {
        "lineNumber": 2,
        "author": {
          "gitId": "mohideenik"
        },
        "content": "import java.util.List;"
      },
      {
        "lineNumber": 3,
        "author": {
          "gitId": "mohideenik"
        },
        "content": ""
      },
      {
        "lineNumber": 4,
        "author": {
          "gitId": "mohideenik"
        },
        "content": "public class Parser {"
      },
      {
        "lineNumber": 5,
        "author": {
          "gitId": "mohideenik"
        },
        "content": "    public static Command parse(String input) throws DukeException {"
      },
      {
        "lineNumber": 6,
        "author": {
          "gitId": "mohideenik"
        },
        "content": "        List\u003cString\u003e words \u003d Arrays.asList(input.split(\" \"));"
      },
      {
        "lineNumber": 7,
        "author": {
          "gitId": "mohideenik"
        },
        "content": "        String keyword \u003d words.get(0);"
      },
      {
        "lineNumber": 8,
        "author": {
          "gitId": "mohideenik"
        },
        "content": "        List\u003cString\u003e arguments \u003d words.subList(1, words.size());"
      },
      {
        "lineNumber": 9,
        "author": {
          "gitId": "mohideenik"
        },
        "content": ""
      },
      {
        "lineNumber": 10,
        "author": {
          "gitId": "mohideenik"
        },
        "content": "        switch (keyword) {"
      },
      {
        "lineNumber": 11,
        "author": {
          "gitId": "mohideenik"
        },
        "content": "            case \"list\":"
      },
      {
        "lineNumber": 12,
        "author": {
          "gitId": "mohideenik"
        },
        "content": "                return new ListCommand();"
      },
      {
        "lineNumber": 13,
        "author": {
          "gitId": "mohideenik"
        },
        "content": "            case \"find\":"
      },
      {
        "lineNumber": 14,
        "author": {
          "gitId": "mohideenik"
        },
        "content": "                return new FindCommand(arguments);"
      },
      {
        "lineNumber": 15,
        "author": {
          "gitId": "mohideenik"
        },
        "content": "            case \"delete\":"
      },
      {
        "lineNumber": 16,
        "author": {
          "gitId": "mohideenik"
        },
        "content": "                return new DeleteCommand(arguments);"
      },
      {
        "lineNumber": 17,
        "author": {
          "gitId": "mohideenik"
        },
        "content": "            case \"done\":"
      },
      {
        "lineNumber": 18,
        "author": {
          "gitId": "mohideenik"
        },
        "content": "                return new DoneCommand(arguments);"
      },
      {
        "lineNumber": 19,
        "author": {
          "gitId": "mohideenik"
        },
        "content": "            case \"todo\":"
      },
      {
        "lineNumber": 20,
        "author": {
          "gitId": "mohideenik"
        },
        "content": "                return new AddTodoCommand(arguments);"
      },
      {
        "lineNumber": 21,
        "author": {
          "gitId": "mohideenik"
        },
        "content": "            case \"deadline\":"
      },
      {
        "lineNumber": 22,
        "author": {
          "gitId": "mohideenik"
        },
        "content": "                return new AddDeadlineCommand(arguments);"
      },
      {
        "lineNumber": 23,
        "author": {
          "gitId": "mohideenik"
        },
        "content": "            case \"event\":"
      },
      {
        "lineNumber": 24,
        "author": {
          "gitId": "mohideenik"
        },
        "content": "                return new AddEventCommand(arguments);"
      },
      {
        "lineNumber": 25,
        "author": {
          "gitId": "mohideenik"
        },
        "content": "            case \"bye\":"
      },
      {
        "lineNumber": 26,
        "author": {
          "gitId": "mohideenik"
        },
        "content": "                return new ByeCommand();"
      },
      {
        "lineNumber": 27,
        "author": {
          "gitId": "mohideenik"
        },
        "content": "            default:"
      },
      {
        "lineNumber": 28,
        "author": {
          "gitId": "mohideenik"
        },
        "content": "                throw new DukeException(\"Please enter a valid command.\");"
      },
      {
        "lineNumber": 29,
        "author": {
          "gitId": "mohideenik"
        },
        "content": "        }"
      },
      {
        "lineNumber": 30,
        "author": {
          "gitId": "mohideenik"
        },
        "content": "    }"
      },
      {
        "lineNumber": 31,
        "author": {
          "gitId": "mohideenik"
        },
        "content": "}"
      }
    ],
    "authorContributionMap": {
      "mohideenik": 31
    }
  },
  {
    "path": "src/main/java/Storage.java",
    "fileType": "java",
    "lines": [
      {
        "lineNumber": 1,
        "author": {
          "gitId": "mohideenik"
        },
        "content": "import java.io.FileInputStream;"
      },
      {
        "lineNumber": 2,
        "author": {
          "gitId": "mohideenik"
        },
        "content": "import java.io.FileOutputStream;"
      },
      {
        "lineNumber": 3,
        "author": {
          "gitId": "mohideenik"
        },
        "content": "import java.io.IOException;"
      },
      {
        "lineNumber": 4,
        "author": {
          "gitId": "mohideenik"
        },
        "content": "import java.io.ObjectInputStream;"
      },
      {
        "lineNumber": 5,
        "author": {
          "gitId": "mohideenik"
        },
        "content": "import java.io.ObjectOutputStream;"
      },
      {
        "lineNumber": 6,
        "author": {
          "gitId": "mohideenik"
        },
        "content": ""
      },
      {
        "lineNumber": 7,
        "author": {
          "gitId": "mohideenik"
        },
        "content": "public class Storage {"
      },
      {
        "lineNumber": 8,
        "author": {
          "gitId": "mohideenik"
        },
        "content": "    private String fileName;"
      },
      {
        "lineNumber": 9,
        "author": {
          "gitId": "mohideenik"
        },
        "content": ""
      },
      {
        "lineNumber": 10,
        "author": {
          "gitId": "mohideenik"
        },
        "content": "    public Storage(String fileName) {"
      },
      {
        "lineNumber": 11,
        "author": {
          "gitId": "mohideenik"
        },
        "content": "        this.fileName \u003d fileName;"
      },
      {
        "lineNumber": 12,
        "author": {
          "gitId": "mohideenik"
        },
        "content": "    }"
      },
      {
        "lineNumber": 13,
        "author": {
          "gitId": "mohideenik"
        },
        "content": ""
      },
      {
        "lineNumber": 14,
        "author": {
          "gitId": "mohideenik"
        },
        "content": "    // Unchecked type coercion is necessary here."
      },
      {
        "lineNumber": 15,
        "author": {
          "gitId": "mohideenik"
        },
        "content": "    // And possible cast exceptions are handled"
      },
      {
        "lineNumber": 16,
        "author": {
          "gitId": "mohideenik"
        },
        "content": "    @SuppressWarnings(\"unchecked\")"
      },
      {
        "lineNumber": 17,
        "author": {
          "gitId": "mohideenik"
        },
        "content": "    public TaskList load() throws DukeException {"
      },
      {
        "lineNumber": 18,
        "author": {
          "gitId": "mohideenik"
        },
        "content": "        try {"
      },
      {
        "lineNumber": 19,
        "author": {
          "gitId": "mohideenik"
        },
        "content": "            FileInputStream fileStream \u003d new FileInputStream(this.fileName);"
      },
      {
        "lineNumber": 20,
        "author": {
          "gitId": "mohideenik"
        },
        "content": "            ObjectInputStream objectStream \u003d new ObjectInputStream(fileStream);"
      },
      {
        "lineNumber": 21,
        "author": {
          "gitId": "mohideenik"
        },
        "content": "            TaskList taskList \u003d (TaskList) objectStream.readObject();"
      },
      {
        "lineNumber": 22,
        "author": {
          "gitId": "mohideenik"
        },
        "content": "            objectStream.close();"
      },
      {
        "lineNumber": 23,
        "author": {
          "gitId": "mohideenik"
        },
        "content": "            return taskList;"
      },
      {
        "lineNumber": 24,
        "author": {
          "gitId": "mohideenik"
        },
        "content": "        } catch (IOException | ClassNotFoundException | ClassCastException e) {"
      },
      {
        "lineNumber": 25,
        "author": {
          "gitId": "mohideenik"
        },
        "content": "            throw new DukeException(\"Unable to read file, continuing with empty list.\");"
      },
      {
        "lineNumber": 26,
        "author": {
          "gitId": "mohideenik"
        },
        "content": "        }"
      },
      {
        "lineNumber": 27,
        "author": {
          "gitId": "mohideenik"
        },
        "content": "    }"
      },
      {
        "lineNumber": 28,
        "author": {
          "gitId": "mohideenik"
        },
        "content": ""
      },
      {
        "lineNumber": 29,
        "author": {
          "gitId": "mohideenik"
        },
        "content": "    public void save(TaskList taskList) throws DukeException {"
      },
      {
        "lineNumber": 30,
        "author": {
          "gitId": "mohideenik"
        },
        "content": "        try {"
      },
      {
        "lineNumber": 31,
        "author": {
          "gitId": "mohideenik"
        },
        "content": "            FileOutputStream fileStream \u003d new FileOutputStream(this.fileName);"
      },
      {
        "lineNumber": 32,
        "author": {
          "gitId": "mohideenik"
        },
        "content": "            ObjectOutputStream objectStream \u003d new ObjectOutputStream(fileStream);"
      },
      {
        "lineNumber": 33,
        "author": {
          "gitId": "mohideenik"
        },
        "content": "            objectStream.writeObject(taskList);"
      },
      {
        "lineNumber": 34,
        "author": {
          "gitId": "mohideenik"
        },
        "content": "            objectStream.close();"
      },
      {
        "lineNumber": 35,
        "author": {
          "gitId": "mohideenik"
        },
        "content": "        } catch (IOException e) {"
      },
      {
        "lineNumber": 36,
        "author": {
          "gitId": "mohideenik"
        },
        "content": "            throw new DukeException(\"An unexpected error occurred when writing to the file. \" + e);"
      },
      {
        "lineNumber": 37,
        "author": {
          "gitId": "mohideenik"
        },
        "content": "        }"
      },
      {
        "lineNumber": 38,
        "author": {
          "gitId": "mohideenik"
        },
        "content": "    }"
      },
      {
        "lineNumber": 39,
        "author": {
          "gitId": "mohideenik"
        },
        "content": "}"
      }
    ],
    "authorContributionMap": {
      "mohideenik": 39
    }
  },
  {
    "path": "src/main/java/Task.java",
    "fileType": "java",
    "lines": [
      {
        "lineNumber": 1,
        "author": {
          "gitId": "mohideenik"
        },
        "content": "import java.io.Serializable;"
      },
      {
        "lineNumber": 2,
        "author": {
          "gitId": "mohideenik"
        },
        "content": ""
      },
      {
        "lineNumber": 3,
        "author": {
          "gitId": "mohideenik"
        },
        "content": "public abstract class Task implements Serializable {"
      },
      {
        "lineNumber": 4,
        "author": {
          "gitId": "mohideenik"
        },
        "content": "    private boolean isDone;"
      },
      {
        "lineNumber": 5,
        "author": {
          "gitId": "mohideenik"
        },
        "content": ""
      },
      {
        "lineNumber": 6,
        "author": {
          "gitId": "mohideenik"
        },
        "content": "    public Task() {"
      },
      {
        "lineNumber": 7,
        "author": {
          "gitId": "mohideenik"
        },
        "content": "        this.isDone \u003d false;"
      },
      {
        "lineNumber": 8,
        "author": {
          "gitId": "mohideenik"
        },
        "content": "    }"
      },
      {
        "lineNumber": 9,
        "author": {
          "gitId": "mohideenik"
        },
        "content": ""
      },
      {
        "lineNumber": 10,
        "author": {
          "gitId": "mohideenik"
        },
        "content": "    public void markAsDone() {"
      },
      {
        "lineNumber": 11,
        "author": {
          "gitId": "mohideenik"
        },
        "content": "        this.isDone \u003d true;"
      },
      {
        "lineNumber": 12,
        "author": {
          "gitId": "mohideenik"
        },
        "content": "    }"
      },
      {
        "lineNumber": 13,
        "author": {
          "gitId": "mohideenik"
        },
        "content": ""
      },
      {
        "lineNumber": 14,
        "author": {
          "gitId": "mohideenik"
        },
        "content": "    abstract public boolean containsKeyword(String keyword);"
      },
      {
        "lineNumber": 15,
        "author": {
          "gitId": "mohideenik"
        },
        "content": ""
      },
      {
        "lineNumber": 16,
        "author": {
          "gitId": "mohideenik"
        },
        "content": "    @Override"
      },
      {
        "lineNumber": 17,
        "author": {
          "gitId": "mohideenik"
        },
        "content": "    public String toString() {"
      },
      {
        "lineNumber": 18,
        "author": {
          "gitId": "mohideenik"
        },
        "content": "        return \"[\" + (this.isDone ? \"\\u2713\" : \"\\u2718\") + \"]\";"
      },
      {
        "lineNumber": 19,
        "author": {
          "gitId": "mohideenik"
        },
        "content": "    }"
      },
      {
        "lineNumber": 20,
        "author": {
          "gitId": "mohideenik"
        },
        "content": "}"
      }
    ],
    "authorContributionMap": {
      "mohideenik": 20
    }
  },
  {
    "path": "src/main/java/TaskList.java",
    "fileType": "java",
    "lines": [
      {
        "lineNumber": 1,
        "author": {
          "gitId": "mohideenik"
        },
        "content": "import java.io.Serializable;"
      },
      {
        "lineNumber": 2,
        "author": {
          "gitId": "mohideenik"
        },
        "content": "import java.util.ArrayList;"
      },
      {
        "lineNumber": 3,
        "author": {
          "gitId": "mohideenik"
        },
        "content": "import java.util.List;"
      },
      {
        "lineNumber": 4,
        "author": {
          "gitId": "mohideenik"
        },
        "content": ""
      },
      {
        "lineNumber": 5,
        "author": {
          "gitId": "mohideenik"
        },
        "content": "public class TaskList implements Serializable {"
      },
      {
        "lineNumber": 6,
        "author": {
          "gitId": "mohideenik"
        },
        "content": "    private List\u003cTask\u003e tasks;"
      },
      {
        "lineNumber": 7,
        "author": {
          "gitId": "mohideenik"
        },
        "content": ""
      },
      {
        "lineNumber": 8,
        "author": {
          "gitId": "mohideenik"
        },
        "content": "    public TaskList() {"
      },
      {
        "lineNumber": 9,
        "author": {
          "gitId": "mohideenik"
        },
        "content": "        this.tasks \u003d new ArrayList\u003c\u003e();"
      },
      {
        "lineNumber": 10,
        "author": {
          "gitId": "mohideenik"
        },
        "content": "    }"
      },
      {
        "lineNumber": 11,
        "author": {
          "gitId": "mohideenik"
        },
        "content": ""
      },
      {
        "lineNumber": 12,
        "author": {
          "gitId": "mohideenik"
        },
        "content": "    public TaskList(List\u003cTask\u003e tasks) {"
      },
      {
        "lineNumber": 13,
        "author": {
          "gitId": "mohideenik"
        },
        "content": "        this.tasks \u003d tasks;"
      },
      {
        "lineNumber": 14,
        "author": {
          "gitId": "mohideenik"
        },
        "content": "    }"
      },
      {
        "lineNumber": 15,
        "author": {
          "gitId": "mohideenik"
        },
        "content": ""
      },
      {
        "lineNumber": 16,
        "author": {
          "gitId": "mohideenik"
        },
        "content": "    public void add(Task task) {"
      },
      {
        "lineNumber": 17,
        "author": {
          "gitId": "mohideenik"
        },
        "content": "        tasks.add(task);"
      },
      {
        "lineNumber": 18,
        "author": {
          "gitId": "mohideenik"
        },
        "content": "    }"
      },
      {
        "lineNumber": 19,
        "author": {
          "gitId": "mohideenik"
        },
        "content": ""
      },
      {
        "lineNumber": 20,
        "author": {
          "gitId": "mohideenik"
        },
        "content": "    public List\u003cTask\u003e getTasks() {"
      },
      {
        "lineNumber": 21,
        "author": {
          "gitId": "mohideenik"
        },
        "content": "        return tasks;"
      },
      {
        "lineNumber": 22,
        "author": {
          "gitId": "mohideenik"
        },
        "content": "    }"
      },
      {
        "lineNumber": 23,
        "author": {
          "gitId": "mohideenik"
        },
        "content": ""
      },
      {
        "lineNumber": 24,
        "author": {
          "gitId": "mohideenik"
        },
        "content": "    public Task get(int i) {"
      },
      {
        "lineNumber": 25,
        "author": {
          "gitId": "mohideenik"
        },
        "content": "        return tasks.get(i);"
      },
      {
        "lineNumber": 26,
        "author": {
          "gitId": "mohideenik"
        },
        "content": "    }"
      },
      {
        "lineNumber": 27,
        "author": {
          "gitId": "mohideenik"
        },
        "content": ""
      },
      {
        "lineNumber": 28,
        "author": {
          "gitId": "mohideenik"
        },
        "content": "    public void delete(int i) {"
      },
      {
        "lineNumber": 29,
        "author": {
          "gitId": "mohideenik"
        },
        "content": "        tasks.remove(i);"
      },
      {
        "lineNumber": 30,
        "author": {
          "gitId": "mohideenik"
        },
        "content": "    }"
      },
      {
        "lineNumber": 31,
        "author": {
          "gitId": "mohideenik"
        },
        "content": "}"
      }
    ],
    "authorContributionMap": {
      "mohideenik": 31
    }
  },
  {
    "path": "src/main/java/Todo.java",
    "fileType": "java",
    "lines": [
      {
        "lineNumber": 1,
        "author": {
          "gitId": "mohideenik"
        },
        "content": "import java.util.List;"
      },
      {
        "lineNumber": 2,
        "author": {
          "gitId": "mohideenik"
        },
        "content": ""
      },
      {
        "lineNumber": 3,
        "author": {
          "gitId": "mohideenik"
        },
        "content": "public class Todo extends Task {"
      },
      {
        "lineNumber": 4,
        "author": {
          "gitId": "mohideenik"
        },
        "content": "    private String description;"
      },
      {
        "lineNumber": 5,
        "author": {
          "gitId": "mohideenik"
        },
        "content": ""
      },
      {
        "lineNumber": 6,
        "author": {
          "gitId": "mohideenik"
        },
        "content": "    public Todo(List\u003cString\u003e input) throws DukeException {"
      },
      {
        "lineNumber": 7,
        "author": {
          "gitId": "mohideenik"
        },
        "content": "        this.description \u003d String.join(\" \", input);"
      },
      {
        "lineNumber": 8,
        "author": {
          "gitId": "mohideenik"
        },
        "content": "        if (input.size() \u003d\u003d 0) {"
      },
      {
        "lineNumber": 9,
        "author": {
          "gitId": "mohideenik"
        },
        "content": "            throw new DukeException(\"Format for todo: todo \u003ctask\u003e\");"
      },
      {
        "lineNumber": 10,
        "author": {
          "gitId": "mohideenik"
        },
        "content": "        }"
      },
      {
        "lineNumber": 11,
        "author": {
          "gitId": "mohideenik"
        },
        "content": "    }"
      },
      {
        "lineNumber": 12,
        "author": {
          "gitId": "mohideenik"
        },
        "content": ""
      },
      {
        "lineNumber": 13,
        "author": {
          "gitId": "mohideenik"
        },
        "content": "    @Override"
      },
      {
        "lineNumber": 14,
        "author": {
          "gitId": "mohideenik"
        },
        "content": "    public boolean containsKeyword(String keyword) {"
      },
      {
        "lineNumber": 15,
        "author": {
          "gitId": "mohideenik"
        },
        "content": "        return this.description.contains(keyword);"
      },
      {
        "lineNumber": 16,
        "author": {
          "gitId": "mohideenik"
        },
        "content": "    }"
      },
      {
        "lineNumber": 17,
        "author": {
          "gitId": "mohideenik"
        },
        "content": ""
      },
      {
        "lineNumber": 18,
        "author": {
          "gitId": "mohideenik"
        },
        "content": "    @Override"
      },
      {
        "lineNumber": 19,
        "author": {
          "gitId": "mohideenik"
        },
        "content": "    public String toString() {"
      },
      {
        "lineNumber": 20,
        "author": {
          "gitId": "mohideenik"
        },
        "content": "        return String.format(\"[T]%s %s\", super.toString(), this.description);"
      },
      {
        "lineNumber": 21,
        "author": {
          "gitId": "mohideenik"
        },
        "content": "    }"
      },
      {
        "lineNumber": 22,
        "author": {
          "gitId": "mohideenik"
        },
        "content": "}"
      }
    ],
    "authorContributionMap": {
      "mohideenik": 22
    }
  },
  {
    "path": "src/main/java/Ui.java",
    "fileType": "java",
    "lines": [
      {
        "lineNumber": 1,
        "author": {
          "gitId": "mohideenik"
        },
        "content": "import java.util.List;"
      },
      {
        "lineNumber": 2,
        "author": {
          "gitId": "mohideenik"
        },
        "content": "import java.util.Scanner;"
      },
      {
        "lineNumber": 3,
        "author": {
          "gitId": "mohideenik"
        },
        "content": ""
      },
      {
        "lineNumber": 4,
        "author": {
          "gitId": "mohideenik"
        },
        "content": "public class Ui {"
      },
      {
        "lineNumber": 5,
        "author": {
          "gitId": "mohideenik"
        },
        "content": "    private Scanner sc;"
      },
      {
        "lineNumber": 6,
        "author": {
          "gitId": "mohideenik"
        },
        "content": ""
      },
      {
        "lineNumber": 7,
        "author": {
          "gitId": "mohideenik"
        },
        "content": "    public Ui() {"
      },
      {
        "lineNumber": 8,
        "author": {
          "gitId": "mohideenik"
        },
        "content": "        sc \u003d new Scanner(System.in);"
      },
      {
        "lineNumber": 9,
        "author": {
          "gitId": "mohideenik"
        },
        "content": "    }"
      },
      {
        "lineNumber": 10,
        "author": {
          "gitId": "mohideenik"
        },
        "content": ""
      },
      {
        "lineNumber": 11,
        "author": {
          "gitId": "mohideenik"
        },
        "content": "    public void beginBlock() {"
      },
      {
        "lineNumber": 12,
        "author": {
          "gitId": "mohideenik"
        },
        "content": "        printHR();"
      },
      {
        "lineNumber": 13,
        "author": {
          "gitId": "mohideenik"
        },
        "content": "    }"
      },
      {
        "lineNumber": 14,
        "author": {
          "gitId": "mohideenik"
        },
        "content": ""
      },
      {
        "lineNumber": 15,
        "author": {
          "gitId": "mohideenik"
        },
        "content": "    public void endBlock() {"
      },
      {
        "lineNumber": 16,
        "author": {
          "gitId": "mohideenik"
        },
        "content": "        printHR();"
      },
      {
        "lineNumber": 17,
        "author": {
          "gitId": "mohideenik"
        },
        "content": "    }"
      },
      {
        "lineNumber": 18,
        "author": {
          "gitId": "mohideenik"
        },
        "content": ""
      },
      {
        "lineNumber": 19,
        "author": {
          "gitId": "mohideenik"
        },
        "content": "    public void showWelcome() {"
      },
      {
        "lineNumber": 20,
        "author": {
          "gitId": "mohideenik"
        },
        "content": "        beginBlock();"
      },
      {
        "lineNumber": 21,
        "author": {
          "gitId": "mohideenik"
        },
        "content": "        printIndented(\"Hello! I\u0027m Duke\");"
      },
      {
        "lineNumber": 22,
        "author": {
          "gitId": "mohideenik"
        },
        "content": "        printIndented(\"What can I do for you?\");"
      },
      {
        "lineNumber": 23,
        "author": {
          "gitId": "mohideenik"
        },
        "content": "        endBlock();"
      },
      {
        "lineNumber": 24,
        "author": {
          "gitId": "mohideenik"
        },
        "content": "    }"
      },
      {
        "lineNumber": 25,
        "author": {
          "gitId": "mohideenik"
        },
        "content": ""
      },
      {
        "lineNumber": 26,
        "author": {
          "gitId": "mohideenik"
        },
        "content": "    public void showBye() {"
      },
      {
        "lineNumber": 27,
        "author": {
          "gitId": "mohideenik"
        },
        "content": "        printIndented(\"Bye. Hope to see you again soon!\");"
      },
      {
        "lineNumber": 28,
        "author": {
          "gitId": "mohideenik"
        },
        "content": "    }"
      },
      {
        "lineNumber": 29,
        "author": {
          "gitId": "mohideenik"
        },
        "content": ""
      },
      {
        "lineNumber": 30,
        "author": {
          "gitId": "mohideenik"
        },
        "content": "    public void showError(String message) {"
      },
      {
        "lineNumber": 31,
        "author": {
          "gitId": "mohideenik"
        },
        "content": "        printIndented(message);"
      },
      {
        "lineNumber": 32,
        "author": {
          "gitId": "mohideenik"
        },
        "content": "    }"
      },
      {
        "lineNumber": 33,
        "author": {
          "gitId": "mohideenik"
        },
        "content": ""
      },
      {
        "lineNumber": 34,
        "author": {
          "gitId": "mohideenik"
        },
        "content": "    public void showTaskAdded(List\u003cTask\u003e tasks, Task task) {"
      },
      {
        "lineNumber": 35,
        "author": {
          "gitId": "mohideenik"
        },
        "content": "        printIndented(\"Got it . I\u0027ve added this task:\");"
      },
      {
        "lineNumber": 36,
        "author": {
          "gitId": "mohideenik"
        },
        "content": "        printIndented(\"  \" + task);"
      },
      {
        "lineNumber": 37,
        "author": {
          "gitId": "mohideenik"
        },
        "content": "        showNumTasks(tasks);"
      },
      {
        "lineNumber": 38,
        "author": {
          "gitId": "mohideenik"
        },
        "content": "    }"
      },
      {
        "lineNumber": 39,
        "author": {
          "gitId": "mohideenik"
        },
        "content": ""
      },
      {
        "lineNumber": 40,
        "author": {
          "gitId": "mohideenik"
        },
        "content": "    public void showTaskList(List\u003cTask\u003e tasks) {"
      },
      {
        "lineNumber": 41,
        "author": {
          "gitId": "mohideenik"
        },
        "content": "        printIndented(\"Here are the tasks in your list:\");"
      },
      {
        "lineNumber": 42,
        "author": {
          "gitId": "mohideenik"
        },
        "content": "        showTasks(tasks);"
      },
      {
        "lineNumber": 43,
        "author": {
          "gitId": "mohideenik"
        },
        "content": "    }"
      },
      {
        "lineNumber": 44,
        "author": {
          "gitId": "mohideenik"
        },
        "content": ""
      },
      {
        "lineNumber": 45,
        "author": {
          "gitId": "mohideenik"
        },
        "content": "    public void showSearchResult(List\u003cTask\u003e tasks) {"
      },
      {
        "lineNumber": 46,
        "author": {
          "gitId": "mohideenik"
        },
        "content": "        printIndented(\"Here are the matching tasks in your list:\");"
      },
      {
        "lineNumber": 47,
        "author": {
          "gitId": "mohideenik"
        },
        "content": "        showTasks(tasks);"
      },
      {
        "lineNumber": 48,
        "author": {
          "gitId": "mohideenik"
        },
        "content": "    }"
      },
      {
        "lineNumber": 49,
        "author": {
          "gitId": "mohideenik"
        },
        "content": ""
      },
      {
        "lineNumber": 50,
        "author": {
          "gitId": "mohideenik"
        },
        "content": "    public void showDeletedTask(List\u003cTask\u003e tasks, Task task) {"
      },
      {
        "lineNumber": 51,
        "author": {
          "gitId": "mohideenik"
        },
        "content": "        printIndented(\"Noted. I\u0027ve removed this task:\");"
      },
      {
        "lineNumber": 52,
        "author": {
          "gitId": "mohideenik"
        },
        "content": "        printIndented(\"  \" + task);"
      },
      {
        "lineNumber": 53,
        "author": {
          "gitId": "mohideenik"
        },
        "content": "        showNumTasks(tasks);"
      },
      {
        "lineNumber": 54,
        "author": {
          "gitId": "mohideenik"
        },
        "content": "    }"
      },
      {
        "lineNumber": 55,
        "author": {
          "gitId": "mohideenik"
        },
        "content": ""
      },
      {
        "lineNumber": 56,
        "author": {
          "gitId": "mohideenik"
        },
        "content": "    public void showDoneTask(Task task) {"
      },
      {
        "lineNumber": 57,
        "author": {
          "gitId": "mohideenik"
        },
        "content": "        printIndented(\"Nice! I\u0027ve marked this task as done:\");"
      },
      {
        "lineNumber": 58,
        "author": {
          "gitId": "mohideenik"
        },
        "content": "        printIndented(\"  \" + task);"
      },
      {
        "lineNumber": 59,
        "author": {
          "gitId": "mohideenik"
        },
        "content": "    }"
      },
      {
        "lineNumber": 60,
        "author": {
          "gitId": "mohideenik"
        },
        "content": ""
      },
      {
        "lineNumber": 61,
        "author": {
          "gitId": "mohideenik"
        },
        "content": "    public String readCommand() {"
      },
      {
        "lineNumber": 62,
        "author": {
          "gitId": "mohideenik"
        },
        "content": "        return sc.nextLine();"
      },
      {
        "lineNumber": 63,
        "author": {
          "gitId": "mohideenik"
        },
        "content": "    }"
      },
      {
        "lineNumber": 64,
        "author": {
          "gitId": "mohideenik"
        },
        "content": ""
      },
      {
        "lineNumber": 65,
        "author": {
          "gitId": "mohideenik"
        },
        "content": "    private void printIndented(String line) {"
      },
      {
        "lineNumber": 66,
        "author": {
          "gitId": "mohideenik"
        },
        "content": "        System.out.println(\"    \" + line);"
      },
      {
        "lineNumber": 67,
        "author": {
          "gitId": "mohideenik"
        },
        "content": "    }"
      },
      {
        "lineNumber": 68,
        "author": {
          "gitId": "mohideenik"
        },
        "content": ""
      },
      {
        "lineNumber": 69,
        "author": {
          "gitId": "mohideenik"
        },
        "content": "    private void showNumTasks(List\u003cTask\u003e tasks) {"
      },
      {
        "lineNumber": 70,
        "author": {
          "gitId": "mohideenik"
        },
        "content": "        printIndented(\"Now you have \""
      },
      {
        "lineNumber": 71,
        "author": {
          "gitId": "mohideenik"
        },
        "content": "                + tasks.size()"
      },
      {
        "lineNumber": 72,
        "author": {
          "gitId": "mohideenik"
        },
        "content": "                + (tasks.size() \u003e 1 ? \" tasks\" : \" task\")"
      },
      {
        "lineNumber": 73,
        "author": {
          "gitId": "mohideenik"
        },
        "content": "                + \" in the list.\");"
      },
      {
        "lineNumber": 74,
        "author": {
          "gitId": "mohideenik"
        },
        "content": "    }"
      },
      {
        "lineNumber": 75,
        "author": {
          "gitId": "mohideenik"
        },
        "content": ""
      },
      {
        "lineNumber": 76,
        "author": {
          "gitId": "mohideenik"
        },
        "content": "    private void showTasks(List\u003cTask\u003e tasks) {"
      },
      {
        "lineNumber": 77,
        "author": {
          "gitId": "mohideenik"
        },
        "content": "        int counter \u003d 1;"
      },
      {
        "lineNumber": 78,
        "author": {
          "gitId": "mohideenik"
        },
        "content": "        for (Task task : tasks) {"
      },
      {
        "lineNumber": 79,
        "author": {
          "gitId": "mohideenik"
        },
        "content": "            printIndented(counter++ + \". \" + task);"
      },
      {
        "lineNumber": 80,
        "author": {
          "gitId": "mohideenik"
        },
        "content": "        }"
      },
      {
        "lineNumber": 81,
        "author": {
          "gitId": "mohideenik"
        },
        "content": "    }"
      },
      {
        "lineNumber": 82,
        "author": {
          "gitId": "mohideenik"
        },
        "content": ""
      },
      {
        "lineNumber": 83,
        "author": {
          "gitId": "mohideenik"
        },
        "content": "    private void printHR() {"
      },
      {
        "lineNumber": 84,
        "author": {
          "gitId": "mohideenik"
        },
        "content": "        printIndented(\"____________________________________________________________\");"
      },
      {
        "lineNumber": 85,
        "author": {
          "gitId": "mohideenik"
        },
        "content": "    }"
      },
      {
        "lineNumber": 86,
        "author": {
          "gitId": "mohideenik"
        },
        "content": "}"
      }
    ],
    "authorContributionMap": {
      "mohideenik": 86
    }
  }
]
