{
  "authorDailyContributionsMap": {
    "patwaririshab": [
      {
        "insertions": 25,
        "deletions": 4,
        "date": "2019-08-24",
        "commitResults": [
          {
            "hash": "b3f6ac41d386463eea6320a5508f24141fcee59e",
            "messageTitle": "Gradle Plugins Configured",
            "messageBody": "",
            "insertions": 25,
            "deletions": 4
          }
        ]
      },
      {
        "insertions": 64,
        "deletions": 23,
        "date": "2019-08-27",
        "commitResults": [
          {
            "hash": "d6248fe649f494319307a5d0488933120500a35f",
            "messageTitle": "Greet,Echo,Exit functionality completed",
            "messageBody": "",
            "insertions": 14,
            "deletions": 7
          },
          {
            "hash": "f534f2d5b286f9e7299755c2e35b9442e00a4d07",
            "messageTitle": "Greet,Echo,Exit functionality updated",
            "messageBody": "",
            "insertions": 19,
            "deletions": 9
          },
          {
            "hash": "cf8db2227a6d888bebdd963464e9f2aaa8a28c9f",
            "messageTitle": "Add, List Functionality Added",
            "messageBody": "",
            "insertions": 31,
            "deletions": 7
          }
        ]
      },
      {
        "insertions": 60,
        "deletions": 25,
        "date": "2019-08-28",
        "commitResults": [
          {
            "hash": "d3f90f501b1832609e84610965b47df17724945a",
            "messageTitle": "Updated to use ArrayList",
            "messageBody": "",
            "insertions": 18,
            "deletions": 11
          },
          {
            "hash": "aceb1a722b1118f63bd1e2c7e3f328719738765c",
            "messageTitle": "Added class \u0027Task\u0027",
            "messageBody": "",
            "insertions": 25,
            "deletions": 8
          },
          {
            "hash": "6fe60ec00b003f8166a26bb4af4d67ad20203479",
            "messageTitle": "Implemented getStatusIcon() method",
            "messageBody": "",
            "insertions": 1,
            "deletions": 1
          },
          {
            "hash": "9b3ba07e80a86cbb27ee69e8249e223f29682b7c",
            "messageTitle": "Able to mark status, and update done by writing done + \u003ctask\u003e",
            "messageBody": "",
            "insertions": 16,
            "deletions": 5
          }
        ]
      },
      {
        "insertions": 483,
        "deletions": 149,
        "date": "2019-08-29",
        "commitResults": [
          {
            "hash": "d9dffe8e5b28342aa1a487a97d0eaceb3ccbb639",
            "messageTitle": "Level3. Mark as Done Features Completed",
            "messageBody": "",
            "insertions": 15,
            "deletions": 14
          },
          {
            "hash": "73ff54b13df93ff794808e9b020f3dfe2a47f35f",
            "messageTitle": "- Added Todo, Deadline, Event classes - Updated getDescription() by doing conditional string slicing - Converted to swtich case in java.main",
            "messageBody": "",
            "insertions": 149,
            "deletions": 42
          },
          {
            "hash": "5f02dbb05c43f8b56e806cb24bd638884e1aa21c",
            "messageTitle": "- Fixed bugs like indentation - updated addDeadline() function",
            "messageBody": "",
            "insertions": 57,
            "deletions": 21
          },
          {
            "hash": "221bb9fb51028a4ed2c0ffde102e21bf4743b101",
            "messageTitle": "- Reused code for addDeadline() method, by modifying it to be reusable for adding Event - Should have completed Level-4 requirements",
            "messageBody": "",
            "insertions": 31,
            "deletions": 13
          },
          {
            "hash": "9b621a4cfb3e936257cb87e7ac01d108ca292d18",
            "messageTitle": "- Fixed errors where by the getAt() was concatenated",
            "messageBody": "",
            "insertions": 8,
            "deletions": 7
          },
          {
            "hash": "591a4a7812df72bb130a77b19547194bc1157350",
            "messageTitle": "- Added error hadling for wrong command word",
            "messageBody": "",
            "insertions": 3,
            "deletions": 2
          },
          {
            "hash": "b36b42f86d34d2bea13a578c402a0e88ae989848",
            "messageTitle": "- Added Exception Handling for the case when todo does not have a description",
            "messageBody": "",
            "insertions": 17,
            "deletions": 12
          },
          {
            "hash": "0bd5387774710584b7ecfe86f784b02e6be6d077",
            "messageTitle": "- Created my own Exception class - Added exception handling for invalid command and missing todo description",
            "messageBody": "",
            "insertions": 44,
            "deletions": 24
          },
          {
            "hash": "ccc248b4e123d4da139234eea0c5852d51bbfe64",
            "messageTitle": "- Added functionality to load from a text file",
            "messageBody": "",
            "insertions": 48,
            "deletions": 5
          },
          {
            "hash": "4a3d8cd2164997d0d258476f585f37c987bf8a96",
            "messageTitle": "- Added ability to write to persistent storage to task.txt",
            "messageBody": "",
            "insertions": 36,
            "deletions": 7
          },
          {
            "hash": "f7be1fffcb4588a7fe85f9b91332ff280374bf22",
            "messageTitle": "Added Date Recognition",
            "messageBody": "",
            "insertions": 75,
            "deletions": 2
          }
        ]
      },
      {
        "insertions": 53,
        "deletions": 31,
        "date": "2019-08-30",
        "commitResults": [
          {
            "hash": "b4568495225c1e3a5e697538982bcd6a6fce7a66",
            "messageTitle": "Level-8 requirements done",
            "messageBody": "",
            "insertions": 32,
            "deletions": 4
          },
          {
            "hash": "dca89b1bafae4f519a3d9115ba1213907bcd18b1",
            "messageTitle": "- Fixed bug with date time",
            "messageBody": "",
            "insertions": 9,
            "deletions": 3
          },
          {
            "hash": "1d8d5f864b8e1a37b975d1dedfe02be1dfce7dec",
            "messageTitle": "- Bugs with the printing of viewList() were fixed",
            "messageBody": "",
            "insertions": 12,
            "deletions": 24
          }
        ]
      },
      {
        "insertions": 82,
        "deletions": 52,
        "date": "2019-09-01",
        "commitResults": [
          {
            "hash": "4c4f10f3c3363bad28bb9956a5b1292c4466f4fd",
            "messageTitle": "- Added try catch exception handling for incorrect deadline or appointment input",
            "messageBody": "",
            "insertions": 50,
            "deletions": 49
          },
          {
            "hash": "b305cfd51a455204727d6b31920044790460c1dc",
            "messageTitle": "- Changes lists to ArrayLists to demonstrate use of A-Collections - Added delete functionality to tasks - Added exception handling for incorrect delete index in input",
            "messageBody": "",
            "insertions": 32,
            "deletions": 3
          }
        ]
      },
      {
        "insertions": 100,
        "deletions": 14,
        "date": "2019-09-05",
        "commitResults": [
          {
            "hash": "3576486fb8a1e94d034120053109cc77ce1f2d3a",
            "messageTitle": "- Added error handling for missing task.txt file, in order to always pass TextUiTesting",
            "messageBody": "",
            "insertions": 18,
            "deletions": 3
          },
          {
            "hash": "025e16292357238c457ba0175d61b0fa5c36d9bf",
            "messageTitle": "Added find functionality",
            "messageBody": "",
            "insertions": 79,
            "deletions": 9
          },
          {
            "hash": "d3b0f28318b0dac813d8b2659348fa0add778722",
            "messageTitle": "- Errors post merge resolves and testing added for find feature",
            "messageBody": "",
            "insertions": 3,
            "deletions": 2
          }
        ]
      },
      {
        "insertions": 401,
        "deletions": 308,
        "date": "2019-09-06",
        "commitResults": [
          {
            "hash": "35ec1233837704b5f9a261c68bb718d3fddde473",
            "messageTitle": "- More OOP",
            "messageBody": "",
            "insertions": 401,
            "deletions": 308
          }
        ]
      },
      {
        "insertions": 210,
        "deletions": 147,
        "date": "2019-09-12",
        "commitResults": [
          {
            "hash": "fc903e3df90a42f3182e0970b5dd8b738edda11a",
            "messageTitle": "- Fixed error whereby task done status was always being written as 0 to persistent storage",
            "messageBody": "",
            "insertions": 94,
            "deletions": 42
          },
          {
            "hash": "e4447df59737c92df878cc5bae55c04e9cb0b8a5",
            "messageTitle": "- Fixed issue whereby find would count the same task multiple time if more than 1 keyword matches",
            "messageBody": "",
            "insertions": 23,
            "deletions": 97
          },
          {
            "hash": "b419e9092c545a2eacfe384b68798faacd35db46",
            "messageTitle": "- Added error handling for updateDone() function",
            "messageBody": "",
            "insertions": 13,
            "deletions": 8
          },
          {
            "hash": "83e9992df9db9c08afa7cdeeaa8d5ad2e984eb51",
            "messageTitle": "- Added JUnit testing for Event class and Parser Class",
            "messageBody": "",
            "insertions": 65,
            "deletions": 0
          },
          {
            "hash": "91f57281d0d35ba1777813ccdd5aa2693d01d561",
            "messageTitle": "- Added Documentation for Duke and TaskList classes",
            "messageBody": "",
            "insertions": 15,
            "deletions": 0
          }
        ]
      }
    ]
  },
  "authorFinalContributionMap": {
    "patwaririshab": 733
  },
  "authorFileTypeContributionMap": {
    "patwaririshab": {
      "java": 711,
      "gradle": 22,
      "css": 0,
      "fxml": 0
    }
  },
  "authorContributionVariance": {
    "patwaririshab": 34298.46
  },
  "authorDisplayNameMap": {
    "patwaririshab": "F09-3 PAT..HAB"
  }
}
