[
  {
    "path": "build.gradle",
    "lines": [
      {
        "lineNumber": 1,
        "author": {
          "gitId": "-"
        },
        "content": "plugins {"
      },
      {
        "lineNumber": 2,
        "author": {
          "gitId": "-"
        },
        "content": "    id \u0027java\u0027"
      },
      {
        "lineNumber": 3,
        "author": {
          "gitId": "-"
        },
        "content": "    id \u0027application\u0027"
      },
      {
        "lineNumber": 4,
        "author": {
          "gitId": "-"
        },
        "content": "}"
      },
      {
        "lineNumber": 5,
        "author": {
          "gitId": "-"
        },
        "content": ""
      },
      {
        "lineNumber": 6,
        "author": {
          "gitId": "-"
        },
        "content": "group \u0027seedu.duke\u0027"
      },
      {
        "lineNumber": 7,
        "author": {
          "gitId": "-"
        },
        "content": "version \u00270.1.0\u0027"
      },
      {
        "lineNumber": 8,
        "author": {
          "gitId": "-"
        },
        "content": ""
      },
      {
        "lineNumber": 9,
        "author": {
          "gitId": "-"
        },
        "content": "repositories {"
      },
      {
        "lineNumber": 10,
        "author": {
          "gitId": "-"
        },
        "content": "    mavenCentral()"
      },
      {
        "lineNumber": 11,
        "author": {
          "gitId": "-"
        },
        "content": "}"
      },
      {
        "lineNumber": 12,
        "author": {
          "gitId": "-"
        },
        "content": ""
      },
      {
        "lineNumber": 13,
        "author": {
          "gitId": "-"
        },
        "content": "application {"
      },
      {
        "lineNumber": 14,
        "author": {
          "gitId": "-"
        },
        "content": "    // Change this to your main class."
      },
      {
        "lineNumber": 15,
        "author": {
          "gitId": "therealcs1010"
        },
        "content": "    mainClassName \u003d \"Duke\""
      },
      {
        "lineNumber": 16,
        "author": {
          "gitId": "-"
        },
        "content": "}"
      },
      {
        "lineNumber": 17,
        "author": {
          "gitId": "-"
        },
        "content": ""
      },
      {
        "lineNumber": 18,
        "author": {
          "gitId": "-"
        },
        "content": "run {"
      },
      {
        "lineNumber": 19,
        "author": {
          "gitId": "-"
        },
        "content": "    standardInput \u003d System.in"
      },
      {
        "lineNumber": 20,
        "author": {
          "gitId": "-"
        },
        "content": "}"
      }
    ],
    "authorContributionMap": {
      "therealcs1010": 1,
      "-": 19
    }
  },
  {
    "path": "src/duketask.txt",
    "lines": [
      {
        "lineNumber": 1,
        "author": {
          "gitId": "therealcs1010"
        },
        "content": "T/1/read book"
      },
      {
        "lineNumber": 2,
        "author": {
          "gitId": "therealcs1010"
        },
        "content": "D/0/return book/monday"
      },
      {
        "lineNumber": 3,
        "author": {
          "gitId": "therealcs1010"
        },
        "content": "E/1/scratch back/friday"
      },
      {
        "lineNumber": 4,
        "author": {
          "gitId": "therealcs1010"
        },
        "content": "D/0/Do Homework/Tuesday"
      }
    ],
    "authorContributionMap": {
      "therealcs1010": 4
    }
  },
  {
    "path": "src/main/java/Actions.java",
    "lines": [
      {
        "lineNumber": 1,
        "author": {
          "gitId": "therealcs1010"
        },
        "content": "import java.util.Arrays;"
      },
      {
        "lineNumber": 2,
        "author": {
          "gitId": "therealcs1010"
        },
        "content": "import java.util.HashSet;"
      },
      {
        "lineNumber": 3,
        "author": {
          "gitId": "therealcs1010"
        },
        "content": ""
      },
      {
        "lineNumber": 4,
        "author": {
          "gitId": "therealcs1010"
        },
        "content": "class Actions {"
      },
      {
        "lineNumber": 5,
        "author": {
          "gitId": "therealcs1010"
        },
        "content": "    HashSet\u003cString\u003e available \u003d new HashSet\u003cString\u003e(Arrays.asList(\"todo\", \"list\", \"event\", \"deadline\", \"bye\", \"done\"));"
      },
      {
        "lineNumber": 6,
        "author": {
          "gitId": "therealcs1010"
        },
        "content": "}"
      }
    ],
    "authorContributionMap": {
      "therealcs1010": 6
    }
  },
  {
    "path": "src/main/java/Classes/Deadline.java",
    "lines": [
      {
        "lineNumber": 1,
        "author": {
          "gitId": "therealcs1010"
        },
        "content": "package Classes;"
      },
      {
        "lineNumber": 2,
        "author": {
          "gitId": "therealcs1010"
        },
        "content": ""
      },
      {
        "lineNumber": 3,
        "author": {
          "gitId": "therealcs1010"
        },
        "content": "import java.text.ParseException;"
      },
      {
        "lineNumber": 4,
        "author": {
          "gitId": "therealcs1010"
        },
        "content": "import java.text.SimpleDateFormat;"
      },
      {
        "lineNumber": 5,
        "author": {
          "gitId": "therealcs1010"
        },
        "content": "import java.util.Date;"
      },
      {
        "lineNumber": 6,
        "author": {
          "gitId": "therealcs1010"
        },
        "content": ""
      },
      {
        "lineNumber": 7,
        "author": {
          "gitId": "therealcs1010"
        },
        "content": "public class Deadline extends Task {"
      },
      {
        "lineNumber": 8,
        "author": {
          "gitId": "therealcs1010"
        },
        "content": ""
      },
      {
        "lineNumber": 9,
        "author": {
          "gitId": "therealcs1010"
        },
        "content": "    private String by;"
      },
      {
        "lineNumber": 10,
        "author": {
          "gitId": "therealcs1010"
        },
        "content": ""
      },
      {
        "lineNumber": 11,
        "author": {
          "gitId": "therealcs1010"
        },
        "content": "    private Date myDeadline \u003d new Date();"
      },
      {
        "lineNumber": 12,
        "author": {
          "gitId": "therealcs1010"
        },
        "content": ""
      },
      {
        "lineNumber": 13,
        "author": {
          "gitId": "therealcs1010"
        },
        "content": "    public Deadline(String description, String type, String by) {"
      },
      {
        "lineNumber": 14,
        "author": {
          "gitId": "therealcs1010"
        },
        "content": "        super(description, type);"
      },
      {
        "lineNumber": 15,
        "author": {
          "gitId": "therealcs1010"
        },
        "content": "        this.by \u003d by;"
      },
      {
        "lineNumber": 16,
        "author": {
          "gitId": "therealcs1010"
        },
        "content": "        try {"
      },
      {
        "lineNumber": 17,
        "author": {
          "gitId": "therealcs1010"
        },
        "content": "            setDate(this.by);"
      },
      {
        "lineNumber": 18,
        "author": {
          "gitId": "therealcs1010"
        },
        "content": "        } catch (ParseException e) {"
      },
      {
        "lineNumber": 19,
        "author": {
          "gitId": "therealcs1010"
        },
        "content": ""
      },
      {
        "lineNumber": 20,
        "author": {
          "gitId": "therealcs1010"
        },
        "content": "        }"
      },
      {
        "lineNumber": 21,
        "author": {
          "gitId": "therealcs1010"
        },
        "content": "    }"
      },
      {
        "lineNumber": 22,
        "author": {
          "gitId": "therealcs1010"
        },
        "content": ""
      },
      {
        "lineNumber": 23,
        "author": {
          "gitId": "therealcs1010"
        },
        "content": "    @Override"
      },
      {
        "lineNumber": 24,
        "author": {
          "gitId": "therealcs1010"
        },
        "content": "    public String toString() {"
      },
      {
        "lineNumber": 25,
        "author": {
          "gitId": "therealcs1010"
        },
        "content": "        return \"[D][\" + super.getStatusIcon() + \"] \" + super.getDescription() + \" (by: \" + this.by + \")\";"
      },
      {
        "lineNumber": 26,
        "author": {
          "gitId": "therealcs1010"
        },
        "content": "    }"
      },
      {
        "lineNumber": 27,
        "author": {
          "gitId": "therealcs1010"
        },
        "content": ""
      },
      {
        "lineNumber": 28,
        "author": {
          "gitId": "therealcs1010"
        },
        "content": "    public String doneBy() {"
      },
      {
        "lineNumber": 29,
        "author": {
          "gitId": "therealcs1010"
        },
        "content": "        return this.by;"
      },
      {
        "lineNumber": 30,
        "author": {
          "gitId": "therealcs1010"
        },
        "content": "    }"
      },
      {
        "lineNumber": 31,
        "author": {
          "gitId": "therealcs1010"
        },
        "content": ""
      },
      {
        "lineNumber": 32,
        "author": {
          "gitId": "therealcs1010"
        },
        "content": "    private void setDate(String a) throws ParseException {"
      },
      {
        "lineNumber": 33,
        "author": {
          "gitId": "therealcs1010"
        },
        "content": "      SimpleDateFormat f1 \u003d new SimpleDateFormat(\"dd/MM/yyyy HHmm\");"
      },
      {
        "lineNumber": 34,
        "author": {
          "gitId": "therealcs1010"
        },
        "content": "      this.myDeadline \u003d f1.parse(this.by);"
      },
      {
        "lineNumber": 35,
        "author": {
          "gitId": "therealcs1010"
        },
        "content": "    }"
      },
      {
        "lineNumber": 36,
        "author": {
          "gitId": "therealcs1010"
        },
        "content": ""
      },
      {
        "lineNumber": 37,
        "author": {
          "gitId": "therealcs1010"
        },
        "content": "}"
      }
    ],
    "authorContributionMap": {
      "therealcs1010": 37
    }
  },
  {
    "path": "src/main/java/Classes/Event.java",
    "lines": [
      {
        "lineNumber": 1,
        "author": {
          "gitId": "therealcs1010"
        },
        "content": "package Classes;"
      },
      {
        "lineNumber": 2,
        "author": {
          "gitId": "therealcs1010"
        },
        "content": ""
      },
      {
        "lineNumber": 3,
        "author": {
          "gitId": "therealcs1010"
        },
        "content": "import java.text.ParseException;"
      },
      {
        "lineNumber": 4,
        "author": {
          "gitId": "therealcs1010"
        },
        "content": "import java.text.SimpleDateFormat;"
      },
      {
        "lineNumber": 5,
        "author": {
          "gitId": "therealcs1010"
        },
        "content": "import java.util.Date;"
      },
      {
        "lineNumber": 6,
        "author": {
          "gitId": "therealcs1010"
        },
        "content": ""
      },
      {
        "lineNumber": 7,
        "author": {
          "gitId": "therealcs1010"
        },
        "content": "public class Event extends Task {"
      },
      {
        "lineNumber": 8,
        "author": {
          "gitId": "therealcs1010"
        },
        "content": ""
      },
      {
        "lineNumber": 9,
        "author": {
          "gitId": "therealcs1010"
        },
        "content": "    String at;"
      },
      {
        "lineNumber": 10,
        "author": {
          "gitId": "therealcs1010"
        },
        "content": "    Date myTime \u003d new Date();"
      },
      {
        "lineNumber": 11,
        "author": {
          "gitId": "therealcs1010"
        },
        "content": "    public Event(String description, String type, String at) {"
      },
      {
        "lineNumber": 12,
        "author": {
          "gitId": "therealcs1010"
        },
        "content": "        super(description, type);"
      },
      {
        "lineNumber": 13,
        "author": {
          "gitId": "therealcs1010"
        },
        "content": "        this.at \u003d at;"
      },
      {
        "lineNumber": 14,
        "author": {
          "gitId": "therealcs1010"
        },
        "content": "        try {"
      },
      {
        "lineNumber": 15,
        "author": {
          "gitId": "therealcs1010"
        },
        "content": "            setDate(this.at);"
      },
      {
        "lineNumber": 16,
        "author": {
          "gitId": "therealcs1010"
        },
        "content": "        } catch (ParseException e) {"
      },
      {
        "lineNumber": 17,
        "author": {
          "gitId": "therealcs1010"
        },
        "content": "        }"
      },
      {
        "lineNumber": 18,
        "author": {
          "gitId": "therealcs1010"
        },
        "content": "    }"
      },
      {
        "lineNumber": 19,
        "author": {
          "gitId": "therealcs1010"
        },
        "content": ""
      },
      {
        "lineNumber": 20,
        "author": {
          "gitId": "therealcs1010"
        },
        "content": "    @Override"
      },
      {
        "lineNumber": 21,
        "author": {
          "gitId": "therealcs1010"
        },
        "content": "    public String toString() {"
      },
      {
        "lineNumber": 22,
        "author": {
          "gitId": "therealcs1010"
        },
        "content": "        return \"[E][\" + super.getStatusIcon() + \"] \" + super.getDescription() + \" (at: \" + this.at + \")\";"
      },
      {
        "lineNumber": 23,
        "author": {
          "gitId": "therealcs1010"
        },
        "content": "    }"
      },
      {
        "lineNumber": 24,
        "author": {
          "gitId": "therealcs1010"
        },
        "content": "    public String doneAt() {"
      },
      {
        "lineNumber": 25,
        "author": {
          "gitId": "therealcs1010"
        },
        "content": "        return this.at;"
      },
      {
        "lineNumber": 26,
        "author": {
          "gitId": "therealcs1010"
        },
        "content": "    }"
      },
      {
        "lineNumber": 27,
        "author": {
          "gitId": "therealcs1010"
        },
        "content": ""
      },
      {
        "lineNumber": 28,
        "author": {
          "gitId": "therealcs1010"
        },
        "content": "    private void setDate(String a) throws ParseException {"
      },
      {
        "lineNumber": 29,
        "author": {
          "gitId": "therealcs1010"
        },
        "content": "        SimpleDateFormat f1 \u003d new SimpleDateFormat(\"dd/MM/yyyy HHmm\");"
      },
      {
        "lineNumber": 30,
        "author": {
          "gitId": "therealcs1010"
        },
        "content": "        this.myTime \u003d f1.parse(this.at);"
      },
      {
        "lineNumber": 31,
        "author": {
          "gitId": "therealcs1010"
        },
        "content": "    }"
      },
      {
        "lineNumber": 32,
        "author": {
          "gitId": "therealcs1010"
        },
        "content": ""
      },
      {
        "lineNumber": 33,
        "author": {
          "gitId": "therealcs1010"
        },
        "content": "}"
      }
    ],
    "authorContributionMap": {
      "therealcs1010": 33
    }
  },
  {
    "path": "src/main/java/Classes/Task.java",
    "lines": [
      {
        "lineNumber": 1,
        "author": {
          "gitId": "therealcs1010"
        },
        "content": "package Classes;"
      },
      {
        "lineNumber": 2,
        "author": {
          "gitId": "therealcs1010"
        },
        "content": ""
      },
      {
        "lineNumber": 3,
        "author": {
          "gitId": "therealcs1010"
        },
        "content": "public class Task {"
      },
      {
        "lineNumber": 4,
        "author": {
          "gitId": "therealcs1010"
        },
        "content": ""
      },
      {
        "lineNumber": 5,
        "author": {
          "gitId": "therealcs1010"
        },
        "content": "    private String description;"
      },
      {
        "lineNumber": 6,
        "author": {
          "gitId": "therealcs1010"
        },
        "content": "    private boolean isDone;"
      },
      {
        "lineNumber": 7,
        "author": {
          "gitId": "therealcs1010"
        },
        "content": "    private String type;"
      },
      {
        "lineNumber": 8,
        "author": {
          "gitId": "therealcs1010"
        },
        "content": ""
      },
      {
        "lineNumber": 9,
        "author": {
          "gitId": "therealcs1010"
        },
        "content": "    public Task(String description, String type) {  //Constructor which sets up the description of the task and sets it to undone"
      },
      {
        "lineNumber": 10,
        "author": {
          "gitId": "therealcs1010"
        },
        "content": "        this.description \u003d description;"
      },
      {
        "lineNumber": 11,
        "author": {
          "gitId": "therealcs1010"
        },
        "content": "        this.type \u003d type;"
      },
      {
        "lineNumber": 12,
        "author": {
          "gitId": "therealcs1010"
        },
        "content": "        this.isDone \u003d false;"
      },
      {
        "lineNumber": 13,
        "author": {
          "gitId": "therealcs1010"
        },
        "content": "    }"
      },
      {
        "lineNumber": 14,
        "author": {
          "gitId": "therealcs1010"
        },
        "content": ""
      },
      {
        "lineNumber": 15,
        "author": {
          "gitId": "therealcs1010"
        },
        "content": "    public String getStatusIcon() {"
      },
      {
        "lineNumber": 16,
        "author": {
          "gitId": "therealcs1010"
        },
        "content": "        return (isDone ? \"\\u2713\" : \"\\u2718\"); //return tick or X symbols"
      },
      {
        "lineNumber": 17,
        "author": {
          "gitId": "therealcs1010"
        },
        "content": "    }"
      },
      {
        "lineNumber": 18,
        "author": {
          "gitId": "therealcs1010"
        },
        "content": ""
      },
      {
        "lineNumber": 19,
        "author": {
          "gitId": "therealcs1010"
        },
        "content": "    public String getDescription() {"
      },
      {
        "lineNumber": 20,
        "author": {
          "gitId": "therealcs1010"
        },
        "content": "        return this.description; //returns the description"
      },
      {
        "lineNumber": 21,
        "author": {
          "gitId": "therealcs1010"
        },
        "content": "    }"
      },
      {
        "lineNumber": 22,
        "author": {
          "gitId": "therealcs1010"
        },
        "content": ""
      },
      {
        "lineNumber": 23,
        "author": {
          "gitId": "therealcs1010"
        },
        "content": "    public void setDone() {"
      },
      {
        "lineNumber": 24,
        "author": {
          "gitId": "therealcs1010"
        },
        "content": "        this.isDone \u003d true; //set as done"
      },
      {
        "lineNumber": 25,
        "author": {
          "gitId": "therealcs1010"
        },
        "content": "    }"
      },
      {
        "lineNumber": 26,
        "author": {
          "gitId": "therealcs1010"
        },
        "content": ""
      },
      {
        "lineNumber": 27,
        "author": {
          "gitId": "therealcs1010"
        },
        "content": "    public boolean checkDone() {"
      },
      {
        "lineNumber": 28,
        "author": {
          "gitId": "therealcs1010"
        },
        "content": "        return this.isDone; //checks if done."
      },
      {
        "lineNumber": 29,
        "author": {
          "gitId": "therealcs1010"
        },
        "content": "    }"
      },
      {
        "lineNumber": 30,
        "author": {
          "gitId": "therealcs1010"
        },
        "content": "    public String checkType() {"
      },
      {
        "lineNumber": 31,
        "author": {
          "gitId": "therealcs1010"
        },
        "content": "        return this.type;"
      },
      {
        "lineNumber": 32,
        "author": {
          "gitId": "therealcs1010"
        },
        "content": "    }"
      },
      {
        "lineNumber": 33,
        "author": {
          "gitId": "therealcs1010"
        },
        "content": "    @Override"
      },
      {
        "lineNumber": 34,
        "author": {
          "gitId": "therealcs1010"
        },
        "content": "    public String toString() {"
      },
      {
        "lineNumber": 35,
        "author": {
          "gitId": "therealcs1010"
        },
        "content": "        return \"[T][\" + this.getStatusIcon() + \"] \" + this.getDescription();"
      },
      {
        "lineNumber": 36,
        "author": {
          "gitId": "therealcs1010"
        },
        "content": "    }"
      },
      {
        "lineNumber": 37,
        "author": {
          "gitId": "therealcs1010"
        },
        "content": "    //..."
      },
      {
        "lineNumber": 38,
        "author": {
          "gitId": "therealcs1010"
        },
        "content": "}"
      }
    ],
    "authorContributionMap": {
      "therealcs1010": 38
    }
  },
  {
    "path": "src/main/java/Duke.java",
    "lines": [
      {
        "lineNumber": 1,
        "author": {
          "gitId": "therealcs1010"
        },
        "content": "import Classes.Deadline;"
      },
      {
        "lineNumber": 2,
        "author": {
          "gitId": "therealcs1010"
        },
        "content": "import Classes.Event;"
      },
      {
        "lineNumber": 3,
        "author": {
          "gitId": "therealcs1010"
        },
        "content": "import Classes.Task;"
      },
      {
        "lineNumber": 4,
        "author": {
          "gitId": "therealcs1010"
        },
        "content": ""
      },
      {
        "lineNumber": 5,
        "author": {
          "gitId": "therealcs1010"
        },
        "content": "import java.io.*;"
      },
      {
        "lineNumber": 6,
        "author": {
          "gitId": "therealcs1010"
        },
        "content": "import java.nio.charset.StandardCharsets;"
      },
      {
        "lineNumber": 7,
        "author": {
          "gitId": "therealcs1010"
        },
        "content": "import java.util.*;"
      },
      {
        "lineNumber": 8,
        "author": {
          "gitId": "therealcs1010"
        },
        "content": "import java.io.PrintStream;"
      },
      {
        "lineNumber": 9,
        "author": {
          "gitId": "therealcs1010"
        },
        "content": ""
      },
      {
        "lineNumber": 10,
        "author": {
          "gitId": "-"
        },
        "content": "public class Duke {"
      },
      {
        "lineNumber": 11,
        "author": {
          "gitId": "therealcs1010"
        },
        "content": ""
      },
      {
        "lineNumber": 12,
        "author": {
          "gitId": "therealcs1010"
        },
        "content": "    static ArrayList\u003cTask\u003e messages \u003d new ArrayList\u003cTask\u003e();"
      },
      {
        "lineNumber": 13,
        "author": {
          "gitId": "therealcs1010"
        },
        "content": "    private static String formatLine \u003d \"    ____________________________________________________________\";"
      },
      {
        "lineNumber": 14,
        "author": {
          "gitId": "therealcs1010"
        },
        "content": ""
      },
      {
        "lineNumber": 15,
        "author": {
          "gitId": "therealcs1010"
        },
        "content": "    /**"
      },
      {
        "lineNumber": 16,
        "author": {
          "gitId": "therealcs1010"
        },
        "content": "     *"
      },
      {
        "lineNumber": 17,
        "author": {
          "gitId": "therealcs1010"
        },
        "content": "     * @param args"
      },
      {
        "lineNumber": 18,
        "author": {
          "gitId": "therealcs1010"
        },
        "content": "     * @throws FileNotFoundException"
      },
      {
        "lineNumber": 19,
        "author": {
          "gitId": "therealcs1010"
        },
        "content": "     * @throws UnsupportedEncodingException"
      },
      {
        "lineNumber": 20,
        "author": {
          "gitId": "therealcs1010"
        },
        "content": "     *"
      },
      {
        "lineNumber": 21,
        "author": {
          "gitId": "therealcs1010"
        },
        "content": "     * This main method prints the welcome message, then reads in the input from the file to determine the previous inputs,"
      },
      {
        "lineNumber": 22,
        "author": {
          "gitId": "therealcs1010"
        },
        "content": "     * The scanner class then reads in any input on the terminal before determining action."
      },
      {
        "lineNumber": 23,
        "author": {
          "gitId": "therealcs1010"
        },
        "content": "     * Upon receiving \"goodbye\", it will update the file before terminating the program."
      },
      {
        "lineNumber": 24,
        "author": {
          "gitId": "therealcs1010"
        },
        "content": "     *"
      },
      {
        "lineNumber": 25,
        "author": {
          "gitId": "therealcs1010"
        },
        "content": "     *"
      },
      {
        "lineNumber": 26,
        "author": {
          "gitId": "therealcs1010"
        },
        "content": "     */"
      },
      {
        "lineNumber": 27,
        "author": {
          "gitId": "therealcs1010"
        },
        "content": "    public static void main(String[] args) throws FileNotFoundException, UnsupportedEncodingException {"
      },
      {
        "lineNumber": 28,
        "author": {
          "gitId": "therealcs1010"
        },
        "content": "        printWelcome(); //prints the welcome message"
      },
      {
        "lineNumber": 29,
        "author": {
          "gitId": "therealcs1010"
        },
        "content": "        readFiles(); //reads in previous file input"
      },
      {
        "lineNumber": 30,
        "author": {
          "gitId": "therealcs1010"
        },
        "content": "        Scanner s \u003d new Scanner(System.in); //Scans in input from cmd line"
      },
      {
        "lineNumber": 31,
        "author": {
          "gitId": "therealcs1010"
        },
        "content": "        while (true) {"
      },
      {
        "lineNumber": 32,
        "author": {
          "gitId": "therealcs1010"
        },
        "content": "            System.out.println(formatLine);"
      },
      {
        "lineNumber": 33,
        "author": {
          "gitId": "therealcs1010"
        },
        "content": "            String action \u003d s.next(); //reads in string if there is any"
      },
      {
        "lineNumber": 34,
        "author": {
          "gitId": "therealcs1010"
        },
        "content": "            if (action.equals(\"bye\")) {"
      },
      {
        "lineNumber": 35,
        "author": {
          "gitId": "therealcs1010"
        },
        "content": "                updateDatabase();"
      },
      {
        "lineNumber": 36,
        "author": {
          "gitId": "therealcs1010"
        },
        "content": "                printGoodbye();"
      },
      {
        "lineNumber": 37,
        "author": {
          "gitId": "therealcs1010"
        },
        "content": "                s.close();"
      },
      {
        "lineNumber": 38,
        "author": {
          "gitId": "therealcs1010"
        },
        "content": "                return;"
      },
      {
        "lineNumber": 39,
        "author": {
          "gitId": "therealcs1010"
        },
        "content": "            }"
      },
      {
        "lineNumber": 40,
        "author": {
          "gitId": "therealcs1010"
        },
        "content": "            System.out.println(formatLine);"
      },
      {
        "lineNumber": 41,
        "author": {
          "gitId": "therealcs1010"
        },
        "content": "            decideAction(action, s);"
      },
      {
        "lineNumber": 42,
        "author": {
          "gitId": "therealcs1010"
        },
        "content": ""
      },
      {
        "lineNumber": 43,
        "author": {
          "gitId": "therealcs1010"
        },
        "content": "        }"
      },
      {
        "lineNumber": 44,
        "author": {
          "gitId": "therealcs1010"
        },
        "content": ""
      },
      {
        "lineNumber": 45,
        "author": {
          "gitId": "therealcs1010"
        },
        "content": "    }"
      },
      {
        "lineNumber": 46,
        "author": {
          "gitId": "therealcs1010"
        },
        "content": ""
      },
      {
        "lineNumber": 47,
        "author": {
          "gitId": "therealcs1010"
        },
        "content": "    private static void decideAction(String a, Scanner s) throws UnsupportedEncodingException {"
      },
      {
        "lineNumber": 48,
        "author": {
          "gitId": "therealcs1010"
        },
        "content": "        Actions currentAvailableActions \u003d new Actions();"
      },
      {
        "lineNumber": 49,
        "author": {
          "gitId": "therealcs1010"
        },
        "content": "        PrintStream out \u003d new PrintStream(System.out, false, StandardCharsets.UTF_8);"
      },
      {
        "lineNumber": 50,
        "author": {
          "gitId": "therealcs1010"
        },
        "content": ""
      },
      {
        "lineNumber": 51,
        "author": {
          "gitId": "therealcs1010"
        },
        "content": "        if (!currentAvailableActions.available.contains(a)) {"
      },
      {
        "lineNumber": 52,
        "author": {
          "gitId": "therealcs1010"
        },
        "content": "            out.println(\"\\tOOPS!!! I\u0027m sorry, but I don\u0027t know what that means.\");"
      },
      {
        "lineNumber": 53,
        "author": {
          "gitId": "therealcs1010"
        },
        "content": "            s.nextLine();"
      },
      {
        "lineNumber": 54,
        "author": {
          "gitId": "therealcs1010"
        },
        "content": "            return;"
      },
      {
        "lineNumber": 55,
        "author": {
          "gitId": "therealcs1010"
        },
        "content": "        }"
      },
      {
        "lineNumber": 56,
        "author": {
          "gitId": "therealcs1010"
        },
        "content": "        switch(a) {"
      },
      {
        "lineNumber": 57,
        "author": {
          "gitId": "therealcs1010"
        },
        "content": "            case \"list\":"
      },
      {
        "lineNumber": 58,
        "author": {
          "gitId": "therealcs1010"
        },
        "content": "                printList();"
      },
      {
        "lineNumber": 59,
        "author": {
          "gitId": "therealcs1010"
        },
        "content": "                break;"
      },
      {
        "lineNumber": 60,
        "author": {
          "gitId": "therealcs1010"
        },
        "content": ""
      },
      {
        "lineNumber": 61,
        "author": {
          "gitId": "therealcs1010"
        },
        "content": "            case \"done\":"
      },
      {
        "lineNumber": 62,
        "author": {
          "gitId": "therealcs1010"
        },
        "content": "                int val \u003d s.nextInt();"
      },
      {
        "lineNumber": 63,
        "author": {
          "gitId": "therealcs1010"
        },
        "content": "                val--;"
      },
      {
        "lineNumber": 64,
        "author": {
          "gitId": "therealcs1010"
        },
        "content": "                Task atHand \u003d messages.get(val);"
      },
      {
        "lineNumber": 65,
        "author": {
          "gitId": "therealcs1010"
        },
        "content": "                atHand.setDone();"
      },
      {
        "lineNumber": 66,
        "author": {
          "gitId": "therealcs1010"
        },
        "content": "                messages.set(val, atHand);"
      },
      {
        "lineNumber": 67,
        "author": {
          "gitId": "therealcs1010"
        },
        "content": "                printMarkedAsDone(val);"
      },
      {
        "lineNumber": 68,
        "author": {
          "gitId": "therealcs1010"
        },
        "content": "                break;"
      },
      {
        "lineNumber": 69,
        "author": {
          "gitId": "therealcs1010"
        },
        "content": ""
      },
      {
        "lineNumber": 70,
        "author": {
          "gitId": "therealcs1010"
        },
        "content": "            default:"
      },
      {
        "lineNumber": 71,
        "author": {
          "gitId": "therealcs1010"
        },
        "content": "                createClass(s, a);"
      },
      {
        "lineNumber": 72,
        "author": {
          "gitId": "therealcs1010"
        },
        "content": "                break;"
      },
      {
        "lineNumber": 73,
        "author": {
          "gitId": "therealcs1010"
        },
        "content": "        }"
      },
      {
        "lineNumber": 74,
        "author": {
          "gitId": "therealcs1010"
        },
        "content": "    }"
      },
      {
        "lineNumber": 75,
        "author": {
          "gitId": "therealcs1010"
        },
        "content": ""
      },
      {
        "lineNumber": 76,
        "author": {
          "gitId": "therealcs1010"
        },
        "content": "    private static void createClass(Scanner s, String a) throws UnsupportedEncodingException {"
      },
      {
        "lineNumber": 77,
        "author": {
          "gitId": "therealcs1010"
        },
        "content": ""
      },
      {
        "lineNumber": 78,
        "author": {
          "gitId": "therealcs1010"
        },
        "content": "        String item;"
      },
      {
        "lineNumber": 79,
        "author": {
          "gitId": "therealcs1010"
        },
        "content": "        String [] arr;"
      },
      {
        "lineNumber": 80,
        "author": {
          "gitId": "therealcs1010"
        },
        "content": "        item \u003d s.nextLine();"
      },
      {
        "lineNumber": 81,
        "author": {
          "gitId": "therealcs1010"
        },
        "content": "        if (item.isBlank()) {"
      },
      {
        "lineNumber": 82,
        "author": {
          "gitId": "therealcs1010"
        },
        "content": "            System.out.println(\"\\tOOPS!!! The description cannot be empty.\");"
      },
      {
        "lineNumber": 83,
        "author": {
          "gitId": "therealcs1010"
        },
        "content": "            return;"
      },
      {
        "lineNumber": 84,
        "author": {
          "gitId": "therealcs1010"
        },
        "content": "        }"
      },
      {
        "lineNumber": 85,
        "author": {
          "gitId": "therealcs1010"
        },
        "content": "        switch(a) {"
      },
      {
        "lineNumber": 86,
        "author": {
          "gitId": "therealcs1010"
        },
        "content": "                case \"todo\" :"
      },
      {
        "lineNumber": 87,
        "author": {
          "gitId": "therealcs1010"
        },
        "content": "                    item \u003d item.strip();"
      },
      {
        "lineNumber": 88,
        "author": {
          "gitId": "therealcs1010"
        },
        "content": "                    Task newTask \u003d new Task(item, \"T\");"
      },
      {
        "lineNumber": 89,
        "author": {
          "gitId": "therealcs1010"
        },
        "content": "                    messages.add(newTask);"
      },
      {
        "lineNumber": 90,
        "author": {
          "gitId": "therealcs1010"
        },
        "content": "                    printAdded(newTask);"
      },
      {
        "lineNumber": 91,
        "author": {
          "gitId": "therealcs1010"
        },
        "content": "                    break;"
      },
      {
        "lineNumber": 92,
        "author": {
          "gitId": "therealcs1010"
        },
        "content": ""
      },
      {
        "lineNumber": 93,
        "author": {
          "gitId": "therealcs1010"
        },
        "content": "                case \"deadline\" :"
      },
      {
        "lineNumber": 94,
        "author": {
          "gitId": "therealcs1010"
        },
        "content": "                    try {"
      },
      {
        "lineNumber": 95,
        "author": {
          "gitId": "therealcs1010"
        },
        "content": "                        arr \u003d item.split(\"/by \");"
      },
      {
        "lineNumber": 96,
        "author": {
          "gitId": "therealcs1010"
        },
        "content": "                        arr[0] \u003d arr[0].trim();"
      },
      {
        "lineNumber": 97,
        "author": {
          "gitId": "therealcs1010"
        },
        "content": "                        Deadline newDeadline \u003d new Deadline(arr[0], \"D\", arr[1]);"
      },
      {
        "lineNumber": 98,
        "author": {
          "gitId": "therealcs1010"
        },
        "content": "                        messages.add(newDeadline);"
      },
      {
        "lineNumber": 99,
        "author": {
          "gitId": "therealcs1010"
        },
        "content": "                        printAdded(newDeadline);"
      },
      {
        "lineNumber": 100,
        "author": {
          "gitId": "therealcs1010"
        },
        "content": "                    } catch (ArrayIndexOutOfBoundsException e) {"
      },
      {
        "lineNumber": 101,
        "author": {
          "gitId": "therealcs1010"
        },
        "content": "                        System.out.println(\"\\tOOPS!!! The format is unreadable.\\n\" +"
      },
      {
        "lineNumber": 102,
        "author": {
          "gitId": "therealcs1010"
        },
        "content": "                                \"\\tPlease follow this format:\\n\" +"
      },
      {
        "lineNumber": 103,
        "author": {
          "gitId": "therealcs1010"
        },
        "content": "                                \"\\tdeadline [Event] /by [Deadline]\");"
      },
      {
        "lineNumber": 104,
        "author": {
          "gitId": "therealcs1010"
        },
        "content": "                    }"
      },
      {
        "lineNumber": 105,
        "author": {
          "gitId": "therealcs1010"
        },
        "content": "                    break;"
      },
      {
        "lineNumber": 106,
        "author": {
          "gitId": "therealcs1010"
        },
        "content": ""
      },
      {
        "lineNumber": 107,
        "author": {
          "gitId": "therealcs1010"
        },
        "content": "                case \"event\" :"
      },
      {
        "lineNumber": 108,
        "author": {
          "gitId": "therealcs1010"
        },
        "content": "                    try {"
      },
      {
        "lineNumber": 109,
        "author": {
          "gitId": "therealcs1010"
        },
        "content": "                        arr \u003d item.split(\"/at \");"
      },
      {
        "lineNumber": 110,
        "author": {
          "gitId": "therealcs1010"
        },
        "content": "                        arr[0] \u003d arr[0].trim();"
      },
      {
        "lineNumber": 111,
        "author": {
          "gitId": "therealcs1010"
        },
        "content": "                        Event newEvent \u003d new Event(arr[0], \"E\", arr[1]);"
      },
      {
        "lineNumber": 112,
        "author": {
          "gitId": "therealcs1010"
        },
        "content": "                        messages.add(newEvent);"
      },
      {
        "lineNumber": 113,
        "author": {
          "gitId": "therealcs1010"
        },
        "content": "                        printAdded(newEvent);"
      },
      {
        "lineNumber": 114,
        "author": {
          "gitId": "therealcs1010"
        },
        "content": "                    } catch (ArrayIndexOutOfBoundsException e) {"
      },
      {
        "lineNumber": 115,
        "author": {
          "gitId": "therealcs1010"
        },
        "content": "                        System.out.println(\"\\tOOPS!!! The format is unreadable.\\n\" +"
      },
      {
        "lineNumber": 116,
        "author": {
          "gitId": "therealcs1010"
        },
        "content": "                                \"\\tPlease follow this format:\\n\" +"
      },
      {
        "lineNumber": 117,
        "author": {
          "gitId": "therealcs1010"
        },
        "content": "                                \"\\tevent [Event] /at [Time period]\");"
      },
      {
        "lineNumber": 118,
        "author": {
          "gitId": "therealcs1010"
        },
        "content": "                    }"
      },
      {
        "lineNumber": 119,
        "author": {
          "gitId": "therealcs1010"
        },
        "content": "                    break;"
      },
      {
        "lineNumber": 120,
        "author": {
          "gitId": "therealcs1010"
        },
        "content": "        }"
      },
      {
        "lineNumber": 121,
        "author": {
          "gitId": "therealcs1010"
        },
        "content": "    }"
      },
      {
        "lineNumber": 122,
        "author": {
          "gitId": "therealcs1010"
        },
        "content": ""
      },
      {
        "lineNumber": 123,
        "author": {
          "gitId": "therealcs1010"
        },
        "content": "    /**"
      },
      {
        "lineNumber": 124,
        "author": {
          "gitId": "therealcs1010"
        },
        "content": "     *"
      },
      {
        "lineNumber": 125,
        "author": {
          "gitId": "therealcs1010"
        },
        "content": "     *  Important functions fundamental to the program IO."
      },
      {
        "lineNumber": 126,
        "author": {
          "gitId": "therealcs1010"
        },
        "content": "     *"
      },
      {
        "lineNumber": 127,
        "author": {
          "gitId": "therealcs1010"
        },
        "content": "     */"
      },
      {
        "lineNumber": 128,
        "author": {
          "gitId": "therealcs1010"
        },
        "content": "    private static void readFiles() throws FileNotFoundException {"
      },
      {
        "lineNumber": 129,
        "author": {
          "gitId": "therealcs1010"
        },
        "content": "        FileReader myTasks \u003d new FileReader(\"src/duketask.txt\");"
      },
      {
        "lineNumber": 130,
        "author": {
          "gitId": "therealcs1010"
        },
        "content": "        Scanner s \u003d new Scanner(myTasks);"
      },
      {
        "lineNumber": 131,
        "author": {
          "gitId": "therealcs1010"
        },
        "content": "        while (s.hasNextLine()) {"
      },
      {
        "lineNumber": 132,
        "author": {
          "gitId": "therealcs1010"
        },
        "content": "            String input \u003d s.nextLine();"
      },
      {
        "lineNumber": 133,
        "author": {
          "gitId": "therealcs1010"
        },
        "content": "            String [] arr \u003d input.split(\"/\");"
      },
      {
        "lineNumber": 134,
        "author": {
          "gitId": "therealcs1010"
        },
        "content": "            switch(arr[0]) {"
      },
      {
        "lineNumber": 135,
        "author": {
          "gitId": "therealcs1010"
        },
        "content": "                case \"T\" :"
      },
      {
        "lineNumber": 136,
        "author": {
          "gitId": "therealcs1010"
        },
        "content": "                    Task a \u003d new Task(arr[2], \"T\");"
      },
      {
        "lineNumber": 137,
        "author": {
          "gitId": "therealcs1010"
        },
        "content": "                    if (arr[1].equals(\"1\")){"
      },
      {
        "lineNumber": 138,
        "author": {
          "gitId": "therealcs1010"
        },
        "content": "                        a.setDone();"
      },
      {
        "lineNumber": 139,
        "author": {
          "gitId": "therealcs1010"
        },
        "content": "                    }"
      },
      {
        "lineNumber": 140,
        "author": {
          "gitId": "therealcs1010"
        },
        "content": "                    messages.add(a);"
      },
      {
        "lineNumber": 141,
        "author": {
          "gitId": "therealcs1010"
        },
        "content": "                    break;"
      },
      {
        "lineNumber": 142,
        "author": {
          "gitId": "therealcs1010"
        },
        "content": "                case \"D\" :"
      },
      {
        "lineNumber": 143,
        "author": {
          "gitId": "therealcs1010"
        },
        "content": "                    Deadline b \u003d new Deadline(arr[2], \"D\", arr[3]);"
      },
      {
        "lineNumber": 144,
        "author": {
          "gitId": "therealcs1010"
        },
        "content": "                    if (arr[1].equals(\"1\")) {"
      },
      {
        "lineNumber": 145,
        "author": {
          "gitId": "therealcs1010"
        },
        "content": "                        b.setDone();"
      },
      {
        "lineNumber": 146,
        "author": {
          "gitId": "therealcs1010"
        },
        "content": "                    }"
      },
      {
        "lineNumber": 147,
        "author": {
          "gitId": "therealcs1010"
        },
        "content": "                    messages.add(b);"
      },
      {
        "lineNumber": 148,
        "author": {
          "gitId": "therealcs1010"
        },
        "content": "                    break;"
      },
      {
        "lineNumber": 149,
        "author": {
          "gitId": "therealcs1010"
        },
        "content": "                case \"E\" :"
      },
      {
        "lineNumber": 150,
        "author": {
          "gitId": "therealcs1010"
        },
        "content": "                    Event c \u003d new Event(arr[2], \"E\", arr[3]);"
      },
      {
        "lineNumber": 151,
        "author": {
          "gitId": "therealcs1010"
        },
        "content": "                    if (arr[1].equals(\"1\")) {"
      },
      {
        "lineNumber": 152,
        "author": {
          "gitId": "therealcs1010"
        },
        "content": "                        c.setDone();"
      },
      {
        "lineNumber": 153,
        "author": {
          "gitId": "therealcs1010"
        },
        "content": "                    }"
      },
      {
        "lineNumber": 154,
        "author": {
          "gitId": "therealcs1010"
        },
        "content": "                    messages.add(c);"
      },
      {
        "lineNumber": 155,
        "author": {
          "gitId": "therealcs1010"
        },
        "content": "            }"
      },
      {
        "lineNumber": 156,
        "author": {
          "gitId": "therealcs1010"
        },
        "content": "        }"
      },
      {
        "lineNumber": 157,
        "author": {
          "gitId": "therealcs1010"
        },
        "content": "        s.close();"
      },
      {
        "lineNumber": 158,
        "author": {
          "gitId": "therealcs1010"
        },
        "content": "    }"
      },
      {
        "lineNumber": 159,
        "author": {
          "gitId": "therealcs1010"
        },
        "content": ""
      },
      {
        "lineNumber": 160,
        "author": {
          "gitId": "therealcs1010"
        },
        "content": "    private static void updateDatabase() {"
      },
      {
        "lineNumber": 161,
        "author": {
          "gitId": "therealcs1010"
        },
        "content": "        try (FileWriter out \u003d new FileWriter(\"src/duketask.txt\", false)) {"
      },
      {
        "lineNumber": 162,
        "author": {
          "gitId": "therealcs1010"
        },
        "content": "            for (Task i : messages) {"
      },
      {
        "lineNumber": 163,
        "author": {
          "gitId": "therealcs1010"
        },
        "content": "                switch (i.checkType()) {"
      },
      {
        "lineNumber": 164,
        "author": {
          "gitId": "therealcs1010"
        },
        "content": "                    case \"T\" :"
      },
      {
        "lineNumber": 165,
        "author": {
          "gitId": "therealcs1010"
        },
        "content": "                        out.write(\"T/\");"
      },
      {
        "lineNumber": 166,
        "author": {
          "gitId": "therealcs1010"
        },
        "content": "                        break;"
      },
      {
        "lineNumber": 167,
        "author": {
          "gitId": "therealcs1010"
        },
        "content": "                    case \"D\" :"
      },
      {
        "lineNumber": 168,
        "author": {
          "gitId": "therealcs1010"
        },
        "content": "                        out.write(\"D/\");"
      },
      {
        "lineNumber": 169,
        "author": {
          "gitId": "therealcs1010"
        },
        "content": "                        break;"
      },
      {
        "lineNumber": 170,
        "author": {
          "gitId": "therealcs1010"
        },
        "content": "                    case \"E\" :"
      },
      {
        "lineNumber": 171,
        "author": {
          "gitId": "therealcs1010"
        },
        "content": "                        out.write(\"E/\");"
      },
      {
        "lineNumber": 172,
        "author": {
          "gitId": "therealcs1010"
        },
        "content": "                        break;"
      },
      {
        "lineNumber": 173,
        "author": {
          "gitId": "therealcs1010"
        },
        "content": "                } //Checks the type of task"
      },
      {
        "lineNumber": 174,
        "author": {
          "gitId": "therealcs1010"
        },
        "content": ""
      },
      {
        "lineNumber": 175,
        "author": {
          "gitId": "therealcs1010"
        },
        "content": "                if (i.checkDone())"
      },
      {
        "lineNumber": 176,
        "author": {
          "gitId": "therealcs1010"
        },
        "content": "                    out.write(\"1/\");"
      },
      {
        "lineNumber": 177,
        "author": {
          "gitId": "therealcs1010"
        },
        "content": "                else"
      },
      {
        "lineNumber": 178,
        "author": {
          "gitId": "therealcs1010"
        },
        "content": "                    out.write(\"0/\");"
      },
      {
        "lineNumber": 179,
        "author": {
          "gitId": "therealcs1010"
        },
        "content": ""
      },
      {
        "lineNumber": 180,
        "author": {
          "gitId": "therealcs1010"
        },
        "content": "                out.write(i.getDescription());"
      },
      {
        "lineNumber": 181,
        "author": {
          "gitId": "therealcs1010"
        },
        "content": ""
      },
      {
        "lineNumber": 182,
        "author": {
          "gitId": "therealcs1010"
        },
        "content": "                if (i.checkType().equals(\"D\")) {"
      },
      {
        "lineNumber": 183,
        "author": {
          "gitId": "therealcs1010"
        },
        "content": "                    Deadline temp \u003d (Deadline) i;"
      },
      {
        "lineNumber": 184,
        "author": {
          "gitId": "therealcs1010"
        },
        "content": "                    out.write(\"/\" + temp.doneBy());"
      },
      {
        "lineNumber": 185,
        "author": {
          "gitId": "therealcs1010"
        },
        "content": "                }"
      },
      {
        "lineNumber": 186,
        "author": {
          "gitId": "therealcs1010"
        },
        "content": "                else if (i.checkType().equals(\"E\")) {"
      },
      {
        "lineNumber": 187,
        "author": {
          "gitId": "therealcs1010"
        },
        "content": "                    Event temp \u003d (Event) i;"
      },
      {
        "lineNumber": 188,
        "author": {
          "gitId": "therealcs1010"
        },
        "content": "                    out.write(\"/\" + temp.doneAt());"
      },
      {
        "lineNumber": 189,
        "author": {
          "gitId": "therealcs1010"
        },
        "content": "                }"
      },
      {
        "lineNumber": 190,
        "author": {
          "gitId": "therealcs1010"
        },
        "content": ""
      },
      {
        "lineNumber": 191,
        "author": {
          "gitId": "therealcs1010"
        },
        "content": "                out.write(\"\\n\");"
      },
      {
        "lineNumber": 192,
        "author": {
          "gitId": "therealcs1010"
        },
        "content": "            }"
      },
      {
        "lineNumber": 193,
        "author": {
          "gitId": "therealcs1010"
        },
        "content": "        } catch (IOException e) {"
      },
      {
        "lineNumber": 194,
        "author": {
          "gitId": "therealcs1010"
        },
        "content": "            e.printStackTrace();"
      },
      {
        "lineNumber": 195,
        "author": {
          "gitId": "therealcs1010"
        },
        "content": "            System.out.println(\"\\tUnable to store events in database\");"
      },
      {
        "lineNumber": 196,
        "author": {
          "gitId": "therealcs1010"
        },
        "content": "        }"
      },
      {
        "lineNumber": 197,
        "author": {
          "gitId": "therealcs1010"
        },
        "content": "    }"
      },
      {
        "lineNumber": 198,
        "author": {
          "gitId": "therealcs1010"
        },
        "content": ""
      },
      {
        "lineNumber": 199,
        "author": {
          "gitId": "therealcs1010"
        },
        "content": ""
      },
      {
        "lineNumber": 200,
        "author": {
          "gitId": "therealcs1010"
        },
        "content": ""
      },
      {
        "lineNumber": 201,
        "author": {
          "gitId": "therealcs1010"
        },
        "content": ""
      },
      {
        "lineNumber": 202,
        "author": {
          "gitId": "therealcs1010"
        },
        "content": ""
      },
      {
        "lineNumber": 203,
        "author": {
          "gitId": "therealcs1010"
        },
        "content": ""
      },
      {
        "lineNumber": 204,
        "author": {
          "gitId": "therealcs1010"
        },
        "content": ""
      },
      {
        "lineNumber": 205,
        "author": {
          "gitId": "therealcs1010"
        },
        "content": "    /**"
      },
      {
        "lineNumber": 206,
        "author": {
          "gitId": "therealcs1010"
        },
        "content": "     * Unimportant functions that are only for UX purposes."
      },
      {
        "lineNumber": 207,
        "author": {
          "gitId": "therealcs1010"
        },
        "content": "     *"
      },
      {
        "lineNumber": 208,
        "author": {
          "gitId": "therealcs1010"
        },
        "content": "     * 1) Printing welcome message upon start of program"
      },
      {
        "lineNumber": 209,
        "author": {
          "gitId": "therealcs1010"
        },
        "content": "     * 2) Printing of goodbye message upon end of program"
      },
      {
        "lineNumber": 210,
        "author": {
          "gitId": "therealcs1010"
        },
        "content": "     * 3) Prints the list of tasks"
      },
      {
        "lineNumber": 211,
        "author": {
          "gitId": "therealcs1010"
        },
        "content": "     *"
      },
      {
        "lineNumber": 212,
        "author": {
          "gitId": "therealcs1010"
        },
        "content": "     */"
      },
      {
        "lineNumber": 213,
        "author": {
          "gitId": "therealcs1010"
        },
        "content": "    private static void printWelcome() {"
      },
      {
        "lineNumber": 214,
        "author": {
          "gitId": "-"
        },
        "content": "        String logo \u003d \" ____        _        \\n\""
      },
      {
        "lineNumber": 215,
        "author": {
          "gitId": "-"
        },
        "content": "                + \"|  _ \\\\ _   _| | _____ \\n\""
      },
      {
        "lineNumber": 216,
        "author": {
          "gitId": "-"
        },
        "content": "                + \"| | | | | | | |/ / _ \\\\\\n\""
      },
      {
        "lineNumber": 217,
        "author": {
          "gitId": "-"
        },
        "content": "                + \"| |_| | |_| |   \u003c  __/\\n\""
      },
      {
        "lineNumber": 218,
        "author": {
          "gitId": "-"
        },
        "content": "                + \"|____/ \\\\__,_|_|\\\\_\\\\___|\\n\";"
      },
      {
        "lineNumber": 219,
        "author": {
          "gitId": "therealcs1010"
        },
        "content": "        System.out.println(\"Hello from\\n\" + logo + \"\\n\\n\");"
      },
      {
        "lineNumber": 220,
        "author": {
          "gitId": "therealcs1010"
        },
        "content": "        System.out.println(\"    ____________________________________________________________\\n\" +"
      },
      {
        "lineNumber": 221,
        "author": {
          "gitId": "therealcs1010"
        },
        "content": "                \"     Hello! I\u0027m Duke\\n\" +"
      },
      {
        "lineNumber": 222,
        "author": {
          "gitId": "therealcs1010"
        },
        "content": "                \"     What can I do for you?\");"
      },
      {
        "lineNumber": 223,
        "author": {
          "gitId": "therealcs1010"
        },
        "content": "    }"
      },
      {
        "lineNumber": 224,
        "author": {
          "gitId": "therealcs1010"
        },
        "content": ""
      },
      {
        "lineNumber": 225,
        "author": {
          "gitId": "therealcs1010"
        },
        "content": "    private static void printGoodbye() {"
      },
      {
        "lineNumber": 226,
        "author": {
          "gitId": "therealcs1010"
        },
        "content": "        System.out.println(\"    ____________________________________________________________\\n\" +"
      },
      {
        "lineNumber": 227,
        "author": {
          "gitId": "therealcs1010"
        },
        "content": "                \"     Bye. Hope to see you again soon!\\n\" +"
      },
      {
        "lineNumber": 228,
        "author": {
          "gitId": "therealcs1010"
        },
        "content": "                \"    ____________________________________________________________\");"
      },
      {
        "lineNumber": 229,
        "author": {
          "gitId": "-"
        },
        "content": "    }"
      },
      {
        "lineNumber": 230,
        "author": {
          "gitId": "therealcs1010"
        },
        "content": ""
      },
      {
        "lineNumber": 231,
        "author": {
          "gitId": "therealcs1010"
        },
        "content": "    private static void printList() throws UnsupportedEncodingException {"
      },
      {
        "lineNumber": 232,
        "author": {
          "gitId": "therealcs1010"
        },
        "content": "        int i \u003d 1;"
      },
      {
        "lineNumber": 233,
        "author": {
          "gitId": "therealcs1010"
        },
        "content": "        PrintStream out \u003d new PrintStream(System.out, true, \"UTF-8\");"
      },
      {
        "lineNumber": 234,
        "author": {
          "gitId": "therealcs1010"
        },
        "content": "        for (Task x : messages) {"
      },
      {
        "lineNumber": 235,
        "author": {
          "gitId": "therealcs1010"
        },
        "content": "            out.println(\"\\t\" + i + \".\" + x.toString());"
      },
      {
        "lineNumber": 236,
        "author": {
          "gitId": "therealcs1010"
        },
        "content": "            i++;"
      },
      {
        "lineNumber": 237,
        "author": {
          "gitId": "therealcs1010"
        },
        "content": "        }"
      },
      {
        "lineNumber": 238,
        "author": {
          "gitId": "therealcs1010"
        },
        "content": "    }"
      },
      {
        "lineNumber": 239,
        "author": {
          "gitId": "therealcs1010"
        },
        "content": ""
      },
      {
        "lineNumber": 240,
        "author": {
          "gitId": "therealcs1010"
        },
        "content": "    private static void printMarkedAsDone(Integer val) throws UnsupportedEncodingException {"
      },
      {
        "lineNumber": 241,
        "author": {
          "gitId": "therealcs1010"
        },
        "content": "        PrintStream out \u003d new PrintStream(System.out, true, \"UTF-8\");"
      },
      {
        "lineNumber": 242,
        "author": {
          "gitId": "therealcs1010"
        },
        "content": "        Task atHand \u003d messages.get(val);"
      },
      {
        "lineNumber": 243,
        "author": {
          "gitId": "therealcs1010"
        },
        "content": "        out.println(\"\\tNice! I\u0027ve marked this task as done: \\n\\t\" + atHand.toString());"
      },
      {
        "lineNumber": 244,
        "author": {
          "gitId": "therealcs1010"
        },
        "content": "    }"
      },
      {
        "lineNumber": 245,
        "author": {
          "gitId": "therealcs1010"
        },
        "content": "    private static void printAdded(Task newTask) throws UnsupportedEncodingException {"
      },
      {
        "lineNumber": 246,
        "author": {
          "gitId": "therealcs1010"
        },
        "content": "        PrintStream out \u003d new PrintStream(System.out, true, \"UTF-8\");"
      },
      {
        "lineNumber": 247,
        "author": {
          "gitId": "therealcs1010"
        },
        "content": "        out.print(\"\\tGot it. I\u0027ve added this task:\\n\\t\" + newTask.toString());"
      },
      {
        "lineNumber": 248,
        "author": {
          "gitId": "therealcs1010"
        },
        "content": "        out.println(\"\\n\""
      },
      {
        "lineNumber": 249,
        "author": {
          "gitId": "therealcs1010"
        },
        "content": "                + \"\\tNow you have \" + messages.size() + \" tasks in the list.\");"
      },
      {
        "lineNumber": 250,
        "author": {
          "gitId": "therealcs1010"
        },
        "content": "    }"
      },
      {
        "lineNumber": 251,
        "author": {
          "gitId": "therealcs1010"
        },
        "content": ""
      },
      {
        "lineNumber": 252,
        "author": {
          "gitId": "-"
        },
        "content": "}"
      }
    ],
    "authorContributionMap": {
      "therealcs1010": 244,
      "-": 8
    }
  },
  {
    "path": "src/main/java/Launcher.java",
    "lines": [
      {
        "lineNumber": 1,
        "author": {
          "gitId": "therealcs1010"
        },
        "content": "public class Launcher {"
      },
      {
        "lineNumber": 2,
        "author": {
          "gitId": "therealcs1010"
        },
        "content": ""
      },
      {
        "lineNumber": 3,
        "author": {
          "gitId": "therealcs1010"
        },
        "content": ""
      },
      {
        "lineNumber": 4,
        "author": {
          "gitId": "therealcs1010"
        },
        "content": "}"
      }
    ],
    "authorContributionMap": {
      "therealcs1010": 4
    }
  }
]
