{
  "authorDailyContributionsMap": {
    "tessa-z": [
      {
        "insertions": 23,
        "deletions": 0,
        "date": "2019-08-19",
        "commitResults": [
          {
            "hash": "2098ac92f29f38818b205809ee189fb0eb3b8149",
            "message": "Gradle",
            "insertions": 23,
            "deletions": 0
          }
        ]
      },
      {
        "insertions": 81,
        "deletions": 19,
        "date": "2019-08-22",
        "commitResults": [
          {
            "hash": "faf30bc61b0cc66ceeb95f00019821b817b4a5e7",
            "message": "Level-1",
            "insertions": 21,
            "deletions": 6
          },
          {
            "hash": "fd53fa6aa706ebcde3858754c106d5d923ac5321",
            "message": "Level-2",
            "insertions": 18,
            "deletions": 1
          },
          {
            "hash": "cff625bfc49455058032f682558e697754d90c38",
            "message": "Level-3",
            "insertions": 15,
            "deletions": 5
          },
          {
            "hash": "cb64fbea3016734657c6e5398b7939bbc17c240e",
            "message": "A-Classes",
            "insertions": 27,
            "deletions": 7
          }
        ]
      },
      {
        "insertions": 285,
        "deletions": 138,
        "date": "2019-08-26",
        "commitResults": [
          {
            "hash": "cbad5c000081713092350817c954ccab2df4ab5e",
            "message": "Level-4",
            "insertions": 50,
            "deletions": 12
          },
          {
            "hash": "bb2e544667f30d69795805100c5db402910d449c",
            "message": "A-Inheritance",
            "insertions": 57,
            "deletions": 20
          },
          {
            "hash": "5362a0060f56e0b16f59c0e1ce9ecea6e104ba21",
            "message": "Level-5",
            "insertions": 132,
            "deletions": 53
          },
          {
            "hash": "dc7bd22a82be664c1231af83b82df159fc1b8686",
            "message": "Level-5",
            "insertions": 29,
            "deletions": 8
          },
          {
            "hash": "736e8f1d32b3b4d9bbb347a20f331b8828ece8e0",
            "message": "Cleaned up code",
            "insertions": 17,
            "deletions": 45
          }
        ]
      },
      {
        "insertions": 337,
        "deletions": 49,
        "date": "2019-08-27",
        "commitResults": [
          {
            "hash": "5a5a2bfb26c050c3c9942c006bbcb987279d9bf7",
            "message": "Level-7",
            "insertions": 183,
            "deletions": 18
          },
          {
            "hash": "ee095148e3ebd5f605cd0295ede4884e3111b719",
            "message": "Level-7 Bug fixes in ModifyFile()",
            "insertions": 14,
            "deletions": 7
          },
          {
            "hash": "f7154991e2f420de6f73e89767ba7b20a88e996d",
            "message": "Level-8",
            "insertions": 84,
            "deletions": 0
          },
          {
            "hash": "da2b2d4cc37208ee263375e528b18830052415e2",
            "message": "Level-8 Added exception handling for date formats",
            "insertions": 56,
            "deletions": 24
          }
        ]
      }
    ]
  },
  "authorFinalContributionMap": {
    "tessa-z": 526
  },
  "authorFileFormatContributionMap": {
    "tessa-z": {
      "adoc": 0,
      "cs": 0,
      "css": 0,
      "fxml": 0,
      "gradle": 21,
      "html": 0,
      "java": 480,
      "js": 0,
      "json": 0,
      "jsp": 0,
      "md": 0,
      "py": 0,
      "tag": 0,
      "txt": 25,
      "xml": 0
    }
  },
  "authorContributionVariance": {
    "tessa-z": 26882.25
  },
  "authorDisplayNameMap": {
    "tessa-z": "ZHA ... HAN"
  }
}
