{
  "authorDailyContributionsMap": {
    "eugenelim97": [
      {
        "insertions": 16,
        "deletions": 0,
        "date": "2019-08-21",
        "commitResults": [
          {
            "hash": "80a89dbdf43c5905680a164d365a501b2051c51c",
            "message": "added Level 1: Greet, Echo, Exit",
            "insertions": 16,
            "deletions": 0
          }
        ]
      },
      {
        "insertions": 48,
        "deletions": 7,
        "date": "2019-08-22",
        "commitResults": [
          {
            "hash": "0c3a318898801eb4ca86f74e6309c60fd3a3e29a",
            "message": "added Level-2: Add, List",
            "insertions": 12,
            "deletions": 2
          },
          {
            "hash": "cd348a8f9b2ecfb22e53cfd65736eafeb2ed2975",
            "message": "added Level-3: Mark as Done",
            "insertions": 36,
            "deletions": 5
          }
        ]
      },
      {
        "insertions": 142,
        "deletions": 59,
        "date": "2019-08-28",
        "commitResults": [
          {
            "hash": "dbedb26531f7190d35d4c3b95ae6d480ebb243e1",
            "message": "added gradle",
            "insertions": 3,
            "deletions": 1
          },
          {
            "hash": "2f5e6bd7955efedc256525f810d0ccabab97bb81",
            "message": "added Level-4 and A-Inheritance",
            "insertions": 79,
            "deletions": 13
          },
          {
            "hash": "fbdf405212529d5f2a663e6871215a5774a3ba51",
            "message": "Added Level-5",
            "insertions": 60,
            "deletions": 45
          }
        ]
      },
      {
        "insertions": 244,
        "deletions": 94,
        "date": "2019-09-01",
        "commitResults": [
          {
            "hash": "2f299e853bc2cdb0f3d9d9eb2c4a98fe94259e45",
            "message": "cleaner code with functions",
            "insertions": 69,
            "deletions": 65
          },
          {
            "hash": "583d42eb42725c57982fa54465865668bc0dde3e",
            "message": "Added Level-7",
            "insertions": 93,
            "deletions": 7
          },
          {
            "hash": "6e462942d0adc671b1e6802e96a8afc24a72b163",
            "message": "Added Level-8",
            "insertions": 66,
            "deletions": 6
          },
          {
            "hash": "88b34a117191abeb58512590df0d094d926038ee",
            "message": "Added Level-6",
            "insertions": 14,
            "deletions": 2
          },
          {
            "hash": "4008be5d8a592c8d1a05f5e42c6c592701504808",
            "message": "Revert \"Added Level-6\"",
            "insertions": 2,
            "deletions": 14
          }
        ]
      },
      {
        "insertions": 23,
        "deletions": 0,
        "date": "2019-09-02",
        "commitResults": [
          {
            "hash": "08ef67a0505a877d2cfed9c80ae0971e849999f7",
            "message": "Added Level-6",
            "insertions": 12,
            "deletions": 0
          },
          {
            "hash": "c827442b4f5708ed1ee8fc1b7064149b27a981a8",
            "message": "Added Level-9",
            "insertions": 11,
            "deletions": 0
          }
        ]
      }
    ]
  },
  "authorFinalContributionMap": {
    "eugenelim97": 314
  },
  "authorFileFormatContributionMap": {
    "eugenelim97": {
      "java": 311,
      "gradle": 3,
      "css": 0,
      "fxml": 0
    }
  },
  "authorContributionVariance": {
    "eugenelim97": 7566.362
  },
  "authorDisplayNameMap": {
    "eugenelim97": "T12-3 LIM..ENE"
  }
}
