[
  {
    "path": "src/main/java/Deadline.java",
    "lines": [
      {
        "lineNumber": 1,
        "author": {
          "gitId": "Catherinetan99"
        },
        "content": "public class Deadline extends Task {"
      },
      {
        "lineNumber": 2,
        "author": {
          "gitId": "Catherinetan99"
        },
        "content": ""
      },
      {
        "lineNumber": 3,
        "author": {
          "gitId": "Catherinetan99"
        },
        "content": "    protected String by;"
      },
      {
        "lineNumber": 4,
        "author": {
          "gitId": "Catherinetan99"
        },
        "content": ""
      },
      {
        "lineNumber": 5,
        "author": {
          "gitId": "Catherinetan99"
        },
        "content": "    public Deadline(String description, String by) {"
      },
      {
        "lineNumber": 6,
        "author": {
          "gitId": "Catherinetan99"
        },
        "content": "        super(description);"
      },
      {
        "lineNumber": 7,
        "author": {
          "gitId": "Catherinetan99"
        },
        "content": "        this.by \u003d by;"
      },
      {
        "lineNumber": 8,
        "author": {
          "gitId": "Catherinetan99"
        },
        "content": "    }"
      },
      {
        "lineNumber": 9,
        "author": {
          "gitId": "Catherinetan99"
        },
        "content": ""
      },
      {
        "lineNumber": 10,
        "author": {
          "gitId": "Catherinetan99"
        },
        "content": "    @Override"
      },
      {
        "lineNumber": 11,
        "author": {
          "gitId": "Catherinetan99"
        },
        "content": "    public String toString() {"
      },
      {
        "lineNumber": 12,
        "author": {
          "gitId": "Catherinetan99"
        },
        "content": "        return \"  [D]\" + super.toString() + \"(by: \" + by + \")\";"
      },
      {
        "lineNumber": 13,
        "author": {
          "gitId": "Catherinetan99"
        },
        "content": "    }"
      },
      {
        "lineNumber": 14,
        "author": {
          "gitId": "Catherinetan99"
        },
        "content": "}"
      }
    ],
    "authorContributionMap": {
      "Catherinetan99": 14
    }
  },
  {
    "path": "src/main/java/Duke.java",
    "lines": [
      {
        "lineNumber": 1,
        "author": {
          "gitId": "Catherinetan99"
        },
        "content": "import java.io.File;"
      },
      {
        "lineNumber": 2,
        "author": {
          "gitId": "Catherinetan99"
        },
        "content": "import java.io.FileNotFoundException;"
      },
      {
        "lineNumber": 3,
        "author": {
          "gitId": "Catherinetan99"
        },
        "content": "import java.io.PrintWriter;"
      },
      {
        "lineNumber": 4,
        "author": {
          "gitId": "Catherinetan99"
        },
        "content": "import java.text.ParseException;"
      },
      {
        "lineNumber": 5,
        "author": {
          "gitId": "Catherinetan99"
        },
        "content": "import java.util.Scanner;"
      },
      {
        "lineNumber": 6,
        "author": {
          "gitId": "Catherinetan99"
        },
        "content": "import java.util.ArrayList;"
      },
      {
        "lineNumber": 7,
        "author": {
          "gitId": "Catherinetan99"
        },
        "content": "import java.text.SimpleDateFormat;"
      },
      {
        "lineNumber": 8,
        "author": {
          "gitId": "Catherinetan99"
        },
        "content": "import java.util.Date;"
      },
      {
        "lineNumber": 9,
        "author": {
          "gitId": "Catherinetan99"
        },
        "content": ""
      },
      {
        "lineNumber": 10,
        "author": {
          "gitId": "Catherinetan99"
        },
        "content": "public class Duke {"
      },
      {
        "lineNumber": 11,
        "author": {
          "gitId": "Catherinetan99"
        },
        "content": "    private static final String filePath \u003d \"C:\\\\Users\\\\Catherine Tan\\\\IdeaProjects\\\\duke.txt\";"
      },
      {
        "lineNumber": 12,
        "author": {
          "gitId": "Catherinetan99"
        },
        "content": "    private static int count \u003d 0;"
      },
      {
        "lineNumber": 13,
        "author": {
          "gitId": "-"
        },
        "content": "    public static void main(String[] args) {"
      },
      {
        "lineNumber": 14,
        "author": {
          "gitId": "Catherinetan99"
        },
        "content": "        System.out.println(\"Hello! I\u0027m Duke\\n\""
      },
      {
        "lineNumber": 15,
        "author": {
          "gitId": "Catherinetan99"
        },
        "content": "                + \"What can I do for you?\");"
      },
      {
        "lineNumber": 16,
        "author": {
          "gitId": "Catherinetan99"
        },
        "content": "        ArrayList\u003cTask\u003e tasks \u003d new ArrayList\u003c\u003e();"
      },
      {
        "lineNumber": 17,
        "author": {
          "gitId": "Catherinetan99"
        },
        "content": "        DukeException errorMessage \u003d new DukeException();"
      },
      {
        "lineNumber": 18,
        "author": {
          "gitId": "Catherinetan99"
        },
        "content": "        Scanner myInput \u003d new Scanner(System.in); // Create a scanner object"
      },
      {
        "lineNumber": 19,
        "author": {
          "gitId": "Catherinetan99"
        },
        "content": "        String myString \u003d myInput.nextLine(); // Read user input"
      },
      {
        "lineNumber": 20,
        "author": {
          "gitId": "Catherinetan99"
        },
        "content": "        while (!myString.equals(\"bye\")) {"
      },
      {
        "lineNumber": 21,
        "author": {
          "gitId": "Catherinetan99"
        },
        "content": "            if (myString.equals(\"list\")) {"
      },
      {
        "lineNumber": 22,
        "author": {
          "gitId": "Catherinetan99"
        },
        "content": "                System.out.println(\"Here are the tasks in your list: \");"
      },
      {
        "lineNumber": 23,
        "author": {
          "gitId": "Catherinetan99"
        },
        "content": "                for (int j \u003d 0; j \u003c count; j++) {"
      },
      {
        "lineNumber": 24,
        "author": {
          "gitId": "Catherinetan99"
        },
        "content": "                    Task task \u003d tasks.get(j);"
      },
      {
        "lineNumber": 25,
        "author": {
          "gitId": "Catherinetan99"
        },
        "content": "                    System.out.println((j + 1)+ \".\" + task.toString());"
      },
      {
        "lineNumber": 26,
        "author": {
          "gitId": "Catherinetan99"
        },
        "content": "                }"
      },
      {
        "lineNumber": 27,
        "author": {
          "gitId": "Catherinetan99"
        },
        "content": "            } else if (myString.length() \u003e\u003d 4 \u0026\u0026 myString.substring(0, 4).equals(\"done\")) {"
      },
      {
        "lineNumber": 28,
        "author": {
          "gitId": "Catherinetan99"
        },
        "content": "                try {"
      },
      {
        "lineNumber": 29,
        "author": {
          "gitId": "Catherinetan99"
        },
        "content": "                    int taskNumber \u003d Integer.parseInt(myString.substring(5));"
      },
      {
        "lineNumber": 30,
        "author": {
          "gitId": "Catherinetan99"
        },
        "content": "                    Task task \u003d tasks.get(taskNumber - 1);"
      },
      {
        "lineNumber": 31,
        "author": {
          "gitId": "Catherinetan99"
        },
        "content": "                    task.markAsDone();"
      },
      {
        "lineNumber": 32,
        "author": {
          "gitId": "Catherinetan99"
        },
        "content": "                    System.out.println(\"Nice! I\u0027ve marked this task as done: \");"
      },
      {
        "lineNumber": 33,
        "author": {
          "gitId": "Catherinetan99"
        },
        "content": "                    System.out.println(\"  \" + task.toString());"
      },
      {
        "lineNumber": 34,
        "author": {
          "gitId": "Catherinetan99"
        },
        "content": "                    updateFile(tasks);"
      },
      {
        "lineNumber": 35,
        "author": {
          "gitId": "Catherinetan99"
        },
        "content": "                } catch (IndexOutOfBoundsException e) {"
      },
      {
        "lineNumber": 36,
        "author": {
          "gitId": "Catherinetan99"
        },
        "content": "                    errorMessage.emptyTaskNo();"
      },
      {
        "lineNumber": 37,
        "author": {
          "gitId": "Catherinetan99"
        },
        "content": "                }"
      },
      {
        "lineNumber": 38,
        "author": {
          "gitId": "Catherinetan99"
        },
        "content": "            } else if (myString.length() \u003e\u003d 4 \u0026\u0026 myString.substring(0, 4).equals(\"todo\")){"
      },
      {
        "lineNumber": 39,
        "author": {
          "gitId": "Catherinetan99"
        },
        "content": "                try {"
      },
      {
        "lineNumber": 40,
        "author": {
          "gitId": "Catherinetan99"
        },
        "content": "                    Todo todo \u003d new Todo(myString.substring(5));"
      },
      {
        "lineNumber": 41,
        "author": {
          "gitId": "Catherinetan99"
        },
        "content": "                    tasks.add(todo);"
      },
      {
        "lineNumber": 42,
        "author": {
          "gitId": "Catherinetan99"
        },
        "content": "                    count++;"
      },
      {
        "lineNumber": 43,
        "author": {
          "gitId": "Catherinetan99"
        },
        "content": "                    System.out.println(\"Got it. I\u0027ve added this task:\\n\""
      },
      {
        "lineNumber": 44,
        "author": {
          "gitId": "Catherinetan99"
        },
        "content": "                            + todo.toString() + \"\\n\""
      },
      {
        "lineNumber": 45,
        "author": {
          "gitId": "Catherinetan99"
        },
        "content": "                            + \"Now you have \" + count + \" tasks in the list.\");"
      },
      {
        "lineNumber": 46,
        "author": {
          "gitId": "Catherinetan99"
        },
        "content": "                    updateFile(tasks);"
      },
      {
        "lineNumber": 47,
        "author": {
          "gitId": "Catherinetan99"
        },
        "content": "                } catch (IndexOutOfBoundsException e) {"
      },
      {
        "lineNumber": 48,
        "author": {
          "gitId": "Catherinetan99"
        },
        "content": "                    errorMessage.emptyDescription(myString.substring(0, 4));"
      },
      {
        "lineNumber": 49,
        "author": {
          "gitId": "Catherinetan99"
        },
        "content": "                }"
      },
      {
        "lineNumber": 50,
        "author": {
          "gitId": "Catherinetan99"
        },
        "content": "            } else if (myString.length() \u003e\u003d8 \u0026\u0026 myString.substring(0, 8).equals(\"deadline\")) {"
      },
      {
        "lineNumber": 51,
        "author": {
          "gitId": "Catherinetan99"
        },
        "content": "                try {"
      },
      {
        "lineNumber": 52,
        "author": {
          "gitId": "Catherinetan99"
        },
        "content": "                    int j \u003d 0;"
      },
      {
        "lineNumber": 53,
        "author": {
          "gitId": "Catherinetan99"
        },
        "content": "                    while (!myString.substring(j, j + 1).equals(\"/\")) {"
      },
      {
        "lineNumber": 54,
        "author": {
          "gitId": "Catherinetan99"
        },
        "content": "                        j++;"
      },
      {
        "lineNumber": 55,
        "author": {
          "gitId": "Catherinetan99"
        },
        "content": "                    }"
      },
      {
        "lineNumber": 56,
        "author": {
          "gitId": "Catherinetan99"
        },
        "content": "                    try {"
      },
      {
        "lineNumber": 57,
        "author": {
          "gitId": "Catherinetan99"
        },
        "content": "                        myString \u003d myString.substring(0, j + 4) + formatDate(myString.substring(j + 4));"
      },
      {
        "lineNumber": 58,
        "author": {
          "gitId": "Catherinetan99"
        },
        "content": "                    } catch (ParseException e) {"
      },
      {
        "lineNumber": 59,
        "author": {
          "gitId": "Catherinetan99"
        },
        "content": "                        e.printStackTrace();"
      },
      {
        "lineNumber": 60,
        "author": {
          "gitId": "Catherinetan99"
        },
        "content": "                    }"
      },
      {
        "lineNumber": 61,
        "author": {
          "gitId": "Catherinetan99"
        },
        "content": "                    Deadline deadline \u003d new Deadline(myString.substring(9, j), myString.substring(j + 4));"
      },
      {
        "lineNumber": 62,
        "author": {
          "gitId": "Catherinetan99"
        },
        "content": "                    tasks.add(deadline);"
      },
      {
        "lineNumber": 63,
        "author": {
          "gitId": "Catherinetan99"
        },
        "content": "                    count++;"
      },
      {
        "lineNumber": 64,
        "author": {
          "gitId": "Catherinetan99"
        },
        "content": "                    System.out.println(\"Got it. I\u0027ve added this task:\\n\""
      },
      {
        "lineNumber": 65,
        "author": {
          "gitId": "Catherinetan99"
        },
        "content": "                            + deadline.toString() + \"\\n\""
      },
      {
        "lineNumber": 66,
        "author": {
          "gitId": "Catherinetan99"
        },
        "content": "                            + \"Now you have \" + count + \" tasks in the list.\");"
      },
      {
        "lineNumber": 67,
        "author": {
          "gitId": "Catherinetan99"
        },
        "content": "                    updateFile(tasks);"
      },
      {
        "lineNumber": 68,
        "author": {
          "gitId": "Catherinetan99"
        },
        "content": "                } catch (IndexOutOfBoundsException e) {"
      },
      {
        "lineNumber": 69,
        "author": {
          "gitId": "Catherinetan99"
        },
        "content": "                    errorMessage.emptyDescription(myString.substring(0, 8));"
      },
      {
        "lineNumber": 70,
        "author": {
          "gitId": "Catherinetan99"
        },
        "content": "                }"
      },
      {
        "lineNumber": 71,
        "author": {
          "gitId": "Catherinetan99"
        },
        "content": "            } else if (myString.length() \u003e\u003d 5 \u0026\u0026 myString.substring(0, 5).equals(\"event\")) { // event"
      },
      {
        "lineNumber": 72,
        "author": {
          "gitId": "Catherinetan99"
        },
        "content": "                try {"
      },
      {
        "lineNumber": 73,
        "author": {
          "gitId": "Catherinetan99"
        },
        "content": "                    int k \u003d 0;"
      },
      {
        "lineNumber": 74,
        "author": {
          "gitId": "Catherinetan99"
        },
        "content": "                    while (!myString.substring(k, k + 1).equals(\"/\")) {"
      },
      {
        "lineNumber": 75,
        "author": {
          "gitId": "Catherinetan99"
        },
        "content": "                        k++;"
      },
      {
        "lineNumber": 76,
        "author": {
          "gitId": "Catherinetan99"
        },
        "content": "                    }"
      },
      {
        "lineNumber": 77,
        "author": {
          "gitId": "Catherinetan99"
        },
        "content": "                    try {"
      },
      {
        "lineNumber": 78,
        "author": {
          "gitId": "Catherinetan99"
        },
        "content": "                        myString \u003d myString.substring(0, k + 4) + formatDate(myString.substring(k + 4));"
      },
      {
        "lineNumber": 79,
        "author": {
          "gitId": "Catherinetan99"
        },
        "content": "                    } catch (ParseException e) {"
      },
      {
        "lineNumber": 80,
        "author": {
          "gitId": "Catherinetan99"
        },
        "content": "                        e.printStackTrace();"
      },
      {
        "lineNumber": 81,
        "author": {
          "gitId": "Catherinetan99"
        },
        "content": "                    }"
      },
      {
        "lineNumber": 82,
        "author": {
          "gitId": "Catherinetan99"
        },
        "content": "                    Event event \u003d new Event(myString.substring(6, k), myString.substring(k + 4));"
      },
      {
        "lineNumber": 83,
        "author": {
          "gitId": "Catherinetan99"
        },
        "content": "                    tasks.add(event);"
      },
      {
        "lineNumber": 84,
        "author": {
          "gitId": "Catherinetan99"
        },
        "content": "                    count++;"
      },
      {
        "lineNumber": 85,
        "author": {
          "gitId": "Catherinetan99"
        },
        "content": "                    System.out.println(\"Got it. I\u0027ve added this task:\\n\""
      },
      {
        "lineNumber": 86,
        "author": {
          "gitId": "Catherinetan99"
        },
        "content": "                            + event.toString() + \"\\n\""
      },
      {
        "lineNumber": 87,
        "author": {
          "gitId": "Catherinetan99"
        },
        "content": "                            + \"Now you have \" + count + \" tasks in the list.\");"
      },
      {
        "lineNumber": 88,
        "author": {
          "gitId": "Catherinetan99"
        },
        "content": "                    updateFile(tasks);"
      },
      {
        "lineNumber": 89,
        "author": {
          "gitId": "Catherinetan99"
        },
        "content": "                } catch (IndexOutOfBoundsException e) {"
      },
      {
        "lineNumber": 90,
        "author": {
          "gitId": "Catherinetan99"
        },
        "content": "                    errorMessage.emptyDescription(myString.substring(0, 5));"
      },
      {
        "lineNumber": 91,
        "author": {
          "gitId": "Catherinetan99"
        },
        "content": "                }"
      },
      {
        "lineNumber": 92,
        "author": {
          "gitId": "Catherinetan99"
        },
        "content": "            } else {"
      },
      {
        "lineNumber": 93,
        "author": {
          "gitId": "Catherinetan99"
        },
        "content": "                errorMessage.invalidInput();"
      },
      {
        "lineNumber": 94,
        "author": {
          "gitId": "-"
        },
        "content": "            }"
      },
      {
        "lineNumber": 95,
        "author": {
          "gitId": "Catherinetan99"
        },
        "content": "            myInput \u003d new Scanner(System.in); // Create a scanner object"
      },
      {
        "lineNumber": 96,
        "author": {
          "gitId": "Catherinetan99"
        },
        "content": "            myString \u003d myInput.nextLine(); // Read user input"
      },
      {
        "lineNumber": 97,
        "author": {
          "gitId": "-"
        },
        "content": "        }"
      },
      {
        "lineNumber": 98,
        "author": {
          "gitId": "Catherinetan99"
        },
        "content": "        System.out.println(\"Bye. Hope to see you again soon!\");"
      },
      {
        "lineNumber": 99,
        "author": {
          "gitId": "Catherinetan99"
        },
        "content": "    }"
      },
      {
        "lineNumber": 100,
        "author": {
          "gitId": "Catherinetan99"
        },
        "content": ""
      },
      {
        "lineNumber": 101,
        "author": {
          "gitId": "Catherinetan99"
        },
        "content": "    public static void updateFile (ArrayList\u003cTask\u003e tasks) {"
      },
      {
        "lineNumber": 102,
        "author": {
          "gitId": "Catherinetan99"
        },
        "content": "        File f \u003d new File(filePath);"
      },
      {
        "lineNumber": 103,
        "author": {
          "gitId": "Catherinetan99"
        },
        "content": "        try {"
      },
      {
        "lineNumber": 104,
        "author": {
          "gitId": "Catherinetan99"
        },
        "content": "            PrintWriter outputStream \u003d new PrintWriter(f);"
      },
      {
        "lineNumber": 105,
        "author": {
          "gitId": "Catherinetan99"
        },
        "content": "            for (int i \u003d 0; i \u003c count; i++) {"
      },
      {
        "lineNumber": 106,
        "author": {
          "gitId": "Catherinetan99"
        },
        "content": "                Task task \u003d tasks.get(i);"
      },
      {
        "lineNumber": 107,
        "author": {
          "gitId": "Catherinetan99"
        },
        "content": "                outputStream.println(task.toString());"
      },
      {
        "lineNumber": 108,
        "author": {
          "gitId": "Catherinetan99"
        },
        "content": "            }"
      },
      {
        "lineNumber": 109,
        "author": {
          "gitId": "Catherinetan99"
        },
        "content": "            outputStream.close();"
      },
      {
        "lineNumber": 110,
        "author": {
          "gitId": "Catherinetan99"
        },
        "content": "        } catch (FileNotFoundException e) {"
      },
      {
        "lineNumber": 111,
        "author": {
          "gitId": "Catherinetan99"
        },
        "content": "            e.printStackTrace();"
      },
      {
        "lineNumber": 112,
        "author": {
          "gitId": "Catherinetan99"
        },
        "content": "        }"
      },
      {
        "lineNumber": 113,
        "author": {
          "gitId": "Catherinetan99"
        },
        "content": "    }"
      },
      {
        "lineNumber": 114,
        "author": {
          "gitId": "Catherinetan99"
        },
        "content": ""
      },
      {
        "lineNumber": 115,
        "author": {
          "gitId": "Catherinetan99"
        },
        "content": "    public static String formatDate(String date) throws ParseException {"
      },
      {
        "lineNumber": 116,
        "author": {
          "gitId": "Catherinetan99"
        },
        "content": "        SimpleDateFormat outputFormat \u003d new SimpleDateFormat(\"dd MMMM yyyy HHmm\");"
      },
      {
        "lineNumber": 117,
        "author": {
          "gitId": "Catherinetan99"
        },
        "content": "        Date inputDate \u003d new SimpleDateFormat(\"d/MM/yyyy HHmm\").parse(date);"
      },
      {
        "lineNumber": 118,
        "author": {
          "gitId": "Catherinetan99"
        },
        "content": "        String outputDate \u003d null;"
      },
      {
        "lineNumber": 119,
        "author": {
          "gitId": "Catherinetan99"
        },
        "content": "        outputDate \u003d outputFormat.format(inputDate);"
      },
      {
        "lineNumber": 120,
        "author": {
          "gitId": "Catherinetan99"
        },
        "content": "        if(outputDate.substring(0, 2).equals(\"11\") || outputDate.substring(0, 2).equals(\"12\") || outputDate.substring(0, 2).equals(\"13\")) {"
      },
      {
        "lineNumber": 121,
        "author": {
          "gitId": "Catherinetan99"
        },
        "content": "            outputDate \u003d outputDate.substring(0,2) + \"th of\" + outputDate.substring(2);"
      },
      {
        "lineNumber": 122,
        "author": {
          "gitId": "Catherinetan99"
        },
        "content": "        } else if (outputDate.substring(1, 2).equals(\"1\")) {"
      },
      {
        "lineNumber": 123,
        "author": {
          "gitId": "Catherinetan99"
        },
        "content": "            outputDate \u003d outputDate.substring(0,2) + \"st of\" + outputDate.substring(2);"
      },
      {
        "lineNumber": 124,
        "author": {
          "gitId": "Catherinetan99"
        },
        "content": "        } else if (outputDate.substring(1, 2).equals(\"2\")) {"
      },
      {
        "lineNumber": 125,
        "author": {
          "gitId": "Catherinetan99"
        },
        "content": "            outputDate \u003d outputDate.substring(0,2) + \"nd of\" + outputDate.substring(2);"
      },
      {
        "lineNumber": 126,
        "author": {
          "gitId": "Catherinetan99"
        },
        "content": "        } else if (outputDate.substring(1, 2).equals(\"3\")) {"
      },
      {
        "lineNumber": 127,
        "author": {
          "gitId": "Catherinetan99"
        },
        "content": "            outputDate \u003d outputDate.substring(0,2) + \"rd of\" + outputDate.substring(2);"
      },
      {
        "lineNumber": 128,
        "author": {
          "gitId": "Catherinetan99"
        },
        "content": "        } else {"
      },
      {
        "lineNumber": 129,
        "author": {
          "gitId": "Catherinetan99"
        },
        "content": "            outputDate \u003d outputDate.substring(0,2) + \"th of\" + outputDate.substring(2);"
      },
      {
        "lineNumber": 130,
        "author": {
          "gitId": "Catherinetan99"
        },
        "content": "        }"
      },
      {
        "lineNumber": 131,
        "author": {
          "gitId": "Catherinetan99"
        },
        "content": "        if (outputDate.substring(0, 1).equals(\"0\")) {"
      },
      {
        "lineNumber": 132,
        "author": {
          "gitId": "Catherinetan99"
        },
        "content": "            outputDate \u003d outputDate.substring(1);"
      },
      {
        "lineNumber": 133,
        "author": {
          "gitId": "Catherinetan99"
        },
        "content": "        }"
      },
      {
        "lineNumber": 134,
        "author": {
          "gitId": "Catherinetan99"
        },
        "content": "        int size \u003d outputDate.length();"
      },
      {
        "lineNumber": 135,
        "author": {
          "gitId": "Catherinetan99"
        },
        "content": "        if (Integer.parseInt(outputDate.substring(size - 4, size - 2)) \u003e 12) {"
      },
      {
        "lineNumber": 136,
        "author": {
          "gitId": "Catherinetan99"
        },
        "content": "            String hour \u003d \"\" + (Integer.parseInt(outputDate.substring(size - 4, size - 2)) - 12);"
      },
      {
        "lineNumber": 137,
        "author": {
          "gitId": "Catherinetan99"
        },
        "content": "            outputDate \u003d outputDate.substring(0, size - 4) + hour + \".\" +outputDate.substring(size - 2) + \"pm\";"
      },
      {
        "lineNumber": 138,
        "author": {
          "gitId": "Catherinetan99"
        },
        "content": "        } else {"
      },
      {
        "lineNumber": 139,
        "author": {
          "gitId": "Catherinetan99"
        },
        "content": "            outputDate \u003d outputDate.substring(0, size - 2) + \".\" + outputDate.substring(size - 2) + \"am\";"
      },
      {
        "lineNumber": 140,
        "author": {
          "gitId": "Catherinetan99"
        },
        "content": "            if (outputDate.substring(size - 4, size - 3).equals(\"0\")) {"
      },
      {
        "lineNumber": 141,
        "author": {
          "gitId": "Catherinetan99"
        },
        "content": "                outputDate \u003d outputDate.substring(0, size - 4) + outputDate.substring(size - 3);"
      },
      {
        "lineNumber": 142,
        "author": {
          "gitId": "Catherinetan99"
        },
        "content": "            }"
      },
      {
        "lineNumber": 143,
        "author": {
          "gitId": "Catherinetan99"
        },
        "content": "        }"
      },
      {
        "lineNumber": 144,
        "author": {
          "gitId": "Catherinetan99"
        },
        "content": "        return outputDate;"
      },
      {
        "lineNumber": 145,
        "author": {
          "gitId": "Catherinetan99"
        },
        "content": "    }"
      },
      {
        "lineNumber": 146,
        "author": {
          "gitId": "Catherinetan99"
        },
        "content": "}"
      }
    ],
    "authorContributionMap": {
      "Catherinetan99": 143,
      "-": 3
    }
  },
  {
    "path": "src/main/java/DukeException.java",
    "lines": [
      {
        "lineNumber": 1,
        "author": {
          "gitId": "Catherinetan99"
        },
        "content": "public class DukeException {"
      },
      {
        "lineNumber": 2,
        "author": {
          "gitId": "Catherinetan99"
        },
        "content": ""
      },
      {
        "lineNumber": 3,
        "author": {
          "gitId": "Catherinetan99"
        },
        "content": "    public void emptyDescription (String task) {"
      },
      {
        "lineNumber": 4,
        "author": {
          "gitId": "Catherinetan99"
        },
        "content": "        System.out.println(\"☹ OOPS!!! The description of a \" + task + \" cannot be empty.\");"
      },
      {
        "lineNumber": 5,
        "author": {
          "gitId": "Catherinetan99"
        },
        "content": "    }"
      },
      {
        "lineNumber": 6,
        "author": {
          "gitId": "Catherinetan99"
        },
        "content": ""
      },
      {
        "lineNumber": 7,
        "author": {
          "gitId": "Catherinetan99"
        },
        "content": "    public void invalidInput () {"
      },
      {
        "lineNumber": 8,
        "author": {
          "gitId": "Catherinetan99"
        },
        "content": "        System.out.println(\"☹ OOPS!!! I\u0027m sorry, but I don\u0027t know what that means :-(\");"
      },
      {
        "lineNumber": 9,
        "author": {
          "gitId": "Catherinetan99"
        },
        "content": "    }"
      },
      {
        "lineNumber": 10,
        "author": {
          "gitId": "Catherinetan99"
        },
        "content": ""
      },
      {
        "lineNumber": 11,
        "author": {
          "gitId": "Catherinetan99"
        },
        "content": "    public void emptyTaskNo () {"
      },
      {
        "lineNumber": 12,
        "author": {
          "gitId": "Catherinetan99"
        },
        "content": "        System.out.println(\"☹ OOPS!!! The task number cannot be empty/is not valid.\");"
      },
      {
        "lineNumber": 13,
        "author": {
          "gitId": "Catherinetan99"
        },
        "content": "    }"
      },
      {
        "lineNumber": 14,
        "author": {
          "gitId": "Catherinetan99"
        },
        "content": "}"
      }
    ],
    "authorContributionMap": {
      "Catherinetan99": 14
    }
  },
  {
    "path": "src/main/java/Event.java",
    "lines": [
      {
        "lineNumber": 1,
        "author": {
          "gitId": "Catherinetan99"
        },
        "content": "public class Event extends Task {"
      },
      {
        "lineNumber": 2,
        "author": {
          "gitId": "Catherinetan99"
        },
        "content": "    protected String at;"
      },
      {
        "lineNumber": 3,
        "author": {
          "gitId": "Catherinetan99"
        },
        "content": ""
      },
      {
        "lineNumber": 4,
        "author": {
          "gitId": "Catherinetan99"
        },
        "content": "    public Event(String description, String at) {"
      },
      {
        "lineNumber": 5,
        "author": {
          "gitId": "Catherinetan99"
        },
        "content": "        super(description);"
      },
      {
        "lineNumber": 6,
        "author": {
          "gitId": "Catherinetan99"
        },
        "content": "        this.at \u003d at;"
      },
      {
        "lineNumber": 7,
        "author": {
          "gitId": "Catherinetan99"
        },
        "content": "    }"
      },
      {
        "lineNumber": 8,
        "author": {
          "gitId": "Catherinetan99"
        },
        "content": ""
      },
      {
        "lineNumber": 9,
        "author": {
          "gitId": "Catherinetan99"
        },
        "content": "    @Override"
      },
      {
        "lineNumber": 10,
        "author": {
          "gitId": "Catherinetan99"
        },
        "content": "    public String toString() {"
      },
      {
        "lineNumber": 11,
        "author": {
          "gitId": "Catherinetan99"
        },
        "content": "        return \"  [E]\" + super.toString() +\"(at: \" + at + \")\";"
      },
      {
        "lineNumber": 12,
        "author": {
          "gitId": "Catherinetan99"
        },
        "content": "    }"
      },
      {
        "lineNumber": 13,
        "author": {
          "gitId": "Catherinetan99"
        },
        "content": "}"
      }
    ],
    "authorContributionMap": {
      "Catherinetan99": 13
    }
  },
  {
    "path": "src/main/java/Task.java",
    "lines": [
      {
        "lineNumber": 1,
        "author": {
          "gitId": "Catherinetan99"
        },
        "content": "public class Task {"
      },
      {
        "lineNumber": 2,
        "author": {
          "gitId": "Catherinetan99"
        },
        "content": "    protected String description;"
      },
      {
        "lineNumber": 3,
        "author": {
          "gitId": "Catherinetan99"
        },
        "content": "    protected boolean isDone;"
      },
      {
        "lineNumber": 4,
        "author": {
          "gitId": "Catherinetan99"
        },
        "content": ""
      },
      {
        "lineNumber": 5,
        "author": {
          "gitId": "Catherinetan99"
        },
        "content": "    public Task(String description) {"
      },
      {
        "lineNumber": 6,
        "author": {
          "gitId": "Catherinetan99"
        },
        "content": "        this.description \u003d description;"
      },
      {
        "lineNumber": 7,
        "author": {
          "gitId": "Catherinetan99"
        },
        "content": "        this.isDone \u003d false;"
      },
      {
        "lineNumber": 8,
        "author": {
          "gitId": "Catherinetan99"
        },
        "content": "    }"
      },
      {
        "lineNumber": 9,
        "author": {
          "gitId": "Catherinetan99"
        },
        "content": ""
      },
      {
        "lineNumber": 10,
        "author": {
          "gitId": "Catherinetan99"
        },
        "content": "    public String getStatusIcon() {"
      },
      {
        "lineNumber": 11,
        "author": {
          "gitId": "Catherinetan99"
        },
        "content": "        return (isDone ? \"\\u2713\" : \"\\u2718\"); //return tick or X symbols"
      },
      {
        "lineNumber": 12,
        "author": {
          "gitId": "Catherinetan99"
        },
        "content": "    }"
      },
      {
        "lineNumber": 13,
        "author": {
          "gitId": "Catherinetan99"
        },
        "content": ""
      },
      {
        "lineNumber": 14,
        "author": {
          "gitId": "Catherinetan99"
        },
        "content": "    public void markAsDone () {"
      },
      {
        "lineNumber": 15,
        "author": {
          "gitId": "Catherinetan99"
        },
        "content": "        this.isDone \u003d true;"
      },
      {
        "lineNumber": 16,
        "author": {
          "gitId": "Catherinetan99"
        },
        "content": "    }"
      },
      {
        "lineNumber": 17,
        "author": {
          "gitId": "Catherinetan99"
        },
        "content": ""
      },
      {
        "lineNumber": 18,
        "author": {
          "gitId": "Catherinetan99"
        },
        "content": "    public String toString() {"
      },
      {
        "lineNumber": 19,
        "author": {
          "gitId": "Catherinetan99"
        },
        "content": "        return \"[\" + getStatusIcon() + \"] \" + description;"
      },
      {
        "lineNumber": 20,
        "author": {
          "gitId": "Catherinetan99"
        },
        "content": "    }"
      },
      {
        "lineNumber": 21,
        "author": {
          "gitId": "Catherinetan99"
        },
        "content": "}"
      }
    ],
    "authorContributionMap": {
      "Catherinetan99": 21
    }
  },
  {
    "path": "src/main/java/Todo.java",
    "lines": [
      {
        "lineNumber": 1,
        "author": {
          "gitId": "Catherinetan99"
        },
        "content": "public class Todo extends Task {"
      },
      {
        "lineNumber": 2,
        "author": {
          "gitId": "Catherinetan99"
        },
        "content": ""
      },
      {
        "lineNumber": 3,
        "author": {
          "gitId": "Catherinetan99"
        },
        "content": "    public Todo(String description) {"
      },
      {
        "lineNumber": 4,
        "author": {
          "gitId": "Catherinetan99"
        },
        "content": "        super(description);"
      },
      {
        "lineNumber": 5,
        "author": {
          "gitId": "Catherinetan99"
        },
        "content": "    }"
      },
      {
        "lineNumber": 6,
        "author": {
          "gitId": "Catherinetan99"
        },
        "content": ""
      },
      {
        "lineNumber": 7,
        "author": {
          "gitId": "Catherinetan99"
        },
        "content": "    @Override"
      },
      {
        "lineNumber": 8,
        "author": {
          "gitId": "Catherinetan99"
        },
        "content": "    public String toString() {"
      },
      {
        "lineNumber": 9,
        "author": {
          "gitId": "Catherinetan99"
        },
        "content": "        return \"  [T]\" + super.toString();"
      },
      {
        "lineNumber": 10,
        "author": {
          "gitId": "Catherinetan99"
        },
        "content": "    }"
      },
      {
        "lineNumber": 11,
        "author": {
          "gitId": "Catherinetan99"
        },
        "content": "}"
      }
    ],
    "authorContributionMap": {
      "Catherinetan99": 11
    }
  }
]
