{
  "authorDailyContributionsMap": {
    "Catherinetan99": [
      {
        "insertions": 199,
        "deletions": 90,
        "date": "2019-08-26",
        "commitResults": [
          {
            "hash": "275ee3533f205575b53a16134a9d73f4089a569a",
            "message": "hi",
            "insertions": 1,
            "deletions": 0
          },
          {
            "hash": "a64b043bae359343ba05b6ea2172485083191539",
            "message": "hihi",
            "insertions": 1,
            "deletions": 1
          },
          {
            "hash": "8c5e1b3d1f939922d8048153abd7614b6e151598",
            "message": "Level-1",
            "insertions": 12,
            "deletions": 7
          },
          {
            "hash": "b960b766466d783a17c7b41cbebb6aee82ea00d5",
            "message": "Level-2",
            "insertions": 11,
            "deletions": 2
          },
          {
            "hash": "cd9a50140a1c712426d84715b466495185654c15",
            "message": "Level-3",
            "insertions": 31,
            "deletions": 3
          },
          {
            "hash": "5ee190923114c1874b82a1d820a979d555b223be",
            "message": "Level-1",
            "insertions": 8,
            "deletions": 41
          },
          {
            "hash": "aa6f6d31262ff921c32cd440be443829516b0269",
            "message": "Level-2",
            "insertions": 18,
            "deletions": 19
          },
          {
            "hash": "e41fc6ce4612b305f949503b1325a118a6ac3010",
            "message": "Level-4",
            "insertions": 117,
            "deletions": 17
          }
        ]
      },
      {
        "insertions": 146,
        "deletions": 46,
        "date": "2019-08-27",
        "commitResults": [
          {
            "hash": "e8567ed0f3d979f43dc11003e2597c66190eead8",
            "message": "Level-5",
            "insertions": 67,
            "deletions": 34
          },
          {
            "hash": "9a91e45ef3954ac10564b78b518e15949e367885",
            "message": "Level-7",
            "insertions": 32,
            "deletions": 10
          },
          {
            "hash": "5cf82598f09b3f69bb50722cd65b2cd8169c9f13",
            "message": "Level-7",
            "insertions": 47,
            "deletions": 0
          },
          {
            "hash": "d4c6516b8d9fbb447e91f07f7462941a714d5f3d",
            "message": "Level-8",
            "insertions": 0,
            "deletions": 2
          }
        ]
      },
      {
        "insertions": 85,
        "deletions": 3,
        "date": "2019-09-02",
        "commitResults": [
          {
            "hash": "7bcff7366146524f7840b7b9fa78fc317a860839",
            "message": "Level-6",
            "insertions": 56,
            "deletions": 1
          },
          {
            "hash": "0b18f1643ec1b3208b433b6c890139c1c8033737",
            "message": "A-TextUiTesting",
            "insertions": 2,
            "deletions": 1
          },
          {
            "hash": "dfa28e901264c7ebd75c117773f0e3335627e94f",
            "message": "Level-9",
            "insertions": 15,
            "deletions": 1
          },
          {
            "hash": "48b4145c5c07973e4a22014593ca418c34c3994c",
            "message": "Redo Level-9",
            "insertions": 12,
            "deletions": 0
          }
        ]
      }
    ]
  },
  "authorFinalContributionMap": {
    "Catherinetan99": 284
  },
  "authorFileFormatContributionMap": {
    "Catherinetan99": {
      "java": 284,
      "gradle": 0,
      "css": 0,
      "fxml": 0
    }
  },
  "authorContributionVariance": {
    "Catherinetan99": 6119.016
  },
  "authorDisplayNameMap": {
    "Catherinetan99": "TAN ... INE"
  }
}
