{
  "authorDailyContributionsMap": {
    "Deculsion": [
      {
        "insertions": 146,
        "deletions": 34,
        "date": "2019-08-23",
        "commitResults": [
          {
            "hash": "28cc512ba60b30a9ce39969da379c30e4d52367a",
            "messageTitle": "First implementation of echo functionality",
            "messageBody": "",
            "insertions": 53,
            "deletions": 4
          },
          {
            "hash": "dc9435aea5f934c5a2097f96f44e50fa8c60e00c",
            "messageTitle": "Renamed main class in build.",
            "messageBody": "",
            "insertions": 2,
            "deletions": 1
          },
          {
            "hash": "2d7cae56aba0ad43d37c2ada3159e95aeaf636fe",
            "messageTitle": "Renamed class echo_line to echoLine. Added some javadoc comments to main and echoLine.",
            "messageBody": "",
            "insertions": 16,
            "deletions": 3
          },
          {
            "hash": "3462c6964019a0879a24d6734d0e904ba5f82319",
            "messageTitle": "Made javadoc comments more specific. Main class actually works now.",
            "messageBody": "",
            "insertions": 16,
            "deletions": 8
          },
          {
            "hash": "40bfb113d15978f5c1a7b58e0f6a2e92f1f12f7e",
            "messageTitle": "Duke level-1 functionality complete. echoLine no longer uses main.",
            "messageBody": "",
            "insertions": 12,
            "deletions": 10
          },
          {
            "hash": "995232c68cdee64551f8ad392b09f8884321ba06",
            "messageTitle": "First iteration of List class",
            "messageBody": "",
            "insertions": 23,
            "deletions": 0
          },
          {
            "hash": "6c0ecb887ae146e86be268cc56b5e22ce807744d",
            "messageTitle": "Removed unnecessary inheritance of Duke",
            "messageBody": "",
            "insertions": 1,
            "deletions": 1
          },
          {
            "hash": "7b46bf1d9b708b65f4088b365712297ea13b31be",
            "messageTitle": "Duke main now does Level-2. echoLine is gone.",
            "messageBody": "",
            "insertions": 23,
            "deletions": 7
          }
        ]
      },
      {
        "insertions": 62,
        "deletions": 11,
        "date": "2019-08-25",
        "commitResults": [
          {
            "hash": "f7559a0b9a08bde4013172c1e642151777857961",
            "messageTitle": "Number of tasks is now class level attribute. Added skeleton for \"done\" functionality.",
            "messageBody": "",
            "insertions": 55,
            "deletions": 10
          },
          {
            "hash": "455504c56d5405c701ca7799e0e4087a0e12450f",
            "messageTitle": "Level-3 is donezoed. Checking off done now shows feedback by Duke.",
            "messageBody": "",
            "insertions": 7,
            "deletions": 1
          }
        ]
      },
      {
        "insertions": 103,
        "deletions": 33,
        "date": "2019-08-26",
        "commitResults": [
          {
            "hash": "542d6ae478bce5cbbb5ffed51f565991659fb92e",
            "messageTitle": "ToDo class added",
            "messageBody": "",
            "insertions": 5,
            "deletions": 0
          },
          {
            "hash": "d0cfd758b05b65ccc5c68f7192689b26195bd1f2",
            "messageTitle": "Deadline class added",
            "messageBody": "",
            "insertions": 13,
            "deletions": 1
          },
          {
            "hash": "afd0e97deb412ceae39c488b3a96c5e25296d0ec",
            "messageTitle": "Changed item back to private",
            "messageBody": "",
            "insertions": 1,
            "deletions": 1
          },
          {
            "hash": "965f6297bbf71836cb772d723b1269378cfa2e37",
            "messageTitle": "Classes now overrides toString() rather than printing manually. Restructured how main Duke class handles new behaviour.",
            "messageBody": "",
            "insertions": 27,
            "deletions": 16
          },
          {
            "hash": "7f77aaa8be8b8948661dcc0462d953972b584c20",
            "messageTitle": "Completed toString() override",
            "messageBody": "",
            "insertions": 14,
            "deletions": 5
          },
          {
            "hash": "77d031c2771d5ac07a6b9ed2a087f8f94bad1251",
            "messageTitle": "Now creates tasks according to proper type",
            "messageBody": "",
            "insertions": 17,
            "deletions": 4
          },
          {
            "hash": "7a03ff96fe30ee7abc56e2037331eaa6d4e36a77",
            "messageTitle": "Enum used by Duke.java and List.java",
            "messageBody": "",
            "insertions": 5,
            "deletions": 0
          },
          {
            "hash": "4eef69d0b610d3ecdd1736ba05083311fd63a9b0",
            "messageTitle": "Added behaviour to add task based on type",
            "messageBody": "",
            "insertions": 12,
            "deletions": 1
          },
          {
            "hash": "2a388c3d7debcf157dcfe38d778b8e71241413ce",
            "messageTitle": "Added toString() override for real",
            "messageBody": "",
            "insertions": 4,
            "deletions": 0
          },
          {
            "hash": "30d70ddbcf9771b44b42f9996f7a1f1beb381b1d",
            "messageTitle": "Fixed toString() outputting wrong string.",
            "messageBody": "",
            "insertions": 5,
            "deletions": 5
          }
        ]
      },
      {
        "insertions": 46,
        "deletions": 19,
        "date": "2019-08-27",
        "commitResults": [
          {
            "hash": "7239a803144d6a7c5f4874a2dae32443c371f5cf",
            "messageTitle": "Added exception handling for command inputs.",
            "messageBody": "",
            "insertions": 46,
            "deletions": 19
          }
        ]
      },
      {
        "insertions": 250,
        "deletions": 34,
        "date": "2019-08-29",
        "commitResults": [
          {
            "hash": "b10d4535c0fb9e7657818595c4affd126eb10b89",
            "messageTitle": "Added command to save to data/duke.txt",
            "messageBody": "",
            "insertions": 59,
            "deletions": 10
          },
          {
            "hash": "d2bcdf6151a49e5ce435bc61b35894cc16d79d75",
            "messageTitle": "Duke now autoloads and autosaves",
            "messageBody": "",
            "insertions": 50,
            "deletions": 2
          },
          {
            "hash": "7cdfee9f4b43673185a90ede393d84b396d6565c",
            "messageTitle": "Duke now saves and load task completion as well.",
            "messageBody": "",
            "insertions": 13,
            "deletions": 1
          },
          {
            "hash": "93e0e967f109de748add4ad23b7dbc088b69c18a",
            "messageTitle": "Events and Deadline now use a new DateTime class to represent dates.",
            "messageBody": "",
            "insertions": 128,
            "deletions": 21
          }
        ]
      },
      {
        "insertions": 42,
        "deletions": 10,
        "date": "2019-09-04",
        "commitResults": [
          {
            "hash": "aec9686335d46f0404fea678d6a16f4b52a1d2a6",
            "messageTitle": "Duke can now delete tasks from list",
            "messageBody": "",
            "insertions": 42,
            "deletions": 10
          }
        ]
      },
      {
        "insertions": 25,
        "deletions": 0,
        "date": "2019-09-05",
        "commitResults": [
          {
            "hash": "226d2418392cfdcece53438f087eea6a27bce80e",
            "messageTitle": "Duke can now find items in the task list",
            "messageBody": "",
            "insertions": 25,
            "deletions": 0
          }
        ]
      },
      {
        "insertions": 33,
        "deletions": 0,
        "date": "2019-09-09",
        "commitResults": [
          {
            "hash": "c590e441d5ea49e77bd41aadcca92155a9ed6cd5",
            "messageTitle": "Added javadoc comments",
            "messageBody": "",
            "insertions": 33,
            "deletions": 0
          }
        ]
      },
      {
        "insertions": 229,
        "deletions": 155,
        "date": "2019-09-10",
        "commitResults": [
          {
            "hash": "dbd09bb9175cfda5de3024116889287c8db23e9a",
            "messageTitle": "Save and load now done in new Storage class",
            "messageBody": "",
            "insertions": 141,
            "deletions": 119
          },
          {
            "hash": "af59df581a1a151bf64d3d3034e00a311b85c57e",
            "messageTitle": "Added parser and UI class",
            "messageBody": "",
            "insertions": 88,
            "deletions": 36
          }
        ]
      }
    ]
  },
  "authorFinalContributionMap": {
    "Deculsion": 647
  },
  "authorFileTypeContributionMap": {
    "Deculsion": {
      "java": 625,
      "gradle": 22,
      "css": 0,
      "fxml": 0
    }
  },
  "authorContributionVariance": {
    "Deculsion": 9572.388
  },
  "authorDisplayNameMap": {
    "Deculsion": "F09-3 POO..MIN"
  }
}
