{
  "authorDailyContributionsMap": {
    "Krazzen": [
      {
        "insertions": 199,
        "deletions": 12,
        "date": "2019-08-26",
        "commitResults": [
          {
            "hash": "5bf1a6ab06e4fd412c1573ae654243b855f0ff66",
            "message": "lv1,2",
            "insertions": 56,
            "deletions": 0
          },
          {
            "hash": "3c75da61422e486ae4d59efdd7e8b541582b8b80",
            "message": "lv1,2,3",
            "insertions": 50,
            "deletions": 2
          },
          {
            "hash": "fd23a9dd4a7b30f17a12aa9b22ccbd3fa99de730",
            "message": "lv1,2,3,4",
            "insertions": 93,
            "deletions": 10
          }
        ]
      },
      {
        "insertions": 218,
        "deletions": 53,
        "date": "2019-08-28",
        "commitResults": [
          {
            "hash": "dda4828ce9598a2944a3e58a9efa10642ad27699",
            "message": "lv1,2,3,4",
            "insertions": 144,
            "deletions": 53
          },
          {
            "hash": "8c26277bea67317a228ca5c710fb91b96194d5b0",
            "message": "1,2,3,4",
            "insertions": 18,
            "deletions": 0
          },
          {
            "hash": "e4da293b3e35fd09ee485108759f3ebf81614e61",
            "message": "1,2,3,4",
            "insertions": 56,
            "deletions": 0
          }
        ]
      },
      {
        "insertions": 193,
        "deletions": 84,
        "date": "2019-09-02",
        "commitResults": [
          {
            "hash": "eb7332e7f32b0850ce7756cb9599376006263643",
            "message": "Done :1,2,3,4,5, Buggy: 7,8",
            "insertions": 193,
            "deletions": 84
          }
        ]
      }
    ]
  },
  "authorFinalContributionMap": {
    "Krazzen": 461
  },
  "authorFileFormatContributionMap": {
    "Krazzen": {
      "java": 441,
      "gradle": 20,
      "css": 0,
      "fxml": 0
    }
  },
  "authorContributionVariance": {
    "Krazzen": 9917.87
  },
  "authorDisplayNameMap": {
    "Krazzen": "Krazzen"
  }
}
