{
  "authorDailyContributionsMap": {
    "omupenguin": [
      {
        "insertions": 41,
        "deletions": 0,
        "date": "2019-08-25",
        "commitResults": [
          {
            "hash": "5d6c978dfc130f47937975092901b2b9c5bbb82e",
            "message": "Done with level-1",
            "insertions": 41,
            "deletions": 0
          }
        ]
      },
      {
        "insertions": 32,
        "deletions": 5,
        "date": "2019-08-26",
        "commitResults": [
          {
            "hash": "bc776c36624fb4c5671bcd311cc7d19fc350a69f",
            "message": "Done with level-2",
            "insertions": 32,
            "deletions": 5
          }
        ]
      },
      {
        "insertions": 111,
        "deletions": 42,
        "date": "2019-08-27",
        "commitResults": [
          {
            "hash": "4ff143fc6acc8dcbc593756a70c96503c38e97cf",
            "message": "Changed how the program handles input. Uses a loop instead of recursion now.",
            "insertions": 27,
            "deletions": 12
          },
          {
            "hash": "b4bfcba1c88b43ff99822a6fd33691c5895a058f",
            "message": "Added printing function. Code is now less cluttered and printing messages is simplified",
            "insertions": 24,
            "deletions": 24
          },
          {
            "hash": "8454610a0dc2b2cf7e0ee7de194298bb42001816",
            "message": "Used a class to represent tasks",
            "insertions": 19,
            "deletions": 3
          },
          {
            "hash": "7d21b629f8cec8cb387c7577c73b1d1f70a42e27",
            "message": "done with Level-3",
            "insertions": 41,
            "deletions": 3
          }
        ]
      },
      {
        "insertions": 167,
        "deletions": 29,
        "date": "2019-08-28",
        "commitResults": [
          {
            "hash": "b8bac9344b3c3ac0ee5734ae0e35c595c9321aff",
            "message": "Added ToDos as a class that inherits Task. Also cleaned the code up abit in preperation of Level-4",
            "insertions": 36,
            "deletions": 6
          },
          {
            "hash": "d5a962b727140c443735b10cf662070cf96cb8dd",
            "message": "Now shows the type when adding, showing, and completing tasks",
            "insertions": 9,
            "deletions": 6
          },
          {
            "hash": "450d08d4b04f8e320a7d0ee3a502825cfbe8f57d",
            "message": "Added Event class, and changed some stuff. Obtaining the line to be printed for each task is now part of the Task class instead of being hard coded.",
            "insertions": 77,
            "deletions": 16
          },
          {
            "hash": "5d049db484bb97d40e60f92501e1f9111968ae0c",
            "message": "Added Deadline Class. And done with Level-4!",
            "insertions": 45,
            "deletions": 1
          }
        ]
      },
      {
        "insertions": 166,
        "deletions": 30,
        "date": "2019-08-29",
        "commitResults": [
          {
            "hash": "c58a2f11e5779cae01ec68aa28e795257448612a",
            "message": "Added exception handling for \u0027done\u0027 command. Will not crash when negative or non-numerical inputs are given now.",
            "insertions": 29,
            "deletions": 5
          },
          {
            "hash": "354e2cf5dc78422497aeba63beb33254e5d8fe64",
            "message": "Added text reading and writing functionailities with FileReader and FileWriter. Done with Level-7.",
            "insertions": 70,
            "deletions": 6
          },
          {
            "hash": "fea8bcb151a44a3a3e6c8bc77499f7aa581bf5f0",
            "message": "Duke now understands time - input string will be converted when a new task is created, and strings will be converted to and fro strings/time when saving and loading.",
            "insertions": 67,
            "deletions": 19
          }
        ]
      },
      {
        "insertions": 62,
        "deletions": 13,
        "date": "2019-09-02",
        "commitResults": [
          {
            "hash": "71e65c1f5e816b1ad936b84ce3858a765f41d3dd",
            "message": "added removeTask() in Duke.java",
            "insertions": 34,
            "deletions": 13
          },
          {
            "hash": "834d35ab999e4e79bd347159659cc9f3ca3059f6",
            "message": "Added findString() to Duke.java",
            "insertions": 28,
            "deletions": 0
          }
        ]
      }
    ]
  },
  "authorFinalContributionMap": {
    "omupenguin": 460
  },
  "authorFileFormatContributionMap": {
    "omupenguin": {
      "java": 460,
      "gradle": 0,
      "css": 0,
      "fxml": 0
    }
  },
  "authorContributionVariance": {
    "omupenguin": 4904.1094
  },
  "authorDisplayNameMap": {
    "omupenguin": "F11-2 QUE..ENG"
  }
}
