[
  {
    "path": "src/main/java/DataHandler.java",
    "fileType": "java",
    "lines": [
      {
        "lineNumber": 1,
        "author": {
          "gitId": "nimiew"
        },
        "content": "import java.io.*;"
      },
      {
        "lineNumber": 2,
        "author": {
          "gitId": "nimiew"
        },
        "content": "import java.nio.file.Path;"
      },
      {
        "lineNumber": 3,
        "author": {
          "gitId": "nimiew"
        },
        "content": "import java.nio.file.Paths;"
      },
      {
        "lineNumber": 4,
        "author": {
          "gitId": "nimiew"
        },
        "content": "import java.text.ParseException;"
      },
      {
        "lineNumber": 5,
        "author": {
          "gitId": "nimiew"
        },
        "content": "import java.util.ArrayList;"
      },
      {
        "lineNumber": 6,
        "author": {
          "gitId": "nimiew"
        },
        "content": ""
      },
      {
        "lineNumber": 7,
        "author": {
          "gitId": "nimiew"
        },
        "content": "public class DataHandler {"
      },
      {
        "lineNumber": 8,
        "author": {
          "gitId": "nimiew"
        },
        "content": "    protected Path mainPath;"
      },
      {
        "lineNumber": 9,
        "author": {
          "gitId": "nimiew"
        },
        "content": "    protected Path dataPath;"
      },
      {
        "lineNumber": 10,
        "author": {
          "gitId": "nimiew"
        },
        "content": "    protected File dataPathFile;"
      },
      {
        "lineNumber": 11,
        "author": {
          "gitId": "nimiew"
        },
        "content": "    protected Path dukeDataPath;"
      },
      {
        "lineNumber": 12,
        "author": {
          "gitId": "nimiew"
        },
        "content": "    protected File dukeDataPathFile;"
      },
      {
        "lineNumber": 13,
        "author": {
          "gitId": "nimiew"
        },
        "content": ""
      },
      {
        "lineNumber": 14,
        "author": {
          "gitId": "nimiew"
        },
        "content": "    public DataHandler(){"
      },
      {
        "lineNumber": 15,
        "author": {
          "gitId": "nimiew"
        },
        "content": "        mainPath \u003d Paths.get(System.getProperty(\"user.dir\"));"
      },
      {
        "lineNumber": 16,
        "author": {
          "gitId": "nimiew"
        },
        "content": "        dataPath \u003d Paths.get(mainPath.toString(), \"data\", \"\");"
      },
      {
        "lineNumber": 17,
        "author": {
          "gitId": "nimiew"
        },
        "content": "        dataPathFile \u003d new File(dataPath.toString()); // dataPathFile is dataPath, but changed type for File methods."
      },
      {
        "lineNumber": 18,
        "author": {
          "gitId": "nimiew"
        },
        "content": "        assertDataDir();"
      },
      {
        "lineNumber": 19,
        "author": {
          "gitId": "nimiew"
        },
        "content": "        dukeDataPath \u003d Paths.get(dataPath.toString(), \"duke.txt\");"
      },
      {
        "lineNumber": 20,
        "author": {
          "gitId": "nimiew"
        },
        "content": "        dukeDataPathFile \u003d new File(dukeDataPath.toString());"
      },
      {
        "lineNumber": 21,
        "author": {
          "gitId": "nimiew"
        },
        "content": "        assertDukeData();"
      },
      {
        "lineNumber": 22,
        "author": {
          "gitId": "nimiew"
        },
        "content": "    }"
      },
      {
        "lineNumber": 23,
        "author": {
          "gitId": "nimiew"
        },
        "content": ""
      },
      {
        "lineNumber": 24,
        "author": {
          "gitId": "nimiew"
        },
        "content": "    public void assertDataDir(){"
      },
      {
        "lineNumber": 25,
        "author": {
          "gitId": "nimiew"
        },
        "content": "        if (!dataPathFile.exists()){"
      },
      {
        "lineNumber": 26,
        "author": {
          "gitId": "nimiew"
        },
        "content": "            dataPathFile.mkdirs();"
      },
      {
        "lineNumber": 27,
        "author": {
          "gitId": "nimiew"
        },
        "content": "            System.out.println(\"data directory created\");"
      },
      {
        "lineNumber": 28,
        "author": {
          "gitId": "nimiew"
        },
        "content": "        }"
      },
      {
        "lineNumber": 29,
        "author": {
          "gitId": "nimiew"
        },
        "content": "    }"
      },
      {
        "lineNumber": 30,
        "author": {
          "gitId": "nimiew"
        },
        "content": ""
      },
      {
        "lineNumber": 31,
        "author": {
          "gitId": "nimiew"
        },
        "content": "    public void assertDukeData(){"
      },
      {
        "lineNumber": 32,
        "author": {
          "gitId": "nimiew"
        },
        "content": "        if (!dukeDataPathFile.exists()){"
      },
      {
        "lineNumber": 33,
        "author": {
          "gitId": "nimiew"
        },
        "content": "            try{"
      },
      {
        "lineNumber": 34,
        "author": {
          "gitId": "nimiew"
        },
        "content": "                dukeDataPathFile.createNewFile();"
      },
      {
        "lineNumber": 35,
        "author": {
          "gitId": "nimiew"
        },
        "content": "                System.out.println(\"duke.txt created\");"
      },
      {
        "lineNumber": 36,
        "author": {
          "gitId": "nimiew"
        },
        "content": "            }"
      },
      {
        "lineNumber": 37,
        "author": {
          "gitId": "nimiew"
        },
        "content": "            catch(Exception e) {"
      },
      {
        "lineNumber": 38,
        "author": {
          "gitId": "nimiew"
        },
        "content": "                System.out.println(\"Error creating duke.txt\");"
      },
      {
        "lineNumber": 39,
        "author": {
          "gitId": "nimiew"
        },
        "content": "                e.printStackTrace();"
      },
      {
        "lineNumber": 40,
        "author": {
          "gitId": "nimiew"
        },
        "content": "                System.exit(1);"
      },
      {
        "lineNumber": 41,
        "author": {
          "gitId": "nimiew"
        },
        "content": "            }"
      },
      {
        "lineNumber": 42,
        "author": {
          "gitId": "nimiew"
        },
        "content": "        }"
      },
      {
        "lineNumber": 43,
        "author": {
          "gitId": "nimiew"
        },
        "content": "    }"
      },
      {
        "lineNumber": 44,
        "author": {
          "gitId": "nimiew"
        },
        "content": ""
      },
      {
        "lineNumber": 45,
        "author": {
          "gitId": "nimiew"
        },
        "content": "    public void loadData(ArrayList\u003cTask\u003e tasks){"
      },
      {
        "lineNumber": 46,
        "author": {
          "gitId": "nimiew"
        },
        "content": "        BufferedReader reader;"
      },
      {
        "lineNumber": 47,
        "author": {
          "gitId": "nimiew"
        },
        "content": "        int taskIdx \u003d 0;"
      },
      {
        "lineNumber": 48,
        "author": {
          "gitId": "nimiew"
        },
        "content": "        try {"
      },
      {
        "lineNumber": 49,
        "author": {
          "gitId": "nimiew"
        },
        "content": "            reader \u003d new BufferedReader(new FileReader(dukeDataPath.toString()));"
      },
      {
        "lineNumber": 50,
        "author": {
          "gitId": "nimiew"
        },
        "content": "            String line \u003d reader.readLine();"
      },
      {
        "lineNumber": 51,
        "author": {
          "gitId": "nimiew"
        },
        "content": "            while (line !\u003d null) {"
      },
      {
        "lineNumber": 52,
        "author": {
          "gitId": "nimiew"
        },
        "content": "                String taskType \u003d getTask(line.charAt(0)); // Perform data check too"
      },
      {
        "lineNumber": 53,
        "author": {
          "gitId": "nimiew"
        },
        "content": "                boolean isDone \u003d getDone(line.charAt(4)); // Perform data check too"
      },
      {
        "lineNumber": 54,
        "author": {
          "gitId": "nimiew"
        },
        "content": "                boolean isTodo \u003d taskType.equals(\"todo\")? true : false;"
      },
      {
        "lineNumber": 55,
        "author": {
          "gitId": "nimiew"
        },
        "content": "                int sep \u003d isTodo? line.length() : line.substring(8).indexOf(\u0027|\u0027) - 1 + 8;; // index of whitespace before \u0027|\u0027"
      },
      {
        "lineNumber": 56,
        "author": {
          "gitId": "nimiew"
        },
        "content": "                String description \u003d line.substring(8, sep);;"
      },
      {
        "lineNumber": 57,
        "author": {
          "gitId": "nimiew"
        },
        "content": "                String date \u003d isTodo? \"\" : line.substring(sep+3);"
      },
      {
        "lineNumber": 58,
        "author": {
          "gitId": "nimiew"
        },
        "content": "                switch (taskType){"
      },
      {
        "lineNumber": 59,
        "author": {
          "gitId": "nimiew"
        },
        "content": "                    case \"todo\":"
      },
      {
        "lineNumber": 60,
        "author": {
          "gitId": "nimiew"
        },
        "content": "                        tasks.add(new Todo(description));"
      },
      {
        "lineNumber": 61,
        "author": {
          "gitId": "nimiew"
        },
        "content": "                        tasks.get(taskIdx).setDone(isDone);"
      },
      {
        "lineNumber": 62,
        "author": {
          "gitId": "nimiew"
        },
        "content": "                        break;"
      },
      {
        "lineNumber": 63,
        "author": {
          "gitId": "nimiew"
        },
        "content": "                    case \"deadline\":"
      },
      {
        "lineNumber": 64,
        "author": {
          "gitId": "nimiew"
        },
        "content": "                        tasks.add(new Deadline(description, date));"
      },
      {
        "lineNumber": 65,
        "author": {
          "gitId": "nimiew"
        },
        "content": "                        tasks.get(taskIdx).setDone(isDone);"
      },
      {
        "lineNumber": 66,
        "author": {
          "gitId": "nimiew"
        },
        "content": "                        break;"
      },
      {
        "lineNumber": 67,
        "author": {
          "gitId": "nimiew"
        },
        "content": "                    case \"event\":"
      },
      {
        "lineNumber": 68,
        "author": {
          "gitId": "nimiew"
        },
        "content": "                        tasks.add(new Event(description, date));"
      },
      {
        "lineNumber": 69,
        "author": {
          "gitId": "nimiew"
        },
        "content": "                        tasks.get(taskIdx).setDone(isDone);"
      },
      {
        "lineNumber": 70,
        "author": {
          "gitId": "nimiew"
        },
        "content": "                        break;"
      },
      {
        "lineNumber": 71,
        "author": {
          "gitId": "nimiew"
        },
        "content": "                }"
      },
      {
        "lineNumber": 72,
        "author": {
          "gitId": "nimiew"
        },
        "content": "                taskIdx++;"
      },
      {
        "lineNumber": 73,
        "author": {
          "gitId": "nimiew"
        },
        "content": "                line \u003d reader.readLine();"
      },
      {
        "lineNumber": 74,
        "author": {
          "gitId": "nimiew"
        },
        "content": "            }"
      },
      {
        "lineNumber": 75,
        "author": {
          "gitId": "nimiew"
        },
        "content": "            reader.close();"
      },
      {
        "lineNumber": 76,
        "author": {
          "gitId": "nimiew"
        },
        "content": "        } catch (ParseException e) {"
      },
      {
        "lineNumber": 77,
        "author": {
          "gitId": "nimiew"
        },
        "content": "            System.out.println(\"Please ensure date is in dd/MM/yyyy HHmm format.\");"
      },
      {
        "lineNumber": 78,
        "author": {
          "gitId": "nimiew"
        },
        "content": ""
      },
      {
        "lineNumber": 79,
        "author": {
          "gitId": "nimiew"
        },
        "content": "        } catch (IOException e) {"
      },
      {
        "lineNumber": 80,
        "author": {
          "gitId": "nimiew"
        },
        "content": "            e.printStackTrace();"
      },
      {
        "lineNumber": 81,
        "author": {
          "gitId": "nimiew"
        },
        "content": "            System.exit(1);"
      },
      {
        "lineNumber": 82,
        "author": {
          "gitId": "nimiew"
        },
        "content": "        }"
      },
      {
        "lineNumber": 83,
        "author": {
          "gitId": "nimiew"
        },
        "content": "    }"
      },
      {
        "lineNumber": 84,
        "author": {
          "gitId": "nimiew"
        },
        "content": ""
      },
      {
        "lineNumber": 85,
        "author": {
          "gitId": "nimiew"
        },
        "content": "    public void saveData(ArrayList\u003cTask\u003e tasks) throws IOException {"
      },
      {
        "lineNumber": 86,
        "author": {
          "gitId": "nimiew"
        },
        "content": "        FileWriter fw \u003d new FileWriter(dukeDataPath.toString());"
      },
      {
        "lineNumber": 87,
        "author": {
          "gitId": "nimiew"
        },
        "content": "        for (int i \u003d 0; i \u003c tasks.size(); i++) {"
      },
      {
        "lineNumber": 88,
        "author": {
          "gitId": "nimiew"
        },
        "content": "            Task task \u003d tasks.get(i);"
      },
      {
        "lineNumber": 89,
        "author": {
          "gitId": "nimiew"
        },
        "content": "            char taskType \u003d task.getClass().getName().charAt(0);"
      },
      {
        "lineNumber": 90,
        "author": {
          "gitId": "nimiew"
        },
        "content": "            boolean isDone \u003d task.isDone;"
      },
      {
        "lineNumber": 91,
        "author": {
          "gitId": "nimiew"
        },
        "content": "            int isDoneInt \u003d isDone? 1 : 0;"
      },
      {
        "lineNumber": 92,
        "author": {
          "gitId": "nimiew"
        },
        "content": "            String description \u003d task.getDescription();"
      },
      {
        "lineNumber": 93,
        "author": {
          "gitId": "nimiew"
        },
        "content": "            String line \u003d null;"
      },
      {
        "lineNumber": 94,
        "author": {
          "gitId": "nimiew"
        },
        "content": "            if(taskType \u003d\u003d \u0027T\u0027){"
      },
      {
        "lineNumber": 95,
        "author": {
          "gitId": "nimiew"
        },
        "content": "                line \u003d taskType + \" | \" + isDoneInt + \" | \" + description;"
      },
      {
        "lineNumber": 96,
        "author": {
          "gitId": "nimiew"
        },
        "content": "            }"
      },
      {
        "lineNumber": 97,
        "author": {
          "gitId": "nimiew"
        },
        "content": "            else if(taskType \u003d\u003d \u0027D\u0027){"
      },
      {
        "lineNumber": 98,
        "author": {
          "gitId": "nimiew"
        },
        "content": "                Deadline deadline \u003d (Deadline) task;"
      },
      {
        "lineNumber": 99,
        "author": {
          "gitId": "nimiew"
        },
        "content": "                line \u003d taskType + \" | \" + isDoneInt + \" | \" + description + \" | \" + deadline.getBy();"
      },
      {
        "lineNumber": 100,
        "author": {
          "gitId": "nimiew"
        },
        "content": "            }"
      },
      {
        "lineNumber": 101,
        "author": {
          "gitId": "nimiew"
        },
        "content": "            else if(taskType \u003d\u003d \u0027E\u0027){"
      },
      {
        "lineNumber": 102,
        "author": {
          "gitId": "nimiew"
        },
        "content": "                Event event \u003d (Event) task;"
      },
      {
        "lineNumber": 103,
        "author": {
          "gitId": "nimiew"
        },
        "content": "                line \u003d taskType + \" | \" + isDoneInt + \" | \" + description + \" | \" + event.getAt();"
      },
      {
        "lineNumber": 104,
        "author": {
          "gitId": "nimiew"
        },
        "content": "            }"
      },
      {
        "lineNumber": 105,
        "author": {
          "gitId": "nimiew"
        },
        "content": "            fw.write(line);"
      },
      {
        "lineNumber": 106,
        "author": {
          "gitId": "nimiew"
        },
        "content": "            fw.write(System.lineSeparator());"
      },
      {
        "lineNumber": 107,
        "author": {
          "gitId": "nimiew"
        },
        "content": "        }"
      },
      {
        "lineNumber": 108,
        "author": {
          "gitId": "nimiew"
        },
        "content": "        fw.close();"
      },
      {
        "lineNumber": 109,
        "author": {
          "gitId": "nimiew"
        },
        "content": "    }"
      },
      {
        "lineNumber": 110,
        "author": {
          "gitId": "nimiew"
        },
        "content": ""
      },
      {
        "lineNumber": 111,
        "author": {
          "gitId": "nimiew"
        },
        "content": "    public String getTask(char x){"
      },
      {
        "lineNumber": 112,
        "author": {
          "gitId": "nimiew"
        },
        "content": "        if(x \u003d\u003d \u0027T\u0027){"
      },
      {
        "lineNumber": 113,
        "author": {
          "gitId": "nimiew"
        },
        "content": "            return \"todo\";"
      },
      {
        "lineNumber": 114,
        "author": {
          "gitId": "nimiew"
        },
        "content": "        }"
      },
      {
        "lineNumber": 115,
        "author": {
          "gitId": "nimiew"
        },
        "content": "        else if(x \u003d\u003d \u0027D\u0027){"
      },
      {
        "lineNumber": 116,
        "author": {
          "gitId": "nimiew"
        },
        "content": "            return \"deadline\";"
      },
      {
        "lineNumber": 117,
        "author": {
          "gitId": "nimiew"
        },
        "content": "        }"
      },
      {
        "lineNumber": 118,
        "author": {
          "gitId": "nimiew"
        },
        "content": "        else if(x \u003d\u003d \u0027E\u0027){"
      },
      {
        "lineNumber": 119,
        "author": {
          "gitId": "nimiew"
        },
        "content": "            return \"event\";"
      },
      {
        "lineNumber": 120,
        "author": {
          "gitId": "nimiew"
        },
        "content": "        }"
      },
      {
        "lineNumber": 121,
        "author": {
          "gitId": "nimiew"
        },
        "content": "        else{"
      },
      {
        "lineNumber": 122,
        "author": {
          "gitId": "nimiew"
        },
        "content": "            System.out.println(\"Data (type of task) does not adhere to format.\");"
      },
      {
        "lineNumber": 123,
        "author": {
          "gitId": "nimiew"
        },
        "content": "            System.exit(1);"
      },
      {
        "lineNumber": 124,
        "author": {
          "gitId": "nimiew"
        },
        "content": "        }"
      },
      {
        "lineNumber": 125,
        "author": {
          "gitId": "nimiew"
        },
        "content": "        return \"\"; // remove warning"
      },
      {
        "lineNumber": 126,
        "author": {
          "gitId": "nimiew"
        },
        "content": "    }"
      },
      {
        "lineNumber": 127,
        "author": {
          "gitId": "nimiew"
        },
        "content": ""
      },
      {
        "lineNumber": 128,
        "author": {
          "gitId": "nimiew"
        },
        "content": "    public boolean getDone(char x){"
      },
      {
        "lineNumber": 129,
        "author": {
          "gitId": "nimiew"
        },
        "content": "        if(x \u003d\u003d \u00271\u0027){"
      },
      {
        "lineNumber": 130,
        "author": {
          "gitId": "nimiew"
        },
        "content": "            return true;"
      },
      {
        "lineNumber": 131,
        "author": {
          "gitId": "nimiew"
        },
        "content": "        }"
      },
      {
        "lineNumber": 132,
        "author": {
          "gitId": "nimiew"
        },
        "content": "        else if(x \u003d\u003d \u00270\u0027){"
      },
      {
        "lineNumber": 133,
        "author": {
          "gitId": "nimiew"
        },
        "content": "            return false;"
      },
      {
        "lineNumber": 134,
        "author": {
          "gitId": "nimiew"
        },
        "content": "        }"
      },
      {
        "lineNumber": 135,
        "author": {
          "gitId": "nimiew"
        },
        "content": "        else{"
      },
      {
        "lineNumber": 136,
        "author": {
          "gitId": "nimiew"
        },
        "content": "            System.out.println(\"Data (is Done) does not adhere to format.\");"
      },
      {
        "lineNumber": 137,
        "author": {
          "gitId": "nimiew"
        },
        "content": "            System.exit(1);"
      },
      {
        "lineNumber": 138,
        "author": {
          "gitId": "nimiew"
        },
        "content": "        }"
      },
      {
        "lineNumber": 139,
        "author": {
          "gitId": "nimiew"
        },
        "content": "        return false; // remove warning"
      },
      {
        "lineNumber": 140,
        "author": {
          "gitId": "nimiew"
        },
        "content": "    }"
      },
      {
        "lineNumber": 141,
        "author": {
          "gitId": "nimiew"
        },
        "content": "}"
      }
    ],
    "authorContributionMap": {
      "nimiew": 141
    }
  },
  {
    "path": "src/main/java/Deadline.java",
    "fileType": "java",
    "lines": [
      {
        "lineNumber": 1,
        "author": {
          "gitId": "nimiew"
        },
        "content": "import java.text.ParseException;"
      },
      {
        "lineNumber": 2,
        "author": {
          "gitId": "nimiew"
        },
        "content": "import java.text.SimpleDateFormat;"
      },
      {
        "lineNumber": 3,
        "author": {
          "gitId": "nimiew"
        },
        "content": "import java.util.Date;"
      },
      {
        "lineNumber": 4,
        "author": {
          "gitId": "nimiew"
        },
        "content": ""
      },
      {
        "lineNumber": 5,
        "author": {
          "gitId": "nimiew"
        },
        "content": "public class Deadline extends Task {"
      },
      {
        "lineNumber": 6,
        "author": {
          "gitId": "nimiew"
        },
        "content": "    protected String by;"
      },
      {
        "lineNumber": 7,
        "author": {
          "gitId": "nimiew"
        },
        "content": "    protected Date date;"
      },
      {
        "lineNumber": 8,
        "author": {
          "gitId": "nimiew"
        },
        "content": ""
      },
      {
        "lineNumber": 9,
        "author": {
          "gitId": "nimiew"
        },
        "content": "    public Deadline(String description, String by) throws ParseException {"
      },
      {
        "lineNumber": 10,
        "author": {
          "gitId": "nimiew"
        },
        "content": "        super(description);"
      },
      {
        "lineNumber": 11,
        "author": {
          "gitId": "nimiew"
        },
        "content": "        this.by \u003d by;"
      },
      {
        "lineNumber": 12,
        "author": {
          "gitId": "nimiew"
        },
        "content": "        date \u003d new SimpleDateFormat(\"dd/MM/yy HHmm\").parse(by);"
      },
      {
        "lineNumber": 13,
        "author": {
          "gitId": "nimiew"
        },
        "content": "    }"
      },
      {
        "lineNumber": 14,
        "author": {
          "gitId": "nimiew"
        },
        "content": ""
      },
      {
        "lineNumber": 15,
        "author": {
          "gitId": "nimiew"
        },
        "content": "    @Override"
      },
      {
        "lineNumber": 16,
        "author": {
          "gitId": "nimiew"
        },
        "content": "    public String toString(){"
      },
      {
        "lineNumber": 17,
        "author": {
          "gitId": "nimiew"
        },
        "content": "        return \"[D]\" + super.toString() + \" (by: \" + by + \")\";"
      },
      {
        "lineNumber": 18,
        "author": {
          "gitId": "nimiew"
        },
        "content": "    }"
      },
      {
        "lineNumber": 19,
        "author": {
          "gitId": "nimiew"
        },
        "content": ""
      },
      {
        "lineNumber": 20,
        "author": {
          "gitId": "nimiew"
        },
        "content": "    public String getBy() {"
      },
      {
        "lineNumber": 21,
        "author": {
          "gitId": "nimiew"
        },
        "content": "        return by;"
      },
      {
        "lineNumber": 22,
        "author": {
          "gitId": "nimiew"
        },
        "content": "    }"
      },
      {
        "lineNumber": 23,
        "author": {
          "gitId": "nimiew"
        },
        "content": "}"
      }
    ],
    "authorContributionMap": {
      "nimiew": 23
    }
  },
  {
    "path": "src/main/java/Duke.java",
    "fileType": "java",
    "lines": [
      {
        "lineNumber": 1,
        "author": {
          "gitId": "nimiew"
        },
        "content": "import java.io.IOException;"
      },
      {
        "lineNumber": 2,
        "author": {
          "gitId": "nimiew"
        },
        "content": "import java.text.ParseException;"
      },
      {
        "lineNumber": 3,
        "author": {
          "gitId": "nimiew"
        },
        "content": "import java.util.ArrayList;"
      },
      {
        "lineNumber": 4,
        "author": {
          "gitId": "nimiew"
        },
        "content": "import java.util.Scanner;"
      },
      {
        "lineNumber": 5,
        "author": {
          "gitId": "-"
        },
        "content": "public class Duke {"
      },
      {
        "lineNumber": 6,
        "author": {
          "gitId": "-"
        },
        "content": "    public static void main(String[] args){"
      },
      {
        "lineNumber": 7,
        "author": {
          "gitId": "nimiew"
        },
        "content": "        System.out.println(\"Hello! I\u0027m Duke\");"
      },
      {
        "lineNumber": 8,
        "author": {
          "gitId": "nimiew"
        },
        "content": "        System.out.println(\"What can I do for you?\");"
      },
      {
        "lineNumber": 9,
        "author": {
          "gitId": "nimiew"
        },
        "content": "        System.out.println(\"Please ensure date is in dd/MM/yyyy HHmm format.\");"
      },
      {
        "lineNumber": 10,
        "author": {
          "gitId": "nimiew"
        },
        "content": ""
      },
      {
        "lineNumber": 11,
        "author": {
          "gitId": "nimiew"
        },
        "content": "        DataHandler dataHandler \u003d new DataHandler(); // Creates data dir and duke.txt if needed"
      },
      {
        "lineNumber": 12,
        "author": {
          "gitId": "nimiew"
        },
        "content": "        ArrayList\u003cTask\u003e tasks \u003d new ArrayList\u003cTask\u003e();; // change to dictionary later"
      },
      {
        "lineNumber": 13,
        "author": {
          "gitId": "nimiew"
        },
        "content": "        dataHandler.loadData(tasks);"
      },
      {
        "lineNumber": 14,
        "author": {
          "gitId": "nimiew"
        },
        "content": ""
      },
      {
        "lineNumber": 15,
        "author": {
          "gitId": "nimiew"
        },
        "content": "        Scanner in \u003d new Scanner(System.in);"
      },
      {
        "lineNumber": 16,
        "author": {
          "gitId": "nimiew"
        },
        "content": "        try {"
      },
      {
        "lineNumber": 17,
        "author": {
          "gitId": "nimiew"
        },
        "content": "            while (true) {"
      },
      {
        "lineNumber": 18,
        "author": {
          "gitId": "nimiew"
        },
        "content": "                String inStr \u003d in.nextLine();"
      },
      {
        "lineNumber": 19,
        "author": {
          "gitId": "nimiew"
        },
        "content": "                // List tasks"
      },
      {
        "lineNumber": 20,
        "author": {
          "gitId": "nimiew"
        },
        "content": "                if (inStr.equals(\"list\")) {"
      },
      {
        "lineNumber": 21,
        "author": {
          "gitId": "nimiew"
        },
        "content": "                    System.out.println(\"Here are the tasks in your list:\");"
      },
      {
        "lineNumber": 22,
        "author": {
          "gitId": "nimiew"
        },
        "content": "                    for (int i \u003d 0; i \u003c tasks.size(); i++) {"
      },
      {
        "lineNumber": 23,
        "author": {
          "gitId": "nimiew"
        },
        "content": "                        System.out.println((i + 1) + \".\" + tasks.get(i).toString());"
      },
      {
        "lineNumber": 24,
        "author": {
          "gitId": "nimiew"
        },
        "content": "                    }"
      },
      {
        "lineNumber": 25,
        "author": {
          "gitId": "nimiew"
        },
        "content": "                }"
      },
      {
        "lineNumber": 26,
        "author": {
          "gitId": "nimiew"
        },
        "content": "                // Exit program"
      },
      {
        "lineNumber": 27,
        "author": {
          "gitId": "nimiew"
        },
        "content": "                else if (inStr.equals(\"bye\")) {"
      },
      {
        "lineNumber": 28,
        "author": {
          "gitId": "nimiew"
        },
        "content": "                    System.out.println(\"Bye. Hope to see you again soon!\");"
      },
      {
        "lineNumber": 29,
        "author": {
          "gitId": "nimiew"
        },
        "content": "                    break;"
      },
      {
        "lineNumber": 30,
        "author": {
          "gitId": "nimiew"
        },
        "content": "                }"
      },
      {
        "lineNumber": 31,
        "author": {
          "gitId": "nimiew"
        },
        "content": "                // Remove task"
      },
      {
        "lineNumber": 32,
        "author": {
          "gitId": "nimiew"
        },
        "content": "                else if (inStr.length() \u003e\u003d 7 \u0026\u0026 inStr.substring(0, 7).equals(\"delete \")) {"
      },
      {
        "lineNumber": 33,
        "author": {
          "gitId": "nimiew"
        },
        "content": "                    int pos \u003d 0;"
      },
      {
        "lineNumber": 34,
        "author": {
          "gitId": "nimiew"
        },
        "content": "                    try{"
      },
      {
        "lineNumber": 35,
        "author": {
          "gitId": "nimiew"
        },
        "content": "                        pos \u003d Integer.parseInt(inStr.substring(7));"
      },
      {
        "lineNumber": 36,
        "author": {
          "gitId": "nimiew"
        },
        "content": "                    }"
      },
      {
        "lineNumber": 37,
        "author": {
          "gitId": "nimiew"
        },
        "content": "                    catch (Exception e){"
      },
      {
        "lineNumber": 38,
        "author": {
          "gitId": "nimiew"
        },
        "content": "                        System.out.println(\"Please ensure you enter the task number; E.g. \\\"delete 2\\\"\");"
      },
      {
        "lineNumber": 39,
        "author": {
          "gitId": "nimiew"
        },
        "content": "                    }"
      },
      {
        "lineNumber": 40,
        "author": {
          "gitId": "nimiew"
        },
        "content": "                    if (pos \u003c\u003d tasks.size()) {"
      },
      {
        "lineNumber": 41,
        "author": {
          "gitId": "nimiew"
        },
        "content": "                        System.out.println(\"Noted. I\u0027ve removed this task:\");"
      },
      {
        "lineNumber": 42,
        "author": {
          "gitId": "nimiew"
        },
        "content": "                        System.out.println(tasks.get(pos - 1).toString());"
      },
      {
        "lineNumber": 43,
        "author": {
          "gitId": "nimiew"
        },
        "content": "                        tasks.remove(pos - 1); // Order is impt"
      },
      {
        "lineNumber": 44,
        "author": {
          "gitId": "nimiew"
        },
        "content": "                        System.out.println(\"Now you have \" + tasks.size() + \" tasks in the list.\");"
      },
      {
        "lineNumber": 45,
        "author": {
          "gitId": "nimiew"
        },
        "content": "                        dataHandler.saveData(tasks); // to optimize"
      },
      {
        "lineNumber": 46,
        "author": {
          "gitId": "nimiew"
        },
        "content": "                    } else System.out.println(\"No such task!\");"
      },
      {
        "lineNumber": 47,
        "author": {
          "gitId": "nimiew"
        },
        "content": "                }"
      },
      {
        "lineNumber": 48,
        "author": {
          "gitId": "nimiew"
        },
        "content": "                // Find tasks"
      },
      {
        "lineNumber": 49,
        "author": {
          "gitId": "nimiew"
        },
        "content": "                else if (inStr.length() \u003e\u003d 5 \u0026\u0026 inStr.substring(0, 5).equals(\"find \")) {"
      },
      {
        "lineNumber": 50,
        "author": {
          "gitId": "nimiew"
        },
        "content": "                    ArrayList\u003cTask\u003e foundTasks \u003d new ArrayList\u003cTask\u003e();"
      },
      {
        "lineNumber": 51,
        "author": {
          "gitId": "nimiew"
        },
        "content": "                    for (int i \u003d 0; i \u003c tasks.size(); i++) {"
      },
      {
        "lineNumber": 52,
        "author": {
          "gitId": "nimiew"
        },
        "content": "                        if (tasks.get(i).getDescription().contains(inStr.substring(5))) {"
      },
      {
        "lineNumber": 53,
        "author": {
          "gitId": "nimiew"
        },
        "content": "                            foundTasks.add(tasks.get(i));"
      },
      {
        "lineNumber": 54,
        "author": {
          "gitId": "nimiew"
        },
        "content": "                        }"
      },
      {
        "lineNumber": 55,
        "author": {
          "gitId": "nimiew"
        },
        "content": "                    }"
      },
      {
        "lineNumber": 56,
        "author": {
          "gitId": "nimiew"
        },
        "content": "                    if (foundTasks.size()\u003d\u003d0) {"
      },
      {
        "lineNumber": 57,
        "author": {
          "gitId": "nimiew"
        },
        "content": "                        System.out.println(\"No tasks found!\");"
      },
      {
        "lineNumber": 58,
        "author": {
          "gitId": "nimiew"
        },
        "content": "                    }"
      },
      {
        "lineNumber": 59,
        "author": {
          "gitId": "nimiew"
        },
        "content": "                    else {"
      },
      {
        "lineNumber": 60,
        "author": {
          "gitId": "nimiew"
        },
        "content": "                        System.out.println(\"Here are the matching tasks in your list:\");"
      },
      {
        "lineNumber": 61,
        "author": {
          "gitId": "nimiew"
        },
        "content": "                        for (int i\u003d0; i \u003c foundTasks.size(); i++) {"
      },
      {
        "lineNumber": 62,
        "author": {
          "gitId": "nimiew"
        },
        "content": "                            System.out.println((i + 1) + \".\" + foundTasks.get(i).toString());"
      },
      {
        "lineNumber": 63,
        "author": {
          "gitId": "nimiew"
        },
        "content": "                        }"
      },
      {
        "lineNumber": 64,
        "author": {
          "gitId": "nimiew"
        },
        "content": "                    }"
      },
      {
        "lineNumber": 65,
        "author": {
          "gitId": "nimiew"
        },
        "content": "                }"
      },
      {
        "lineNumber": 66,
        "author": {
          "gitId": "nimiew"
        },
        "content": "                // Done task"
      },
      {
        "lineNumber": 67,
        "author": {
          "gitId": "nimiew"
        },
        "content": "                else if (inStr.length() \u003e\u003d 5 \u0026\u0026 inStr.substring(0, 5).equals(\"done \")) {"
      },
      {
        "lineNumber": 68,
        "author": {
          "gitId": "nimiew"
        },
        "content": "                    boolean exists \u003d false;"
      },
      {
        "lineNumber": 69,
        "author": {
          "gitId": "nimiew"
        },
        "content": "                    for (int i \u003d 0; i \u003c tasks.size(); i++) {"
      },
      {
        "lineNumber": 70,
        "author": {
          "gitId": "nimiew"
        },
        "content": "                        if (tasks.get(i).getDescription().equals(inStr.substring(5))) {"
      },
      {
        "lineNumber": 71,
        "author": {
          "gitId": "nimiew"
        },
        "content": "                            exists \u003d true;"
      },
      {
        "lineNumber": 72,
        "author": {
          "gitId": "nimiew"
        },
        "content": "                            tasks.get(i).setDone(true);"
      },
      {
        "lineNumber": 73,
        "author": {
          "gitId": "nimiew"
        },
        "content": "                            System.out.println(\"Nice! I\u0027ve marked this task as done:\");"
      },
      {
        "lineNumber": 74,
        "author": {
          "gitId": "nimiew"
        },
        "content": "                            System.out.println(tasks.get(i).toString());"
      },
      {
        "lineNumber": 75,
        "author": {
          "gitId": "nimiew"
        },
        "content": "                            dataHandler.saveData(tasks); // to optimize"
      },
      {
        "lineNumber": 76,
        "author": {
          "gitId": "nimiew"
        },
        "content": "                        }"
      },
      {
        "lineNumber": 77,
        "author": {
          "gitId": "nimiew"
        },
        "content": "                    }"
      },
      {
        "lineNumber": 78,
        "author": {
          "gitId": "nimiew"
        },
        "content": "                    if (!exists) {"
      },
      {
        "lineNumber": 79,
        "author": {
          "gitId": "nimiew"
        },
        "content": "                        System.out.println(\"No such task!\");"
      },
      {
        "lineNumber": 80,
        "author": {
          "gitId": "nimiew"
        },
        "content": "                    }"
      },
      {
        "lineNumber": 81,
        "author": {
          "gitId": "nimiew"
        },
        "content": "                }"
      },
      {
        "lineNumber": 82,
        "author": {
          "gitId": "nimiew"
        },
        "content": "                // Create todo task"
      },
      {
        "lineNumber": 83,
        "author": {
          "gitId": "nimiew"
        },
        "content": "                else if (inStr.length() \u003e\u003d 5 \u0026\u0026 inStr.substring(0, 5).equals(\"todo \")) {"
      },
      {
        "lineNumber": 84,
        "author": {
          "gitId": "nimiew"
        },
        "content": "                    try {"
      },
      {
        "lineNumber": 85,
        "author": {
          "gitId": "nimiew"
        },
        "content": "                        tasks.add(new Todo(inStr.substring(5)));"
      },
      {
        "lineNumber": 86,
        "author": {
          "gitId": "nimiew"
        },
        "content": "                    } catch (RuntimeException e) {"
      },
      {
        "lineNumber": 87,
        "author": {
          "gitId": "nimiew"
        },
        "content": "                        System.out.println(e.getMessage());"
      },
      {
        "lineNumber": 88,
        "author": {
          "gitId": "nimiew"
        },
        "content": "                        continue;"
      },
      {
        "lineNumber": 89,
        "author": {
          "gitId": "nimiew"
        },
        "content": "                    }"
      },
      {
        "lineNumber": 90,
        "author": {
          "gitId": "nimiew"
        },
        "content": "                    System.out.println(\"Got it. I\u0027ve added this task:\");"
      },
      {
        "lineNumber": 91,
        "author": {
          "gitId": "nimiew"
        },
        "content": "                    System.out.println(tasks.get(tasks.size()-1).toString());"
      },
      {
        "lineNumber": 92,
        "author": {
          "gitId": "nimiew"
        },
        "content": "                    System.out.println(\"Now you have \" + tasks.size() + \" tasks in the list.\");"
      },
      {
        "lineNumber": 93,
        "author": {
          "gitId": "nimiew"
        },
        "content": "                    dataHandler.saveData(tasks); // to optimize"
      },
      {
        "lineNumber": 94,
        "author": {
          "gitId": "nimiew"
        },
        "content": "                }"
      },
      {
        "lineNumber": 95,
        "author": {
          "gitId": "nimiew"
        },
        "content": "                // Create deadline task"
      },
      {
        "lineNumber": 96,
        "author": {
          "gitId": "nimiew"
        },
        "content": "                else if (inStr.length() \u003e\u003d 9 \u0026\u0026 inStr.substring(0, 9).equals(\"deadline \")) {"
      },
      {
        "lineNumber": 97,
        "author": {
          "gitId": "nimiew"
        },
        "content": "                    int first \u003d inStr.indexOf(\" /by \");"
      },
      {
        "lineNumber": 98,
        "author": {
          "gitId": "nimiew"
        },
        "content": "                    if (first \u003d\u003d -1) {"
      },
      {
        "lineNumber": 99,
        "author": {
          "gitId": "nimiew"
        },
        "content": "                        System.out.println(\"When creating deadline task, require \\\" /by \\\" substring in command\");"
      },
      {
        "lineNumber": 100,
        "author": {
          "gitId": "nimiew"
        },
        "content": "                        continue;"
      },
      {
        "lineNumber": 101,
        "author": {
          "gitId": "nimiew"
        },
        "content": "                    }"
      },
      {
        "lineNumber": 102,
        "author": {
          "gitId": "nimiew"
        },
        "content": "                    if (first \u003c\u003d 9){"
      },
      {
        "lineNumber": 103,
        "author": {
          "gitId": "nimiew"
        },
        "content": "                        System.out.println(\"When creating deadline task, require desc before \\\" /by \\\" substring\");"
      },
      {
        "lineNumber": 104,
        "author": {
          "gitId": "nimiew"
        },
        "content": "                        continue;"
      },
      {
        "lineNumber": 105,
        "author": {
          "gitId": "nimiew"
        },
        "content": "                    }"
      },
      {
        "lineNumber": 106,
        "author": {
          "gitId": "nimiew"
        },
        "content": "                    int second \u003d first + 5;"
      },
      {
        "lineNumber": 107,
        "author": {
          "gitId": "nimiew"
        },
        "content": "                    String description \u003d inStr.substring(9, first);"
      },
      {
        "lineNumber": 108,
        "author": {
          "gitId": "nimiew"
        },
        "content": "                    String by \u003d inStr.substring(second);"
      },
      {
        "lineNumber": 109,
        "author": {
          "gitId": "nimiew"
        },
        "content": "                    try {"
      },
      {
        "lineNumber": 110,
        "author": {
          "gitId": "nimiew"
        },
        "content": "                        tasks.add(new Deadline(description, by));"
      },
      {
        "lineNumber": 111,
        "author": {
          "gitId": "nimiew"
        },
        "content": "                    } catch (RuntimeException e) {"
      },
      {
        "lineNumber": 112,
        "author": {
          "gitId": "nimiew"
        },
        "content": "                        System.out.println(e.getMessage());"
      },
      {
        "lineNumber": 113,
        "author": {
          "gitId": "nimiew"
        },
        "content": "                        continue;"
      },
      {
        "lineNumber": 114,
        "author": {
          "gitId": "nimiew"
        },
        "content": "                    }"
      },
      {
        "lineNumber": 115,
        "author": {
          "gitId": "nimiew"
        },
        "content": "                    catch (ParseException e){ // catch all"
      },
      {
        "lineNumber": 116,
        "author": {
          "gitId": "nimiew"
        },
        "content": "                        System.out.println(\"Please ensure date is in dd/MM/yyyy HHmm format.\");"
      },
      {
        "lineNumber": 117,
        "author": {
          "gitId": "nimiew"
        },
        "content": "                        continue;"
      },
      {
        "lineNumber": 118,
        "author": {
          "gitId": "nimiew"
        },
        "content": "                    }"
      },
      {
        "lineNumber": 119,
        "author": {
          "gitId": "nimiew"
        },
        "content": ""
      },
      {
        "lineNumber": 120,
        "author": {
          "gitId": "nimiew"
        },
        "content": "                    System.out.println(\"Got it. I\u0027ve added this task:\");"
      },
      {
        "lineNumber": 121,
        "author": {
          "gitId": "nimiew"
        },
        "content": "                    System.out.println(tasks.get(tasks.size()-1).toString());"
      },
      {
        "lineNumber": 122,
        "author": {
          "gitId": "nimiew"
        },
        "content": "                    System.out.println(\"Now you have \" + tasks.size() + \" tasks in the list.\");"
      },
      {
        "lineNumber": 123,
        "author": {
          "gitId": "nimiew"
        },
        "content": "                    dataHandler.saveData(tasks); // to optimize"
      },
      {
        "lineNumber": 124,
        "author": {
          "gitId": "nimiew"
        },
        "content": "                }"
      },
      {
        "lineNumber": 125,
        "author": {
          "gitId": "nimiew"
        },
        "content": "                // Create event task"
      },
      {
        "lineNumber": 126,
        "author": {
          "gitId": "nimiew"
        },
        "content": "                else if (inStr.length() \u003e\u003d 6 \u0026\u0026 inStr.substring(0, 6).equals(\"event \")) {"
      },
      {
        "lineNumber": 127,
        "author": {
          "gitId": "nimiew"
        },
        "content": "                    int first \u003d inStr.indexOf(\" /at \");"
      },
      {
        "lineNumber": 128,
        "author": {
          "gitId": "nimiew"
        },
        "content": "                    if (first \u003d\u003d -1) {"
      },
      {
        "lineNumber": 129,
        "author": {
          "gitId": "nimiew"
        },
        "content": "                        System.out.println(\"When creating event task, require \\\" /at \\\" substring in command\");"
      },
      {
        "lineNumber": 130,
        "author": {
          "gitId": "nimiew"
        },
        "content": "                        continue;"
      },
      {
        "lineNumber": 131,
        "author": {
          "gitId": "nimiew"
        },
        "content": "                    }"
      },
      {
        "lineNumber": 132,
        "author": {
          "gitId": "nimiew"
        },
        "content": "                    if (first \u003c\u003d 6){"
      },
      {
        "lineNumber": 133,
        "author": {
          "gitId": "nimiew"
        },
        "content": "                        System.out.println(\"When creating event task, require desc before \\\" /at \\\"\");"
      },
      {
        "lineNumber": 134,
        "author": {
          "gitId": "nimiew"
        },
        "content": "                        continue;"
      },
      {
        "lineNumber": 135,
        "author": {
          "gitId": "nimiew"
        },
        "content": "                    }"
      },
      {
        "lineNumber": 136,
        "author": {
          "gitId": "nimiew"
        },
        "content": "                    int second \u003d first + 5;"
      },
      {
        "lineNumber": 137,
        "author": {
          "gitId": "nimiew"
        },
        "content": "                    String description \u003d inStr.substring(6, first);"
      },
      {
        "lineNumber": 138,
        "author": {
          "gitId": "nimiew"
        },
        "content": "                    String at \u003d inStr.substring(second);"
      },
      {
        "lineNumber": 139,
        "author": {
          "gitId": "nimiew"
        },
        "content": "                    try {"
      },
      {
        "lineNumber": 140,
        "author": {
          "gitId": "nimiew"
        },
        "content": "                        tasks.add(new Event(description, at));"
      },
      {
        "lineNumber": 141,
        "author": {
          "gitId": "nimiew"
        },
        "content": "                    } catch (RuntimeException e) {"
      },
      {
        "lineNumber": 142,
        "author": {
          "gitId": "nimiew"
        },
        "content": "                        System.out.println(e.getMessage());"
      },
      {
        "lineNumber": 143,
        "author": {
          "gitId": "nimiew"
        },
        "content": "                        continue;"
      },
      {
        "lineNumber": 144,
        "author": {
          "gitId": "nimiew"
        },
        "content": "                    }catch (ParseException e){ // catch all"
      },
      {
        "lineNumber": 145,
        "author": {
          "gitId": "nimiew"
        },
        "content": "                        System.out.println(\"Please ensure date is in dd/MM/yyyy HHmm format.\");"
      },
      {
        "lineNumber": 146,
        "author": {
          "gitId": "nimiew"
        },
        "content": "                        continue;"
      },
      {
        "lineNumber": 147,
        "author": {
          "gitId": "nimiew"
        },
        "content": "                    }"
      },
      {
        "lineNumber": 148,
        "author": {
          "gitId": "nimiew"
        },
        "content": "                    System.out.println(\"Got it. I\u0027ve added this task:\");"
      },
      {
        "lineNumber": 149,
        "author": {
          "gitId": "nimiew"
        },
        "content": "                    System.out.println(tasks.get(tasks.size()-1).toString());"
      },
      {
        "lineNumber": 150,
        "author": {
          "gitId": "nimiew"
        },
        "content": "                    System.out.println(\"Now you have \" + tasks.size() + \" tasks in the list.\");"
      },
      {
        "lineNumber": 151,
        "author": {
          "gitId": "nimiew"
        },
        "content": "                    dataHandler.saveData(tasks); // to optimize"
      },
      {
        "lineNumber": 152,
        "author": {
          "gitId": "nimiew"
        },
        "content": "                }"
      },
      {
        "lineNumber": 153,
        "author": {
          "gitId": "nimiew"
        },
        "content": "                // Invalid command"
      },
      {
        "lineNumber": 154,
        "author": {
          "gitId": "nimiew"
        },
        "content": "                else {"
      },
      {
        "lineNumber": 155,
        "author": {
          "gitId": "nimiew"
        },
        "content": "                    System.out.println(\"☹ OOPS!!! I\u0027m sorry, but I don\u0027t know what that means :-()\");"
      },
      {
        "lineNumber": 156,
        "author": {
          "gitId": "nimiew"
        },
        "content": "                }"
      },
      {
        "lineNumber": 157,
        "author": {
          "gitId": "nimiew"
        },
        "content": "            }"
      },
      {
        "lineNumber": 158,
        "author": {
          "gitId": "-"
        },
        "content": "        }"
      },
      {
        "lineNumber": 159,
        "author": {
          "gitId": "nimiew"
        },
        "content": ""
      },
      {
        "lineNumber": 160,
        "author": {
          "gitId": "nimiew"
        },
        "content": "        catch (Exception e){ // catch all"
      },
      {
        "lineNumber": 161,
        "author": {
          "gitId": "nimiew"
        },
        "content": "            e.printStackTrace();"
      },
      {
        "lineNumber": 162,
        "author": {
          "gitId": "nimiew"
        },
        "content": "        }"
      },
      {
        "lineNumber": 163,
        "author": {
          "gitId": "nimiew"
        },
        "content": "        try { // another save just in case"
      },
      {
        "lineNumber": 164,
        "author": {
          "gitId": "nimiew"
        },
        "content": "            dataHandler.saveData(tasks);"
      },
      {
        "lineNumber": 165,
        "author": {
          "gitId": "nimiew"
        },
        "content": "        } catch (IOException e) {"
      },
      {
        "lineNumber": 166,
        "author": {
          "gitId": "nimiew"
        },
        "content": "            e.printStackTrace();"
      },
      {
        "lineNumber": 167,
        "author": {
          "gitId": "nimiew"
        },
        "content": "        }"
      },
      {
        "lineNumber": 168,
        "author": {
          "gitId": "-"
        },
        "content": "    }"
      },
      {
        "lineNumber": 169,
        "author": {
          "gitId": "-"
        },
        "content": "}"
      }
    ],
    "authorContributionMap": {
      "nimiew": 164,
      "-": 5
    }
  },
  {
    "path": "src/main/java/Event.java",
    "fileType": "java",
    "lines": [
      {
        "lineNumber": 1,
        "author": {
          "gitId": "nimiew"
        },
        "content": "import java.text.ParseException;"
      },
      {
        "lineNumber": 2,
        "author": {
          "gitId": "nimiew"
        },
        "content": "import java.text.SimpleDateFormat;"
      },
      {
        "lineNumber": 3,
        "author": {
          "gitId": "nimiew"
        },
        "content": "import java.util.Date;"
      },
      {
        "lineNumber": 4,
        "author": {
          "gitId": "nimiew"
        },
        "content": ""
      },
      {
        "lineNumber": 5,
        "author": {
          "gitId": "nimiew"
        },
        "content": "public class Event extends Task {"
      },
      {
        "lineNumber": 6,
        "author": {
          "gitId": "nimiew"
        },
        "content": "    protected String at;"
      },
      {
        "lineNumber": 7,
        "author": {
          "gitId": "nimiew"
        },
        "content": "    protected Date date;"
      },
      {
        "lineNumber": 8,
        "author": {
          "gitId": "nimiew"
        },
        "content": ""
      },
      {
        "lineNumber": 9,
        "author": {
          "gitId": "nimiew"
        },
        "content": "    public Event(String description, String at) throws ParseException {"
      },
      {
        "lineNumber": 10,
        "author": {
          "gitId": "nimiew"
        },
        "content": "        super(description);"
      },
      {
        "lineNumber": 11,
        "author": {
          "gitId": "nimiew"
        },
        "content": "        this.at \u003d at;"
      },
      {
        "lineNumber": 12,
        "author": {
          "gitId": "nimiew"
        },
        "content": "        date \u003d new SimpleDateFormat(\"dd/MM/yy HHmm\").parse(at);"
      },
      {
        "lineNumber": 13,
        "author": {
          "gitId": "nimiew"
        },
        "content": "    }"
      },
      {
        "lineNumber": 14,
        "author": {
          "gitId": "nimiew"
        },
        "content": ""
      },
      {
        "lineNumber": 15,
        "author": {
          "gitId": "nimiew"
        },
        "content": "    @Override"
      },
      {
        "lineNumber": 16,
        "author": {
          "gitId": "nimiew"
        },
        "content": "    public String toString(){"
      },
      {
        "lineNumber": 17,
        "author": {
          "gitId": "nimiew"
        },
        "content": "        return \"[E]\" + super.toString() + \" (at: \" + at + \")\";"
      },
      {
        "lineNumber": 18,
        "author": {
          "gitId": "nimiew"
        },
        "content": "    }"
      },
      {
        "lineNumber": 19,
        "author": {
          "gitId": "nimiew"
        },
        "content": ""
      },
      {
        "lineNumber": 20,
        "author": {
          "gitId": "nimiew"
        },
        "content": "    public String getAt() {"
      },
      {
        "lineNumber": 21,
        "author": {
          "gitId": "nimiew"
        },
        "content": "        return at;"
      },
      {
        "lineNumber": 22,
        "author": {
          "gitId": "nimiew"
        },
        "content": "    }"
      },
      {
        "lineNumber": 23,
        "author": {
          "gitId": "nimiew"
        },
        "content": "}"
      }
    ],
    "authorContributionMap": {
      "nimiew": 23
    }
  },
  {
    "path": "src/main/java/Task.java",
    "fileType": "java",
    "lines": [
      {
        "lineNumber": 1,
        "author": {
          "gitId": "nimiew"
        },
        "content": "public class Task {"
      },
      {
        "lineNumber": 2,
        "author": {
          "gitId": "nimiew"
        },
        "content": "    protected String description;"
      },
      {
        "lineNumber": 3,
        "author": {
          "gitId": "nimiew"
        },
        "content": "    protected boolean isDone;"
      },
      {
        "lineNumber": 4,
        "author": {
          "gitId": "nimiew"
        },
        "content": "    protected static int numTasks \u003d 0;"
      },
      {
        "lineNumber": 5,
        "author": {
          "gitId": "nimiew"
        },
        "content": ""
      },
      {
        "lineNumber": 6,
        "author": {
          "gitId": "nimiew"
        },
        "content": "    public Task(String description){"
      },
      {
        "lineNumber": 7,
        "author": {
          "gitId": "nimiew"
        },
        "content": "        if(description.length() \u003d\u003d 0){"
      },
      {
        "lineNumber": 8,
        "author": {
          "gitId": "nimiew"
        },
        "content": "            throw new RuntimeException(\"☹ OOPS!!! The description of a task cannot be empty.\"); // what is string of whitespace"
      },
      {
        "lineNumber": 9,
        "author": {
          "gitId": "nimiew"
        },
        "content": "        }"
      },
      {
        "lineNumber": 10,
        "author": {
          "gitId": "nimiew"
        },
        "content": "        this.description \u003d description;"
      },
      {
        "lineNumber": 11,
        "author": {
          "gitId": "nimiew"
        },
        "content": "        this.isDone \u003d false;"
      },
      {
        "lineNumber": 12,
        "author": {
          "gitId": "nimiew"
        },
        "content": "        numTasks++;"
      },
      {
        "lineNumber": 13,
        "author": {
          "gitId": "nimiew"
        },
        "content": "    }"
      },
      {
        "lineNumber": 14,
        "author": {
          "gitId": "nimiew"
        },
        "content": ""
      },
      {
        "lineNumber": 15,
        "author": {
          "gitId": "nimiew"
        },
        "content": "    public static int getNumTasks() { return numTasks; }"
      },
      {
        "lineNumber": 16,
        "author": {
          "gitId": "nimiew"
        },
        "content": ""
      },
      {
        "lineNumber": 17,
        "author": {
          "gitId": "nimiew"
        },
        "content": "    public String getStatusIcon() {"
      },
      {
        "lineNumber": 18,
        "author": {
          "gitId": "nimiew"
        },
        "content": "        return (isDone ? \"\\u2713\" : \"\\u2718\"); //return tick or X symbols"
      },
      {
        "lineNumber": 19,
        "author": {
          "gitId": "nimiew"
        },
        "content": "    }"
      },
      {
        "lineNumber": 20,
        "author": {
          "gitId": "nimiew"
        },
        "content": ""
      },
      {
        "lineNumber": 21,
        "author": {
          "gitId": "nimiew"
        },
        "content": "    public String getDescription() {"
      },
      {
        "lineNumber": 22,
        "author": {
          "gitId": "nimiew"
        },
        "content": "        return description;"
      },
      {
        "lineNumber": 23,
        "author": {
          "gitId": "nimiew"
        },
        "content": "    }"
      },
      {
        "lineNumber": 24,
        "author": {
          "gitId": "nimiew"
        },
        "content": ""
      },
      {
        "lineNumber": 25,
        "author": {
          "gitId": "nimiew"
        },
        "content": "    public void setDescription(String description) {"
      },
      {
        "lineNumber": 26,
        "author": {
          "gitId": "nimiew"
        },
        "content": "        this.description \u003d description;"
      },
      {
        "lineNumber": 27,
        "author": {
          "gitId": "nimiew"
        },
        "content": "    }"
      },
      {
        "lineNumber": 28,
        "author": {
          "gitId": "nimiew"
        },
        "content": ""
      },
      {
        "lineNumber": 29,
        "author": {
          "gitId": "nimiew"
        },
        "content": "    public boolean getDone(){"
      },
      {
        "lineNumber": 30,
        "author": {
          "gitId": "nimiew"
        },
        "content": "        return isDone;"
      },
      {
        "lineNumber": 31,
        "author": {
          "gitId": "nimiew"
        },
        "content": "    }"
      },
      {
        "lineNumber": 32,
        "author": {
          "gitId": "nimiew"
        },
        "content": ""
      },
      {
        "lineNumber": 33,
        "author": {
          "gitId": "nimiew"
        },
        "content": "    public void setDone(boolean isDone){"
      },
      {
        "lineNumber": 34,
        "author": {
          "gitId": "nimiew"
        },
        "content": "        this.isDone \u003d isDone;"
      },
      {
        "lineNumber": 35,
        "author": {
          "gitId": "nimiew"
        },
        "content": "    }"
      },
      {
        "lineNumber": 36,
        "author": {
          "gitId": "nimiew"
        },
        "content": ""
      },
      {
        "lineNumber": 37,
        "author": {
          "gitId": "nimiew"
        },
        "content": "    @Override"
      },
      {
        "lineNumber": 38,
        "author": {
          "gitId": "nimiew"
        },
        "content": "    public String toString(){"
      },
      {
        "lineNumber": 39,
        "author": {
          "gitId": "nimiew"
        },
        "content": "        return \"[\" + getStatusIcon() + \"] \" + getDescription();"
      },
      {
        "lineNumber": 40,
        "author": {
          "gitId": "nimiew"
        },
        "content": "    }"
      },
      {
        "lineNumber": 41,
        "author": {
          "gitId": "nimiew"
        },
        "content": "}"
      }
    ],
    "authorContributionMap": {
      "nimiew": 41
    }
  },
  {
    "path": "src/main/java/Todo.java",
    "fileType": "java",
    "lines": [
      {
        "lineNumber": 1,
        "author": {
          "gitId": "nimiew"
        },
        "content": "public class Todo extends Task {"
      },
      {
        "lineNumber": 2,
        "author": {
          "gitId": "nimiew"
        },
        "content": "    public Todo(String description){"
      },
      {
        "lineNumber": 3,
        "author": {
          "gitId": "nimiew"
        },
        "content": "        super(description);"
      },
      {
        "lineNumber": 4,
        "author": {
          "gitId": "nimiew"
        },
        "content": "    }"
      },
      {
        "lineNumber": 5,
        "author": {
          "gitId": "nimiew"
        },
        "content": "    @Override"
      },
      {
        "lineNumber": 6,
        "author": {
          "gitId": "nimiew"
        },
        "content": "    public String toString(){"
      },
      {
        "lineNumber": 7,
        "author": {
          "gitId": "nimiew"
        },
        "content": "        return \"[T]\" + super.toString();"
      },
      {
        "lineNumber": 8,
        "author": {
          "gitId": "nimiew"
        },
        "content": "    }"
      },
      {
        "lineNumber": 9,
        "author": {
          "gitId": "nimiew"
        },
        "content": "}"
      }
    ],
    "authorContributionMap": {
      "nimiew": 9
    }
  }
]
