[
  {
    "path": "src/main/java/Deadline.java",
    "fileType": "java",
    "lines": [
      {
        "lineNumber": 1,
        "author": {
          "gitId": "TerenceTanWT"
        },
        "content": "import java.text.DateFormat;"
      },
      {
        "lineNumber": 2,
        "author": {
          "gitId": "TerenceTanWT"
        },
        "content": "import java.text.ParseException;"
      },
      {
        "lineNumber": 3,
        "author": {
          "gitId": "TerenceTanWT"
        },
        "content": "import java.text.SimpleDateFormat;"
      },
      {
        "lineNumber": 4,
        "author": {
          "gitId": "TerenceTanWT"
        },
        "content": "import java.util.Date;"
      },
      {
        "lineNumber": 5,
        "author": {
          "gitId": "TerenceTanWT"
        },
        "content": ""
      },
      {
        "lineNumber": 6,
        "author": {
          "gitId": "TerenceTanWT"
        },
        "content": "public class Deadline extends Task {"
      },
      {
        "lineNumber": 7,
        "author": {
          "gitId": "TerenceTanWT"
        },
        "content": ""
      },
      {
        "lineNumber": 8,
        "author": {
          "gitId": "TerenceTanWT"
        },
        "content": "    private Date by;"
      },
      {
        "lineNumber": 9,
        "author": {
          "gitId": "TerenceTanWT"
        },
        "content": ""
      },
      {
        "lineNumber": 10,
        "author": {
          "gitId": "TerenceTanWT"
        },
        "content": "    public Deadline(String description, Date by) {"
      },
      {
        "lineNumber": 11,
        "author": {
          "gitId": "TerenceTanWT"
        },
        "content": "        super(description);"
      },
      {
        "lineNumber": 12,
        "author": {
          "gitId": "TerenceTanWT"
        },
        "content": "        this.by \u003d by;"
      },
      {
        "lineNumber": 13,
        "author": {
          "gitId": "TerenceTanWT"
        },
        "content": "    }"
      },
      {
        "lineNumber": 14,
        "author": {
          "gitId": "TerenceTanWT"
        },
        "content": ""
      },
      {
        "lineNumber": 15,
        "author": {
          "gitId": "TerenceTanWT"
        },
        "content": "    public static void checkInputError(String myString) throws DukeException {"
      },
      {
        "lineNumber": 16,
        "author": {
          "gitId": "TerenceTanWT"
        },
        "content": "        String[] userInputArray \u003d Duke.userInputStringToArray(myString);"
      },
      {
        "lineNumber": 17,
        "author": {
          "gitId": "TerenceTanWT"
        },
        "content": ""
      },
      {
        "lineNumber": 18,
        "author": {
          "gitId": "TerenceTanWT"
        },
        "content": "        if(userInputArray.length \u003c\u003d 1) {"
      },
      {
        "lineNumber": 19,
        "author": {
          "gitId": "TerenceTanWT"
        },
        "content": "            throw new DukeException(\"The description of deadline cannot be empty.\");"
      },
      {
        "lineNumber": 20,
        "author": {
          "gitId": "TerenceTanWT"
        },
        "content": ""
      },
      {
        "lineNumber": 21,
        "author": {
          "gitId": "TerenceTanWT"
        },
        "content": "        } else if(!myString.contains(\"/by\")) {"
      },
      {
        "lineNumber": 22,
        "author": {
          "gitId": "TerenceTanWT"
        },
        "content": "            throw new DukeException(\"Deadline invalid date\");"
      },
      {
        "lineNumber": 23,
        "author": {
          "gitId": "TerenceTanWT"
        },
        "content": "        }"
      },
      {
        "lineNumber": 24,
        "author": {
          "gitId": "TerenceTanWT"
        },
        "content": "    }"
      },
      {
        "lineNumber": 25,
        "author": {
          "gitId": "TerenceTanWT"
        },
        "content": ""
      },
      {
        "lineNumber": 26,
        "author": {
          "gitId": "TerenceTanWT"
        },
        "content": "    public static String getTaskName(String myString) {"
      },
      {
        "lineNumber": 27,
        "author": {
          "gitId": "TerenceTanWT"
        },
        "content": "        String taskName \u003d myString;"
      },
      {
        "lineNumber": 28,
        "author": {
          "gitId": "TerenceTanWT"
        },
        "content": "        taskName \u003d Duke.removeFirstWordFromString(taskName);"
      },
      {
        "lineNumber": 29,
        "author": {
          "gitId": "TerenceTanWT"
        },
        "content": "        taskName \u003d taskName.split(\"/by\")[0];     // gets user entered task (before /by)"
      },
      {
        "lineNumber": 30,
        "author": {
          "gitId": "TerenceTanWT"
        },
        "content": "        return taskName;"
      },
      {
        "lineNumber": 31,
        "author": {
          "gitId": "TerenceTanWT"
        },
        "content": "    }"
      },
      {
        "lineNumber": 32,
        "author": {
          "gitId": "TerenceTanWT"
        },
        "content": ""
      },
      {
        "lineNumber": 33,
        "author": {
          "gitId": "TerenceTanWT"
        },
        "content": "    public static Date getTaskDate(String myString) throws DukeException {"
      },
      {
        "lineNumber": 34,
        "author": {
          "gitId": "TerenceTanWT"
        },
        "content": "        try {"
      },
      {
        "lineNumber": 35,
        "author": {
          "gitId": "TerenceTanWT"
        },
        "content": "            DateFormat dateFormat \u003d new SimpleDateFormat(\"dd/MM/yyyy HHmm\");"
      },
      {
        "lineNumber": 36,
        "author": {
          "gitId": "TerenceTanWT"
        },
        "content": "            String deadlineDateString \u003d myString.split(\"/by\")[1];     // gets user entered date (after /by)"
      },
      {
        "lineNumber": 37,
        "author": {
          "gitId": "TerenceTanWT"
        },
        "content": "            Date deadlineDate \u003d dateFormat.parse(deadlineDateString);"
      },
      {
        "lineNumber": 38,
        "author": {
          "gitId": "TerenceTanWT"
        },
        "content": "            return deadlineDate;"
      },
      {
        "lineNumber": 39,
        "author": {
          "gitId": "TerenceTanWT"
        },
        "content": ""
      },
      {
        "lineNumber": 40,
        "author": {
          "gitId": "TerenceTanWT"
        },
        "content": "        } catch(ParseException errorMessage) {"
      },
      {
        "lineNumber": 41,
        "author": {
          "gitId": "TerenceTanWT"
        },
        "content": "            throw new DukeException(\"Deadline invalid date\");"
      },
      {
        "lineNumber": 42,
        "author": {
          "gitId": "TerenceTanWT"
        },
        "content": "        }"
      },
      {
        "lineNumber": 43,
        "author": {
          "gitId": "TerenceTanWT"
        },
        "content": "    }"
      },
      {
        "lineNumber": 44,
        "author": {
          "gitId": "TerenceTanWT"
        },
        "content": ""
      },
      {
        "lineNumber": 45,
        "author": {
          "gitId": "TerenceTanWT"
        },
        "content": "    @Override"
      },
      {
        "lineNumber": 46,
        "author": {
          "gitId": "TerenceTanWT"
        },
        "content": "    public String toString() {"
      },
      {
        "lineNumber": 47,
        "author": {
          "gitId": "TerenceTanWT"
        },
        "content": "        DateFormat dateFormat \u003d new SimpleDateFormat(\"dd/MM/yyyy HHmm\");"
      },
      {
        "lineNumber": 48,
        "author": {
          "gitId": "TerenceTanWT"
        },
        "content": "        return \"[D]\" + super.toString() + \" (by: \" + dateFormat.format(by) + \")\";"
      },
      {
        "lineNumber": 49,
        "author": {
          "gitId": "TerenceTanWT"
        },
        "content": "    }"
      },
      {
        "lineNumber": 50,
        "author": {
          "gitId": "TerenceTanWT"
        },
        "content": "}"
      }
    ],
    "authorContributionMap": {
      "TerenceTanWT": 50
    }
  },
  {
    "path": "src/main/java/Delete.java",
    "fileType": "java",
    "lines": [
      {
        "lineNumber": 1,
        "author": {
          "gitId": "TerenceTanWT"
        },
        "content": "public class Delete {"
      },
      {
        "lineNumber": 2,
        "author": {
          "gitId": "TerenceTanWT"
        },
        "content": ""
      },
      {
        "lineNumber": 3,
        "author": {
          "gitId": "TerenceTanWT"
        },
        "content": "    public static void checkInputError(String myString) throws DukeException {"
      },
      {
        "lineNumber": 4,
        "author": {
          "gitId": "TerenceTanWT"
        },
        "content": "        String[] userInputArray \u003d Duke.userInputStringToArray(myString);"
      },
      {
        "lineNumber": 5,
        "author": {
          "gitId": "TerenceTanWT"
        },
        "content": "        if(userInputArray.length \u003c\u003d 1) {"
      },
      {
        "lineNumber": 6,
        "author": {
          "gitId": "TerenceTanWT"
        },
        "content": "            throw new DukeException(\"Delete must be followed by a number from the list.\");"
      },
      {
        "lineNumber": 7,
        "author": {
          "gitId": "TerenceTanWT"
        },
        "content": "        }"
      },
      {
        "lineNumber": 8,
        "author": {
          "gitId": "TerenceTanWT"
        },
        "content": "    }"
      },
      {
        "lineNumber": 9,
        "author": {
          "gitId": "TerenceTanWT"
        },
        "content": ""
      },
      {
        "lineNumber": 10,
        "author": {
          "gitId": "TerenceTanWT"
        },
        "content": "    public static int getDeleteNumber(String myString) throws DukeException {"
      },
      {
        "lineNumber": 11,
        "author": {
          "gitId": "TerenceTanWT"
        },
        "content": "        String userInput \u003d myString;"
      },
      {
        "lineNumber": 12,
        "author": {
          "gitId": "TerenceTanWT"
        },
        "content": "        userInput \u003d Duke.removeFirstWordFromString(userInput);"
      },
      {
        "lineNumber": 13,
        "author": {
          "gitId": "TerenceTanWT"
        },
        "content": "        int userInputNumber \u003d Integer.parseInt(userInput.split(\" \")[0]);"
      },
      {
        "lineNumber": 14,
        "author": {
          "gitId": "TerenceTanWT"
        },
        "content": "        return userInputNumber;"
      },
      {
        "lineNumber": 15,
        "author": {
          "gitId": "TerenceTanWT"
        },
        "content": "    }"
      },
      {
        "lineNumber": 16,
        "author": {
          "gitId": "TerenceTanWT"
        },
        "content": ""
      },
      {
        "lineNumber": 17,
        "author": {
          "gitId": "TerenceTanWT"
        },
        "content": "}"
      }
    ],
    "authorContributionMap": {
      "TerenceTanWT": 17
    }
  },
  {
    "path": "src/main/java/Done.java",
    "fileType": "java",
    "lines": [
      {
        "lineNumber": 1,
        "author": {
          "gitId": "TerenceTanWT"
        },
        "content": "public class Done {"
      },
      {
        "lineNumber": 2,
        "author": {
          "gitId": "TerenceTanWT"
        },
        "content": ""
      },
      {
        "lineNumber": 3,
        "author": {
          "gitId": "TerenceTanWT"
        },
        "content": "    public static void checkInputError(String myString) throws DukeException {"
      },
      {
        "lineNumber": 4,
        "author": {
          "gitId": "TerenceTanWT"
        },
        "content": "        String[] userInputArray \u003d Duke.userInputStringToArray(myString);"
      },
      {
        "lineNumber": 5,
        "author": {
          "gitId": "TerenceTanWT"
        },
        "content": "        if(userInputArray.length \u003c\u003d 1) {"
      },
      {
        "lineNumber": 6,
        "author": {
          "gitId": "TerenceTanWT"
        },
        "content": "            throw new DukeException(\"Done must be followed by a number from the list.\");"
      },
      {
        "lineNumber": 7,
        "author": {
          "gitId": "TerenceTanWT"
        },
        "content": "        }"
      },
      {
        "lineNumber": 8,
        "author": {
          "gitId": "TerenceTanWT"
        },
        "content": "    }"
      },
      {
        "lineNumber": 9,
        "author": {
          "gitId": "TerenceTanWT"
        },
        "content": ""
      },
      {
        "lineNumber": 10,
        "author": {
          "gitId": "TerenceTanWT"
        },
        "content": "    public static int getDoneNumber(String myString) throws DukeException {"
      },
      {
        "lineNumber": 11,
        "author": {
          "gitId": "TerenceTanWT"
        },
        "content": "        String userInput \u003d myString;"
      },
      {
        "lineNumber": 12,
        "author": {
          "gitId": "TerenceTanWT"
        },
        "content": "        userInput \u003d Duke.removeFirstWordFromString(userInput);"
      },
      {
        "lineNumber": 13,
        "author": {
          "gitId": "TerenceTanWT"
        },
        "content": "        int userInputNumber \u003d Integer.parseInt(userInput.split(\" \")[0]);"
      },
      {
        "lineNumber": 14,
        "author": {
          "gitId": "TerenceTanWT"
        },
        "content": "        return userInputNumber;"
      },
      {
        "lineNumber": 15,
        "author": {
          "gitId": "TerenceTanWT"
        },
        "content": "    }"
      },
      {
        "lineNumber": 16,
        "author": {
          "gitId": "TerenceTanWT"
        },
        "content": ""
      },
      {
        "lineNumber": 17,
        "author": {
          "gitId": "TerenceTanWT"
        },
        "content": "}"
      }
    ],
    "authorContributionMap": {
      "TerenceTanWT": 17
    }
  },
  {
    "path": "src/main/java/Duke.java",
    "fileType": "java",
    "lines": [
      {
        "lineNumber": 1,
        "author": {
          "gitId": "TerenceTanWT"
        },
        "content": "import java.io.IOException;"
      },
      {
        "lineNumber": 2,
        "author": {
          "gitId": "TerenceTanWT"
        },
        "content": "import java.util.Date;"
      },
      {
        "lineNumber": 3,
        "author": {
          "gitId": "TerenceTanWT"
        },
        "content": "import java.util.Scanner;  // Import the Scanner class"
      },
      {
        "lineNumber": 4,
        "author": {
          "gitId": "TerenceTanWT"
        },
        "content": "import java.util.ArrayList; // import the ArrayList class"
      },
      {
        "lineNumber": 5,
        "author": {
          "gitId": "TerenceTanWT"
        },
        "content": ""
      },
      {
        "lineNumber": 6,
        "author": {
          "gitId": "-"
        },
        "content": "public class Duke {"
      },
      {
        "lineNumber": 7,
        "author": {
          "gitId": "TerenceTanWT"
        },
        "content": "    private static void printWelcomeMessage() {"
      },
      {
        "lineNumber": 8,
        "author": {
          "gitId": "-"
        },
        "content": "        String logo \u003d \" ____        _        \\n\""
      },
      {
        "lineNumber": 9,
        "author": {
          "gitId": "-"
        },
        "content": "                + \"|  _ \\\\ _   _| | _____ \\n\""
      },
      {
        "lineNumber": 10,
        "author": {
          "gitId": "-"
        },
        "content": "                + \"| | | | | | | |/ / _ \\\\\\n\""
      },
      {
        "lineNumber": 11,
        "author": {
          "gitId": "-"
        },
        "content": "                + \"| |_| | |_| |   \u003c  __/\\n\""
      },
      {
        "lineNumber": 12,
        "author": {
          "gitId": "-"
        },
        "content": "                + \"|____/ \\\\__,_|_|\\\\_\\\\___|\\n\";"
      },
      {
        "lineNumber": 13,
        "author": {
          "gitId": "TerenceTanWT"
        },
        "content": "        //System.out.println(\"Hello from\\n\" + logo);"
      },
      {
        "lineNumber": 14,
        "author": {
          "gitId": "TerenceTanWT"
        },
        "content": ""
      },
      {
        "lineNumber": 15,
        "author": {
          "gitId": "TerenceTanWT"
        },
        "content": "        System.out.println(logo);"
      },
      {
        "lineNumber": 16,
        "author": {
          "gitId": "TerenceTanWT"
        },
        "content": "        System.out.println(\"Hello! I\u0027m Duke\");"
      },
      {
        "lineNumber": 17,
        "author": {
          "gitId": "TerenceTanWT"
        },
        "content": "        System.out.println(\"What can I do for you?\\n\");"
      },
      {
        "lineNumber": 18,
        "author": {
          "gitId": "TerenceTanWT"
        },
        "content": "    }"
      },
      {
        "lineNumber": 19,
        "author": {
          "gitId": "TerenceTanWT"
        },
        "content": ""
      },
      {
        "lineNumber": 20,
        "author": {
          "gitId": "TerenceTanWT"
        },
        "content": "    public static String removeFirstWordFromString(String userInput) {"
      },
      {
        "lineNumber": 21,
        "author": {
          "gitId": "TerenceTanWT"
        },
        "content": "        String finalString \u003d userInput;"
      },
      {
        "lineNumber": 22,
        "author": {
          "gitId": "TerenceTanWT"
        },
        "content": "        String[] stringArray \u003d userInput.split(\" \");"
      },
      {
        "lineNumber": 23,
        "author": {
          "gitId": "TerenceTanWT"
        },
        "content": "        if (stringArray.length \u003e 1) {       // ensure that string has more than 1 word, if not will get out of bound error"
      },
      {
        "lineNumber": 24,
        "author": {
          "gitId": "TerenceTanWT"
        },
        "content": "            finalString \u003d userInput.split(\" \", 2)[1];"
      },
      {
        "lineNumber": 25,
        "author": {
          "gitId": "TerenceTanWT"
        },
        "content": "        }"
      },
      {
        "lineNumber": 26,
        "author": {
          "gitId": "TerenceTanWT"
        },
        "content": "        return finalString;"
      },
      {
        "lineNumber": 27,
        "author": {
          "gitId": "TerenceTanWT"
        },
        "content": "    }"
      },
      {
        "lineNumber": 28,
        "author": {
          "gitId": "TerenceTanWT"
        },
        "content": ""
      },
      {
        "lineNumber": 29,
        "author": {
          "gitId": "TerenceTanWT"
        },
        "content": "    public static String[] userInputStringToArray(String userInput) {"
      },
      {
        "lineNumber": 30,
        "author": {
          "gitId": "TerenceTanWT"
        },
        "content": "        String[] userInputArray \u003d userInput.split(\" \");"
      },
      {
        "lineNumber": 31,
        "author": {
          "gitId": "TerenceTanWT"
        },
        "content": "        return userInputArray;"
      },
      {
        "lineNumber": 32,
        "author": {
          "gitId": "TerenceTanWT"
        },
        "content": "    }"
      },
      {
        "lineNumber": 33,
        "author": {
          "gitId": "TerenceTanWT"
        },
        "content": ""
      },
      {
        "lineNumber": 34,
        "author": {
          "gitId": "TerenceTanWT"
        },
        "content": "    public static void main(String[] args) throws DukeException, IOException {"
      },
      {
        "lineNumber": 35,
        "author": {
          "gitId": "TerenceTanWT"
        },
        "content": "        printWelcomeMessage();"
      },
      {
        "lineNumber": 36,
        "author": {
          "gitId": "TerenceTanWT"
        },
        "content": ""
      },
      {
        "lineNumber": 37,
        "author": {
          "gitId": "TerenceTanWT"
        },
        "content": "        ArrayList\u003cTask\u003e taskList \u003d new ArrayList\u003cTask\u003e();"
      },
      {
        "lineNumber": 38,
        "author": {
          "gitId": "TerenceTanWT"
        },
        "content": "        Scanner input \u003d new Scanner(System.in);"
      },
      {
        "lineNumber": 39,
        "author": {
          "gitId": "TerenceTanWT"
        },
        "content": "        String userInput \u003d input.nextLine();"
      },
      {
        "lineNumber": 40,
        "author": {
          "gitId": "TerenceTanWT"
        },
        "content": "        String[] userInputArray \u003d userInputStringToArray(userInput);"
      },
      {
        "lineNumber": 41,
        "author": {
          "gitId": "TerenceTanWT"
        },
        "content": "        String userInputFirstWord \u003d userInputArray[0];   // get first word from userInput"
      },
      {
        "lineNumber": 42,
        "author": {
          "gitId": "TerenceTanWT"
        },
        "content": ""
      },
      {
        "lineNumber": 43,
        "author": {
          "gitId": "TerenceTanWT"
        },
        "content": "        // restore taskList from previous session"
      },
      {
        "lineNumber": 44,
        "author": {
          "gitId": "TerenceTanWT"
        },
        "content": "        Save save \u003d new Save(\"/data/duke.txt\");"
      },
      {
        "lineNumber": 45,
        "author": {
          "gitId": "TerenceTanWT"
        },
        "content": "        taskList \u003d Save.restoreTaskList(taskList);"
      },
      {
        "lineNumber": 46,
        "author": {
          "gitId": "TerenceTanWT"
        },
        "content": ""
      },
      {
        "lineNumber": 47,
        "author": {
          "gitId": "TerenceTanWT"
        },
        "content": "        /*"
      },
      {
        "lineNumber": 48,
        "author": {
          "gitId": "TerenceTanWT"
        },
        "content": "        String testString \u003d \"todo hello world!\";"
      },
      {
        "lineNumber": 49,
        "author": {
          "gitId": "TerenceTanWT"
        },
        "content": "        testString \u003d removeFirstWordFromString(testString);"
      },
      {
        "lineNumber": 50,
        "author": {
          "gitId": "TerenceTanWT"
        },
        "content": "        System.out.println(testString);"
      },
      {
        "lineNumber": 51,
        "author": {
          "gitId": "TerenceTanWT"
        },
        "content": "        System.exit(0);"
      },
      {
        "lineNumber": 52,
        "author": {
          "gitId": "TerenceTanWT"
        },
        "content": "        */"
      },
      {
        "lineNumber": 53,
        "author": {
          "gitId": "TerenceTanWT"
        },
        "content": ""
      },
      {
        "lineNumber": 54,
        "author": {
          "gitId": "TerenceTanWT"
        },
        "content": "        while (true) {"
      },
      {
        "lineNumber": 55,
        "author": {
          "gitId": "TerenceTanWT"
        },
        "content": "            try {"
      },
      {
        "lineNumber": 56,
        "author": {
          "gitId": "TerenceTanWT"
        },
        "content": "                if (userInputFirstWord.equals(\"todo\")) {"
      },
      {
        "lineNumber": 57,
        "author": {
          "gitId": "TerenceTanWT"
        },
        "content": "                    String taskName \u003d Todo.getTaskName(userInput);"
      },
      {
        "lineNumber": 58,
        "author": {
          "gitId": "TerenceTanWT"
        },
        "content": "                    Todo userTodo \u003d new Todo(taskName);"
      },
      {
        "lineNumber": 59,
        "author": {
          "gitId": "TerenceTanWT"
        },
        "content": "                    taskList \u003d TaskList.addTaskToList(taskList, userTodo);"
      },
      {
        "lineNumber": 60,
        "author": {
          "gitId": "TerenceTanWT"
        },
        "content": "                    save.saveTaskList(taskList);"
      },
      {
        "lineNumber": 61,
        "author": {
          "gitId": "TerenceTanWT"
        },
        "content": ""
      },
      {
        "lineNumber": 62,
        "author": {
          "gitId": "TerenceTanWT"
        },
        "content": "                } else if (userInputFirstWord.equals(\"deadline\")) {"
      },
      {
        "lineNumber": 63,
        "author": {
          "gitId": "TerenceTanWT"
        },
        "content": "                    Deadline.checkInputError(userInput);"
      },
      {
        "lineNumber": 64,
        "author": {
          "gitId": "TerenceTanWT"
        },
        "content": "                    String deadlineTask \u003d Deadline.getTaskName(userInput);"
      },
      {
        "lineNumber": 65,
        "author": {
          "gitId": "TerenceTanWT"
        },
        "content": "                    Date deadlineDate \u003d Deadline.getTaskDate(userInput);"
      },
      {
        "lineNumber": 66,
        "author": {
          "gitId": "TerenceTanWT"
        },
        "content": "                    Deadline userDeadline \u003d new Deadline(deadlineTask, deadlineDate);"
      },
      {
        "lineNumber": 67,
        "author": {
          "gitId": "TerenceTanWT"
        },
        "content": "                    taskList \u003d TaskList.addTaskToList(taskList, userDeadline);"
      },
      {
        "lineNumber": 68,
        "author": {
          "gitId": "TerenceTanWT"
        },
        "content": "                    save.saveTaskList(taskList);"
      },
      {
        "lineNumber": 69,
        "author": {
          "gitId": "TerenceTanWT"
        },
        "content": ""
      },
      {
        "lineNumber": 70,
        "author": {
          "gitId": "TerenceTanWT"
        },
        "content": "                } else if (userInputFirstWord.equals(\"event\")) {"
      },
      {
        "lineNumber": 71,
        "author": {
          "gitId": "TerenceTanWT"
        },
        "content": "                    Event.checkInputError(userInput);"
      },
      {
        "lineNumber": 72,
        "author": {
          "gitId": "TerenceTanWT"
        },
        "content": "                    String eventTask \u003d Event.getTaskName(userInput);"
      },
      {
        "lineNumber": 73,
        "author": {
          "gitId": "TerenceTanWT"
        },
        "content": "                    Date eventDateFrom \u003d Event.getEventDateFrom(userInput);"
      },
      {
        "lineNumber": 74,
        "author": {
          "gitId": "TerenceTanWT"
        },
        "content": "                    Date eventDateTo \u003d Event.getEventDateTo(userInput);"
      },
      {
        "lineNumber": 75,
        "author": {
          "gitId": "TerenceTanWT"
        },
        "content": "                    Event userEvent \u003d new Event(eventTask, eventDateFrom, eventDateTo);"
      },
      {
        "lineNumber": 76,
        "author": {
          "gitId": "TerenceTanWT"
        },
        "content": "                    taskList \u003d TaskList.addTaskToList(taskList, userEvent);"
      },
      {
        "lineNumber": 77,
        "author": {
          "gitId": "TerenceTanWT"
        },
        "content": "                    save.saveTaskList(taskList);"
      },
      {
        "lineNumber": 78,
        "author": {
          "gitId": "TerenceTanWT"
        },
        "content": ""
      },
      {
        "lineNumber": 79,
        "author": {
          "gitId": "TerenceTanWT"
        },
        "content": "                } else if (userInputFirstWord.equals(\"delete\")) {"
      },
      {
        "lineNumber": 80,
        "author": {
          "gitId": "TerenceTanWT"
        },
        "content": "                    Delete.checkInputError(userInput);"
      },
      {
        "lineNumber": 81,
        "author": {
          "gitId": "TerenceTanWT"
        },
        "content": "                    int userInputNumber \u003d Delete.getDeleteNumber(userInput);    // get the number that user entered"
      },
      {
        "lineNumber": 82,
        "author": {
          "gitId": "TerenceTanWT"
        },
        "content": "                    taskList \u003d TaskList.deleteTask(taskList, userInputNumber);"
      },
      {
        "lineNumber": 83,
        "author": {
          "gitId": "TerenceTanWT"
        },
        "content": "                    save.saveTaskList(taskList);"
      },
      {
        "lineNumber": 84,
        "author": {
          "gitId": "TerenceTanWT"
        },
        "content": ""
      },
      {
        "lineNumber": 85,
        "author": {
          "gitId": "TerenceTanWT"
        },
        "content": "                } else if (userInputFirstWord.equals(\"done\")) {"
      },
      {
        "lineNumber": 86,
        "author": {
          "gitId": "TerenceTanWT"
        },
        "content": "                    Done.checkInputError(userInput);"
      },
      {
        "lineNumber": 87,
        "author": {
          "gitId": "TerenceTanWT"
        },
        "content": "                    int userInputNumber \u003d Done.getDoneNumber(userInput);    // get the number that user entered"
      },
      {
        "lineNumber": 88,
        "author": {
          "gitId": "TerenceTanWT"
        },
        "content": "                    taskList \u003d TaskList.setTaskDone(taskList, userInputNumber);"
      },
      {
        "lineNumber": 89,
        "author": {
          "gitId": "TerenceTanWT"
        },
        "content": "                    save.saveTaskList(taskList);"
      },
      {
        "lineNumber": 90,
        "author": {
          "gitId": "TerenceTanWT"
        },
        "content": ""
      },
      {
        "lineNumber": 91,
        "author": {
          "gitId": "TerenceTanWT"
        },
        "content": "                } else if (userInputFirstWord.equals(\"find\")) {"
      },
      {
        "lineNumber": 92,
        "author": {
          "gitId": "TerenceTanWT"
        },
        "content": "                    Find.checkInputError(userInput);"
      },
      {
        "lineNumber": 93,
        "author": {
          "gitId": "TerenceTanWT"
        },
        "content": "                    String keyword \u003d Find.getKeyword(userInput);"
      },
      {
        "lineNumber": 94,
        "author": {
          "gitId": "TerenceTanWT"
        },
        "content": "                    TaskList.findTask(taskList, keyword);"
      },
      {
        "lineNumber": 95,
        "author": {
          "gitId": "TerenceTanWT"
        },
        "content": ""
      },
      {
        "lineNumber": 96,
        "author": {
          "gitId": "TerenceTanWT"
        },
        "content": "                } else if (userInputFirstWord.equals(\"list\")) {"
      },
      {
        "lineNumber": 97,
        "author": {
          "gitId": "TerenceTanWT"
        },
        "content": "                    TaskList.printTaskList(taskList);"
      },
      {
        "lineNumber": 98,
        "author": {
          "gitId": "TerenceTanWT"
        },
        "content": ""
      },
      {
        "lineNumber": 99,
        "author": {
          "gitId": "TerenceTanWT"
        },
        "content": "                } else if (userInputFirstWord.equals(\"bye\")) {"
      },
      {
        "lineNumber": 100,
        "author": {
          "gitId": "TerenceTanWT"
        },
        "content": "                    System.out.println(\"Bye. Hope to see you again soon!\");"
      },
      {
        "lineNumber": 101,
        "author": {
          "gitId": "TerenceTanWT"
        },
        "content": "                    System.exit(0);"
      },
      {
        "lineNumber": 102,
        "author": {
          "gitId": "TerenceTanWT"
        },
        "content": ""
      },
      {
        "lineNumber": 103,
        "author": {
          "gitId": "TerenceTanWT"
        },
        "content": "                } else {"
      },
      {
        "lineNumber": 104,
        "author": {
          "gitId": "TerenceTanWT"
        },
        "content": "                    throw new DukeException(\"I\u0027m sorry, but I don\u0027t know what that means :-(\");"
      },
      {
        "lineNumber": 105,
        "author": {
          "gitId": "TerenceTanWT"
        },
        "content": ""
      },
      {
        "lineNumber": 106,
        "author": {
          "gitId": "TerenceTanWT"
        },
        "content": "                }"
      },
      {
        "lineNumber": 107,
        "author": {
          "gitId": "TerenceTanWT"
        },
        "content": "            } catch(DukeException errorMessage) {"
      },
      {
        "lineNumber": 108,
        "author": {
          "gitId": "TerenceTanWT"
        },
        "content": "                if(errorMessage.getMessage().equals(\"Deadline invalid date\")) {"
      },
      {
        "lineNumber": 109,
        "author": {
          "gitId": "TerenceTanWT"
        },
        "content": "                    System.out.println(\"Incorrect format. Please try:\");"
      },
      {
        "lineNumber": 110,
        "author": {
          "gitId": "TerenceTanWT"
        },
        "content": "                    System.out.println(\"deadline \u003ctask\u003e /by \u003cdd/MM/yyyy HHmm\u003e\");"
      },
      {
        "lineNumber": 111,
        "author": {
          "gitId": "TerenceTanWT"
        },
        "content": "                    System.out.println(\"E.g. deadline Celebrate birthday /by 12/11/2019 1800\");"
      },
      {
        "lineNumber": 112,
        "author": {
          "gitId": "TerenceTanWT"
        },
        "content": ""
      },
      {
        "lineNumber": 113,
        "author": {
          "gitId": "TerenceTanWT"
        },
        "content": "                } else if (errorMessage.getMessage().equals(\"Event invalid date\")) {"
      },
      {
        "lineNumber": 114,
        "author": {
          "gitId": "TerenceTanWT"
        },
        "content": "                    System.out.println(\"Incorrect format. Please try:\");"
      },
      {
        "lineNumber": 115,
        "author": {
          "gitId": "TerenceTanWT"
        },
        "content": "                    System.out.println(\"event \u003ctask\u003e /at \u003cdd/MM/yyyy HHmm\u003e - \u003cdd/MM/yyyy HHmm\");"
      },
      {
        "lineNumber": 116,
        "author": {
          "gitId": "TerenceTanWT"
        },
        "content": "                    System.out.println(\"E.g. event Celebrate birthday /at 12/11/2019 1800 - 12/11/2019 2200\");"
      },
      {
        "lineNumber": 117,
        "author": {
          "gitId": "TerenceTanWT"
        },
        "content": ""
      },
      {
        "lineNumber": 118,
        "author": {
          "gitId": "TerenceTanWT"
        },
        "content": "                }"
      },
      {
        "lineNumber": 119,
        "author": {
          "gitId": "TerenceTanWT"
        },
        "content": "                else {"
      },
      {
        "lineNumber": 120,
        "author": {
          "gitId": "TerenceTanWT"
        },
        "content": "                    System.err.println(errorMessage.toString());"
      },
      {
        "lineNumber": 121,
        "author": {
          "gitId": "TerenceTanWT"
        },
        "content": ""
      },
      {
        "lineNumber": 122,
        "author": {
          "gitId": "TerenceTanWT"
        },
        "content": "                }"
      },
      {
        "lineNumber": 123,
        "author": {
          "gitId": "TerenceTanWT"
        },
        "content": "            }"
      },
      {
        "lineNumber": 124,
        "author": {
          "gitId": "TerenceTanWT"
        },
        "content": ""
      },
      {
        "lineNumber": 125,
        "author": {
          "gitId": "TerenceTanWT"
        },
        "content": "            System.out.println(\"\\n\");"
      },
      {
        "lineNumber": 126,
        "author": {
          "gitId": "TerenceTanWT"
        },
        "content": "            userInput \u003d input.nextLine();"
      },
      {
        "lineNumber": 127,
        "author": {
          "gitId": "TerenceTanWT"
        },
        "content": "            userInputArray \u003d userInputStringToArray(userInput);"
      },
      {
        "lineNumber": 128,
        "author": {
          "gitId": "TerenceTanWT"
        },
        "content": "            userInputFirstWord \u003d userInputArray[0];    // get the first word of user input"
      },
      {
        "lineNumber": 129,
        "author": {
          "gitId": "TerenceTanWT"
        },
        "content": "        }"
      },
      {
        "lineNumber": 130,
        "author": {
          "gitId": "-"
        },
        "content": "    }"
      },
      {
        "lineNumber": 131,
        "author": {
          "gitId": "-"
        },
        "content": "}"
      }
    ],
    "authorContributionMap": {
      "TerenceTanWT": 123,
      "-": 8
    }
  },
  {
    "path": "src/main/java/DukeException.java",
    "fileType": "java",
    "lines": [
      {
        "lineNumber": 1,
        "author": {
          "gitId": "TerenceTanWT"
        },
        "content": "public class DukeException extends Exception{"
      },
      {
        "lineNumber": 2,
        "author": {
          "gitId": "TerenceTanWT"
        },
        "content": "    private String errorMessage;"
      },
      {
        "lineNumber": 3,
        "author": {
          "gitId": "TerenceTanWT"
        },
        "content": "    public DukeException(String errorMessage){"
      },
      {
        "lineNumber": 4,
        "author": {
          "gitId": "TerenceTanWT"
        },
        "content": "        super(errorMessage);"
      },
      {
        "lineNumber": 5,
        "author": {
          "gitId": "TerenceTanWT"
        },
        "content": "        this.errorMessage \u003d errorMessage;"
      },
      {
        "lineNumber": 6,
        "author": {
          "gitId": "TerenceTanWT"
        },
        "content": "    }"
      },
      {
        "lineNumber": 7,
        "author": {
          "gitId": "TerenceTanWT"
        },
        "content": ""
      },
      {
        "lineNumber": 8,
        "author": {
          "gitId": "TerenceTanWT"
        },
        "content": "    public String toString(){"
      },
      {
        "lineNumber": 9,
        "author": {
          "gitId": "TerenceTanWT"
        },
        "content": "        return \"\\u2639 OOPS!!! \" + this.errorMessage;"
      },
      {
        "lineNumber": 10,
        "author": {
          "gitId": "TerenceTanWT"
        },
        "content": "    }"
      },
      {
        "lineNumber": 11,
        "author": {
          "gitId": "TerenceTanWT"
        },
        "content": "}"
      }
    ],
    "authorContributionMap": {
      "TerenceTanWT": 11
    }
  },
  {
    "path": "src/main/java/Event.java",
    "fileType": "java",
    "lines": [
      {
        "lineNumber": 1,
        "author": {
          "gitId": "TerenceTanWT"
        },
        "content": "import java.text.DateFormat;"
      },
      {
        "lineNumber": 2,
        "author": {
          "gitId": "TerenceTanWT"
        },
        "content": "import java.text.ParseException;"
      },
      {
        "lineNumber": 3,
        "author": {
          "gitId": "TerenceTanWT"
        },
        "content": "import java.text.SimpleDateFormat;"
      },
      {
        "lineNumber": 4,
        "author": {
          "gitId": "TerenceTanWT"
        },
        "content": "import java.util.Date;"
      },
      {
        "lineNumber": 5,
        "author": {
          "gitId": "TerenceTanWT"
        },
        "content": ""
      },
      {
        "lineNumber": 6,
        "author": {
          "gitId": "TerenceTanWT"
        },
        "content": "public class Event extends Task {"
      },
      {
        "lineNumber": 7,
        "author": {
          "gitId": "TerenceTanWT"
        },
        "content": ""
      },
      {
        "lineNumber": 8,
        "author": {
          "gitId": "TerenceTanWT"
        },
        "content": "    private Date fromDate;"
      },
      {
        "lineNumber": 9,
        "author": {
          "gitId": "TerenceTanWT"
        },
        "content": "    private Date toDate;"
      },
      {
        "lineNumber": 10,
        "author": {
          "gitId": "TerenceTanWT"
        },
        "content": ""
      },
      {
        "lineNumber": 11,
        "author": {
          "gitId": "TerenceTanWT"
        },
        "content": "    public Event(String description, Date fromDate, Date toDate) {"
      },
      {
        "lineNumber": 12,
        "author": {
          "gitId": "TerenceTanWT"
        },
        "content": "        super(description);"
      },
      {
        "lineNumber": 13,
        "author": {
          "gitId": "TerenceTanWT"
        },
        "content": "        this.fromDate \u003d fromDate;"
      },
      {
        "lineNumber": 14,
        "author": {
          "gitId": "TerenceTanWT"
        },
        "content": "        this.toDate \u003d toDate;"
      },
      {
        "lineNumber": 15,
        "author": {
          "gitId": "TerenceTanWT"
        },
        "content": "    }"
      },
      {
        "lineNumber": 16,
        "author": {
          "gitId": "TerenceTanWT"
        },
        "content": ""
      },
      {
        "lineNumber": 17,
        "author": {
          "gitId": "TerenceTanWT"
        },
        "content": "    public static void checkInputError(String myString) throws DukeException {"
      },
      {
        "lineNumber": 18,
        "author": {
          "gitId": "TerenceTanWT"
        },
        "content": "        String[] userInputArray \u003d Duke.userInputStringToArray(myString);"
      },
      {
        "lineNumber": 19,
        "author": {
          "gitId": "TerenceTanWT"
        },
        "content": ""
      },
      {
        "lineNumber": 20,
        "author": {
          "gitId": "TerenceTanWT"
        },
        "content": "        if(userInputArray.length \u003c\u003d 1) {"
      },
      {
        "lineNumber": 21,
        "author": {
          "gitId": "TerenceTanWT"
        },
        "content": "            throw new DukeException(\"The description of event cannot be empty.\");"
      },
      {
        "lineNumber": 22,
        "author": {
          "gitId": "TerenceTanWT"
        },
        "content": ""
      },
      {
        "lineNumber": 23,
        "author": {
          "gitId": "TerenceTanWT"
        },
        "content": "        } else if(!myString.contains(\"-\") || !myString.contains(\"/at\")) {"
      },
      {
        "lineNumber": 24,
        "author": {
          "gitId": "TerenceTanWT"
        },
        "content": "            throw new DukeException(\"Event invalid date\");"
      },
      {
        "lineNumber": 25,
        "author": {
          "gitId": "TerenceTanWT"
        },
        "content": ""
      },
      {
        "lineNumber": 26,
        "author": {
          "gitId": "TerenceTanWT"
        },
        "content": "        }"
      },
      {
        "lineNumber": 27,
        "author": {
          "gitId": "TerenceTanWT"
        },
        "content": "    }"
      },
      {
        "lineNumber": 28,
        "author": {
          "gitId": "TerenceTanWT"
        },
        "content": ""
      },
      {
        "lineNumber": 29,
        "author": {
          "gitId": "TerenceTanWT"
        },
        "content": "    public static String getTaskName(String myString) {"
      },
      {
        "lineNumber": 30,
        "author": {
          "gitId": "TerenceTanWT"
        },
        "content": "        String taskName \u003d myString;"
      },
      {
        "lineNumber": 31,
        "author": {
          "gitId": "TerenceTanWT"
        },
        "content": "        taskName \u003d Duke.removeFirstWordFromString(taskName);"
      },
      {
        "lineNumber": 32,
        "author": {
          "gitId": "TerenceTanWT"
        },
        "content": "        taskName \u003d taskName.split(\"/at\")[0];     // gets user entered task (before /by)"
      },
      {
        "lineNumber": 33,
        "author": {
          "gitId": "TerenceTanWT"
        },
        "content": "        return taskName;"
      },
      {
        "lineNumber": 34,
        "author": {
          "gitId": "TerenceTanWT"
        },
        "content": "    }"
      },
      {
        "lineNumber": 35,
        "author": {
          "gitId": "TerenceTanWT"
        },
        "content": ""
      },
      {
        "lineNumber": 36,
        "author": {
          "gitId": "TerenceTanWT"
        },
        "content": "    public static Date getEventDateFrom(String myString) throws DukeException {"
      },
      {
        "lineNumber": 37,
        "author": {
          "gitId": "TerenceTanWT"
        },
        "content": "        try {"
      },
      {
        "lineNumber": 38,
        "author": {
          "gitId": "TerenceTanWT"
        },
        "content": "            String taskName \u003d myString.split(\"/at\")[1];"
      },
      {
        "lineNumber": 39,
        "author": {
          "gitId": "TerenceTanWT"
        },
        "content": "            String eventDateString \u003d taskName.split(\"-\")[0];   // gets user input date in string form"
      },
      {
        "lineNumber": 40,
        "author": {
          "gitId": "TerenceTanWT"
        },
        "content": "            DateFormat dateFormat \u003d new SimpleDateFormat(\"dd/MM/yyyy HHmm\");"
      },
      {
        "lineNumber": 41,
        "author": {
          "gitId": "TerenceTanWT"
        },
        "content": "            Date eventDate \u003d dateFormat.parse(eventDateString);"
      },
      {
        "lineNumber": 42,
        "author": {
          "gitId": "TerenceTanWT"
        },
        "content": "            return eventDate;"
      },
      {
        "lineNumber": 43,
        "author": {
          "gitId": "TerenceTanWT"
        },
        "content": ""
      },
      {
        "lineNumber": 44,
        "author": {
          "gitId": "TerenceTanWT"
        },
        "content": "        } catch(ParseException errorMessage) {"
      },
      {
        "lineNumber": 45,
        "author": {
          "gitId": "TerenceTanWT"
        },
        "content": "            throw new DukeException(\"Event invalid date\");"
      },
      {
        "lineNumber": 46,
        "author": {
          "gitId": "TerenceTanWT"
        },
        "content": "        }"
      },
      {
        "lineNumber": 47,
        "author": {
          "gitId": "TerenceTanWT"
        },
        "content": "    }"
      },
      {
        "lineNumber": 48,
        "author": {
          "gitId": "TerenceTanWT"
        },
        "content": ""
      },
      {
        "lineNumber": 49,
        "author": {
          "gitId": "TerenceTanWT"
        },
        "content": "    public static Date getEventDateTo(String myString) throws DukeException {"
      },
      {
        "lineNumber": 50,
        "author": {
          "gitId": "TerenceTanWT"
        },
        "content": "        try {"
      },
      {
        "lineNumber": 51,
        "author": {
          "gitId": "TerenceTanWT"
        },
        "content": "            String taskName \u003d myString.split(\"/at\")[1];"
      },
      {
        "lineNumber": 52,
        "author": {
          "gitId": "TerenceTanWT"
        },
        "content": "            String eventDateString \u003d taskName.split(\"-\")[1];   // gets user input date in string form"
      },
      {
        "lineNumber": 53,
        "author": {
          "gitId": "TerenceTanWT"
        },
        "content": "            DateFormat dateFormat \u003d new SimpleDateFormat(\"dd/MM/yyyy HHmm\");"
      },
      {
        "lineNumber": 54,
        "author": {
          "gitId": "TerenceTanWT"
        },
        "content": "            Date eventDate \u003d dateFormat.parse(eventDateString);"
      },
      {
        "lineNumber": 55,
        "author": {
          "gitId": "TerenceTanWT"
        },
        "content": "            return eventDate;"
      },
      {
        "lineNumber": 56,
        "author": {
          "gitId": "TerenceTanWT"
        },
        "content": ""
      },
      {
        "lineNumber": 57,
        "author": {
          "gitId": "TerenceTanWT"
        },
        "content": "        } catch(ParseException errorMessage) {"
      },
      {
        "lineNumber": 58,
        "author": {
          "gitId": "TerenceTanWT"
        },
        "content": "            throw new DukeException(\"Event invalid date\");"
      },
      {
        "lineNumber": 59,
        "author": {
          "gitId": "TerenceTanWT"
        },
        "content": "        }"
      },
      {
        "lineNumber": 60,
        "author": {
          "gitId": "TerenceTanWT"
        },
        "content": "    }"
      },
      {
        "lineNumber": 61,
        "author": {
          "gitId": "TerenceTanWT"
        },
        "content": ""
      },
      {
        "lineNumber": 62,
        "author": {
          "gitId": "TerenceTanWT"
        },
        "content": "    @Override"
      },
      {
        "lineNumber": 63,
        "author": {
          "gitId": "TerenceTanWT"
        },
        "content": "    public String toString() {"
      },
      {
        "lineNumber": 64,
        "author": {
          "gitId": "TerenceTanWT"
        },
        "content": "        DateFormat dateFormat \u003d new SimpleDateFormat(\"dd/MM/yyyy HHmm\");"
      },
      {
        "lineNumber": 65,
        "author": {
          "gitId": "TerenceTanWT"
        },
        "content": "        return \"[E]\" + super.toString() + \" (at: \" + dateFormat.format(fromDate) + \" - \" + dateFormat.format(toDate) + \")\";"
      },
      {
        "lineNumber": 66,
        "author": {
          "gitId": "TerenceTanWT"
        },
        "content": "    }"
      },
      {
        "lineNumber": 67,
        "author": {
          "gitId": "TerenceTanWT"
        },
        "content": "}"
      }
    ],
    "authorContributionMap": {
      "TerenceTanWT": 67
    }
  },
  {
    "path": "src/main/java/Find.java",
    "fileType": "java",
    "lines": [
      {
        "lineNumber": 1,
        "author": {
          "gitId": "TerenceTanWT"
        },
        "content": "public class Find {"
      },
      {
        "lineNumber": 2,
        "author": {
          "gitId": "TerenceTanWT"
        },
        "content": ""
      },
      {
        "lineNumber": 3,
        "author": {
          "gitId": "TerenceTanWT"
        },
        "content": "    public static void checkInputError(String myString) throws DukeException {"
      },
      {
        "lineNumber": 4,
        "author": {
          "gitId": "TerenceTanWT"
        },
        "content": "        String[] userInputArray \u003d Duke.userInputStringToArray(myString);"
      },
      {
        "lineNumber": 5,
        "author": {
          "gitId": "TerenceTanWT"
        },
        "content": "        if(userInputArray.length \u003c\u003d 1) {"
      },
      {
        "lineNumber": 6,
        "author": {
          "gitId": "TerenceTanWT"
        },
        "content": "            throw new DukeException(\"Find must be followed by a string from the list.\");"
      },
      {
        "lineNumber": 7,
        "author": {
          "gitId": "TerenceTanWT"
        },
        "content": "        }"
      },
      {
        "lineNumber": 8,
        "author": {
          "gitId": "TerenceTanWT"
        },
        "content": "    }"
      },
      {
        "lineNumber": 9,
        "author": {
          "gitId": "TerenceTanWT"
        },
        "content": ""
      },
      {
        "lineNumber": 10,
        "author": {
          "gitId": "TerenceTanWT"
        },
        "content": "    public static String getKeyword(String userInput) throws DukeException {"
      },
      {
        "lineNumber": 11,
        "author": {
          "gitId": "TerenceTanWT"
        },
        "content": "        String keyword \u003d Duke.removeFirstWordFromString(userInput);"
      },
      {
        "lineNumber": 12,
        "author": {
          "gitId": "TerenceTanWT"
        },
        "content": "        return keyword;"
      },
      {
        "lineNumber": 13,
        "author": {
          "gitId": "TerenceTanWT"
        },
        "content": "    }"
      },
      {
        "lineNumber": 14,
        "author": {
          "gitId": "TerenceTanWT"
        },
        "content": ""
      },
      {
        "lineNumber": 15,
        "author": {
          "gitId": "TerenceTanWT"
        },
        "content": "}"
      }
    ],
    "authorContributionMap": {
      "TerenceTanWT": 15
    }
  },
  {
    "path": "src/main/java/Save.java",
    "fileType": "java",
    "lines": [
      {
        "lineNumber": 1,
        "author": {
          "gitId": "TerenceTanWT"
        },
        "content": "import java.util.ArrayList; // import the ArrayList class"
      },
      {
        "lineNumber": 2,
        "author": {
          "gitId": "TerenceTanWT"
        },
        "content": "import java.io.File;"
      },
      {
        "lineNumber": 3,
        "author": {
          "gitId": "TerenceTanWT"
        },
        "content": "import java.io.IOException;"
      },
      {
        "lineNumber": 4,
        "author": {
          "gitId": "TerenceTanWT"
        },
        "content": "import java.io.FileNotFoundException;"
      },
      {
        "lineNumber": 5,
        "author": {
          "gitId": "TerenceTanWT"
        },
        "content": "import java.io.FileInputStream;"
      },
      {
        "lineNumber": 6,
        "author": {
          "gitId": "TerenceTanWT"
        },
        "content": "import java.io.FileOutputStream;"
      },
      {
        "lineNumber": 7,
        "author": {
          "gitId": "TerenceTanWT"
        },
        "content": "import java.io.ObjectInputStream;"
      },
      {
        "lineNumber": 8,
        "author": {
          "gitId": "TerenceTanWT"
        },
        "content": "import java.io.ObjectOutputStream;"
      },
      {
        "lineNumber": 9,
        "author": {
          "gitId": "TerenceTanWT"
        },
        "content": ""
      },
      {
        "lineNumber": 10,
        "author": {
          "gitId": "TerenceTanWT"
        },
        "content": "public class Save {"
      },
      {
        "lineNumber": 11,
        "author": {
          "gitId": "TerenceTanWT"
        },
        "content": ""
      },
      {
        "lineNumber": 12,
        "author": {
          "gitId": "TerenceTanWT"
        },
        "content": "    private static String path;"
      },
      {
        "lineNumber": 13,
        "author": {
          "gitId": "TerenceTanWT"
        },
        "content": "    private String directory;"
      },
      {
        "lineNumber": 14,
        "author": {
          "gitId": "TerenceTanWT"
        },
        "content": "    private String filename;"
      },
      {
        "lineNumber": 15,
        "author": {
          "gitId": "TerenceTanWT"
        },
        "content": "    private String projectDirectory;"
      },
      {
        "lineNumber": 16,
        "author": {
          "gitId": "TerenceTanWT"
        },
        "content": ""
      },
      {
        "lineNumber": 17,
        "author": {
          "gitId": "TerenceTanWT"
        },
        "content": "    public Save(String path) {"
      },
      {
        "lineNumber": 18,
        "author": {
          "gitId": "TerenceTanWT"
        },
        "content": "        this.path \u003d System.getProperty(\"user.dir\") + path;"
      },
      {
        "lineNumber": 19,
        "author": {
          "gitId": "TerenceTanWT"
        },
        "content": "        filename \u003d path.substring(path.lastIndexOf(\"/\") + 1);"
      },
      {
        "lineNumber": 20,
        "author": {
          "gitId": "TerenceTanWT"
        },
        "content": "        directory \u003d path.substring(0, path.lastIndexOf(\"/\"));"
      },
      {
        "lineNumber": 21,
        "author": {
          "gitId": "TerenceTanWT"
        },
        "content": "    }"
      },
      {
        "lineNumber": 22,
        "author": {
          "gitId": "TerenceTanWT"
        },
        "content": ""
      },
      {
        "lineNumber": 23,
        "author": {
          "gitId": "TerenceTanWT"
        },
        "content": "    public String getFileName(){"
      },
      {
        "lineNumber": 24,
        "author": {
          "gitId": "TerenceTanWT"
        },
        "content": "        return filename;"
      },
      {
        "lineNumber": 25,
        "author": {
          "gitId": "TerenceTanWT"
        },
        "content": "    }"
      },
      {
        "lineNumber": 26,
        "author": {
          "gitId": "TerenceTanWT"
        },
        "content": ""
      },
      {
        "lineNumber": 27,
        "author": {
          "gitId": "TerenceTanWT"
        },
        "content": "    public String getDirectoryName(){"
      },
      {
        "lineNumber": 28,
        "author": {
          "gitId": "TerenceTanWT"
        },
        "content": "        return directory;"
      },
      {
        "lineNumber": 29,
        "author": {
          "gitId": "TerenceTanWT"
        },
        "content": "    }"
      },
      {
        "lineNumber": 30,
        "author": {
          "gitId": "TerenceTanWT"
        },
        "content": ""
      },
      {
        "lineNumber": 31,
        "author": {
          "gitId": "TerenceTanWT"
        },
        "content": "    public static void saveTaskList(ArrayList\u003cTask\u003e arrayList) throws IOException {"
      },
      {
        "lineNumber": 32,
        "author": {
          "gitId": "TerenceTanWT"
        },
        "content": "        ArrayList\u003cTask\u003e taskList \u003d new ArrayList\u003cTask\u003e();"
      },
      {
        "lineNumber": 33,
        "author": {
          "gitId": "TerenceTanWT"
        },
        "content": "        taskList \u003d arrayList;"
      },
      {
        "lineNumber": 34,
        "author": {
          "gitId": "TerenceTanWT"
        },
        "content": "        int tryAgain \u003d 0;"
      },
      {
        "lineNumber": 35,
        "author": {
          "gitId": "TerenceTanWT"
        },
        "content": "        while(tryAgain \u003c 2) {"
      },
      {
        "lineNumber": 36,
        "author": {
          "gitId": "TerenceTanWT"
        },
        "content": "            try {"
      },
      {
        "lineNumber": 37,
        "author": {
          "gitId": "TerenceTanWT"
        },
        "content": "                FileOutputStream file \u003d new FileOutputStream(new File(path));"
      },
      {
        "lineNumber": 38,
        "author": {
          "gitId": "TerenceTanWT"
        },
        "content": "                ObjectOutputStream object \u003d new ObjectOutputStream(file);"
      },
      {
        "lineNumber": 39,
        "author": {
          "gitId": "TerenceTanWT"
        },
        "content": "                object.writeObject(taskList);"
      },
      {
        "lineNumber": 40,
        "author": {
          "gitId": "TerenceTanWT"
        },
        "content": "                object.close();"
      },
      {
        "lineNumber": 41,
        "author": {
          "gitId": "TerenceTanWT"
        },
        "content": "                file.close();"
      },
      {
        "lineNumber": 42,
        "author": {
          "gitId": "TerenceTanWT"
        },
        "content": "                tryAgain \u003d 2;"
      },
      {
        "lineNumber": 43,
        "author": {
          "gitId": "TerenceTanWT"
        },
        "content": ""
      },
      {
        "lineNumber": 44,
        "author": {
          "gitId": "TerenceTanWT"
        },
        "content": "            } catch(FileNotFoundException errorMessage) {"
      },
      {
        "lineNumber": 45,
        "author": {
          "gitId": "TerenceTanWT"
        },
        "content": "                tryAgain++ ;"
      },
      {
        "lineNumber": 46,
        "author": {
          "gitId": "TerenceTanWT"
        },
        "content": "                File file \u003d new File(path);"
      },
      {
        "lineNumber": 47,
        "author": {
          "gitId": "TerenceTanWT"
        },
        "content": "                file.getParentFile().mkdirs();          // create directory. This function will not create if already exist."
      },
      {
        "lineNumber": 48,
        "author": {
          "gitId": "TerenceTanWT"
        },
        "content": "                if(!file.createNewFile()) {"
      },
      {
        "lineNumber": 49,
        "author": {
          "gitId": "TerenceTanWT"
        },
        "content": "                    System.out.println(\"Unable to create file \" + path + \"...\");"
      },
      {
        "lineNumber": 50,
        "author": {
          "gitId": "TerenceTanWT"
        },
        "content": "                    System.out.println(errorMessage);"
      },
      {
        "lineNumber": 51,
        "author": {
          "gitId": "TerenceTanWT"
        },
        "content": "                }"
      },
      {
        "lineNumber": 52,
        "author": {
          "gitId": "TerenceTanWT"
        },
        "content": ""
      },
      {
        "lineNumber": 53,
        "author": {
          "gitId": "TerenceTanWT"
        },
        "content": "            } catch (IOException errorMessage) {"
      },
      {
        "lineNumber": 54,
        "author": {
          "gitId": "TerenceTanWT"
        },
        "content": "                tryAgain \u003d 2;"
      },
      {
        "lineNumber": 55,
        "author": {
          "gitId": "TerenceTanWT"
        },
        "content": "                System.out.println(\"Error saving to \" + path);"
      },
      {
        "lineNumber": 56,
        "author": {
          "gitId": "TerenceTanWT"
        },
        "content": "                System.out.println(errorMessage);"
      },
      {
        "lineNumber": 57,
        "author": {
          "gitId": "TerenceTanWT"
        },
        "content": "            }"
      },
      {
        "lineNumber": 58,
        "author": {
          "gitId": "TerenceTanWT"
        },
        "content": "        }"
      },
      {
        "lineNumber": 59,
        "author": {
          "gitId": "TerenceTanWT"
        },
        "content": "    }"
      },
      {
        "lineNumber": 60,
        "author": {
          "gitId": "TerenceTanWT"
        },
        "content": ""
      },
      {
        "lineNumber": 61,
        "author": {
          "gitId": "TerenceTanWT"
        },
        "content": "    public static ArrayList\u003cTask\u003e readTaskList() throws IOException, DukeException {"
      },
      {
        "lineNumber": 62,
        "author": {
          "gitId": "TerenceTanWT"
        },
        "content": "        ArrayList\u003cTask\u003e taskList \u003d new ArrayList\u003cTask\u003e();"
      },
      {
        "lineNumber": 63,
        "author": {
          "gitId": "TerenceTanWT"
        },
        "content": "        try {"
      },
      {
        "lineNumber": 64,
        "author": {
          "gitId": "TerenceTanWT"
        },
        "content": "            FileInputStream file \u003d new FileInputStream(new File(path));"
      },
      {
        "lineNumber": 65,
        "author": {
          "gitId": "TerenceTanWT"
        },
        "content": "            ObjectInputStream object \u003d new ObjectInputStream(file);"
      },
      {
        "lineNumber": 66,
        "author": {
          "gitId": "TerenceTanWT"
        },
        "content": "            taskList \u003d (ArrayList\u003cTask\u003e)object.readObject();"
      },
      {
        "lineNumber": 67,
        "author": {
          "gitId": "TerenceTanWT"
        },
        "content": "            object.close();"
      },
      {
        "lineNumber": 68,
        "author": {
          "gitId": "TerenceTanWT"
        },
        "content": "            file.close();"
      },
      {
        "lineNumber": 69,
        "author": {
          "gitId": "TerenceTanWT"
        },
        "content": "            return taskList;"
      },
      {
        "lineNumber": 70,
        "author": {
          "gitId": "TerenceTanWT"
        },
        "content": ""
      },
      {
        "lineNumber": 71,
        "author": {
          "gitId": "TerenceTanWT"
        },
        "content": "        } catch(FileNotFoundException errorMessage) {"
      },
      {
        "lineNumber": 72,
        "author": {
          "gitId": "TerenceTanWT"
        },
        "content": "            File file \u003d new File(path);"
      },
      {
        "lineNumber": 73,
        "author": {
          "gitId": "TerenceTanWT"
        },
        "content": "            file.getParentFile().mkdirs();          // create directory. This function will not create if already exist."
      },
      {
        "lineNumber": 74,
        "author": {
          "gitId": "TerenceTanWT"
        },
        "content": "            if(!file.createNewFile()) {"
      },
      {
        "lineNumber": 75,
        "author": {
          "gitId": "TerenceTanWT"
        },
        "content": "                System.out.println(\"Unable to create file \" + path + \"...\");"
      },
      {
        "lineNumber": 76,
        "author": {
          "gitId": "TerenceTanWT"
        },
        "content": "                System.out.println(errorMessage);"
      },
      {
        "lineNumber": 77,
        "author": {
          "gitId": "TerenceTanWT"
        },
        "content": "                throw new DukeException(\"Error creating save file.\");"
      },
      {
        "lineNumber": 78,
        "author": {
          "gitId": "TerenceTanWT"
        },
        "content": "            }"
      },
      {
        "lineNumber": 79,
        "author": {
          "gitId": "TerenceTanWT"
        },
        "content": ""
      },
      {
        "lineNumber": 80,
        "author": {
          "gitId": "TerenceTanWT"
        },
        "content": "        } catch (IOException errorMessage) {"
      },
      {
        "lineNumber": 81,
        "author": {
          "gitId": "TerenceTanWT"
        },
        "content": "            System.out.println(\"Error reading file from \" + path);"
      },
      {
        "lineNumber": 82,
        "author": {
          "gitId": "TerenceTanWT"
        },
        "content": "            System.out.println(errorMessage);"
      },
      {
        "lineNumber": 83,
        "author": {
          "gitId": "TerenceTanWT"
        },
        "content": "            throw new DukeException(\"Error reading save file.\");"
      },
      {
        "lineNumber": 84,
        "author": {
          "gitId": "TerenceTanWT"
        },
        "content": ""
      },
      {
        "lineNumber": 85,
        "author": {
          "gitId": "TerenceTanWT"
        },
        "content": "        } catch (ClassNotFoundException errorMessage) {"
      },
      {
        "lineNumber": 86,
        "author": {
          "gitId": "TerenceTanWT"
        },
        "content": "            System.out.println(errorMessage);"
      },
      {
        "lineNumber": 87,
        "author": {
          "gitId": "TerenceTanWT"
        },
        "content": "        }"
      },
      {
        "lineNumber": 88,
        "author": {
          "gitId": "TerenceTanWT"
        },
        "content": ""
      },
      {
        "lineNumber": 89,
        "author": {
          "gitId": "TerenceTanWT"
        },
        "content": "        return taskList;"
      },
      {
        "lineNumber": 90,
        "author": {
          "gitId": "TerenceTanWT"
        },
        "content": "    }"
      },
      {
        "lineNumber": 91,
        "author": {
          "gitId": "TerenceTanWT"
        },
        "content": ""
      },
      {
        "lineNumber": 92,
        "author": {
          "gitId": "TerenceTanWT"
        },
        "content": "    public static ArrayList\u003cTask\u003e restoreTaskList(ArrayList\u003cTask\u003e arrayList) throws IOException, DukeException {"
      },
      {
        "lineNumber": 93,
        "author": {
          "gitId": "TerenceTanWT"
        },
        "content": "        try {"
      },
      {
        "lineNumber": 94,
        "author": {
          "gitId": "TerenceTanWT"
        },
        "content": "            ArrayList\u003cTask\u003e taskList \u003d readTaskList();"
      },
      {
        "lineNumber": 95,
        "author": {
          "gitId": "TerenceTanWT"
        },
        "content": "            return taskList;"
      },
      {
        "lineNumber": 96,
        "author": {
          "gitId": "TerenceTanWT"
        },
        "content": ""
      },
      {
        "lineNumber": 97,
        "author": {
          "gitId": "TerenceTanWT"
        },
        "content": "        } catch (IOException errorMessage){"
      },
      {
        "lineNumber": 98,
        "author": {
          "gitId": "TerenceTanWT"
        },
        "content": "            System.out.println(errorMessage);"
      },
      {
        "lineNumber": 99,
        "author": {
          "gitId": "TerenceTanWT"
        },
        "content": "            throw new DukeException(\"Error restoring from save file. Please delete /data/duke.txt and relaunch.\");"
      },
      {
        "lineNumber": 100,
        "author": {
          "gitId": "TerenceTanWT"
        },
        "content": "        }"
      },
      {
        "lineNumber": 101,
        "author": {
          "gitId": "TerenceTanWT"
        },
        "content": "    }"
      },
      {
        "lineNumber": 102,
        "author": {
          "gitId": "TerenceTanWT"
        },
        "content": "}"
      }
    ],
    "authorContributionMap": {
      "TerenceTanWT": 102
    }
  },
  {
    "path": "src/main/java/Task.java",
    "fileType": "java",
    "lines": [
      {
        "lineNumber": 1,
        "author": {
          "gitId": "TerenceTanWT"
        },
        "content": "import java.io.Serializable;"
      },
      {
        "lineNumber": 2,
        "author": {
          "gitId": "TerenceTanWT"
        },
        "content": ""
      },
      {
        "lineNumber": 3,
        "author": {
          "gitId": "TerenceTanWT"
        },
        "content": "public class Task implements Serializable {"
      },
      {
        "lineNumber": 4,
        "author": {
          "gitId": "TerenceTanWT"
        },
        "content": "    private String description;"
      },
      {
        "lineNumber": 5,
        "author": {
          "gitId": "TerenceTanWT"
        },
        "content": "    private boolean isDone;"
      },
      {
        "lineNumber": 6,
        "author": {
          "gitId": "TerenceTanWT"
        },
        "content": ""
      },
      {
        "lineNumber": 7,
        "author": {
          "gitId": "TerenceTanWT"
        },
        "content": "    public Task(String description) {"
      },
      {
        "lineNumber": 8,
        "author": {
          "gitId": "TerenceTanWT"
        },
        "content": "        this.description \u003d description;"
      },
      {
        "lineNumber": 9,
        "author": {
          "gitId": "TerenceTanWT"
        },
        "content": "        this.isDone \u003d false;"
      },
      {
        "lineNumber": 10,
        "author": {
          "gitId": "TerenceTanWT"
        },
        "content": "    }"
      },
      {
        "lineNumber": 11,
        "author": {
          "gitId": "TerenceTanWT"
        },
        "content": ""
      },
      {
        "lineNumber": 12,
        "author": {
          "gitId": "TerenceTanWT"
        },
        "content": "    public String getDescription() {"
      },
      {
        "lineNumber": 13,
        "author": {
          "gitId": "TerenceTanWT"
        },
        "content": "        return (this.description);"
      },
      {
        "lineNumber": 14,
        "author": {
          "gitId": "TerenceTanWT"
        },
        "content": "    }"
      },
      {
        "lineNumber": 15,
        "author": {
          "gitId": "TerenceTanWT"
        },
        "content": ""
      },
      {
        "lineNumber": 16,
        "author": {
          "gitId": "TerenceTanWT"
        },
        "content": "    public String getStatusIcon() {"
      },
      {
        "lineNumber": 17,
        "author": {
          "gitId": "TerenceTanWT"
        },
        "content": "        return (isDone ? \"[\\u2713]\" : \"[\\u2718]\"); //return tick or X symbols"
      },
      {
        "lineNumber": 18,
        "author": {
          "gitId": "TerenceTanWT"
        },
        "content": "    }"
      },
      {
        "lineNumber": 19,
        "author": {
          "gitId": "TerenceTanWT"
        },
        "content": ""
      },
      {
        "lineNumber": 20,
        "author": {
          "gitId": "TerenceTanWT"
        },
        "content": "    public void setIsDone(boolean isDone) {"
      },
      {
        "lineNumber": 21,
        "author": {
          "gitId": "TerenceTanWT"
        },
        "content": "        this.isDone \u003d isDone;"
      },
      {
        "lineNumber": 22,
        "author": {
          "gitId": "TerenceTanWT"
        },
        "content": "    }"
      },
      {
        "lineNumber": 23,
        "author": {
          "gitId": "TerenceTanWT"
        },
        "content": ""
      },
      {
        "lineNumber": 24,
        "author": {
          "gitId": "TerenceTanWT"
        },
        "content": "    public String toString() {"
      },
      {
        "lineNumber": 25,
        "author": {
          "gitId": "TerenceTanWT"
        },
        "content": "        return getStatusIcon() + \" \" + this.description;"
      },
      {
        "lineNumber": 26,
        "author": {
          "gitId": "TerenceTanWT"
        },
        "content": "    }"
      },
      {
        "lineNumber": 27,
        "author": {
          "gitId": "TerenceTanWT"
        },
        "content": "}"
      }
    ],
    "authorContributionMap": {
      "TerenceTanWT": 27
    }
  },
  {
    "path": "src/main/java/TaskList.java",
    "fileType": "java",
    "lines": [
      {
        "lineNumber": 1,
        "author": {
          "gitId": "TerenceTanWT"
        },
        "content": "import java.util.ArrayList;"
      },
      {
        "lineNumber": 2,
        "author": {
          "gitId": "TerenceTanWT"
        },
        "content": ""
      },
      {
        "lineNumber": 3,
        "author": {
          "gitId": "TerenceTanWT"
        },
        "content": "public class TaskList {"
      },
      {
        "lineNumber": 4,
        "author": {
          "gitId": "TerenceTanWT"
        },
        "content": ""
      },
      {
        "lineNumber": 5,
        "author": {
          "gitId": "TerenceTanWT"
        },
        "content": "    public static ArrayList\u003cTask\u003e addTaskToList(ArrayList\u003cTask\u003e arrayList, Task task) {"
      },
      {
        "lineNumber": 6,
        "author": {
          "gitId": "TerenceTanWT"
        },
        "content": "        ArrayList\u003cTask\u003e taskList \u003d new ArrayList\u003cTask\u003e();"
      },
      {
        "lineNumber": 7,
        "author": {
          "gitId": "TerenceTanWT"
        },
        "content": "        taskList \u003d arrayList;"
      },
      {
        "lineNumber": 8,
        "author": {
          "gitId": "TerenceTanWT"
        },
        "content": "        Task userTask \u003d task;"
      },
      {
        "lineNumber": 9,
        "author": {
          "gitId": "TerenceTanWT"
        },
        "content": "        taskList.add(userTask);"
      },
      {
        "lineNumber": 10,
        "author": {
          "gitId": "TerenceTanWT"
        },
        "content": "        System.out.println(\"Got it. I\u0027ve added this task: \");"
      },
      {
        "lineNumber": 11,
        "author": {
          "gitId": "TerenceTanWT"
        },
        "content": "        System.out.println(userTask.toString());"
      },
      {
        "lineNumber": 12,
        "author": {
          "gitId": "TerenceTanWT"
        },
        "content": "        System.out.println(\"Now you have \" + taskList.size() + \" tasks in the list.\");"
      },
      {
        "lineNumber": 13,
        "author": {
          "gitId": "TerenceTanWT"
        },
        "content": "        return taskList;"
      },
      {
        "lineNumber": 14,
        "author": {
          "gitId": "TerenceTanWT"
        },
        "content": "    }"
      },
      {
        "lineNumber": 15,
        "author": {
          "gitId": "TerenceTanWT"
        },
        "content": ""
      },
      {
        "lineNumber": 16,
        "author": {
          "gitId": "TerenceTanWT"
        },
        "content": "    public static ArrayList\u003cTask\u003e setTaskDone(ArrayList\u003cTask\u003e arrayList, int number) throws DukeException {"
      },
      {
        "lineNumber": 17,
        "author": {
          "gitId": "TerenceTanWT"
        },
        "content": "        ArrayList\u003cTask\u003e taskList \u003d new ArrayList\u003cTask\u003e();"
      },
      {
        "lineNumber": 18,
        "author": {
          "gitId": "TerenceTanWT"
        },
        "content": "        taskList \u003d arrayList;"
      },
      {
        "lineNumber": 19,
        "author": {
          "gitId": "TerenceTanWT"
        },
        "content": "        try {"
      },
      {
        "lineNumber": 20,
        "author": {
          "gitId": "TerenceTanWT"
        },
        "content": "            if(number \u003e taskList.size() || number \u003c 1) {"
      },
      {
        "lineNumber": 21,
        "author": {
          "gitId": "TerenceTanWT"
        },
        "content": "                throw new DukeException(\"The selected task does not exist.\");"
      },
      {
        "lineNumber": 22,
        "author": {
          "gitId": "TerenceTanWT"
        },
        "content": "            }"
      },
      {
        "lineNumber": 23,
        "author": {
          "gitId": "TerenceTanWT"
        },
        "content": "            taskList.get(number-1).setIsDone(true);          // set the task as done"
      },
      {
        "lineNumber": 24,
        "author": {
          "gitId": "TerenceTanWT"
        },
        "content": "            System.out.println(\"Nice! I\u0027ve marked this task as done:\");"
      },
      {
        "lineNumber": 25,
        "author": {
          "gitId": "TerenceTanWT"
        },
        "content": "            System.out.println(taskList.get(number-1).toString());"
      },
      {
        "lineNumber": 26,
        "author": {
          "gitId": "TerenceTanWT"
        },
        "content": "            return taskList;"
      },
      {
        "lineNumber": 27,
        "author": {
          "gitId": "TerenceTanWT"
        },
        "content": "        }"
      },
      {
        "lineNumber": 28,
        "author": {
          "gitId": "TerenceTanWT"
        },
        "content": "        catch(DukeException errorMessage) {"
      },
      {
        "lineNumber": 29,
        "author": {
          "gitId": "TerenceTanWT"
        },
        "content": "            System.err.println(errorMessage.toString());"
      },
      {
        "lineNumber": 30,
        "author": {
          "gitId": "TerenceTanWT"
        },
        "content": "        }"
      },
      {
        "lineNumber": 31,
        "author": {
          "gitId": "TerenceTanWT"
        },
        "content": "        return taskList;"
      },
      {
        "lineNumber": 32,
        "author": {
          "gitId": "TerenceTanWT"
        },
        "content": "    }"
      },
      {
        "lineNumber": 33,
        "author": {
          "gitId": "TerenceTanWT"
        },
        "content": ""
      },
      {
        "lineNumber": 34,
        "author": {
          "gitId": "TerenceTanWT"
        },
        "content": "    public static ArrayList\u003cTask\u003e deleteTask(ArrayList\u003cTask\u003e arrayList, int number) throws DukeException {"
      },
      {
        "lineNumber": 35,
        "author": {
          "gitId": "TerenceTanWT"
        },
        "content": "        ArrayList\u003cTask\u003e taskList \u003d new ArrayList\u003cTask\u003e();"
      },
      {
        "lineNumber": 36,
        "author": {
          "gitId": "TerenceTanWT"
        },
        "content": "        taskList \u003d arrayList;"
      },
      {
        "lineNumber": 37,
        "author": {
          "gitId": "TerenceTanWT"
        },
        "content": "        try {"
      },
      {
        "lineNumber": 38,
        "author": {
          "gitId": "TerenceTanWT"
        },
        "content": "            if (number \u003e taskList.size() || number \u003c 1) {"
      },
      {
        "lineNumber": 39,
        "author": {
          "gitId": "TerenceTanWT"
        },
        "content": "                throw new DukeException(\"The selected task does not exist.\");"
      },
      {
        "lineNumber": 40,
        "author": {
          "gitId": "TerenceTanWT"
        },
        "content": "            }"
      },
      {
        "lineNumber": 41,
        "author": {
          "gitId": "TerenceTanWT"
        },
        "content": "            System.out.println(\"Noted. I\u0027ve removed this task:\");"
      },
      {
        "lineNumber": 42,
        "author": {
          "gitId": "TerenceTanWT"
        },
        "content": "            System.out.println(taskList.get(number - 1).toString());"
      },
      {
        "lineNumber": 43,
        "author": {
          "gitId": "TerenceTanWT"
        },
        "content": "            taskList.remove(number - 1);          // delete task from task list"
      },
      {
        "lineNumber": 44,
        "author": {
          "gitId": "TerenceTanWT"
        },
        "content": "            return taskList;"
      },
      {
        "lineNumber": 45,
        "author": {
          "gitId": "TerenceTanWT"
        },
        "content": "        } catch (DukeException errorMessage) {"
      },
      {
        "lineNumber": 46,
        "author": {
          "gitId": "TerenceTanWT"
        },
        "content": "            System.err.println(errorMessage.toString());"
      },
      {
        "lineNumber": 47,
        "author": {
          "gitId": "TerenceTanWT"
        },
        "content": "        }"
      },
      {
        "lineNumber": 48,
        "author": {
          "gitId": "TerenceTanWT"
        },
        "content": "        return taskList;"
      },
      {
        "lineNumber": 49,
        "author": {
          "gitId": "TerenceTanWT"
        },
        "content": "    }"
      },
      {
        "lineNumber": 50,
        "author": {
          "gitId": "TerenceTanWT"
        },
        "content": ""
      },
      {
        "lineNumber": 51,
        "author": {
          "gitId": "TerenceTanWT"
        },
        "content": "    public static void findTask(ArrayList\u003cTask\u003e arrayList, String myString) throws DukeException {"
      },
      {
        "lineNumber": 52,
        "author": {
          "gitId": "TerenceTanWT"
        },
        "content": "        ArrayList\u003cTask\u003e taskList \u003d new ArrayList\u003cTask\u003e();"
      },
      {
        "lineNumber": 53,
        "author": {
          "gitId": "TerenceTanWT"
        },
        "content": "        taskList \u003d arrayList;"
      },
      {
        "lineNumber": 54,
        "author": {
          "gitId": "TerenceTanWT"
        },
        "content": "        String keyword \u003d myString;"
      },
      {
        "lineNumber": 55,
        "author": {
          "gitId": "TerenceTanWT"
        },
        "content": "        System.out.println(\"Here are the matching tasks in your list:\");"
      },
      {
        "lineNumber": 56,
        "author": {
          "gitId": "TerenceTanWT"
        },
        "content": "        for (int i \u003d 0; i \u003c taskList.size(); i++) {"
      },
      {
        "lineNumber": 57,
        "author": {
          "gitId": "TerenceTanWT"
        },
        "content": "            if (taskList.get(i).getDescription().contains(keyword)) {"
      },
      {
        "lineNumber": 58,
        "author": {
          "gitId": "TerenceTanWT"
        },
        "content": "                System.out.println(i+1 + \".\" + taskList.get(i).toString());"
      },
      {
        "lineNumber": 59,
        "author": {
          "gitId": "TerenceTanWT"
        },
        "content": "            }"
      },
      {
        "lineNumber": 60,
        "author": {
          "gitId": "TerenceTanWT"
        },
        "content": "        }"
      },
      {
        "lineNumber": 61,
        "author": {
          "gitId": "TerenceTanWT"
        },
        "content": "    }"
      },
      {
        "lineNumber": 62,
        "author": {
          "gitId": "TerenceTanWT"
        },
        "content": ""
      },
      {
        "lineNumber": 63,
        "author": {
          "gitId": "TerenceTanWT"
        },
        "content": "    public static void printTaskList(ArrayList\u003cTask\u003e arrayList) {"
      },
      {
        "lineNumber": 64,
        "author": {
          "gitId": "TerenceTanWT"
        },
        "content": "        System.out.println(\"Here are the tasks in your list:\");"
      },
      {
        "lineNumber": 65,
        "author": {
          "gitId": "TerenceTanWT"
        },
        "content": "        for (int i \u003d 0; i \u003c arrayList.size(); i++) {"
      },
      {
        "lineNumber": 66,
        "author": {
          "gitId": "TerenceTanWT"
        },
        "content": "            int index \u003d i + 1;"
      },
      {
        "lineNumber": 67,
        "author": {
          "gitId": "TerenceTanWT"
        },
        "content": "            System.out.println(index + \".\" + arrayList.get(i).toString());"
      },
      {
        "lineNumber": 68,
        "author": {
          "gitId": "TerenceTanWT"
        },
        "content": "        }"
      },
      {
        "lineNumber": 69,
        "author": {
          "gitId": "TerenceTanWT"
        },
        "content": "    }"
      },
      {
        "lineNumber": 70,
        "author": {
          "gitId": "TerenceTanWT"
        },
        "content": "}"
      }
    ],
    "authorContributionMap": {
      "TerenceTanWT": 70
    }
  },
  {
    "path": "src/main/java/Todo.java",
    "fileType": "java",
    "lines": [
      {
        "lineNumber": 1,
        "author": {
          "gitId": "TerenceTanWT"
        },
        "content": "public class Todo extends Task {"
      },
      {
        "lineNumber": 2,
        "author": {
          "gitId": "TerenceTanWT"
        },
        "content": ""
      },
      {
        "lineNumber": 3,
        "author": {
          "gitId": "TerenceTanWT"
        },
        "content": "    public Todo(String description) {"
      },
      {
        "lineNumber": 4,
        "author": {
          "gitId": "TerenceTanWT"
        },
        "content": "        super(description);"
      },
      {
        "lineNumber": 5,
        "author": {
          "gitId": "TerenceTanWT"
        },
        "content": "    }"
      },
      {
        "lineNumber": 6,
        "author": {
          "gitId": "TerenceTanWT"
        },
        "content": ""
      },
      {
        "lineNumber": 7,
        "author": {
          "gitId": "TerenceTanWT"
        },
        "content": "    public static void checkInputError(String myString) throws DukeException {"
      },
      {
        "lineNumber": 8,
        "author": {
          "gitId": "TerenceTanWT"
        },
        "content": "        String[] userInputArray \u003d Duke.userInputStringToArray(myString);"
      },
      {
        "lineNumber": 9,
        "author": {
          "gitId": "TerenceTanWT"
        },
        "content": ""
      },
      {
        "lineNumber": 10,
        "author": {
          "gitId": "TerenceTanWT"
        },
        "content": "        if(userInputArray.length \u003c\u003d 1) {"
      },
      {
        "lineNumber": 11,
        "author": {
          "gitId": "TerenceTanWT"
        },
        "content": "            throw new DukeException(\"The description of todo cannot be empty.\");"
      },
      {
        "lineNumber": 12,
        "author": {
          "gitId": "TerenceTanWT"
        },
        "content": "        }"
      },
      {
        "lineNumber": 13,
        "author": {
          "gitId": "TerenceTanWT"
        },
        "content": "    }"
      },
      {
        "lineNumber": 14,
        "author": {
          "gitId": "TerenceTanWT"
        },
        "content": ""
      },
      {
        "lineNumber": 15,
        "author": {
          "gitId": "TerenceTanWT"
        },
        "content": "    public static String getTaskName(String myString) {"
      },
      {
        "lineNumber": 16,
        "author": {
          "gitId": "TerenceTanWT"
        },
        "content": "        String taskName \u003d myString;"
      },
      {
        "lineNumber": 17,
        "author": {
          "gitId": "TerenceTanWT"
        },
        "content": "        taskName \u003d Duke.removeFirstWordFromString(taskName);"
      },
      {
        "lineNumber": 18,
        "author": {
          "gitId": "TerenceTanWT"
        },
        "content": "        return taskName;"
      },
      {
        "lineNumber": 19,
        "author": {
          "gitId": "TerenceTanWT"
        },
        "content": "    }"
      },
      {
        "lineNumber": 20,
        "author": {
          "gitId": "TerenceTanWT"
        },
        "content": ""
      },
      {
        "lineNumber": 21,
        "author": {
          "gitId": "TerenceTanWT"
        },
        "content": "    @Override"
      },
      {
        "lineNumber": 22,
        "author": {
          "gitId": "TerenceTanWT"
        },
        "content": "    public String toString() {"
      },
      {
        "lineNumber": 23,
        "author": {
          "gitId": "TerenceTanWT"
        },
        "content": "        return \"[T]\" + super.toString();"
      },
      {
        "lineNumber": 24,
        "author": {
          "gitId": "TerenceTanWT"
        },
        "content": "    }"
      },
      {
        "lineNumber": 25,
        "author": {
          "gitId": "TerenceTanWT"
        },
        "content": "}"
      }
    ],
    "authorContributionMap": {
      "TerenceTanWT": 25
    }
  }
]
