[
  {
    "path": "build.gradle",
    "lines": [
      {
        "lineNumber": 1,
        "author": {
          "gitId": "-"
        },
        "content": "plugins {"
      },
      {
        "lineNumber": 2,
        "author": {
          "gitId": "-"
        },
        "content": "    id \u0027java\u0027"
      },
      {
        "lineNumber": 3,
        "author": {
          "gitId": "-"
        },
        "content": "    id \u0027application\u0027"
      },
      {
        "lineNumber": 4,
        "author": {
          "gitId": "termehlee"
        },
        "content": "    id \u0027checkstyle\u0027"
      },
      {
        "lineNumber": 5,
        "author": {
          "gitId": "termehlee"
        },
        "content": "    id \u0027com.github.johnrengelman.shadow\u0027 version \u00275.1.0\u0027"
      },
      {
        "lineNumber": 6,
        "author": {
          "gitId": "termehlee"
        },
        "content": "}"
      },
      {
        "lineNumber": 7,
        "author": {
          "gitId": "termehlee"
        },
        "content": ""
      },
      {
        "lineNumber": 8,
        "author": {
          "gitId": "termehlee"
        },
        "content": "checkstyle {"
      },
      {
        "lineNumber": 9,
        "author": {
          "gitId": "termehlee"
        },
        "content": "    toolVersion \u003d \u00278.23\u0027"
      },
      {
        "lineNumber": 10,
        "author": {
          "gitId": "termehlee"
        },
        "content": "}"
      },
      {
        "lineNumber": 11,
        "author": {
          "gitId": "termehlee"
        },
        "content": ""
      },
      {
        "lineNumber": 12,
        "author": {
          "gitId": "termehlee"
        },
        "content": "shadowJar {"
      },
      {
        "lineNumber": 13,
        "author": {
          "gitId": "termehlee"
        },
        "content": "    archiveBaseName \u003d \"duke\""
      },
      {
        "lineNumber": 14,
        "author": {
          "gitId": "termehlee"
        },
        "content": "    archiveVersion \u003d \"0.1.3\""
      },
      {
        "lineNumber": 15,
        "author": {
          "gitId": "termehlee"
        },
        "content": "    archiveClassifier \u003d null"
      },
      {
        "lineNumber": 16,
        "author": {
          "gitId": "termehlee"
        },
        "content": "    archiveAppendix \u003d null"
      },
      {
        "lineNumber": 17,
        "author": {
          "gitId": "termehlee"
        },
        "content": "}"
      },
      {
        "lineNumber": 18,
        "author": {
          "gitId": "termehlee"
        },
        "content": ""
      },
      {
        "lineNumber": 19,
        "author": {
          "gitId": "termehlee"
        },
        "content": "dependencies {"
      },
      {
        "lineNumber": 20,
        "author": {
          "gitId": "termehlee"
        },
        "content": "    testImplementation \u0027org.junit.jupiter:junit-jupiter:5.5.0\u0027"
      },
      {
        "lineNumber": 21,
        "author": {
          "gitId": "-"
        },
        "content": "}"
      },
      {
        "lineNumber": 22,
        "author": {
          "gitId": "-"
        },
        "content": ""
      },
      {
        "lineNumber": 23,
        "author": {
          "gitId": "-"
        },
        "content": "group \u0027seedu.duke\u0027"
      },
      {
        "lineNumber": 24,
        "author": {
          "gitId": "-"
        },
        "content": "version \u00270.1.0\u0027"
      },
      {
        "lineNumber": 25,
        "author": {
          "gitId": "-"
        },
        "content": ""
      },
      {
        "lineNumber": 26,
        "author": {
          "gitId": "-"
        },
        "content": "repositories {"
      },
      {
        "lineNumber": 27,
        "author": {
          "gitId": "-"
        },
        "content": "    mavenCentral()"
      },
      {
        "lineNumber": 28,
        "author": {
          "gitId": "-"
        },
        "content": "}"
      },
      {
        "lineNumber": 29,
        "author": {
          "gitId": "-"
        },
        "content": ""
      },
      {
        "lineNumber": 30,
        "author": {
          "gitId": "-"
        },
        "content": "application {"
      },
      {
        "lineNumber": 31,
        "author": {
          "gitId": "-"
        },
        "content": "    // Change this to your main class."
      },
      {
        "lineNumber": 32,
        "author": {
          "gitId": "termehlee"
        },
        "content": "    mainClassName \u003d \"Duke\""
      },
      {
        "lineNumber": 33,
        "author": {
          "gitId": "-"
        },
        "content": "}"
      },
      {
        "lineNumber": 34,
        "author": {
          "gitId": "-"
        },
        "content": ""
      },
      {
        "lineNumber": 35,
        "author": {
          "gitId": "-"
        },
        "content": "run {"
      },
      {
        "lineNumber": 36,
        "author": {
          "gitId": "-"
        },
        "content": "    standardInput \u003d System.in"
      },
      {
        "lineNumber": 37,
        "author": {
          "gitId": "-"
        },
        "content": "}"
      }
    ],
    "authorContributionMap": {
      "termehlee": 18,
      "-": 19
    }
  },
  {
    "path": "src/main/java/Deadline.java",
    "lines": [
      {
        "lineNumber": 1,
        "author": {
          "gitId": "termehlee"
        },
        "content": "package PACKAGE_NAME;"
      },
      {
        "lineNumber": 2,
        "author": {
          "gitId": "termehlee"
        },
        "content": ""
      },
      {
        "lineNumber": 3,
        "author": {
          "gitId": "termehlee"
        },
        "content": "public class Deadline {"
      },
      {
        "lineNumber": 4,
        "author": {
          "gitId": "termehlee"
        },
        "content": "}"
      }
    ],
    "authorContributionMap": {
      "termehlee": 4
    }
  },
  {
    "path": "src/main/java/Duke.java",
    "lines": [
      {
        "lineNumber": 1,
        "author": {
          "gitId": "termehlee"
        },
        "content": "import java.util.ArrayList;"
      },
      {
        "lineNumber": 2,
        "author": {
          "gitId": "termehlee"
        },
        "content": "import java.util.Iterator;"
      },
      {
        "lineNumber": 3,
        "author": {
          "gitId": "termehlee"
        },
        "content": "import java.util.Scanner;"
      },
      {
        "lineNumber": 4,
        "author": {
          "gitId": "termehlee"
        },
        "content": ""
      },
      {
        "lineNumber": 5,
        "author": {
          "gitId": "-"
        },
        "content": "public class Duke {"
      },
      {
        "lineNumber": 6,
        "author": {
          "gitId": "-"
        },
        "content": "    public static void main(String[] args) {"
      },
      {
        "lineNumber": 7,
        "author": {
          "gitId": "-"
        },
        "content": "        String logo \u003d \" ____        _        \\n\""
      },
      {
        "lineNumber": 8,
        "author": {
          "gitId": "-"
        },
        "content": "                + \"|  _ \\\\ _   _| | _____ \\n\""
      },
      {
        "lineNumber": 9,
        "author": {
          "gitId": "-"
        },
        "content": "                + \"| | | | | | | |/ / _ \\\\\\n\""
      },
      {
        "lineNumber": 10,
        "author": {
          "gitId": "-"
        },
        "content": "                + \"| |_| | |_| |   \u003c  __/\\n\""
      },
      {
        "lineNumber": 11,
        "author": {
          "gitId": "-"
        },
        "content": "                + \"|____/ \\\\__,_|_|\\\\_\\\\___|\\n\";"
      },
      {
        "lineNumber": 12,
        "author": {
          "gitId": "-"
        },
        "content": "        System.out.println(\"Hello from\\n\" + logo);"
      },
      {
        "lineNumber": 13,
        "author": {
          "gitId": "termehlee"
        },
        "content": ""
      },
      {
        "lineNumber": 14,
        "author": {
          "gitId": "termehlee"
        },
        "content": "        System.out.println(\"     ---------------------------------------\");"
      },
      {
        "lineNumber": 15,
        "author": {
          "gitId": "termehlee"
        },
        "content": "        System.out.println(\"     Hello! I\u0027m Duke\");"
      },
      {
        "lineNumber": 16,
        "author": {
          "gitId": "termehlee"
        },
        "content": "        System.out.println(\"     What can I do for you?\");"
      },
      {
        "lineNumber": 17,
        "author": {
          "gitId": "termehlee"
        },
        "content": "        System.out.println(\"     ---------------------------------------\");"
      },
      {
        "lineNumber": 18,
        "author": {
          "gitId": "termehlee"
        },
        "content": ""
      },
      {
        "lineNumber": 19,
        "author": {
          "gitId": "termehlee"
        },
        "content": "        //Scans in new command"
      },
      {
        "lineNumber": 20,
        "author": {
          "gitId": "termehlee"
        },
        "content": "        Scanner command \u003d new Scanner(System.in);"
      },
      {
        "lineNumber": 21,
        "author": {
          "gitId": "termehlee"
        },
        "content": "        String cmd \u003d command.nextLine();"
      },
      {
        "lineNumber": 22,
        "author": {
          "gitId": "termehlee"
        },
        "content": ""
      },
      {
        "lineNumber": 23,
        "author": {
          "gitId": "termehlee"
        },
        "content": "        //Array for storing of list"
      },
      {
        "lineNumber": 24,
        "author": {
          "gitId": "termehlee"
        },
        "content": "        ArrayList\u003cTask\u003e list \u003d new ArrayList\u003cTask\u003e();"
      },
      {
        "lineNumber": 25,
        "author": {
          "gitId": "termehlee"
        },
        "content": ""
      },
      {
        "lineNumber": 26,
        "author": {
          "gitId": "termehlee"
        },
        "content": "        while (!cmd.equals(\"bye\")) {"
      },
      {
        "lineNumber": 27,
        "author": {
          "gitId": "termehlee"
        },
        "content": "            if (!cmd.equals(\"list\") \u0026\u0026 !cmd.contains(\"done \")) {"
      },
      {
        "lineNumber": 28,
        "author": {
          "gitId": "termehlee"
        },
        "content": "                Task t \u003d new Task (cmd);"
      },
      {
        "lineNumber": 29,
        "author": {
          "gitId": "termehlee"
        },
        "content": "                list.add(t);"
      },
      {
        "lineNumber": 30,
        "author": {
          "gitId": "termehlee"
        },
        "content": "                System.out.println(\"     ---------------------------------------\");"
      },
      {
        "lineNumber": 31,
        "author": {
          "gitId": "termehlee"
        },
        "content": "                System.out.println(\"     added: \" + cmd);"
      },
      {
        "lineNumber": 32,
        "author": {
          "gitId": "termehlee"
        },
        "content": "                System.out.println(\"     ---------------------------------------\");"
      },
      {
        "lineNumber": 33,
        "author": {
          "gitId": "termehlee"
        },
        "content": "                cmd \u003d command.nextLine();"
      },
      {
        "lineNumber": 34,
        "author": {
          "gitId": "termehlee"
        },
        "content": "            } else if (cmd.equals(\"list\")){"
      },
      {
        "lineNumber": 35,
        "author": {
          "gitId": "termehlee"
        },
        "content": "                int count \u003d 1;"
      },
      {
        "lineNumber": 36,
        "author": {
          "gitId": "termehlee"
        },
        "content": "                System.out.println(\"     ---------------------------------------\");"
      },
      {
        "lineNumber": 37,
        "author": {
          "gitId": "termehlee"
        },
        "content": ""
      },
      {
        "lineNumber": 38,
        "author": {
          "gitId": "termehlee"
        },
        "content": "                //traverse  through the whole list"
      },
      {
        "lineNumber": 39,
        "author": {
          "gitId": "termehlee"
        },
        "content": "                while ((count-1) \u003c list.size()) {"
      },
      {
        "lineNumber": 40,
        "author": {
          "gitId": "termehlee"
        },
        "content": "                    System.out.print(\"     \" + count + \".[\");"
      },
      {
        "lineNumber": 41,
        "author": {
          "gitId": "termehlee"
        },
        "content": "                    System.out.println(list.get(count-1).getStatusIcon() + \"] \" + list.get(count-1).description);"
      },
      {
        "lineNumber": 42,
        "author": {
          "gitId": "termehlee"
        },
        "content": "                    count++;"
      },
      {
        "lineNumber": 43,
        "author": {
          "gitId": "termehlee"
        },
        "content": "                }"
      },
      {
        "lineNumber": 44,
        "author": {
          "gitId": "termehlee"
        },
        "content": "                System.out.println(\"     ---------------------------------------\");"
      },
      {
        "lineNumber": 45,
        "author": {
          "gitId": "termehlee"
        },
        "content": "                cmd \u003d command.nextLine();"
      },
      {
        "lineNumber": 46,
        "author": {
          "gitId": "termehlee"
        },
        "content": "            } else {"
      },
      {
        "lineNumber": 47,
        "author": {
          "gitId": "termehlee"
        },
        "content": "                int num \u003d Integer.parseInt(cmd.replaceAll(\"\\\\D+\",\"\"));"
      },
      {
        "lineNumber": 48,
        "author": {
          "gitId": "termehlee"
        },
        "content": "                list.get(num-1).isDone \u003d true;"
      },
      {
        "lineNumber": 49,
        "author": {
          "gitId": "termehlee"
        },
        "content": "                System.out.println(\"     ---------------------------------------\");"
      },
      {
        "lineNumber": 50,
        "author": {
          "gitId": "termehlee"
        },
        "content": "                System.out.println(\"     Nice! I\u0027ve marked this task as done:\");"
      },
      {
        "lineNumber": 51,
        "author": {
          "gitId": "termehlee"
        },
        "content": "                System.out.println(\"     [\" + list.get(num-1).getStatusIcon() + \"] \" + list.get(num-1).description);"
      },
      {
        "lineNumber": 52,
        "author": {
          "gitId": "termehlee"
        },
        "content": "                System.out.println(\"     ---------------------------------------\");"
      },
      {
        "lineNumber": 53,
        "author": {
          "gitId": "termehlee"
        },
        "content": "                cmd \u003d command.nextLine();"
      },
      {
        "lineNumber": 54,
        "author": {
          "gitId": "termehlee"
        },
        "content": "            }"
      },
      {
        "lineNumber": 55,
        "author": {
          "gitId": "termehlee"
        },
        "content": "        }"
      },
      {
        "lineNumber": 56,
        "author": {
          "gitId": "termehlee"
        },
        "content": "        System.out.println(\"     ---------------------------------------\");"
      },
      {
        "lineNumber": 57,
        "author": {
          "gitId": "termehlee"
        },
        "content": "        System.out.println(\"     Bye. Hope to see you again soon!\");"
      },
      {
        "lineNumber": 58,
        "author": {
          "gitId": "termehlee"
        },
        "content": "        System.out.println(\"     ---------------------------------------\");"
      },
      {
        "lineNumber": 59,
        "author": {
          "gitId": "-"
        },
        "content": "    }"
      },
      {
        "lineNumber": 60,
        "author": {
          "gitId": "-"
        },
        "content": "}"
      }
    ],
    "authorContributionMap": {
      "termehlee": 50,
      "-": 10
    }
  },
  {
    "path": "src/main/java/Event.java",
    "lines": [
      {
        "lineNumber": 1,
        "author": {
          "gitId": "termehlee"
        },
        "content": "package PACKAGE_NAME;"
      },
      {
        "lineNumber": 2,
        "author": {
          "gitId": "termehlee"
        },
        "content": ""
      },
      {
        "lineNumber": 3,
        "author": {
          "gitId": "termehlee"
        },
        "content": "public class Event {"
      },
      {
        "lineNumber": 4,
        "author": {
          "gitId": "termehlee"
        },
        "content": "}"
      }
    ],
    "authorContributionMap": {
      "termehlee": 4
    }
  },
  {
    "path": "src/main/java/Handler.java",
    "lines": [
      {
        "lineNumber": 1,
        "author": {
          "gitId": "termehlee"
        },
        "content": "package PACKAGE_NAME;"
      },
      {
        "lineNumber": 2,
        "author": {
          "gitId": "termehlee"
        },
        "content": ""
      },
      {
        "lineNumber": 3,
        "author": {
          "gitId": "termehlee"
        },
        "content": "public class Handler {"
      },
      {
        "lineNumber": 4,
        "author": {
          "gitId": "termehlee"
        },
        "content": "}"
      }
    ],
    "authorContributionMap": {
      "termehlee": 4
    }
  },
  {
    "path": "src/main/java/Task.java",
    "lines": [
      {
        "lineNumber": 1,
        "author": {
          "gitId": "termehlee"
        },
        "content": "public class Task {"
      },
      {
        "lineNumber": 2,
        "author": {
          "gitId": "termehlee"
        },
        "content": "    protected String description;"
      },
      {
        "lineNumber": 3,
        "author": {
          "gitId": "termehlee"
        },
        "content": "    protected boolean isDone;"
      },
      {
        "lineNumber": 4,
        "author": {
          "gitId": "termehlee"
        },
        "content": ""
      },
      {
        "lineNumber": 5,
        "author": {
          "gitId": "termehlee"
        },
        "content": "    public Task(String description) {"
      },
      {
        "lineNumber": 6,
        "author": {
          "gitId": "termehlee"
        },
        "content": "        this.description \u003d description;"
      },
      {
        "lineNumber": 7,
        "author": {
          "gitId": "termehlee"
        },
        "content": "        this.isDone \u003d false;"
      },
      {
        "lineNumber": 8,
        "author": {
          "gitId": "termehlee"
        },
        "content": "    }"
      },
      {
        "lineNumber": 9,
        "author": {
          "gitId": "termehlee"
        },
        "content": ""
      },
      {
        "lineNumber": 10,
        "author": {
          "gitId": "termehlee"
        },
        "content": "    public String getStatusIcon() {"
      },
      {
        "lineNumber": 11,
        "author": {
          "gitId": "termehlee"
        },
        "content": "        return (isDone ? \"\\u2713\" : \"\\u2718\"); //return tick or cross symbol"
      },
      {
        "lineNumber": 12,
        "author": {
          "gitId": "termehlee"
        },
        "content": "    }"
      },
      {
        "lineNumber": 13,
        "author": {
          "gitId": "termehlee"
        },
        "content": "}"
      }
    ],
    "authorContributionMap": {
      "termehlee": 13
    }
  },
  {
    "path": "src/main/java/Todo.java",
    "lines": [
      {
        "lineNumber": 1,
        "author": {
          "gitId": "termehlee"
        },
        "content": "package PACKAGE_NAME;"
      },
      {
        "lineNumber": 2,
        "author": {
          "gitId": "termehlee"
        },
        "content": ""
      },
      {
        "lineNumber": 3,
        "author": {
          "gitId": "termehlee"
        },
        "content": "public class Todo {"
      },
      {
        "lineNumber": 4,
        "author": {
          "gitId": "termehlee"
        },
        "content": "}"
      }
    ],
    "authorContributionMap": {
      "termehlee": 4
    }
  }
]
