{
  "authorDailyContributionsMap": {
    "termehlee": [
      {
        "insertions": 110,
        "deletions": 13,
        "date": "2019-08-28",
        "commitResults": [
          {
            "hash": "d38446742b6a76f37b5c9a2c1d3587ce01b10fe6",
            "messageTitle": "Level-1 : Echo, Greet, Exit",
            "messageBody": "",
            "insertions": 20,
            "deletions": 0
          },
          {
            "hash": "79c4b97c323aca786e5a928abad151d8bd0614f4",
            "messageTitle": "Level-2: Add, List",
            "messageBody": "",
            "insertions": 22,
            "deletions": 4
          },
          {
            "hash": "5dab4d5cba64dafd41cebe4ec5f61f3aea170f87",
            "messageTitle": "Level-3: Mark as Done",
            "messageBody": "",
            "insertions": 46,
            "deletions": 7
          },
          {
            "hash": "f3a58ce23a838255bc3d91fdf3802f763a7e2e4c",
            "messageTitle": "A-Gradle",
            "messageBody": "",
            "insertions": 22,
            "deletions": 2
          }
        ]
      },
      {
        "insertions": 197,
        "deletions": 103,
        "date": "2019-08-29",
        "commitResults": [
          {
            "hash": "fa2de27e611f3ab89f91f5ed5a348e7a1c8c5d5d",
            "messageTitle": "Level-4: ToDo, Event, Deadline",
            "messageBody": "",
            "insertions": 95,
            "deletions": 12
          },
          {
            "hash": "3d84bf6e1dbc4ad8ab8a9b5d871f0b6bc2a14ec3",
            "messageTitle": "Level-4: ToDo, Event, Deadline",
            "messageBody": "",
            "insertions": 37,
            "deletions": 27
          },
          {
            "hash": "c8e481b7bfc8f20d4ea294c053f229e53baa2f0f",
            "messageTitle": "Revert \"Level-4: ToDo, Event, Deadline\"",
            "messageBody": "This reverts commit 3d84bf6e1dbc4ad8ab8a9b5d871f0b6bc2a14ec3.\n",
            "insertions": 27,
            "deletions": 37
          },
          {
            "hash": "693090440cb677943f341fad4eb130ef84b425c7",
            "messageTitle": "Level-5: Handle Errors",
            "messageBody": "",
            "insertions": 38,
            "deletions": 27
          }
        ]
      },
      {
        "insertions": 191,
        "deletions": 5,
        "date": "2019-09-03",
        "commitResults": [
          {
            "hash": "2900a1d37e64a8af675587f16d3d5ebdf1cec205",
            "messageTitle": "Level-7: Save",
            "messageBody": "",
            "insertions": 116,
            "deletions": 2
          },
          {
            "hash": "3a8180f5168653c1daabd2f609cb8e21d997ff59",
            "messageTitle": "Level-8: Dates and Times",
            "messageBody": "",
            "insertions": 75,
            "deletions": 3
          }
        ]
      },
      {
        "insertions": 82,
        "deletions": 25,
        "date": "2019-09-04",
        "commitResults": [
          {
            "hash": "02558a7123d98f5f26cdb55228d737bede657fd4",
            "messageTitle": "A-Collections: ArrayList\u003cTask\u003e",
            "messageBody": "",
            "insertions": 14,
            "deletions": 17
          },
          {
            "hash": "7e8c57a4ed5839156785c360b9d58b29ad145d7c",
            "messageTitle": "Level-6: Delete",
            "messageBody": "",
            "insertions": 46,
            "deletions": 2
          },
          {
            "hash": "858b1a8a053036111af79d16065e56ef4004b2c4",
            "messageTitle": "Level-9: Find",
            "messageBody": "",
            "insertions": 20,
            "deletions": 5
          },
          {
            "hash": "926d7c9b684fe0553bc21faad4bf739b085c260f",
            "messageTitle": "Minor edits after merge",
            "messageBody": "",
            "insertions": 2,
            "deletions": 1
          }
        ]
      },
      {
        "insertions": 682,
        "deletions": 209,
        "date": "2019-09-11",
        "commitResults": [
          {
            "hash": "b9aa2db6fdcebe89f5225380914c2a7fef5d355a",
            "messageTitle": "After MoreOOP + catch more errors",
            "messageBody": "",
            "insertions": 398,
            "deletions": 141
          },
          {
            "hash": "541d72605c54d0f05e9b310363e2d9c9c70d6817",
            "messageTitle": "A-JavaDoc: Added documentation",
            "messageBody": "",
            "insertions": 284,
            "deletions": 68
          }
        ]
      }
    ]
  },
  "authorFinalContributionMap": {
    "termehlee": 913
  },
  "authorFileTypeContributionMap": {
    "termehlee": {
      "java": 891,
      "gradle": 22,
      "css": 0,
      "fxml": 0
    }
  },
  "authorContributionVariance": {
    "termehlee": 33771.496
  },
  "authorDisplayNameMap": {
    "termehlee": "T12-2 LIM..LLY"
  }
}
