[
  {
    "path": "src/main/java/Duke.java",
    "lines": [
      {
        "lineNumber": 1,
        "author": {
          "gitId": "-"
        },
        "content": "import java.io.*;"
      },
      {
        "lineNumber": 2,
        "author": {
          "gitId": "-"
        },
        "content": "import java.text.ParseException;"
      },
      {
        "lineNumber": 3,
        "author": {
          "gitId": "-"
        },
        "content": "import java.text.SimpleDateFormat;"
      },
      {
        "lineNumber": 4,
        "author": {
          "gitId": "-"
        },
        "content": "import java.util.ArrayList;"
      },
      {
        "lineNumber": 5,
        "author": {
          "gitId": "-"
        },
        "content": "import java.util.List;"
      },
      {
        "lineNumber": 6,
        "author": {
          "gitId": "-"
        },
        "content": ""
      },
      {
        "lineNumber": 7,
        "author": {
          "gitId": "-"
        },
        "content": "public class Duke {"
      },
      {
        "lineNumber": 8,
        "author": {
          "gitId": "-"
        },
        "content": "    public static void main(String[] args) {"
      },
      {
        "lineNumber": 9,
        "author": {
          "gitId": "-"
        },
        "content": "        String logo \u003d \" ____        _        \\n\""
      },
      {
        "lineNumber": 10,
        "author": {
          "gitId": "-"
        },
        "content": "                + \"|  _ \\\\ _   _| | _____ \\n\""
      },
      {
        "lineNumber": 11,
        "author": {
          "gitId": "-"
        },
        "content": "                + \"| | | | | | | |/ / _ \\\\\\n\""
      },
      {
        "lineNumber": 12,
        "author": {
          "gitId": "-"
        },
        "content": "                + \"| |_| | |_| |   \u003c  __/\\n\""
      },
      {
        "lineNumber": 13,
        "author": {
          "gitId": "-"
        },
        "content": "                + \"|____/ \\\\__,_|_|\\\\_\\\\___|\\n\";"
      },
      {
        "lineNumber": 14,
        "author": {
          "gitId": "-"
        },
        "content": "        System.out.println(\"Hello from\\n\" + logo);"
      },
      {
        "lineNumber": 15,
        "author": {
          "gitId": "-"
        },
        "content": "        BufferedReader reader \u003d new BufferedReader(new InputStreamReader(System.in));"
      },
      {
        "lineNumber": 16,
        "author": {
          "gitId": "-"
        },
        "content": "        List\u003cTask\u003e list;"
      },
      {
        "lineNumber": 17,
        "author": {
          "gitId": "-"
        },
        "content": "        Storage store \u003d new Storage();"
      },
      {
        "lineNumber": 18,
        "author": {
          "gitId": "-"
        },
        "content": "        boolean flag \u003d true;"
      },
      {
        "lineNumber": 19,
        "author": {
          "gitId": "-"
        },
        "content": "        try {"
      },
      {
        "lineNumber": 20,
        "author": {
          "gitId": "-"
        },
        "content": "            list \u003d store.Readfile();"
      },
      {
        "lineNumber": 21,
        "author": {
          "gitId": "-"
        },
        "content": "            while(flag) {"
      },
      {
        "lineNumber": 22,
        "author": {
          "gitId": "-"
        },
        "content": "                String name \u003d reader.readLine();"
      },
      {
        "lineNumber": 23,
        "author": {
          "gitId": "-"
        },
        "content": "                Task t \u003d new Task(name);"
      },
      {
        "lineNumber": 24,
        "author": {
          "gitId": "-"
        },
        "content": "                if (name.equals(\"bye\")) {"
      },
      {
        "lineNumber": 25,
        "author": {
          "gitId": "-"
        },
        "content": "                    flag \u003d false;"
      },
      {
        "lineNumber": 26,
        "author": {
          "gitId": "-"
        },
        "content": "                    System.out.println(\"Bye! Hope to see you again soon!\");"
      },
      {
        "lineNumber": 27,
        "author": {
          "gitId": "-"
        },
        "content": "                }"
      },
      {
        "lineNumber": 28,
        "author": {
          "gitId": "-"
        },
        "content": "                else if (name.equals(\"list\")) {"
      },
      {
        "lineNumber": 29,
        "author": {
          "gitId": "-"
        },
        "content": "                    System.out.println(\"Here are the tasks in your list:\");"
      },
      {
        "lineNumber": 30,
        "author": {
          "gitId": "-"
        },
        "content": "                    for (int i \u003d 0; i \u003c list.size(); i++) {"
      },
      {
        "lineNumber": 31,
        "author": {
          "gitId": "-"
        },
        "content": "                        System.out.println(i + 1 + \".\" + list.get(i).toString());"
      },
      {
        "lineNumber": 32,
        "author": {
          "gitId": "-"
        },
        "content": "                    }"
      },
      {
        "lineNumber": 33,
        "author": {
          "gitId": "-"
        },
        "content": "                }"
      },
      {
        "lineNumber": 34,
        "author": {
          "gitId": "-"
        },
        "content": "                else if (name.startsWith(\"done\")) {"
      },
      {
        "lineNumber": 35,
        "author": {
          "gitId": "-"
        },
        "content": "                    if (name.equals(\"done\")){"
      },
      {
        "lineNumber": 36,
        "author": {
          "gitId": "-"
        },
        "content": "                        throw new DukeException(\"The task done number cannot be empty.\");"
      },
      {
        "lineNumber": 37,
        "author": {
          "gitId": "-"
        },
        "content": "                    }"
      },
      {
        "lineNumber": 38,
        "author": {
          "gitId": "-"
        },
        "content": "                    int numbercheck \u003d Integer.parseInt(name.substring(5)) - 1;"
      },
      {
        "lineNumber": 39,
        "author": {
          "gitId": "-"
        },
        "content": "                    list.get(numbercheck).isDone \u003d true;"
      },
      {
        "lineNumber": 40,
        "author": {
          "gitId": "-"
        },
        "content": ""
      },
      {
        "lineNumber": 41,
        "author": {
          "gitId": "-"
        },
        "content": "                    System.out.println(\"Nice! I\u0027ve marked this task as done: \");"
      },
      {
        "lineNumber": 42,
        "author": {
          "gitId": "-"
        },
        "content": "                    System.out.println(\"[\" + list.get(numbercheck).getStatusIcon() + \"]\" + list.get(numbercheck).description);"
      },
      {
        "lineNumber": 43,
        "author": {
          "gitId": "-"
        },
        "content": "                }"
      },
      {
        "lineNumber": 44,
        "author": {
          "gitId": "-"
        },
        "content": "                else if (name.startsWith(\"todo\")) {"
      },
      {
        "lineNumber": 45,
        "author": {
          "gitId": "-"
        },
        "content": "                    if(name.length() \u003c\u003d 4) {"
      },
      {
        "lineNumber": 46,
        "author": {
          "gitId": "-"
        },
        "content": "                        throw new DukeException(\"OOPS!!! The description of a todo cannot be empty.\");"
      },
      {
        "lineNumber": 47,
        "author": {
          "gitId": "-"
        },
        "content": "                    }"
      },
      {
        "lineNumber": 48,
        "author": {
          "gitId": "-"
        },
        "content": "                    else{"
      },
      {
        "lineNumber": 49,
        "author": {
          "gitId": "-"
        },
        "content": "                        t.description \u003d name.substring(5);"
      },
      {
        "lineNumber": 50,
        "author": {
          "gitId": "-"
        },
        "content": "                    }"
      },
      {
        "lineNumber": 51,
        "author": {
          "gitId": "-"
        },
        "content": "                    Todo to \u003d new Todo(t.description);"
      },
      {
        "lineNumber": 52,
        "author": {
          "gitId": "-"
        },
        "content": "                    list.add(to);"
      },
      {
        "lineNumber": 53,
        "author": {
          "gitId": "-"
        },
        "content": "                    System.out.println(\"Got it. I\u0027ve added this task:\");"
      },
      {
        "lineNumber": 54,
        "author": {
          "gitId": "-"
        },
        "content": "                    System.out.println(to.toString());"
      },
      {
        "lineNumber": 55,
        "author": {
          "gitId": "-"
        },
        "content": "                    System.out.println(\"Now you have \" + list.size() + \" tasks in the list.\");"
      },
      {
        "lineNumber": 56,
        "author": {
          "gitId": "-"
        },
        "content": "                }"
      },
      {
        "lineNumber": 57,
        "author": {
          "gitId": "-"
        },
        "content": "                else if (name.startsWith(\"deadline\")) {"
      },
      {
        "lineNumber": 58,
        "author": {
          "gitId": "-"
        },
        "content": "                    if(name.length() \u003d\u003d 8) {"
      },
      {
        "lineNumber": 59,
        "author": {
          "gitId": "-"
        },
        "content": "                        throw new DukeException(\"OOPS!!! The description of a deadline cannot be empty.\");"
      },
      {
        "lineNumber": 60,
        "author": {
          "gitId": "-"
        },
        "content": "                    }"
      },
      {
        "lineNumber": 61,
        "author": {
          "gitId": "-"
        },
        "content": "                    else{"
      },
      {
        "lineNumber": 62,
        "author": {
          "gitId": "-"
        },
        "content": "                        t.description \u003d name.split(\"/\")[0].substring(9);"
      },
      {
        "lineNumber": 63,
        "author": {
          "gitId": "-"
        },
        "content": "                    }"
      },
      {
        "lineNumber": 64,
        "author": {
          "gitId": "-"
        },
        "content": "                    SimpleDateFormat fmt \u003d new SimpleDateFormat(\"yyyy-MM-dd HH:mm:ss\");"
      },
      {
        "lineNumber": 65,
        "author": {
          "gitId": "-"
        },
        "content": "                    Deadline d \u003d new Deadline(t.description, fmt.parse(name.split(\"/\")[1].substring(3)));"
      },
      {
        "lineNumber": 66,
        "author": {
          "gitId": "-"
        },
        "content": "                    list.add(d);"
      },
      {
        "lineNumber": 67,
        "author": {
          "gitId": "-"
        },
        "content": "                    System.out.println(\"Got it. I\u0027ve added this task:\");"
      },
      {
        "lineNumber": 68,
        "author": {
          "gitId": "-"
        },
        "content": "                    System.out.println(d.toString());"
      },
      {
        "lineNumber": 69,
        "author": {
          "gitId": "-"
        },
        "content": "                    System.out.println(\"Now you have \" + list.size() + \" tasks in the list.\");"
      },
      {
        "lineNumber": 70,
        "author": {
          "gitId": "-"
        },
        "content": "                }"
      },
      {
        "lineNumber": 71,
        "author": {
          "gitId": "-"
        },
        "content": "                else if (name.startsWith(\"event\")) {"
      },
      {
        "lineNumber": 72,
        "author": {
          "gitId": "-"
        },
        "content": "                    if(name.length() \u003d\u003d 5) {"
      },
      {
        "lineNumber": 73,
        "author": {
          "gitId": "-"
        },
        "content": "                        throw new DukeException(\"OOPS!!! The description of an event cannot be empty.\");"
      },
      {
        "lineNumber": 74,
        "author": {
          "gitId": "-"
        },
        "content": "                    }"
      },
      {
        "lineNumber": 75,
        "author": {
          "gitId": "-"
        },
        "content": "                    else{"
      },
      {
        "lineNumber": 76,
        "author": {
          "gitId": "-"
        },
        "content": "                        t.description \u003d name.split(\"/\")[0].substring(6);"
      },
      {
        "lineNumber": 77,
        "author": {
          "gitId": "-"
        },
        "content": "                    }"
      },
      {
        "lineNumber": 78,
        "author": {
          "gitId": "-"
        },
        "content": "                    SimpleDateFormat fmt \u003d new SimpleDateFormat(\"yyyy-MM-dd HH:mm:ss\");"
      },
      {
        "lineNumber": 79,
        "author": {
          "gitId": "-"
        },
        "content": "                    Event ev \u003d new Event(t.description, fmt.parse(name.split(\"/\")[1].substring(3)));"
      },
      {
        "lineNumber": 80,
        "author": {
          "gitId": "-"
        },
        "content": "                    list.add(ev);"
      },
      {
        "lineNumber": 81,
        "author": {
          "gitId": "-"
        },
        "content": "                    System.out.println(\"Got it. I\u0027ve added this task:\");"
      },
      {
        "lineNumber": 82,
        "author": {
          "gitId": "-"
        },
        "content": "                    System.out.println(ev.toString());"
      },
      {
        "lineNumber": 83,
        "author": {
          "gitId": "-"
        },
        "content": "                    System.out.println(\"Now you have \" + list.size() + \" tasks in the list.\");"
      },
      {
        "lineNumber": 84,
        "author": {
          "gitId": "-"
        },
        "content": "                }"
      },
      {
        "lineNumber": 85,
        "author": {
          "gitId": "E0309463"
        },
        "content": "                else if (name.startsWith(\"delete\")) {"
      },
      {
        "lineNumber": 86,
        "author": {
          "gitId": "E0309463"
        },
        "content": "                    if(name.length() \u003d\u003d 6) {"
      },
      {
        "lineNumber": 87,
        "author": {
          "gitId": "E0309463"
        },
        "content": "                        throw new DukeException(\"OOPS!!! The description of a deletion cannot be empty.\");"
      },
      {
        "lineNumber": 88,
        "author": {
          "gitId": "E0309463"
        },
        "content": "                    }"
      },
      {
        "lineNumber": 89,
        "author": {
          "gitId": "E0309463"
        },
        "content": "                    else {"
      },
      {
        "lineNumber": 90,
        "author": {
          "gitId": "E0309463"
        },
        "content": "                        int index \u003d Integer.parseInt(name.substring(6).trim()) - 1;"
      },
      {
        "lineNumber": 91,
        "author": {
          "gitId": "E0309463"
        },
        "content": "                        String taskremoved \u003d list.get(index).toString();"
      },
      {
        "lineNumber": 92,
        "author": {
          "gitId": "E0309463"
        },
        "content": "                        list.remove(index);"
      },
      {
        "lineNumber": 93,
        "author": {
          "gitId": "E0309463"
        },
        "content": "                        System.out.println(\"Noted. I\u0027ve removed this task: \");"
      },
      {
        "lineNumber": 94,
        "author": {
          "gitId": "E0309463"
        },
        "content": "                        System.out.println(taskremoved);"
      },
      {
        "lineNumber": 95,
        "author": {
          "gitId": "E0309463"
        },
        "content": "                        System.out.println(\"Now you have \" + list.size() + \" tasks in the list.\");"
      },
      {
        "lineNumber": 96,
        "author": {
          "gitId": "E0309463"
        },
        "content": "                    }"
      },
      {
        "lineNumber": 97,
        "author": {
          "gitId": "E0309463"
        },
        "content": "                }"
      },
      {
        "lineNumber": 98,
        "author": {
          "gitId": "-"
        },
        "content": "                else {"
      },
      {
        "lineNumber": 99,
        "author": {
          "gitId": "-"
        },
        "content": "                    throw new DukeException(\"OOPS!!! I\u0027m sorry, but I don\u0027t know what that means :-(\");"
      },
      {
        "lineNumber": 100,
        "author": {
          "gitId": "-"
        },
        "content": "                }"
      },
      {
        "lineNumber": 101,
        "author": {
          "gitId": "-"
        },
        "content": "                StringBuilder sb \u003d new StringBuilder();"
      },
      {
        "lineNumber": 102,
        "author": {
          "gitId": "-"
        },
        "content": "                for (int i \u003d 0; i \u003c list.size(); i++) {"
      },
      {
        "lineNumber": 103,
        "author": {
          "gitId": "-"
        },
        "content": "                    if (list.get(i).getClass().getName().equals(\"Deadline\")) {"
      },
      {
        "lineNumber": 104,
        "author": {
          "gitId": "-"
        },
        "content": "                        sb.append(list.get(i).toString()+\"\\n\");"
      },
      {
        "lineNumber": 105,
        "author": {
          "gitId": "-"
        },
        "content": "                    }"
      },
      {
        "lineNumber": 106,
        "author": {
          "gitId": "-"
        },
        "content": "                    else if(list.get(i).getClass().getName().equals(\"Event\")){"
      },
      {
        "lineNumber": 107,
        "author": {
          "gitId": "-"
        },
        "content": "                        sb.append(list.get(i).toString()+\"\\n\");"
      },
      {
        "lineNumber": 108,
        "author": {
          "gitId": "-"
        },
        "content": "                    }"
      },
      {
        "lineNumber": 109,
        "author": {
          "gitId": "-"
        },
        "content": "                    else{"
      },
      {
        "lineNumber": 110,
        "author": {
          "gitId": "-"
        },
        "content": "                        sb.append(list.get(i).toString()+\"\\n\");"
      },
      {
        "lineNumber": 111,
        "author": {
          "gitId": "-"
        },
        "content": "                    }"
      },
      {
        "lineNumber": 112,
        "author": {
          "gitId": "-"
        },
        "content": "                }"
      },
      {
        "lineNumber": 113,
        "author": {
          "gitId": "-"
        },
        "content": "                store.Storages(sb.toString());"
      },
      {
        "lineNumber": 114,
        "author": {
          "gitId": "-"
        },
        "content": "            }"
      },
      {
        "lineNumber": 115,
        "author": {
          "gitId": "-"
        },
        "content": "        }"
      },
      {
        "lineNumber": 116,
        "author": {
          "gitId": "-"
        },
        "content": "        catch (DukeException | ParseException | IOException e){"
      },
      {
        "lineNumber": 117,
        "author": {
          "gitId": "-"
        },
        "content": "            if(e instanceof ParseException){"
      },
      {
        "lineNumber": 118,
        "author": {
          "gitId": "-"
        },
        "content": "                System.err.println(\"Date Time has to be in YYYY-MM-DD HH:mm:ss format\");"
      },
      {
        "lineNumber": 119,
        "author": {
          "gitId": "-"
        },
        "content": "            }"
      },
      {
        "lineNumber": 120,
        "author": {
          "gitId": "-"
        },
        "content": "            else {"
      },
      {
        "lineNumber": 121,
        "author": {
          "gitId": "-"
        },
        "content": "                System.err.println(e.getMessage());"
      },
      {
        "lineNumber": 122,
        "author": {
          "gitId": "-"
        },
        "content": "            }"
      },
      {
        "lineNumber": 123,
        "author": {
          "gitId": "-"
        },
        "content": "        }"
      },
      {
        "lineNumber": 124,
        "author": {
          "gitId": "-"
        },
        "content": "//        finally{"
      },
      {
        "lineNumber": 125,
        "author": {
          "gitId": "-"
        },
        "content": "//            System.out.println(\"Program exiting due to error\");"
      },
      {
        "lineNumber": 126,
        "author": {
          "gitId": "-"
        },
        "content": "//        }"
      },
      {
        "lineNumber": 127,
        "author": {
          "gitId": "-"
        },
        "content": "    }"
      },
      {
        "lineNumber": 128,
        "author": {
          "gitId": "-"
        },
        "content": "}"
      }
    ],
    "authorContributionMap": {
      "E0309463": 13,
      "-": 115
    }
  }
]
