{
  "authorDailyContributionsMap": {
    "e0309463": [
      {
        "insertions": 28,
        "deletions": 2,
        "date": "2019-08-20",
        "commitResults": [
          {
            "hash": "9d75f4484e1e383c47a78ac6e4ade7b099c2761c",
            "messageTitle": "Level 1",
            "messageBody": "",
            "insertions": 17,
            "deletions": 1
          },
          {
            "hash": "aa4898b8b573d84d823c1991b1d89feabe54c072",
            "messageTitle": "Level 2",
            "messageBody": "",
            "insertions": 11,
            "deletions": 1
          }
        ]
      },
      {
        "insertions": 26,
        "deletions": 3,
        "date": "2019-08-22",
        "commitResults": [
          {
            "hash": "3f0c70dc844da8a407bc1a7dfc47253c56d1df79",
            "messageTitle": "Level 2",
            "messageBody": "",
            "insertions": 26,
            "deletions": 3
          }
        ]
      },
      {
        "insertions": 176,
        "deletions": 89,
        "date": "2019-08-27",
        "commitResults": [
          {
            "hash": "b02203a875974f6e653acac47ec061357a189624",
            "messageTitle": "Level 4",
            "messageBody": "",
            "insertions": 48,
            "deletions": 3
          },
          {
            "hash": "710d616adb7e52ad311865e118c25424b4e99d51",
            "messageTitle": "level 3",
            "messageBody": "",
            "insertions": 34,
            "deletions": 65
          },
          {
            "hash": "0cd7e03be3f067c3745d2aad01ba268236e3e53f",
            "messageTitle": "level 3",
            "messageBody": "",
            "insertions": 0,
            "deletions": 8
          },
          {
            "hash": "2b06dda2dd1ff86780860815b9f8791760561086",
            "messageTitle": "level 4",
            "messageBody": "",
            "insertions": 62,
            "deletions": 6
          },
          {
            "hash": "09a30a53952ae1cf37271e5e6e56383c14a21eda",
            "messageTitle": "level 5",
            "messageBody": "",
            "insertions": 20,
            "deletions": 5
          },
          {
            "hash": "1821018d72ee7dc7904613a0211c0b340273cb2c",
            "messageTitle": "level 5",
            "messageBody": "",
            "insertions": 12,
            "deletions": 2
          }
        ]
      },
      {
        "insertions": 118,
        "deletions": 36,
        "date": "2019-08-28",
        "commitResults": [
          {
            "hash": "bf7c5cc6a91f4fc0d8b24bad9065fc54332ecb7d",
            "messageTitle": "level 7",
            "messageBody": "",
            "insertions": 79,
            "deletions": 17
          },
          {
            "hash": "dc0790ad65da0786a4adf91e41a301c7194ebd99",
            "messageTitle": "level 8",
            "messageBody": "",
            "insertions": 39,
            "deletions": 19
          }
        ]
      },
      {
        "insertions": 23,
        "deletions": 3,
        "date": "2019-08-30",
        "commitResults": [
          {
            "hash": "e218e75459bd4a32747ca72b2dd204c70edd7e84",
            "messageTitle": "level 8-amended",
            "messageBody": "",
            "insertions": 23,
            "deletions": 3
          }
        ]
      },
      {
        "insertions": 13,
        "deletions": 0,
        "date": "2019-09-02",
        "commitResults": [
          {
            "hash": "d80f5c6700c5e69494bb4d2037ba048aa9162df6",
            "messageTitle": "level 6",
            "messageBody": "",
            "insertions": 13,
            "deletions": 0
          }
        ]
      }
    ]
  },
  "authorFinalContributionMap": {
    "e0309463": 252
  },
  "authorFileTypeContributionMap": {
    "e0309463": {
      "java": 243,
      "gradle": 9,
      "css": 0,
      "fxml": 0
    }
  },
  "authorContributionVariance": {
    "e0309463": 4988.839
  },
  "authorDisplayNameMap": {
    "e0309463": "F10-4 JES..ZHI"
  }
}
