[
  {
    "path": "build.gradle",
    "fileType": "gradle",
    "lines": [
      {
        "lineNumber": 1,
        "author": {
          "gitId": "-"
        },
        "content": "plugins {"
      },
      {
        "lineNumber": 2,
        "author": {
          "gitId": "-"
        },
        "content": "    id \u0027java\u0027"
      },
      {
        "lineNumber": 3,
        "author": {
          "gitId": "-"
        },
        "content": "    id \u0027application\u0027"
      },
      {
        "lineNumber": 4,
        "author": {
          "gitId": "jing-xuan"
        },
        "content": "    id \u0027checkstyle\u0027"
      },
      {
        "lineNumber": 5,
        "author": {
          "gitId": "jing-xuan"
        },
        "content": "    id \u0027com.github.johnrengelman.shadow\u0027 version \u00275.1.0\u0027"
      },
      {
        "lineNumber": 6,
        "author": {
          "gitId": "-"
        },
        "content": "}"
      },
      {
        "lineNumber": 7,
        "author": {
          "gitId": "-"
        },
        "content": ""
      },
      {
        "lineNumber": 8,
        "author": {
          "gitId": "-"
        },
        "content": "group \u0027seedu.duke\u0027"
      },
      {
        "lineNumber": 9,
        "author": {
          "gitId": "-"
        },
        "content": "version \u00270.1.0\u0027"
      },
      {
        "lineNumber": 10,
        "author": {
          "gitId": "-"
        },
        "content": ""
      },
      {
        "lineNumber": 11,
        "author": {
          "gitId": "-"
        },
        "content": "repositories {"
      },
      {
        "lineNumber": 12,
        "author": {
          "gitId": "-"
        },
        "content": "    mavenCentral()"
      },
      {
        "lineNumber": 13,
        "author": {
          "gitId": "-"
        },
        "content": "}"
      },
      {
        "lineNumber": 14,
        "author": {
          "gitId": "-"
        },
        "content": ""
      },
      {
        "lineNumber": 15,
        "author": {
          "gitId": "jing-xuan"
        },
        "content": "shadowJar {"
      },
      {
        "lineNumber": 16,
        "author": {
          "gitId": "jing-xuan"
        },
        "content": "    archiveBaseName \u003d \"duke\""
      },
      {
        "lineNumber": 17,
        "author": {
          "gitId": "jing-xuan"
        },
        "content": "    archiveVersion \u003d \"0.1.3\""
      },
      {
        "lineNumber": 18,
        "author": {
          "gitId": "jing-xuan"
        },
        "content": "    archiveClassifier \u003d null"
      },
      {
        "lineNumber": 19,
        "author": {
          "gitId": "jing-xuan"
        },
        "content": "    archiveAppendix \u003d null"
      },
      {
        "lineNumber": 20,
        "author": {
          "gitId": "jing-xuan"
        },
        "content": "}"
      },
      {
        "lineNumber": 21,
        "author": {
          "gitId": "jing-xuan"
        },
        "content": ""
      },
      {
        "lineNumber": 22,
        "author": {
          "gitId": "jing-xuan"
        },
        "content": "checkstyle {"
      },
      {
        "lineNumber": 23,
        "author": {
          "gitId": "jing-xuan"
        },
        "content": "    toolVersion \u003d \u00278.23\u0027"
      },
      {
        "lineNumber": 24,
        "author": {
          "gitId": "jing-xuan"
        },
        "content": "}"
      },
      {
        "lineNumber": 25,
        "author": {
          "gitId": "jing-xuan"
        },
        "content": ""
      },
      {
        "lineNumber": 26,
        "author": {
          "gitId": "jing-xuan"
        },
        "content": "dependencies {"
      },
      {
        "lineNumber": 27,
        "author": {
          "gitId": "jing-xuan"
        },
        "content": "    testImplementation \u0027org.junit.jupiter:junit-jupiter:5.5.0\u0027"
      },
      {
        "lineNumber": 28,
        "author": {
          "gitId": "jing-xuan"
        },
        "content": "}"
      },
      {
        "lineNumber": 29,
        "author": {
          "gitId": "jing-xuan"
        },
        "content": ""
      },
      {
        "lineNumber": 30,
        "author": {
          "gitId": "jing-xuan"
        },
        "content": "test {"
      },
      {
        "lineNumber": 31,
        "author": {
          "gitId": "jing-xuan"
        },
        "content": "    useJUnitPlatform()"
      },
      {
        "lineNumber": 32,
        "author": {
          "gitId": "jing-xuan"
        },
        "content": "}"
      },
      {
        "lineNumber": 33,
        "author": {
          "gitId": "jing-xuan"
        },
        "content": ""
      },
      {
        "lineNumber": 34,
        "author": {
          "gitId": "-"
        },
        "content": "application {"
      },
      {
        "lineNumber": 35,
        "author": {
          "gitId": "-"
        },
        "content": "    // Change this to your main class."
      },
      {
        "lineNumber": 36,
        "author": {
          "gitId": "jing-xuan"
        },
        "content": "    mainClassName \u003d \"Duke\""
      },
      {
        "lineNumber": 37,
        "author": {
          "gitId": "-"
        },
        "content": "}"
      },
      {
        "lineNumber": 38,
        "author": {
          "gitId": "-"
        },
        "content": ""
      },
      {
        "lineNumber": 39,
        "author": {
          "gitId": "-"
        },
        "content": "run {"
      },
      {
        "lineNumber": 40,
        "author": {
          "gitId": "-"
        },
        "content": "    standardInput \u003d System.in"
      },
      {
        "lineNumber": 41,
        "author": {
          "gitId": "-"
        },
        "content": "}"
      }
    ],
    "authorContributionMap": {
      "jing-xuan": 22,
      "-": 19
    }
  },
  {
    "path": "src/main/java/Deadline.java",
    "fileType": "java",
    "lines": [
      {
        "lineNumber": 1,
        "author": {
          "gitId": "jing-xuan"
        },
        "content": "import java.text.FieldPosition;"
      },
      {
        "lineNumber": 2,
        "author": {
          "gitId": "jing-xuan"
        },
        "content": "import java.text.SimpleDateFormat;"
      },
      {
        "lineNumber": 3,
        "author": {
          "gitId": "jing-xuan"
        },
        "content": "import java.util.Date;"
      },
      {
        "lineNumber": 4,
        "author": {
          "gitId": "jing-xuan"
        },
        "content": ""
      },
      {
        "lineNumber": 5,
        "author": {
          "gitId": "jing-xuan"
        },
        "content": "public class Deadline extends Task {"
      },
      {
        "lineNumber": 6,
        "author": {
          "gitId": "jing-xuan"
        },
        "content": "    protected String by;"
      },
      {
        "lineNumber": 7,
        "author": {
          "gitId": "jing-xuan"
        },
        "content": "    protected Date byDate;"
      },
      {
        "lineNumber": 8,
        "author": {
          "gitId": "jing-xuan"
        },
        "content": "    public Deadline(String description, Date byDate){"
      },
      {
        "lineNumber": 9,
        "author": {
          "gitId": "jing-xuan"
        },
        "content": "        super(description);"
      },
      {
        "lineNumber": 10,
        "author": {
          "gitId": "jing-xuan"
        },
        "content": "        this.byDate \u003d byDate;"
      },
      {
        "lineNumber": 11,
        "author": {
          "gitId": "jing-xuan"
        },
        "content": "    }"
      },
      {
        "lineNumber": 12,
        "author": {
          "gitId": "jing-xuan"
        },
        "content": ""
      },
      {
        "lineNumber": 13,
        "author": {
          "gitId": "jing-xuan"
        },
        "content": "    @Override"
      },
      {
        "lineNumber": 14,
        "author": {
          "gitId": "jing-xuan"
        },
        "content": "    public String toString() {"
      },
      {
        "lineNumber": 15,
        "author": {
          "gitId": "jing-xuan"
        },
        "content": "        StringBuffer stringBuffer \u003d new StringBuffer();"
      },
      {
        "lineNumber": 16,
        "author": {
          "gitId": "jing-xuan"
        },
        "content": "        Date now \u003d new Date();"
      },
      {
        "lineNumber": 17,
        "author": {
          "gitId": "-"
        },
        "content": "        SimpleDateFormat simpleDateFormat \u003d new SimpleDateFormat(\"dd MMMM YYYY\");"
      },
      {
        "lineNumber": 18,
        "author": {
          "gitId": "jing-xuan"
        },
        "content": "        simpleDateFormat.format(byDate, stringBuffer, new FieldPosition(0));"
      },
      {
        "lineNumber": 19,
        "author": {
          "gitId": "jing-xuan"
        },
        "content": "        return \"[D]\" + super.toString() + \" (by : \" + stringBuffer + \")\";"
      },
      {
        "lineNumber": 20,
        "author": {
          "gitId": "jing-xuan"
        },
        "content": "    }"
      },
      {
        "lineNumber": 21,
        "author": {
          "gitId": "jing-xuan"
        },
        "content": "}"
      }
    ],
    "authorContributionMap": {
      "jing-xuan": 20,
      "-": 1
    }
  },
  {
    "path": "src/main/java/Duke.java",
    "fileType": "java",
    "lines": [
      {
        "lineNumber": 1,
        "author": {
          "gitId": "-"
        },
        "content": ""
      },
      {
        "lineNumber": 2,
        "author": {
          "gitId": "jing-xuan"
        },
        "content": "import java.util.Scanner;"
      },
      {
        "lineNumber": 3,
        "author": {
          "gitId": "jing-xuan"
        },
        "content": "import java.io.IOException;"
      },
      {
        "lineNumber": 4,
        "author": {
          "gitId": "jing-xuan"
        },
        "content": ""
      },
      {
        "lineNumber": 5,
        "author": {
          "gitId": "-"
        },
        "content": "public class Duke {"
      },
      {
        "lineNumber": 6,
        "author": {
          "gitId": "-"
        },
        "content": "    public TaskList tasks;"
      },
      {
        "lineNumber": 7,
        "author": {
          "gitId": "-"
        },
        "content": ""
      },
      {
        "lineNumber": 8,
        "author": {
          "gitId": "-"
        },
        "content": "    public Duke() {"
      },
      {
        "lineNumber": 9,
        "author": {
          "gitId": "-"
        },
        "content": "        this.tasks \u003d new TaskList();"
      },
      {
        "lineNumber": 10,
        "author": {
          "gitId": "-"
        },
        "content": "    }"
      },
      {
        "lineNumber": 11,
        "author": {
          "gitId": "-"
        },
        "content": ""
      },
      {
        "lineNumber": 12,
        "author": {
          "gitId": "-"
        },
        "content": "    public void run() {"
      },
      {
        "lineNumber": 13,
        "author": {
          "gitId": "jing-xuan"
        },
        "content": "        Scanner input \u003d new Scanner(System.in);"
      },
      {
        "lineNumber": 14,
        "author": {
          "gitId": "-"
        },
        "content": "        CommandParser Parser \u003d new CommandParser();"
      },
      {
        "lineNumber": 15,
        "author": {
          "gitId": "-"
        },
        "content": "        Storage storage \u003d new Storage(\"output.txt\");"
      },
      {
        "lineNumber": 16,
        "author": {
          "gitId": "-"
        },
        "content": "        storage.load(tasks);"
      },
      {
        "lineNumber": 17,
        "author": {
          "gitId": "-"
        },
        "content": "        boolean exit \u003d false;"
      },
      {
        "lineNumber": 18,
        "author": {
          "gitId": "-"
        },
        "content": "        while (!exit) {"
      },
      {
        "lineNumber": 19,
        "author": {
          "gitId": "-"
        },
        "content": "            try {"
      },
      {
        "lineNumber": 20,
        "author": {
          "gitId": "-"
        },
        "content": "                String s \u003d input.nextLine();"
      },
      {
        "lineNumber": 21,
        "author": {
          "gitId": "-"
        },
        "content": "                Command c \u003d CommandParser.parse(s);"
      },
      {
        "lineNumber": 22,
        "author": {
          "gitId": "-"
        },
        "content": "                c.execute(tasks, storage);"
      },
      {
        "lineNumber": 23,
        "author": {
          "gitId": "-"
        },
        "content": "                exit \u003d c.isExit();"
      },
      {
        "lineNumber": 24,
        "author": {
          "gitId": "-"
        },
        "content": "            } catch (DukeException e){"
      },
      {
        "lineNumber": 25,
        "author": {
          "gitId": "-"
        },
        "content": "                System.out.println(e.getMessage());"
      },
      {
        "lineNumber": 26,
        "author": {
          "gitId": "-"
        },
        "content": "            }"
      },
      {
        "lineNumber": 27,
        "author": {
          "gitId": "-"
        },
        "content": "        }"
      },
      {
        "lineNumber": 28,
        "author": {
          "gitId": "-"
        },
        "content": "        this.end();"
      },
      {
        "lineNumber": 29,
        "author": {
          "gitId": "-"
        },
        "content": "    }"
      },
      {
        "lineNumber": 30,
        "author": {
          "gitId": "-"
        },
        "content": ""
      },
      {
        "lineNumber": 31,
        "author": {
          "gitId": "-"
        },
        "content": "    public void end() {"
      },
      {
        "lineNumber": 32,
        "author": {
          "gitId": "-"
        },
        "content": "        System.out.println(\"Bye, hope to see you again\");"
      },
      {
        "lineNumber": 33,
        "author": {
          "gitId": "-"
        },
        "content": "        //do the other stuff to end"
      },
      {
        "lineNumber": 34,
        "author": {
          "gitId": "-"
        },
        "content": "    }"
      },
      {
        "lineNumber": 35,
        "author": {
          "gitId": "-"
        },
        "content": ""
      },
      {
        "lineNumber": 36,
        "author": {
          "gitId": "-"
        },
        "content": "    public void start() {"
      },
      {
        "lineNumber": 37,
        "author": {
          "gitId": "-"
        },
        "content": "        String logo \u003d \" ____        _        \\n\""
      },
      {
        "lineNumber": 38,
        "author": {
          "gitId": "-"
        },
        "content": "                + \"|  _ \\\\ _   _| | _____ \\n\""
      },
      {
        "lineNumber": 39,
        "author": {
          "gitId": "-"
        },
        "content": "                + \"| | | | | | | |/ / _ \\\\\\n\""
      },
      {
        "lineNumber": 40,
        "author": {
          "gitId": "-"
        },
        "content": "                + \"| |_| | |_| |   \u003c  __/\\n\""
      },
      {
        "lineNumber": 41,
        "author": {
          "gitId": "-"
        },
        "content": "                + \"|____/ \\\\__,_|_|\\\\_\\\\___|\\n\";"
      },
      {
        "lineNumber": 42,
        "author": {
          "gitId": "-"
        },
        "content": "        System.out.println(\"Hello from\\n\" + logo);"
      },
      {
        "lineNumber": 43,
        "author": {
          "gitId": "jing-xuan"
        },
        "content": "        System.out.println(\"What can I do for you?\\n\");"
      },
      {
        "lineNumber": 44,
        "author": {
          "gitId": "jing-xuan"
        },
        "content": "    }"
      },
      {
        "lineNumber": 45,
        "author": {
          "gitId": "-"
        },
        "content": ""
      },
      {
        "lineNumber": 46,
        "author": {
          "gitId": "-"
        },
        "content": "    public static void main(String[] args) throws IOException {"
      },
      {
        "lineNumber": 47,
        "author": {
          "gitId": "-"
        },
        "content": "        Duke d \u003d new Duke();"
      },
      {
        "lineNumber": 48,
        "author": {
          "gitId": "-"
        },
        "content": "        d.start();"
      },
      {
        "lineNumber": 49,
        "author": {
          "gitId": "-"
        },
        "content": "        d.run();"
      },
      {
        "lineNumber": 50,
        "author": {
          "gitId": "-"
        },
        "content": "    }"
      },
      {
        "lineNumber": 51,
        "author": {
          "gitId": "-"
        },
        "content": "}"
      }
    ],
    "authorContributionMap": {
      "jing-xuan": 6,
      "-": 45
    }
  },
  {
    "path": "src/main/java/Event.java",
    "fileType": "java",
    "lines": [
      {
        "lineNumber": 1,
        "author": {
          "gitId": "jing-xuan"
        },
        "content": "import java.text.FieldPosition;"
      },
      {
        "lineNumber": 2,
        "author": {
          "gitId": "jing-xuan"
        },
        "content": "import java.text.SimpleDateFormat;"
      },
      {
        "lineNumber": 3,
        "author": {
          "gitId": "jing-xuan"
        },
        "content": "import java.util.Date;"
      },
      {
        "lineNumber": 4,
        "author": {
          "gitId": "jing-xuan"
        },
        "content": ""
      },
      {
        "lineNumber": 5,
        "author": {
          "gitId": "jing-xuan"
        },
        "content": "public class Event extends Task {"
      },
      {
        "lineNumber": 6,
        "author": {
          "gitId": "jing-xuan"
        },
        "content": "    protected String at;"
      },
      {
        "lineNumber": 7,
        "author": {
          "gitId": "jing-xuan"
        },
        "content": "    protected Date atDate;"
      },
      {
        "lineNumber": 8,
        "author": {
          "gitId": "jing-xuan"
        },
        "content": "    public Event(String description, Date atDate){"
      },
      {
        "lineNumber": 9,
        "author": {
          "gitId": "jing-xuan"
        },
        "content": "        super(description);"
      },
      {
        "lineNumber": 10,
        "author": {
          "gitId": "jing-xuan"
        },
        "content": "        this.atDate \u003d atDate;"
      },
      {
        "lineNumber": 11,
        "author": {
          "gitId": "jing-xuan"
        },
        "content": "    }"
      },
      {
        "lineNumber": 12,
        "author": {
          "gitId": "jing-xuan"
        },
        "content": ""
      },
      {
        "lineNumber": 13,
        "author": {
          "gitId": "jing-xuan"
        },
        "content": "    public String toString() {"
      },
      {
        "lineNumber": 14,
        "author": {
          "gitId": "jing-xuan"
        },
        "content": "        StringBuffer stringBuffer \u003d new StringBuffer();"
      },
      {
        "lineNumber": 15,
        "author": {
          "gitId": "jing-xuan"
        },
        "content": "        Date now \u003d new Date();"
      },
      {
        "lineNumber": 16,
        "author": {
          "gitId": "-"
        },
        "content": "        SimpleDateFormat simpleDateFormat \u003d new SimpleDateFormat(\"dd MMMM YYYY\");"
      },
      {
        "lineNumber": 17,
        "author": {
          "gitId": "jing-xuan"
        },
        "content": "        simpleDateFormat.format(atDate, stringBuffer, new FieldPosition(0));"
      },
      {
        "lineNumber": 18,
        "author": {
          "gitId": "jing-xuan"
        },
        "content": "        return \"[E]\" + super.toString() + \" (at : \" + stringBuffer + \")\";"
      },
      {
        "lineNumber": 19,
        "author": {
          "gitId": "jing-xuan"
        },
        "content": "    }"
      },
      {
        "lineNumber": 20,
        "author": {
          "gitId": "jing-xuan"
        },
        "content": "}"
      }
    ],
    "authorContributionMap": {
      "jing-xuan": 19,
      "-": 1
    }
  },
  {
    "path": "src/main/java/Task.java",
    "fileType": "java",
    "lines": [
      {
        "lineNumber": 1,
        "author": {
          "gitId": "-"
        },
        "content": "import java.text.ParseException;"
      },
      {
        "lineNumber": 2,
        "author": {
          "gitId": "-"
        },
        "content": "import java.text.SimpleDateFormat;"
      },
      {
        "lineNumber": 3,
        "author": {
          "gitId": "-"
        },
        "content": "import java.util.Date;"
      },
      {
        "lineNumber": 4,
        "author": {
          "gitId": "-"
        },
        "content": "import java.util.Locale;"
      },
      {
        "lineNumber": 5,
        "author": {
          "gitId": "-"
        },
        "content": ""
      },
      {
        "lineNumber": 6,
        "author": {
          "gitId": "-"
        },
        "content": "enum taskType {"
      },
      {
        "lineNumber": 7,
        "author": {
          "gitId": "-"
        },
        "content": "    deadline,"
      },
      {
        "lineNumber": 8,
        "author": {
          "gitId": "-"
        },
        "content": "    event,"
      },
      {
        "lineNumber": 9,
        "author": {
          "gitId": "-"
        },
        "content": "    todo"
      },
      {
        "lineNumber": 10,
        "author": {
          "gitId": "-"
        },
        "content": "}"
      },
      {
        "lineNumber": 11,
        "author": {
          "gitId": "jing-xuan"
        },
        "content": "public class Task {"
      },
      {
        "lineNumber": 12,
        "author": {
          "gitId": "jing-xuan"
        },
        "content": "    protected static int numTasks \u003d 0;"
      },
      {
        "lineNumber": 13,
        "author": {
          "gitId": "jing-xuan"
        },
        "content": "    protected String description;"
      },
      {
        "lineNumber": 14,
        "author": {
          "gitId": "jing-xuan"
        },
        "content": "    protected Boolean isDone;"
      },
      {
        "lineNumber": 15,
        "author": {
          "gitId": "jing-xuan"
        },
        "content": "    public Task(String description){"
      },
      {
        "lineNumber": 16,
        "author": {
          "gitId": "jing-xuan"
        },
        "content": "        this.description \u003d description;"
      },
      {
        "lineNumber": 17,
        "author": {
          "gitId": "jing-xuan"
        },
        "content": "        this.isDone \u003d false;"
      },
      {
        "lineNumber": 18,
        "author": {
          "gitId": "jing-xuan"
        },
        "content": "        numTasks++;"
      },
      {
        "lineNumber": 19,
        "author": {
          "gitId": "jing-xuan"
        },
        "content": "    }"
      },
      {
        "lineNumber": 20,
        "author": {
          "gitId": "jing-xuan"
        },
        "content": ""
      },
      {
        "lineNumber": 21,
        "author": {
          "gitId": "jing-xuan"
        },
        "content": "    public String getStatusIcon(){"
      },
      {
        "lineNumber": 22,
        "author": {
          "gitId": "jing-xuan"
        },
        "content": "        return (isDone ? \"\\u2713\" : \"\\u2718\");"
      },
      {
        "lineNumber": 23,
        "author": {
          "gitId": "jing-xuan"
        },
        "content": "    }"
      },
      {
        "lineNumber": 24,
        "author": {
          "gitId": "jing-xuan"
        },
        "content": ""
      },
      {
        "lineNumber": 25,
        "author": {
          "gitId": "jing-xuan"
        },
        "content": "    public void markAsDone(){"
      },
      {
        "lineNumber": 26,
        "author": {
          "gitId": "jing-xuan"
        },
        "content": "        isDone \u003d true;"
      },
      {
        "lineNumber": 27,
        "author": {
          "gitId": "jing-xuan"
        },
        "content": "    }"
      },
      {
        "lineNumber": 28,
        "author": {
          "gitId": "jing-xuan"
        },
        "content": "    "
      },
      {
        "lineNumber": 29,
        "author": {
          "gitId": "jing-xuan"
        },
        "content": "    public String toString() {"
      },
      {
        "lineNumber": 30,
        "author": {
          "gitId": "jing-xuan"
        },
        "content": "        return \"[\" + this.getStatusIcon() + \"] \" + this.description;"
      },
      {
        "lineNumber": 31,
        "author": {
          "gitId": "jing-xuan"
        },
        "content": "    }"
      },
      {
        "lineNumber": 32,
        "author": {
          "gitId": "jing-xuan"
        },
        "content": ""
      },
      {
        "lineNumber": 33,
        "author": {
          "gitId": "jing-xuan"
        },
        "content": "    public static int getNumTasks() {"
      },
      {
        "lineNumber": 34,
        "author": {
          "gitId": "jing-xuan"
        },
        "content": "        return numTasks;"
      },
      {
        "lineNumber": 35,
        "author": {
          "gitId": "jing-xuan"
        },
        "content": "    }"
      },
      {
        "lineNumber": 36,
        "author": {
          "gitId": "jing-xuan"
        },
        "content": ""
      },
      {
        "lineNumber": 37,
        "author": {
          "gitId": "jing-xuan"
        },
        "content": "    public static void incrementTasks() {"
      },
      {
        "lineNumber": 38,
        "author": {
          "gitId": "jing-xuan"
        },
        "content": "        numTasks++;"
      },
      {
        "lineNumber": 39,
        "author": {
          "gitId": "jing-xuan"
        },
        "content": "    }"
      },
      {
        "lineNumber": 40,
        "author": {
          "gitId": "-"
        },
        "content": ""
      },
      {
        "lineNumber": 41,
        "author": {
          "gitId": "-"
        },
        "content": "    public static Task stringToTask(String s) throws DukeException {"
      },
      {
        "lineNumber": 42,
        "author": {
          "gitId": "-"
        },
        "content": "        try {"
      },
      {
        "lineNumber": 43,
        "author": {
          "gitId": "-"
        },
        "content": "            s \u003d s.substring(s.indexOf(\u0027[\u0027) + 1);"
      },
      {
        "lineNumber": 44,
        "author": {
          "gitId": "-"
        },
        "content": "            taskType t;"
      },
      {
        "lineNumber": 45,
        "author": {
          "gitId": "-"
        },
        "content": "            Date d \u003d new Date();"
      },
      {
        "lineNumber": 46,
        "author": {
          "gitId": "-"
        },
        "content": "            String desc \u003d \"\";"
      },
      {
        "lineNumber": 47,
        "author": {
          "gitId": "-"
        },
        "content": "            boolean isDone \u003d false;"
      },
      {
        "lineNumber": 48,
        "author": {
          "gitId": "-"
        },
        "content": "            if (s.charAt(0) \u003d\u003d \u0027T\u0027) {"
      },
      {
        "lineNumber": 49,
        "author": {
          "gitId": "-"
        },
        "content": "                t \u003d taskType.todo;"
      },
      {
        "lineNumber": 50,
        "author": {
          "gitId": "-"
        },
        "content": "            } else if (s.charAt(0) \u003d\u003d \u0027E\u0027) {"
      },
      {
        "lineNumber": 51,
        "author": {
          "gitId": "-"
        },
        "content": "                t \u003d taskType.event;"
      },
      {
        "lineNumber": 52,
        "author": {
          "gitId": "-"
        },
        "content": "            } else {"
      },
      {
        "lineNumber": 53,
        "author": {
          "gitId": "-"
        },
        "content": "                t \u003d taskType.deadline;"
      },
      {
        "lineNumber": 54,
        "author": {
          "gitId": "-"
        },
        "content": "            }"
      },
      {
        "lineNumber": 55,
        "author": {
          "gitId": "-"
        },
        "content": "            s \u003d s.substring(s.indexOf(\u0027[\u0027) + 1);"
      },
      {
        "lineNumber": 56,
        "author": {
          "gitId": "-"
        },
        "content": "            if (s.charAt(0) \u003d\u003d \u0027\\u2713\u0027) {"
      },
      {
        "lineNumber": 57,
        "author": {
          "gitId": "-"
        },
        "content": "                isDone \u003d true;"
      },
      {
        "lineNumber": 58,
        "author": {
          "gitId": "-"
        },
        "content": "            }"
      },
      {
        "lineNumber": 59,
        "author": {
          "gitId": "-"
        },
        "content": "            if (t.equals(taskType.todo)) {"
      },
      {
        "lineNumber": 60,
        "author": {
          "gitId": "-"
        },
        "content": "                desc \u003d s.substring(s.indexOf(\"]\") + 2);"
      },
      {
        "lineNumber": 61,
        "author": {
          "gitId": "-"
        },
        "content": "                Task task \u003d new Todo(desc);"
      },
      {
        "lineNumber": 62,
        "author": {
          "gitId": "-"
        },
        "content": "                if (isDone) {"
      },
      {
        "lineNumber": 63,
        "author": {
          "gitId": "-"
        },
        "content": "                    task.markAsDone();"
      },
      {
        "lineNumber": 64,
        "author": {
          "gitId": "-"
        },
        "content": "                }"
      },
      {
        "lineNumber": 65,
        "author": {
          "gitId": "-"
        },
        "content": "                return task;"
      },
      {
        "lineNumber": 66,
        "author": {
          "gitId": "-"
        },
        "content": "            }"
      },
      {
        "lineNumber": 67,
        "author": {
          "gitId": "-"
        },
        "content": "            String dateString \u003d \"\";"
      },
      {
        "lineNumber": 68,
        "author": {
          "gitId": "-"
        },
        "content": "            String marker;"
      },
      {
        "lineNumber": 69,
        "author": {
          "gitId": "-"
        },
        "content": "            if (t.equals(taskType.event)) {"
      },
      {
        "lineNumber": 70,
        "author": {
          "gitId": "-"
        },
        "content": "                marker \u003d \" (at : \";"
      },
      {
        "lineNumber": 71,
        "author": {
          "gitId": "-"
        },
        "content": "            } else {"
      },
      {
        "lineNumber": 72,
        "author": {
          "gitId": "-"
        },
        "content": "                marker \u003d \" (by : \";"
      },
      {
        "lineNumber": 73,
        "author": {
          "gitId": "-"
        },
        "content": "            }"
      },
      {
        "lineNumber": 74,
        "author": {
          "gitId": "-"
        },
        "content": "            desc \u003d s.substring(s.indexOf(\"]\") + 2, s.indexOf(marker));"
      },
      {
        "lineNumber": 75,
        "author": {
          "gitId": "-"
        },
        "content": "            dateString \u003d s.substring(s.indexOf(marker) + 7, s.indexOf(\")\"));"
      },
      {
        "lineNumber": 76,
        "author": {
          "gitId": "-"
        },
        "content": "            System.out.println(\"Task with desc \" + desc + \" and date \" + dateString);"
      },
      {
        "lineNumber": 77,
        "author": {
          "gitId": "-"
        },
        "content": "            try {"
      },
      {
        "lineNumber": 78,
        "author": {
          "gitId": "-"
        },
        "content": "                d \u003d Task.stringToDate(dateString);"
      },
      {
        "lineNumber": 79,
        "author": {
          "gitId": "-"
        },
        "content": "            } catch (Exception e){"
      },
      {
        "lineNumber": 80,
        "author": {
          "gitId": "-"
        },
        "content": "                e.getMessage();"
      },
      {
        "lineNumber": 81,
        "author": {
          "gitId": "-"
        },
        "content": "            }"
      },
      {
        "lineNumber": 82,
        "author": {
          "gitId": "-"
        },
        "content": "            if (t.equals(taskType.event)) {"
      },
      {
        "lineNumber": 83,
        "author": {
          "gitId": "-"
        },
        "content": "                Task task \u003d new Event(desc, d);"
      },
      {
        "lineNumber": 84,
        "author": {
          "gitId": "-"
        },
        "content": "                if (isDone) {"
      },
      {
        "lineNumber": 85,
        "author": {
          "gitId": "-"
        },
        "content": "                    task.markAsDone();"
      },
      {
        "lineNumber": 86,
        "author": {
          "gitId": "-"
        },
        "content": "                }"
      },
      {
        "lineNumber": 87,
        "author": {
          "gitId": "-"
        },
        "content": "                return task;"
      },
      {
        "lineNumber": 88,
        "author": {
          "gitId": "-"
        },
        "content": "            } else {"
      },
      {
        "lineNumber": 89,
        "author": {
          "gitId": "-"
        },
        "content": "                Task task \u003d new Deadline(desc, d);"
      },
      {
        "lineNumber": 90,
        "author": {
          "gitId": "-"
        },
        "content": "                if (isDone) {"
      },
      {
        "lineNumber": 91,
        "author": {
          "gitId": "-"
        },
        "content": "                    task.markAsDone();"
      },
      {
        "lineNumber": 92,
        "author": {
          "gitId": "-"
        },
        "content": "                }"
      },
      {
        "lineNumber": 93,
        "author": {
          "gitId": "-"
        },
        "content": "                return task;"
      },
      {
        "lineNumber": 94,
        "author": {
          "gitId": "-"
        },
        "content": "            }"
      },
      {
        "lineNumber": 95,
        "author": {
          "gitId": "-"
        },
        "content": "        } catch (Exception e){"
      },
      {
        "lineNumber": 96,
        "author": {
          "gitId": "-"
        },
        "content": "            System.out.println(\"Error parsing saved task\");"
      },
      {
        "lineNumber": 97,
        "author": {
          "gitId": "-"
        },
        "content": "        }"
      },
      {
        "lineNumber": 98,
        "author": {
          "gitId": "-"
        },
        "content": "        return new Todo(\"\");"
      },
      {
        "lineNumber": 99,
        "author": {
          "gitId": "-"
        },
        "content": "    }"
      },
      {
        "lineNumber": 100,
        "author": {
          "gitId": "-"
        },
        "content": ""
      },
      {
        "lineNumber": 101,
        "author": {
          "gitId": "-"
        },
        "content": "    private static Date stringToDate(String d) throws DukeException {"
      },
      {
        "lineNumber": 102,
        "author": {
          "gitId": "-"
        },
        "content": "        Date date \u003d new Date();"
      },
      {
        "lineNumber": 103,
        "author": {
          "gitId": "-"
        },
        "content": "        try{"
      },
      {
        "lineNumber": 104,
        "author": {
          "gitId": "-"
        },
        "content": "            System.out.println(\"got string:\" + d);"
      },
      {
        "lineNumber": 105,
        "author": {
          "gitId": "-"
        },
        "content": "            SimpleDateFormat sdfrmt \u003d new SimpleDateFormat(\"dd MMMM yyyy\", Locale.ENGLISH);"
      },
      {
        "lineNumber": 106,
        "author": {
          "gitId": "-"
        },
        "content": "            date \u003d sdfrmt.parse(d);"
      },
      {
        "lineNumber": 107,
        "author": {
          "gitId": "-"
        },
        "content": "            System.out.println(date);"
      },
      {
        "lineNumber": 108,
        "author": {
          "gitId": "-"
        },
        "content": "            System.out.println(d);"
      },
      {
        "lineNumber": 109,
        "author": {
          "gitId": "-"
        },
        "content": "            return date;"
      },
      {
        "lineNumber": 110,
        "author": {
          "gitId": "-"
        },
        "content": "        } catch (ParseException e) {"
      },
      {
        "lineNumber": 111,
        "author": {
          "gitId": "-"
        },
        "content": "            throw new DukeException(\"Invalid Date Format\");"
      },
      {
        "lineNumber": 112,
        "author": {
          "gitId": "-"
        },
        "content": "        }"
      },
      {
        "lineNumber": 113,
        "author": {
          "gitId": "-"
        },
        "content": "    }"
      },
      {
        "lineNumber": 114,
        "author": {
          "gitId": "jing-xuan"
        },
        "content": "}"
      }
    ],
    "authorContributionMap": {
      "jing-xuan": 30,
      "-": 84
    }
  },
  {
    "path": "src/main/java/Todo.java",
    "fileType": "java",
    "lines": [
      {
        "lineNumber": 1,
        "author": {
          "gitId": "jing-xuan"
        },
        "content": "public class Todo extends Task {"
      },
      {
        "lineNumber": 2,
        "author": {
          "gitId": "jing-xuan"
        },
        "content": "    public Todo(String description){"
      },
      {
        "lineNumber": 3,
        "author": {
          "gitId": "jing-xuan"
        },
        "content": "        super(description);"
      },
      {
        "lineNumber": 4,
        "author": {
          "gitId": "jing-xuan"
        },
        "content": "    }"
      },
      {
        "lineNumber": 5,
        "author": {
          "gitId": "jing-xuan"
        },
        "content": ""
      },
      {
        "lineNumber": 6,
        "author": {
          "gitId": "jing-xuan"
        },
        "content": "    @Override"
      },
      {
        "lineNumber": 7,
        "author": {
          "gitId": "jing-xuan"
        },
        "content": "    public  String toString() {"
      },
      {
        "lineNumber": 8,
        "author": {
          "gitId": "jing-xuan"
        },
        "content": "        return \"[T]\" + super.toString();"
      },
      {
        "lineNumber": 9,
        "author": {
          "gitId": "jing-xuan"
        },
        "content": "    }"
      },
      {
        "lineNumber": 10,
        "author": {
          "gitId": "jing-xuan"
        },
        "content": "}"
      }
    ],
    "authorContributionMap": {
      "jing-xuan": 10
    }
  }
]
