{
  "authorDailyContributionsMap": {
    "jasperosy": [
      {
        "insertions": 114,
        "deletions": 16,
        "date": "2019-08-18",
        "commitResults": [
          {
            "hash": "f965f5b8ec98db0ab2b0f2b368ee9fed652761e9",
            "message": "Completed Gradle Tutorial",
            "insertions": 32,
            "deletions": 1
          },
          {
            "hash": "747afea3455476f028ad96ca7e2a9f7488eb2474",
            "message": "Completed JavaFX Tutorial Part 1",
            "insertions": 33,
            "deletions": 9
          },
          {
            "hash": "29f82cb40bad1f2ecc45c2e750228633c1bb062e",
            "message": "Completed JavaFX Tutorial Part 2",
            "insertions": 49,
            "deletions": 6
          }
        ]
      },
      {
        "insertions": 90,
        "deletions": 78,
        "date": "2019-08-19",
        "commitResults": [
          {
            "hash": "bf71291ee36ac7f594dc0eef845cad3152655c0a",
            "message": "Completed Level-1 Greet, Echo, Exit",
            "insertions": 25,
            "deletions": 67
          },
          {
            "hash": "26306c61058e7135b657383e3c0f602a69228c48",
            "message": "Completed Level-2,Add,List",
            "insertions": 19,
            "deletions": 1
          },
          {
            "hash": "9600b4ac841860facbaa0878ac67917c22513486",
            "message": "Completed Level-3 Mark as Done",
            "insertions": 46,
            "deletions": 10
          }
        ]
      },
      {
        "insertions": 1,
        "deletions": 1,
        "date": "2019-08-21",
        "commitResults": [
          {
            "hash": "e723aca1458b0829ac7c627b57b5e152169f106c",
            "message": "Completed level 3: Mark as Done",
            "insertions": 1,
            "deletions": 1
          }
        ]
      },
      {
        "insertions": 148,
        "deletions": 53,
        "date": "2019-08-23",
        "commitResults": [
          {
            "hash": "3d28583cf4f3572e726f533a05be5db6987dea29",
            "message": "Completed Level-4 ToDos, Events, Deadlines",
            "insertions": 93,
            "deletions": 22
          },
          {
            "hash": "0b312c52527f4a9110dfe6dd6712bec8b752097e",
            "message": "Completed Level-5 Handle Errors",
            "insertions": 55,
            "deletions": 31
          }
        ]
      },
      {
        "insertions": 78,
        "deletions": 1,
        "date": "2019-08-24",
        "commitResults": [
          {
            "hash": "4895212e3318cc172f8b68e2353d6e5a80f95572",
            "message": "Completed Level-5 Handle Errors",
            "insertions": 1,
            "deletions": 1
          },
          {
            "hash": "f74f89b6f16387af5cefa1bcb661e07134cb31cf",
            "message": "Completed Level-7 Save",
            "insertions": 77,
            "deletions": 0
          }
        ]
      },
      {
        "insertions": 59,
        "deletions": 7,
        "date": "2019-08-25",
        "commitResults": [
          {
            "hash": "4e30863729292b969479f4b7bb3f8d6cce15032b",
            "message": "Completed Level-8 Dates and Times",
            "insertions": 59,
            "deletions": 7
          }
        ]
      },
      {
        "insertions": 6,
        "deletions": 1,
        "date": "2019-08-26",
        "commitResults": [
          {
            "hash": "a9696acd1e61c273f5018b4893605c703e354e4e",
            "message": "Completed Level-8 Dates and Times",
            "insertions": 6,
            "deletions": 1
          }
        ]
      },
      {
        "insertions": 580,
        "deletions": 301,
        "date": "2019-08-29",
        "commitResults": [
          {
            "hash": "3010312b3e423b246501e75b12e77c74ba453f1f",
            "message": "Completed Level-6 Delete",
            "insertions": 42,
            "deletions": 0
          },
          {
            "hash": "a378fcff3e918db3fce579bfef7613c9727f3153",
            "message": "Completed Level-6 Delete",
            "insertions": 0,
            "deletions": 25
          },
          {
            "hash": "b40b5846cf3c2891aafa245a28969853fcaeb874",
            "message": "Completed Level-9 Find",
            "insertions": 25,
            "deletions": 0
          },
          {
            "hash": "3a897617f7e245e5c52b4f6fffab284dfa31b118",
            "message": "Completed A-MoreOOP",
            "insertions": 513,
            "deletions": 276
          }
        ]
      }
    ]
  },
  "authorFinalContributionMap": {
    "jasperosy": 625
  },
  "authorFileFormatContributionMap": {
    "jasperosy": {
      "java": 597,
      "gradle": 28,
      "css": 0,
      "fxml": 0
    }
  },
  "authorContributionVariance": {
    "jasperosy": 56353.31
  },
  "authorDisplayNameMap": {
    "jasperosy": "jasperosy"
  }
}
