{
  "authorDailyContributionsMap": {
    "jasperosy": [
      {
        "insertions": 121,
        "deletions": 16,
        "date": "2019-08-18",
        "commitResults": [
          {
            "hash": "f965f5b8ec98db0ab2b0f2b368ee9fed652761e9",
            "message": "Completed Gradle Tutorial",
            "insertions": 32,
            "deletions": 1
          },
          {
            "hash": "49ba7d5d4816f15031117fc3e4a9e66ab3e3d7ec",
            "message": "Completed Text UI Testing Tutorial",
            "insertions": 7,
            "deletions": 0
          },
          {
            "hash": "747afea3455476f028ad96ca7e2a9f7488eb2474",
            "message": "Completed JavaFX Tutorial Part 1",
            "insertions": 33,
            "deletions": 9
          },
          {
            "hash": "29f82cb40bad1f2ecc45c2e750228633c1bb062e",
            "message": "Completed JavaFX Tutorial Part 2",
            "insertions": 49,
            "deletions": 6
          }
        ]
      },
      {
        "insertions": 90,
        "deletions": 78,
        "date": "2019-08-19",
        "commitResults": [
          {
            "hash": "bf71291ee36ac7f594dc0eef845cad3152655c0a",
            "message": "Completed Level-1 Greet, Echo, Exit",
            "insertions": 25,
            "deletions": 67
          },
          {
            "hash": "26306c61058e7135b657383e3c0f602a69228c48",
            "message": "Completed Level-2,Add,List",
            "insertions": 19,
            "deletions": 1
          },
          {
            "hash": "9600b4ac841860facbaa0878ac67917c22513486",
            "message": "Completed Level-3 Mark as Done",
            "insertions": 46,
            "deletions": 10
          }
        ]
      },
      {
        "insertions": 1,
        "deletions": 1,
        "date": "2019-08-21",
        "commitResults": [
          {
            "hash": "e723aca1458b0829ac7c627b57b5e152169f106c",
            "message": "Completed level 3: Mark as Done",
            "insertions": 1,
            "deletions": 1
          }
        ]
      }
    ]
  },
  "authorFinalContributionMap": {
    "jasperosy": 126
  },
  "authorFileFormatContributionMap": {
    "jasperosy": {
      "adoc": 0,
      "cs": 0,
      "css": 0,
      "fxml": 0,
      "gradle": 28,
      "html": 0,
      "java": 91,
      "js": 0,
      "json": 0,
      "jsp": 0,
      "md": 0,
      "py": 0,
      "tag": 0,
      "txt": 7,
      "xml": 0
    }
  },
  "authorContributionVariance": {
    "jasperosy": 5858.6875
  },
  "authorDisplayNameMap": {
    "jasperosy": "JAS ... ONG"
  }
}
