{
  "authorDailyContributionsMap": {
    "HUANGXUANKUN": [
      {
        "insertions": 133,
        "deletions": 15,
        "date": "2019-08-28",
        "commitResults": [
          {
            "hash": "c7617ef029a5ce1cc38832b0550e262de979bc4c",
            "messageTitle": "Level 1",
            "messageBody": "",
            "insertions": 41,
            "deletions": 3
          },
          {
            "hash": "b59c0ec7be7d03ea9599943f76456d5d73dd7e6d",
            "messageTitle": "Level 2",
            "messageBody": "",
            "insertions": 13,
            "deletions": 2
          },
          {
            "hash": "2a23fb2a00726f122ab0175b0d3db988ff398ac1",
            "messageTitle": "Level 3",
            "messageBody": "",
            "insertions": 37,
            "deletions": 10
          },
          {
            "hash": "ebc45e51e5406a1674a364d0cc46787fa8504e84",
            "messageTitle": "Level 4",
            "messageBody": "",
            "insertions": 25,
            "deletions": 0
          },
          {
            "hash": "193a0fe658da9235938d7f6e177b4d7f822a60f2",
            "messageTitle": "Level 4 (incompleted)",
            "messageBody": "",
            "insertions": 17,
            "deletions": 0
          }
        ]
      },
      {
        "insertions": 47,
        "deletions": 32,
        "date": "2019-08-29",
        "commitResults": [
          {
            "hash": "a396dbf4a55175973f8590290dddf8419d2da7c3",
            "messageTitle": "Level-4 Completed",
            "messageBody": "",
            "insertions": 46,
            "deletions": 31
          },
          {
            "hash": "c9d9f763b21e8592ac3a62410d7f25eedc93a82b",
            "messageTitle": "Level-5 incompleted",
            "messageBody": "",
            "insertions": 1,
            "deletions": 1
          }
        ]
      },
      {
        "insertions": 291,
        "deletions": 118,
        "date": "2019-08-30",
        "commitResults": [
          {
            "hash": "153a2fa4a769f01bf257f1d98502ba657aff4917",
            "messageTitle": "Level-5 Completed implementation of errors capturing",
            "messageBody": "",
            "insertions": 63,
            "deletions": 40
          },
          {
            "hash": "b882c561193e1412126c1f1c55e983a44701546c",
            "messageTitle": "Level-7 Completed readFile feature",
            "messageBody": "",
            "insertions": 88,
            "deletions": 13
          },
          {
            "hash": "4d8d9cec9c326e8726224ece3d1bacec3f9d9d72",
            "messageTitle": "Level-7 Modified read and write file. Relocated data/duke.txt to root",
            "messageBody": "",
            "insertions": 91,
            "deletions": 31
          },
          {
            "hash": "a5b3ad5d3cfc6b48509835941b85fd9792aeef7a",
            "messageTitle": "Level-7 Completed read and write file",
            "messageBody": "",
            "insertions": 8,
            "deletions": 27
          },
          {
            "hash": "4018d14d3c485fe97bbdd0b4a165ce541ebdb2fd",
            "messageTitle": "Level-8 Completed Date and Time formating",
            "messageBody": "",
            "insertions": 41,
            "deletions": 7
          }
        ]
      },
      {
        "insertions": 32,
        "deletions": 8,
        "date": "2019-09-02",
        "commitResults": [
          {
            "hash": "87f1eaa0af155fe6f6e0b3134ea84dbcac0c5e02",
            "messageTitle": "Level-6 Completed remove task feature",
            "messageBody": "",
            "insertions": 9,
            "deletions": 0
          },
          {
            "hash": "67c0de9827c49651f5cda5b2a5dcd23a5f1af2cb",
            "messageTitle": "Level-9 Completed find task feature",
            "messageBody": "",
            "insertions": 16,
            "deletions": 2
          },
          {
            "hash": "e7118c43a9a0c6842d6c833904a3ff70cd837702",
            "messageTitle": "Level-9 Update seraching keyword to not case sensetive",
            "messageBody": "",
            "insertions": 7,
            "deletions": 6
          }
        ]
      },
      {
        "insertions": 717,
        "deletions": 187,
        "date": "2019-09-04",
        "commitResults": [
          {
            "hash": "8b0e6f657c71581d230fbf13c37d0820ffb9f961",
            "messageTitle": "A-TextUiTesting Implemented the automated I/O testing.",
            "messageBody": "",
            "insertions": 23,
            "deletions": 35
          },
          {
            "hash": "f4579a45f8d9f414ce2479f36dba75974a0c600c",
            "messageTitle": "Implemented more OOPs include 1. Command classes including AddCommand,  DeleteCommand, ExitCommand, FindCommand, ListCommand. 2. Abstracted feature logic into classes: Parser, Storage, Ui and TaskList",
            "messageBody": "",
            "insertions": 688,
            "deletions": 142
          },
          {
            "hash": "7ee9ecfb6811e3869d0fe8c9e701f45ebda8c6ab",
            "messageTitle": "Completed more OOPs javaDoc/comments",
            "messageBody": "",
            "insertions": 6,
            "deletions": 10
          }
        ]
      },
      {
        "insertions": 1,
        "deletions": 0,
        "date": "2019-09-09",
        "commitResults": [
          {
            "hash": "ef4edbe3a847f816ff3a6e4a15bc2925664d41e6",
            "messageTitle": "Make up missing branch-Level-9 in week 4",
            "messageBody": "",
            "insertions": 1,
            "deletions": 0
          }
        ]
      }
    ]
  },
  "authorFinalContributionMap": {
    "HUANGXUANKUN": 867
  },
  "authorFileTypeContributionMap": {
    "HUANGXUANKUN": {
      "java": 846,
      "gradle": 21,
      "css": 0,
      "fxml": 0
    }
  },
  "authorContributionVariance": {
    "HUANGXUANKUN": 39372.45
  },
  "authorDisplayNameMap": {
    "HUANGXUANKUN": "T13-2 HUA..KUN"
  }
}
