[
  {
    "path": "build.gradle",
    "lines": [
      {
        "lineNumber": 1,
        "author": {
          "gitId": "-"
        },
        "content": "plugins {"
      },
      {
        "lineNumber": 2,
        "author": {
          "gitId": "-"
        },
        "content": "    id \u0027java\u0027"
      },
      {
        "lineNumber": 3,
        "author": {
          "gitId": "-"
        },
        "content": "    id \u0027application\u0027"
      },
      {
        "lineNumber": 4,
        "author": {
          "gitId": "Hotspur1997"
        },
        "content": "    id\u0027checkstyle\u0027"
      },
      {
        "lineNumber": 5,
        "author": {
          "gitId": "Hotspur1997"
        },
        "content": "    id \u0027com.github.johnrengelman.shadow\u0027 version \u00275.1.0\u0027"
      },
      {
        "lineNumber": 6,
        "author": {
          "gitId": "Hotspur1997"
        },
        "content": "}"
      },
      {
        "lineNumber": 7,
        "author": {
          "gitId": "Hotspur1997"
        },
        "content": ""
      },
      {
        "lineNumber": 8,
        "author": {
          "gitId": "Hotspur1997"
        },
        "content": "sourceCompatibility \u003d \u002711\u0027"
      },
      {
        "lineNumber": 9,
        "author": {
          "gitId": "Hotspur1997"
        },
        "content": ""
      },
      {
        "lineNumber": 10,
        "author": {
          "gitId": "Hotspur1997"
        },
        "content": ""
      },
      {
        "lineNumber": 11,
        "author": {
          "gitId": "Hotspur1997"
        },
        "content": "dependencies {"
      },
      {
        "lineNumber": 12,
        "author": {
          "gitId": "Hotspur1997"
        },
        "content": "    testImplementation \u0027org.junit.jupiter:junit-jupiter:5.5.0\u0027"
      },
      {
        "lineNumber": 13,
        "author": {
          "gitId": "Hotspur1997"
        },
        "content": "}"
      },
      {
        "lineNumber": 14,
        "author": {
          "gitId": "Hotspur1997"
        },
        "content": ""
      },
      {
        "lineNumber": 15,
        "author": {
          "gitId": "Hotspur1997"
        },
        "content": "checkstyle {"
      },
      {
        "lineNumber": 16,
        "author": {
          "gitId": "Hotspur1997"
        },
        "content": "    toolVersion \u003d \u00278.23\u0027"
      },
      {
        "lineNumber": 17,
        "author": {
          "gitId": "Hotspur1997"
        },
        "content": "}"
      },
      {
        "lineNumber": 18,
        "author": {
          "gitId": "Hotspur1997"
        },
        "content": ""
      },
      {
        "lineNumber": 19,
        "author": {
          "gitId": "Hotspur1997"
        },
        "content": "test {"
      },
      {
        "lineNumber": 20,
        "author": {
          "gitId": "Hotspur1997"
        },
        "content": "    useJUnitPlatform()"
      },
      {
        "lineNumber": 21,
        "author": {
          "gitId": "Hotspur1997"
        },
        "content": "}"
      },
      {
        "lineNumber": 22,
        "author": {
          "gitId": "Hotspur1997"
        },
        "content": ""
      },
      {
        "lineNumber": 23,
        "author": {
          "gitId": "Hotspur1997"
        },
        "content": "shadowJar {"
      },
      {
        "lineNumber": 24,
        "author": {
          "gitId": "Hotspur1997"
        },
        "content": "    archiveBaseName \u003d \"duke\""
      },
      {
        "lineNumber": 25,
        "author": {
          "gitId": "Hotspur1997"
        },
        "content": "    archiveVersion \u003d \"0.1.3\""
      },
      {
        "lineNumber": 26,
        "author": {
          "gitId": "Hotspur1997"
        },
        "content": "    archiveClassifier \u003d null"
      },
      {
        "lineNumber": 27,
        "author": {
          "gitId": "Hotspur1997"
        },
        "content": "    archiveAppendix \u003d null"
      },
      {
        "lineNumber": 28,
        "author": {
          "gitId": "-"
        },
        "content": "}"
      },
      {
        "lineNumber": 29,
        "author": {
          "gitId": "-"
        },
        "content": ""
      },
      {
        "lineNumber": 30,
        "author": {
          "gitId": "-"
        },
        "content": "group \u0027seedu.duke\u0027"
      },
      {
        "lineNumber": 31,
        "author": {
          "gitId": "-"
        },
        "content": "version \u00270.1.0\u0027"
      },
      {
        "lineNumber": 32,
        "author": {
          "gitId": "Hotspur1997"
        },
        "content": "sourceSets.main.java.srcDirs \u003d [\u0027src\u0027]"
      },
      {
        "lineNumber": 33,
        "author": {
          "gitId": "-"
        },
        "content": "repositories {"
      },
      {
        "lineNumber": 34,
        "author": {
          "gitId": "-"
        },
        "content": "    mavenCentral()"
      },
      {
        "lineNumber": 35,
        "author": {
          "gitId": "-"
        },
        "content": "}"
      },
      {
        "lineNumber": 36,
        "author": {
          "gitId": "-"
        },
        "content": ""
      },
      {
        "lineNumber": 37,
        "author": {
          "gitId": "-"
        },
        "content": "application {"
      },
      {
        "lineNumber": 38,
        "author": {
          "gitId": "-"
        },
        "content": "    // Change this to your main class."
      },
      {
        "lineNumber": 39,
        "author": {
          "gitId": "Hotspur1997"
        },
        "content": "    mainClassName \u003d \"main.java.Duke\""
      },
      {
        "lineNumber": 40,
        "author": {
          "gitId": "-"
        },
        "content": "}"
      }
    ],
    "authorContributionMap": {
      "Hotspur1997": 26,
      "-": 14
    }
  },
  {
    "path": "src/main/java/DateTimeParser.java",
    "lines": [
      {
        "lineNumber": 1,
        "author": {
          "gitId": "Hotspur1997"
        },
        "content": "import java.time.DayOfWeek;"
      },
      {
        "lineNumber": 2,
        "author": {
          "gitId": "Hotspur1997"
        },
        "content": "import java.time.LocalDate;"
      },
      {
        "lineNumber": 3,
        "author": {
          "gitId": "Hotspur1997"
        },
        "content": "import java.time.LocalTime;"
      },
      {
        "lineNumber": 4,
        "author": {
          "gitId": "Hotspur1997"
        },
        "content": "import java.time.LocalDateTime;"
      },
      {
        "lineNumber": 5,
        "author": {
          "gitId": "Hotspur1997"
        },
        "content": "import java.time.format.DateTimeFormatter;"
      },
      {
        "lineNumber": 6,
        "author": {
          "gitId": "Hotspur1997"
        },
        "content": "import java.time.format.DateTimeParseException;"
      },
      {
        "lineNumber": 7,
        "author": {
          "gitId": "Hotspur1997"
        },
        "content": "import java.time.temporal.TemporalAccessor;"
      },
      {
        "lineNumber": 8,
        "author": {
          "gitId": "Hotspur1997"
        },
        "content": "import java.time.temporal.TemporalAdjusters;"
      },
      {
        "lineNumber": 9,
        "author": {
          "gitId": "Hotspur1997"
        },
        "content": ""
      },
      {
        "lineNumber": 10,
        "author": {
          "gitId": "Hotspur1997"
        },
        "content": "enum TimePatternType {"
      },
      {
        "lineNumber": 11,
        "author": {
          "gitId": "Hotspur1997"
        },
        "content": "    DAY_OF_WEEK, DATE_TIME, DATE, TIME"
      },
      {
        "lineNumber": 12,
        "author": {
          "gitId": "Hotspur1997"
        },
        "content": "}"
      },
      {
        "lineNumber": 13,
        "author": {
          "gitId": "Hotspur1997"
        },
        "content": ""
      },
      {
        "lineNumber": 14,
        "author": {
          "gitId": "Hotspur1997"
        },
        "content": "public class DateTimeParser {"
      },
      {
        "lineNumber": 15,
        "author": {
          "gitId": "Hotspur1997"
        },
        "content": "    LocalDateTime parseStringToDate(String line) throws DukeException {"
      },
      {
        "lineNumber": 16,
        "author": {
          "gitId": "Hotspur1997"
        },
        "content": "        String[] patterns \u003d {\"[\u0027next \u0027][\u0027this \u0027]E\", \"[\u0027this \u0027][\u0027next \u0027]EEEE\", \"dd/MM/yyyy HHmm\","
      },
      {
        "lineNumber": 17,
        "author": {
          "gitId": "Hotspur1997"
        },
        "content": "                \"d/MM/yyyy HHmm\", \"dd/MM/yy HHmm\", \"HHmm\","
      },
      {
        "lineNumber": 18,
        "author": {
          "gitId": "Hotspur1997"
        },
        "content": "                \"dd/MM/yy\", \"yyyy-MM-dd\u0027T\u0027HH:mm[:ss.n]\"};"
      },
      {
        "lineNumber": 19,
        "author": {
          "gitId": "Hotspur1997"
        },
        "content": "        TimePatternType[] types \u003d {TimePatternType.DAY_OF_WEEK, TimePatternType.DAY_OF_WEEK,"
      },
      {
        "lineNumber": 20,
        "author": {
          "gitId": "Hotspur1997"
        },
        "content": "                TimePatternType.DATE_TIME, TimePatternType.DATE_TIME, TimePatternType.DATE_TIME, TimePatternType.TIME, TimePatternType.DATE,"
      },
      {
        "lineNumber": 21,
        "author": {
          "gitId": "Hotspur1997"
        },
        "content": "                TimePatternType.DATE_TIME};"
      },
      {
        "lineNumber": 22,
        "author": {
          "gitId": "Hotspur1997"
        },
        "content": "        int i \u003d 0;"
      },
      {
        "lineNumber": 23,
        "author": {
          "gitId": "Hotspur1997"
        },
        "content": "        while (i \u003c patterns.length) {"
      },
      {
        "lineNumber": 24,
        "author": {
          "gitId": "Hotspur1997"
        },
        "content": "            try {"
      },
      {
        "lineNumber": 25,
        "author": {
          "gitId": "Hotspur1997"
        },
        "content": "                TemporalAccessor ac \u003d DateTimeFormatter.ofPattern(patterns[i]).parse(line);"
      },
      {
        "lineNumber": 26,
        "author": {
          "gitId": "Hotspur1997"
        },
        "content": "                switch (types[i]) {"
      },
      {
        "lineNumber": 27,
        "author": {
          "gitId": "Hotspur1997"
        },
        "content": "                    case DAY_OF_WEEK:"
      },
      {
        "lineNumber": 28,
        "author": {
          "gitId": "Hotspur1997"
        },
        "content": "                        LocalDateTime localDateTime \u003d LocalDateTime.now();"
      },
      {
        "lineNumber": 29,
        "author": {
          "gitId": "Hotspur1997"
        },
        "content": "                        return localDateTime.with(TemporalAdjusters.nextOrSame(DayOfWeek.from(ac)));"
      },
      {
        "lineNumber": 30,
        "author": {
          "gitId": "Hotspur1997"
        },
        "content": "                    case DATE_TIME:"
      },
      {
        "lineNumber": 31,
        "author": {
          "gitId": "Hotspur1997"
        },
        "content": "                        return LocalDateTime.from(ac);"
      },
      {
        "lineNumber": 32,
        "author": {
          "gitId": "Hotspur1997"
        },
        "content": "                    case TIME:"
      },
      {
        "lineNumber": 33,
        "author": {
          "gitId": "Hotspur1997"
        },
        "content": "                        LocalDate localDate \u003d LocalDate.now();"
      },
      {
        "lineNumber": 34,
        "author": {
          "gitId": "Hotspur1997"
        },
        "content": "                        return localDate.atTime(LocalTime.from(ac));"
      },
      {
        "lineNumber": 35,
        "author": {
          "gitId": "Hotspur1997"
        },
        "content": "                    case DATE:"
      },
      {
        "lineNumber": 36,
        "author": {
          "gitId": "Hotspur1997"
        },
        "content": "                        LocalTime localTime \u003d LocalTime.now();"
      },
      {
        "lineNumber": 37,
        "author": {
          "gitId": "Hotspur1997"
        },
        "content": "                        return localTime.atDate(LocalDate.from(ac));"
      },
      {
        "lineNumber": 38,
        "author": {
          "gitId": "Hotspur1997"
        },
        "content": "                    default:"
      },
      {
        "lineNumber": 39,
        "author": {
          "gitId": "Hotspur1997"
        },
        "content": "                }"
      },
      {
        "lineNumber": 40,
        "author": {
          "gitId": "Hotspur1997"
        },
        "content": "            } catch (DateTimeParseException e) {"
      },
      {
        "lineNumber": 41,
        "author": {
          "gitId": "Hotspur1997"
        },
        "content": "                i++;"
      },
      {
        "lineNumber": 42,
        "author": {
          "gitId": "Hotspur1997"
        },
        "content": "            }"
      },
      {
        "lineNumber": 43,
        "author": {
          "gitId": "Hotspur1997"
        },
        "content": "        }"
      },
      {
        "lineNumber": 44,
        "author": {
          "gitId": "Hotspur1997"
        },
        "content": "        throw new DukeException(\"The format is invalid! Please try writing in a better format\");"
      },
      {
        "lineNumber": 45,
        "author": {
          "gitId": "Hotspur1997"
        },
        "content": "    }"
      },
      {
        "lineNumber": 46,
        "author": {
          "gitId": "Hotspur1997"
        },
        "content": "}"
      }
    ],
    "authorContributionMap": {
      "Hotspur1997": 46
    }
  },
  {
    "path": "src/main/java/Deadline.java",
    "lines": [
      {
        "lineNumber": 1,
        "author": {
          "gitId": "Hotspur1997"
        },
        "content": "import java.time.LocalDateTime;"
      },
      {
        "lineNumber": 2,
        "author": {
          "gitId": "Hotspur1997"
        },
        "content": ""
      },
      {
        "lineNumber": 3,
        "author": {
          "gitId": "Hotspur1997"
        },
        "content": "public class Deadline extends Request {"
      },
      {
        "lineNumber": 4,
        "author": {
          "gitId": "Hotspur1997"
        },
        "content": "    private LocalDateTime ddate;"
      },
      {
        "lineNumber": 5,
        "author": {
          "gitId": "Hotspur1997"
        },
        "content": "    private String localDate;"
      },
      {
        "lineNumber": 6,
        "author": {
          "gitId": "Hotspur1997"
        },
        "content": "    public Deadline(String description, LocalDateTime ddate) {"
      },
      {
        "lineNumber": 7,
        "author": {
          "gitId": "Hotspur1997"
        },
        "content": "        super(description);"
      },
      {
        "lineNumber": 8,
        "author": {
          "gitId": "Hotspur1997"
        },
        "content": "        this.ddate \u003d ddate;"
      },
      {
        "lineNumber": 9,
        "author": {
          "gitId": "Hotspur1997"
        },
        "content": "    }"
      },
      {
        "lineNumber": 10,
        "author": {
          "gitId": "Hotspur1997"
        },
        "content": "    public Deadline(String description, String localDate) {"
      },
      {
        "lineNumber": 11,
        "author": {
          "gitId": "Hotspur1997"
        },
        "content": "        super(description);"
      },
      {
        "lineNumber": 12,
        "author": {
          "gitId": "Hotspur1997"
        },
        "content": "        this.localDate \u003d localDate;"
      },
      {
        "lineNumber": 13,
        "author": {
          "gitId": "Hotspur1997"
        },
        "content": "    }"
      },
      {
        "lineNumber": 14,
        "author": {
          "gitId": "Hotspur1997"
        },
        "content": "    @Override"
      },
      {
        "lineNumber": 15,
        "author": {
          "gitId": "Hotspur1997"
        },
        "content": "    public String print_req() {"
      },
      {
        "lineNumber": 16,
        "author": {
          "gitId": "Hotspur1997"
        },
        "content": "        return \"[D]\" + result() + \" \" + getName() + \" (by: \" + (ddate \u003d\u003d null ? localDate : ddate.toString()) + \")\";"
      },
      {
        "lineNumber": 17,
        "author": {
          "gitId": "Hotspur1997"
        },
        "content": "    }"
      },
      {
        "lineNumber": 18,
        "author": {
          "gitId": "Hotspur1997"
        },
        "content": "    @Override"
      },
      {
        "lineNumber": 19,
        "author": {
          "gitId": "Hotspur1997"
        },
        "content": "    public String file_format() {"
      },
      {
        "lineNumber": 20,
        "author": {
          "gitId": "Hotspur1997"
        },
        "content": "        return \"D | \" + index() + \" | \" + getName() + \" | \" + (ddate \u003d\u003d null ? localDate : ddate.toString());"
      },
      {
        "lineNumber": 21,
        "author": {
          "gitId": "Hotspur1997"
        },
        "content": "    }"
      },
      {
        "lineNumber": 22,
        "author": {
          "gitId": "Hotspur1997"
        },
        "content": "}"
      }
    ],
    "authorContributionMap": {
      "Hotspur1997": 22
    }
  },
  {
    "path": "src/main/java/Duke.java",
    "lines": [
      {
        "lineNumber": 1,
        "author": {
          "gitId": "Hotspur1997"
        },
        "content": "import java.util.Scanner;"
      },
      {
        "lineNumber": 2,
        "author": {
          "gitId": "Hotspur1997"
        },
        "content": ""
      },
      {
        "lineNumber": 3,
        "author": {
          "gitId": "-"
        },
        "content": "public class Duke {"
      },
      {
        "lineNumber": 4,
        "author": {
          "gitId": "Hotspur1997"
        },
        "content": "    public static void main(String[] args) throws DukeException {"
      },
      {
        "lineNumber": 5,
        "author": {
          "gitId": "Hotspur1997"
        },
        "content": "        Task schedule \u003d new Task();"
      },
      {
        "lineNumber": 6,
        "author": {
          "gitId": "Hotspur1997"
        },
        "content": "        FileParse fileManager \u003d new FileParse();"
      },
      {
        "lineNumber": 7,
        "author": {
          "gitId": "-"
        },
        "content": "        String logo \u003d \" ____        _        \\n\""
      },
      {
        "lineNumber": 8,
        "author": {
          "gitId": "-"
        },
        "content": "                + \"|  _ \\\\ _   _| | _____ \\n\""
      },
      {
        "lineNumber": 9,
        "author": {
          "gitId": "-"
        },
        "content": "                + \"| | | | | | | |/ / _ \\\\\\n\""
      },
      {
        "lineNumber": 10,
        "author": {
          "gitId": "-"
        },
        "content": "                + \"| |_| | |_| |   \u003c  __/\\n\""
      },
      {
        "lineNumber": 11,
        "author": {
          "gitId": "-"
        },
        "content": "                + \"|____/ \\\\__,_|_|\\\\_\\\\___|\\n\";"
      },
      {
        "lineNumber": 12,
        "author": {
          "gitId": "-"
        },
        "content": "        System.out.println(\"Hello from\\n\" + logo);"
      },
      {
        "lineNumber": 13,
        "author": {
          "gitId": "Hotspur1997"
        },
        "content": "        System.out.println(\"Hello I\u0027m Duke!\\nWhat can I do for you?\");"
      },
      {
        "lineNumber": 14,
        "author": {
          "gitId": "Hotspur1997"
        },
        "content": "        fileManager.load_file(schedule);"
      },
      {
        "lineNumber": 15,
        "author": {
          "gitId": "Hotspur1997"
        },
        "content": "        while (true) { //keep checking until we encounter the \"bye\" command"
      },
      {
        "lineNumber": 16,
        "author": {
          "gitId": "Hotspur1997"
        },
        "content": "            Scanner input \u003d new Scanner(System.in);"
      },
      {
        "lineNumber": 17,
        "author": {
          "gitId": "Hotspur1997"
        },
        "content": "            String command \u003d input.nextLine();"
      },
      {
        "lineNumber": 18,
        "author": {
          "gitId": "Hotspur1997"
        },
        "content": "            if (!command.equals(\"bye\")) {"
      },
      {
        "lineNumber": 19,
        "author": {
          "gitId": "Hotspur1997"
        },
        "content": "                if (command.equals(\"list\")) {"
      },
      {
        "lineNumber": 20,
        "author": {
          "gitId": "Hotspur1997"
        },
        "content": "                    schedule.print_list();"
      },
      {
        "lineNumber": 21,
        "author": {
          "gitId": "Hotspur1997"
        },
        "content": "                } else {"
      },
      {
        "lineNumber": 22,
        "author": {
          "gitId": "Hotspur1997"
        },
        "content": "                    String[] token \u003d command.split(\" \"); //consider the \"done 2\" case"
      },
      {
        "lineNumber": 23,
        "author": {
          "gitId": "Hotspur1997"
        },
        "content": "                    if (token[0].equals(\"done\")) {"
      },
      {
        "lineNumber": 24,
        "author": {
          "gitId": "Hotspur1997"
        },
        "content": "                        schedule.update_list(token[1]);"
      },
      {
        "lineNumber": 25,
        "author": {
          "gitId": "Hotspur1997"
        },
        "content": "                    } else {"
      },
      {
        "lineNumber": 26,
        "author": {
          "gitId": "Hotspur1997"
        },
        "content": "                        Parser parser \u003d new Parser(command);"
      },
      {
        "lineNumber": 27,
        "author": {
          "gitId": "Hotspur1997"
        },
        "content": "                        String result \u003d parser.Type();"
      },
      {
        "lineNumber": 28,
        "author": {
          "gitId": "Hotspur1997"
        },
        "content": "                        switch(result) {"
      },
      {
        "lineNumber": 29,
        "author": {
          "gitId": "Hotspur1997"
        },
        "content": "                            case \"todo\":"
      },
      {
        "lineNumber": 30,
        "author": {
          "gitId": "Hotspur1997"
        },
        "content": "                                schedule.add(parser.createToDo());"
      },
      {
        "lineNumber": 31,
        "author": {
          "gitId": "Hotspur1997"
        },
        "content": "                                break;"
      },
      {
        "lineNumber": 32,
        "author": {
          "gitId": "Hotspur1997"
        },
        "content": ""
      },
      {
        "lineNumber": 33,
        "author": {
          "gitId": "Hotspur1997"
        },
        "content": "                            case \"event\":"
      },
      {
        "lineNumber": 34,
        "author": {
          "gitId": "Hotspur1997"
        },
        "content": "                                schedule.add(parser.createEvent());"
      },
      {
        "lineNumber": 35,
        "author": {
          "gitId": "Hotspur1997"
        },
        "content": "                                break;"
      },
      {
        "lineNumber": 36,
        "author": {
          "gitId": "Hotspur1997"
        },
        "content": ""
      },
      {
        "lineNumber": 37,
        "author": {
          "gitId": "Hotspur1997"
        },
        "content": "                            case \"deadline\":"
      },
      {
        "lineNumber": 38,
        "author": {
          "gitId": "Hotspur1997"
        },
        "content": "                                schedule.add(parser.createDeadline());"
      },
      {
        "lineNumber": 39,
        "author": {
          "gitId": "Hotspur1997"
        },
        "content": "                                break;"
      },
      {
        "lineNumber": 40,
        "author": {
          "gitId": "Hotspur1997"
        },
        "content": ""
      },
      {
        "lineNumber": 41,
        "author": {
          "gitId": "Hotspur1997"
        },
        "content": "                            default:"
      },
      {
        "lineNumber": 42,
        "author": {
          "gitId": "Hotspur1997"
        },
        "content": "                                throw new DukeException(\"☹ OOPS!!! I\u0027m sorry, but I don\u0027t know what that means :-(\");"
      },
      {
        "lineNumber": 43,
        "author": {
          "gitId": "Hotspur1997"
        },
        "content": "                        }"
      },
      {
        "lineNumber": 44,
        "author": {
          "gitId": "Hotspur1997"
        },
        "content": "                    }"
      },
      {
        "lineNumber": 45,
        "author": {
          "gitId": "Hotspur1997"
        },
        "content": "                }"
      },
      {
        "lineNumber": 46,
        "author": {
          "gitId": "Hotspur1997"
        },
        "content": "            } else {"
      },
      {
        "lineNumber": 47,
        "author": {
          "gitId": "Hotspur1997"
        },
        "content": "                fileManager.save_file(schedule.retrieve_list());"
      },
      {
        "lineNumber": 48,
        "author": {
          "gitId": "Hotspur1997"
        },
        "content": "                System.out.println(\"Bye. Hope to see you again soon!\");"
      },
      {
        "lineNumber": 49,
        "author": {
          "gitId": "Hotspur1997"
        },
        "content": "                break;"
      },
      {
        "lineNumber": 50,
        "author": {
          "gitId": "Hotspur1997"
        },
        "content": "            }"
      },
      {
        "lineNumber": 51,
        "author": {
          "gitId": "Hotspur1997"
        },
        "content": "        }"
      },
      {
        "lineNumber": 52,
        "author": {
          "gitId": "-"
        },
        "content": "    }"
      },
      {
        "lineNumber": 53,
        "author": {
          "gitId": "-"
        },
        "content": "}"
      }
    ],
    "authorContributionMap": {
      "Hotspur1997": 44,
      "-": 9
    }
  },
  {
    "path": "src/main/java/DukeException.java",
    "lines": [
      {
        "lineNumber": 1,
        "author": {
          "gitId": "Hotspur1997"
        },
        "content": "public class DukeException extends Exception {"
      },
      {
        "lineNumber": 2,
        "author": {
          "gitId": "Hotspur1997"
        },
        "content": "    public DukeException(String message) {"
      },
      {
        "lineNumber": 3,
        "author": {
          "gitId": "Hotspur1997"
        },
        "content": "        super(message);"
      },
      {
        "lineNumber": 4,
        "author": {
          "gitId": "Hotspur1997"
        },
        "content": "    }"
      },
      {
        "lineNumber": 5,
        "author": {
          "gitId": "Hotspur1997"
        },
        "content": "}"
      }
    ],
    "authorContributionMap": {
      "Hotspur1997": 5
    }
  },
  {
    "path": "src/main/java/Event.java",
    "lines": [
      {
        "lineNumber": 1,
        "author": {
          "gitId": "Hotspur1997"
        },
        "content": "import java.time.LocalDateTime;"
      },
      {
        "lineNumber": 2,
        "author": {
          "gitId": "Hotspur1997"
        },
        "content": ""
      },
      {
        "lineNumber": 3,
        "author": {
          "gitId": "Hotspur1997"
        },
        "content": "public class Event extends Request {"
      },
      {
        "lineNumber": 4,
        "author": {
          "gitId": "Hotspur1997"
        },
        "content": "    private LocalDateTime dtime;"
      },
      {
        "lineNumber": 5,
        "author": {
          "gitId": "Hotspur1997"
        },
        "content": "    private String dt_string;"
      },
      {
        "lineNumber": 6,
        "author": {
          "gitId": "Hotspur1997"
        },
        "content": "    public Event(String description, LocalDateTime dtime) {"
      },
      {
        "lineNumber": 7,
        "author": {
          "gitId": "Hotspur1997"
        },
        "content": "        super(description);"
      },
      {
        "lineNumber": 8,
        "author": {
          "gitId": "Hotspur1997"
        },
        "content": "        this.dtime \u003d dtime;"
      },
      {
        "lineNumber": 9,
        "author": {
          "gitId": "Hotspur1997"
        },
        "content": "    }"
      },
      {
        "lineNumber": 10,
        "author": {
          "gitId": "Hotspur1997"
        },
        "content": "    public Event(String description, String dt_string) {"
      },
      {
        "lineNumber": 11,
        "author": {
          "gitId": "Hotspur1997"
        },
        "content": "        super(description);"
      },
      {
        "lineNumber": 12,
        "author": {
          "gitId": "Hotspur1997"
        },
        "content": "        this.dt_string \u003d dt_string;"
      },
      {
        "lineNumber": 13,
        "author": {
          "gitId": "Hotspur1997"
        },
        "content": "    }"
      },
      {
        "lineNumber": 14,
        "author": {
          "gitId": "Hotspur1997"
        },
        "content": ""
      },
      {
        "lineNumber": 15,
        "author": {
          "gitId": "Hotspur1997"
        },
        "content": "    @Override"
      },
      {
        "lineNumber": 16,
        "author": {
          "gitId": "Hotspur1997"
        },
        "content": "    public String print_req() {"
      },
      {
        "lineNumber": 17,
        "author": {
          "gitId": "Hotspur1997"
        },
        "content": "        return \"[E]\" + result() + \" \" + getName() + \" (at: \" + (dtime \u003d\u003d null ? dt_string: dtime.toString()) + \")\";"
      },
      {
        "lineNumber": 18,
        "author": {
          "gitId": "Hotspur1997"
        },
        "content": "    }"
      },
      {
        "lineNumber": 19,
        "author": {
          "gitId": "Hotspur1997"
        },
        "content": "    @Override"
      },
      {
        "lineNumber": 20,
        "author": {
          "gitId": "Hotspur1997"
        },
        "content": "    public String file_format() {"
      },
      {
        "lineNumber": 21,
        "author": {
          "gitId": "Hotspur1997"
        },
        "content": "        return \"E | \" + index() + \" | \" + getName() + \" | \" + (dtime \u003d\u003d null ? dt_string: dtime.toString());"
      },
      {
        "lineNumber": 22,
        "author": {
          "gitId": "Hotspur1997"
        },
        "content": "    }"
      },
      {
        "lineNumber": 23,
        "author": {
          "gitId": "Hotspur1997"
        },
        "content": "}"
      }
    ],
    "authorContributionMap": {
      "Hotspur1997": 23
    }
  },
  {
    "path": "src/main/java/FileParse.java",
    "lines": [
      {
        "lineNumber": 1,
        "author": {
          "gitId": "Hotspur1997"
        },
        "content": "import java.io.File;"
      },
      {
        "lineNumber": 2,
        "author": {
          "gitId": "Hotspur1997"
        },
        "content": "import java.io.FileWriter;"
      },
      {
        "lineNumber": 3,
        "author": {
          "gitId": "Hotspur1997"
        },
        "content": "import java.io.IOException;"
      },
      {
        "lineNumber": 4,
        "author": {
          "gitId": "Hotspur1997"
        },
        "content": "import java.util.ArrayList;"
      },
      {
        "lineNumber": 5,
        "author": {
          "gitId": "Hotspur1997"
        },
        "content": "import java.util.Scanner;"
      },
      {
        "lineNumber": 6,
        "author": {
          "gitId": "Hotspur1997"
        },
        "content": ""
      },
      {
        "lineNumber": 7,
        "author": {
          "gitId": "Hotspur1997"
        },
        "content": "public class FileParse {"
      },
      {
        "lineNumber": 8,
        "author": {
          "gitId": "Hotspur1997"
        },
        "content": "    private DateTimeParser dt_parser \u003d new DateTimeParser();"
      },
      {
        "lineNumber": 9,
        "author": {
          "gitId": "Hotspur1997"
        },
        "content": "    private String filePath \u003d \"./src/main/Data/duke.txt\";"
      },
      {
        "lineNumber": 10,
        "author": {
          "gitId": "Hotspur1997"
        },
        "content": "    public void save_file(ArrayList\u003cRequest\u003e list) throws DukeException {"
      },
      {
        "lineNumber": 11,
        "author": {
          "gitId": "Hotspur1997"
        },
        "content": "        File f \u003d new File(filePath);"
      },
      {
        "lineNumber": 12,
        "author": {
          "gitId": "Hotspur1997"
        },
        "content": "        try {"
      },
      {
        "lineNumber": 13,
        "author": {
          "gitId": "Hotspur1997"
        },
        "content": "            FileWriter fileWriter \u003d new FileWriter(f);"
      },
      {
        "lineNumber": 14,
        "author": {
          "gitId": "Hotspur1997"
        },
        "content": "            for (Request t: list) {"
      },
      {
        "lineNumber": 15,
        "author": {
          "gitId": "Hotspur1997"
        },
        "content": "                String line \u003d null;"
      },
      {
        "lineNumber": 16,
        "author": {
          "gitId": "Hotspur1997"
        },
        "content": "                if (t instanceof Deadline) {"
      },
      {
        "lineNumber": 17,
        "author": {
          "gitId": "Hotspur1997"
        },
        "content": "                    line \u003d ((Deadline)t).file_format();"
      },
      {
        "lineNumber": 18,
        "author": {
          "gitId": "Hotspur1997"
        },
        "content": "                } else if (t instanceof Event) {"
      },
      {
        "lineNumber": 19,
        "author": {
          "gitId": "Hotspur1997"
        },
        "content": "                    line \u003d ((Event)t).file_format();"
      },
      {
        "lineNumber": 20,
        "author": {
          "gitId": "Hotspur1997"
        },
        "content": "                } else if (t instanceof ToDo) {"
      },
      {
        "lineNumber": 21,
        "author": {
          "gitId": "Hotspur1997"
        },
        "content": "                    line \u003d ((ToDo)t).file_format();"
      },
      {
        "lineNumber": 22,
        "author": {
          "gitId": "Hotspur1997"
        },
        "content": "                }"
      },
      {
        "lineNumber": 23,
        "author": {
          "gitId": "Hotspur1997"
        },
        "content": "                fileWriter.write(line + \"\\n\");"
      },
      {
        "lineNumber": 24,
        "author": {
          "gitId": "Hotspur1997"
        },
        "content": "            }"
      },
      {
        "lineNumber": 25,
        "author": {
          "gitId": "Hotspur1997"
        },
        "content": "            fileWriter.close();"
      },
      {
        "lineNumber": 26,
        "author": {
          "gitId": "Hotspur1997"
        },
        "content": "        } catch (Exception e) {"
      },
      {
        "lineNumber": 27,
        "author": {
          "gitId": "Hotspur1997"
        },
        "content": "            throw new DukeException(\"File error is: \" + e.getMessage());"
      },
      {
        "lineNumber": 28,
        "author": {
          "gitId": "Hotspur1997"
        },
        "content": "        }"
      },
      {
        "lineNumber": 29,
        "author": {
          "gitId": "Hotspur1997"
        },
        "content": "    }"
      },
      {
        "lineNumber": 30,
        "author": {
          "gitId": "Hotspur1997"
        },
        "content": "    public void line_parse(Task schedule, String line) throws DukeException{"
      },
      {
        "lineNumber": 31,
        "author": {
          "gitId": "Hotspur1997"
        },
        "content": "         String[] token \u003d line.split(\"\\\\|\");"
      },
      {
        "lineNumber": 32,
        "author": {
          "gitId": "Hotspur1997"
        },
        "content": "         try {"
      },
      {
        "lineNumber": 33,
        "author": {
          "gitId": "Hotspur1997"
        },
        "content": "             String type \u003d token[0].strip();"
      },
      {
        "lineNumber": 34,
        "author": {
          "gitId": "Hotspur1997"
        },
        "content": "             String status \u003d token[1].strip();"
      },
      {
        "lineNumber": 35,
        "author": {
          "gitId": "Hotspur1997"
        },
        "content": "             String description \u003d token[2].strip();"
      },
      {
        "lineNumber": 36,
        "author": {
          "gitId": "Hotspur1997"
        },
        "content": "             ArrayList\u003cRequest\u003e to_do \u003d schedule.retrieve_list();"
      },
      {
        "lineNumber": 37,
        "author": {
          "gitId": "Hotspur1997"
        },
        "content": "             if (type.equals(\"D\")) {"
      },
      {
        "lineNumber": 38,
        "author": {
          "gitId": "Hotspur1997"
        },
        "content": "                 try {"
      },
      {
        "lineNumber": 39,
        "author": {
          "gitId": "Hotspur1997"
        },
        "content": "                     to_do.add(new Deadline(description, dt_parser.parseStringToDate(token[3].strip())));"
      },
      {
        "lineNumber": 40,
        "author": {
          "gitId": "Hotspur1997"
        },
        "content": "                 } catch (DukeException e) {"
      },
      {
        "lineNumber": 41,
        "author": {
          "gitId": "Hotspur1997"
        },
        "content": "                     to_do.add(new Deadline(description, token[3].strip()));"
      },
      {
        "lineNumber": 42,
        "author": {
          "gitId": "Hotspur1997"
        },
        "content": "                 }"
      },
      {
        "lineNumber": 43,
        "author": {
          "gitId": "Hotspur1997"
        },
        "content": "             } else if (type.equals(\"E\")) {"
      },
      {
        "lineNumber": 44,
        "author": {
          "gitId": "Hotspur1997"
        },
        "content": "                 try {"
      },
      {
        "lineNumber": 45,
        "author": {
          "gitId": "Hotspur1997"
        },
        "content": "                     to_do.add(new Event(description, dt_parser.parseStringToDate(token[3].strip())));"
      },
      {
        "lineNumber": 46,
        "author": {
          "gitId": "Hotspur1997"
        },
        "content": "                 } catch (DukeException e) {"
      },
      {
        "lineNumber": 47,
        "author": {
          "gitId": "Hotspur1997"
        },
        "content": "                     to_do.add(new Event(description, token[3].strip()));"
      },
      {
        "lineNumber": 48,
        "author": {
          "gitId": "Hotspur1997"
        },
        "content": "                 }"
      },
      {
        "lineNumber": 49,
        "author": {
          "gitId": "Hotspur1997"
        },
        "content": "             } else if (type.equals(\"T\")) {"
      },
      {
        "lineNumber": 50,
        "author": {
          "gitId": "Hotspur1997"
        },
        "content": "                 to_do.add(new ToDo(description));"
      },
      {
        "lineNumber": 51,
        "author": {
          "gitId": "Hotspur1997"
        },
        "content": "             }"
      },
      {
        "lineNumber": 52,
        "author": {
          "gitId": "Hotspur1997"
        },
        "content": "             if (status.equals(\"1\")) to_do.get(to_do.size() - 1).markAsDone();"
      },
      {
        "lineNumber": 53,
        "author": {
          "gitId": "Hotspur1997"
        },
        "content": "         } catch(Exception e) {"
      },
      {
        "lineNumber": 54,
        "author": {
          "gitId": "Hotspur1997"
        },
        "content": "             throw new DukeException (e.getMessage());"
      },
      {
        "lineNumber": 55,
        "author": {
          "gitId": "Hotspur1997"
        },
        "content": "         }"
      },
      {
        "lineNumber": 56,
        "author": {
          "gitId": "Hotspur1997"
        },
        "content": "    }"
      },
      {
        "lineNumber": 57,
        "author": {
          "gitId": "Hotspur1997"
        },
        "content": "    public void load_file(Task schedule) throws DukeException {"
      },
      {
        "lineNumber": 58,
        "author": {
          "gitId": "Hotspur1997"
        },
        "content": "        try {"
      },
      {
        "lineNumber": 59,
        "author": {
          "gitId": "Hotspur1997"
        },
        "content": "            File f \u003d new File(filePath);"
      },
      {
        "lineNumber": 60,
        "author": {
          "gitId": "Hotspur1997"
        },
        "content": "            Scanner fileReader \u003d new Scanner(f);"
      },
      {
        "lineNumber": 61,
        "author": {
          "gitId": "Hotspur1997"
        },
        "content": "            while (fileReader.hasNext()) line_parse(schedule, fileReader.nextLine());"
      },
      {
        "lineNumber": 62,
        "author": {
          "gitId": "Hotspur1997"
        },
        "content": "        } catch (Exception e) {"
      },
      {
        "lineNumber": 63,
        "author": {
          "gitId": "Hotspur1997"
        },
        "content": "            throw new DukeException(e.getMessage());"
      },
      {
        "lineNumber": 64,
        "author": {
          "gitId": "Hotspur1997"
        },
        "content": "        }"
      },
      {
        "lineNumber": 65,
        "author": {
          "gitId": "Hotspur1997"
        },
        "content": "    }"
      },
      {
        "lineNumber": 66,
        "author": {
          "gitId": "Hotspur1997"
        },
        "content": "}"
      }
    ],
    "authorContributionMap": {
      "Hotspur1997": 66
    }
  },
  {
    "path": "src/main/java/Parser.java",
    "lines": [
      {
        "lineNumber": 1,
        "author": {
          "gitId": "Hotspur1997"
        },
        "content": "public class Parser {"
      },
      {
        "lineNumber": 2,
        "author": {
          "gitId": "Hotspur1997"
        },
        "content": "    private String command;"
      },
      {
        "lineNumber": 3,
        "author": {
          "gitId": "Hotspur1997"
        },
        "content": "    private DateTimeParser dt_parser \u003d new DateTimeParser();"
      },
      {
        "lineNumber": 4,
        "author": {
          "gitId": "Hotspur1997"
        },
        "content": "    public Parser(String command) {"
      },
      {
        "lineNumber": 5,
        "author": {
          "gitId": "Hotspur1997"
        },
        "content": "        this.command \u003d command;"
      },
      {
        "lineNumber": 6,
        "author": {
          "gitId": "Hotspur1997"
        },
        "content": "    }"
      },
      {
        "lineNumber": 7,
        "author": {
          "gitId": "Hotspur1997"
        },
        "content": "    public String Type() {"
      },
      {
        "lineNumber": 8,
        "author": {
          "gitId": "Hotspur1997"
        },
        "content": "        String[] token \u003d command.split(\" \");"
      },
      {
        "lineNumber": 9,
        "author": {
          "gitId": "Hotspur1997"
        },
        "content": "       return token[0];"
      },
      {
        "lineNumber": 10,
        "author": {
          "gitId": "Hotspur1997"
        },
        "content": "    }"
      },
      {
        "lineNumber": 11,
        "author": {
          "gitId": "Hotspur1997"
        },
        "content": "    public Deadline createDeadline() throws DukeException{"
      },
      {
        "lineNumber": 12,
        "author": {
          "gitId": "Hotspur1997"
        },
        "content": "        String[] token \u003d command.substring(\"deadline\".length()).strip().split(\"/by\");"
      },
      {
        "lineNumber": 13,
        "author": {
          "gitId": "Hotspur1997"
        },
        "content": "        if (token.length !\u003d 2 || token[1] \u003d\u003d null) {"
      },
      {
        "lineNumber": 14,
        "author": {
          "gitId": "Hotspur1997"
        },
        "content": "            throw new DukeException(\" ☹ OOPS!!! The description of a deadline cannot be empty.\");"
      },
      {
        "lineNumber": 15,
        "author": {
          "gitId": "Hotspur1997"
        },
        "content": "        }"
      },
      {
        "lineNumber": 16,
        "author": {
          "gitId": "Hotspur1997"
        },
        "content": "        if (token[0].strip().isEmpty()) {"
      },
      {
        "lineNumber": 17,
        "author": {
          "gitId": "Hotspur1997"
        },
        "content": "            throw new DukeException(\" ☹ OOPS!!!  The deadline description must be formatted correctly.\");"
      },
      {
        "lineNumber": 18,
        "author": {
          "gitId": "Hotspur1997"
        },
        "content": "        }"
      },
      {
        "lineNumber": 19,
        "author": {
          "gitId": "Hotspur1997"
        },
        "content": "        try {"
      },
      {
        "lineNumber": 20,
        "author": {
          "gitId": "Hotspur1997"
        },
        "content": "            return new Deadline(token[0].strip(), dt_parser.parseStringToDate(token[1].strip()));"
      },
      {
        "lineNumber": 21,
        "author": {
          "gitId": "Hotspur1997"
        },
        "content": "        } catch (DukeException e) {"
      },
      {
        "lineNumber": 22,
        "author": {
          "gitId": "Hotspur1997"
        },
        "content": "            return new Deadline(token[0].strip(),token[1].strip());"
      },
      {
        "lineNumber": 23,
        "author": {
          "gitId": "Hotspur1997"
        },
        "content": "        }"
      },
      {
        "lineNumber": 24,
        "author": {
          "gitId": "Hotspur1997"
        },
        "content": "    }"
      },
      {
        "lineNumber": 25,
        "author": {
          "gitId": "Hotspur1997"
        },
        "content": "    public Event createEvent() throws DukeException {"
      },
      {
        "lineNumber": 26,
        "author": {
          "gitId": "Hotspur1997"
        },
        "content": "        String[] token \u003d command.substring(\"event\".length()).strip().split(\"/at\");"
      },
      {
        "lineNumber": 27,
        "author": {
          "gitId": "Hotspur1997"
        },
        "content": "        if (token.length !\u003d 2 || token[1] \u003d\u003d null) {"
      },
      {
        "lineNumber": 28,
        "author": {
          "gitId": "Hotspur1997"
        },
        "content": "            throw new DukeException(\" ☹ OOPS!!! The description of an event cannot be empty.\");"
      },
      {
        "lineNumber": 29,
        "author": {
          "gitId": "Hotspur1997"
        },
        "content": "        }"
      },
      {
        "lineNumber": 30,
        "author": {
          "gitId": "Hotspur1997"
        },
        "content": "        if (token[0].strip().isEmpty()) {"
      },
      {
        "lineNumber": 31,
        "author": {
          "gitId": "Hotspur1997"
        },
        "content": "            throw new DukeException(\" ☹ OOPS!!!  The deadline description must be formatted correctly.\");"
      },
      {
        "lineNumber": 32,
        "author": {
          "gitId": "Hotspur1997"
        },
        "content": "        }"
      },
      {
        "lineNumber": 33,
        "author": {
          "gitId": "Hotspur1997"
        },
        "content": "        try {"
      },
      {
        "lineNumber": 34,
        "author": {
          "gitId": "Hotspur1997"
        },
        "content": "            return new Event(token[0].strip(), dt_parser.parseStringToDate(token[1].strip()));"
      },
      {
        "lineNumber": 35,
        "author": {
          "gitId": "Hotspur1997"
        },
        "content": "        } catch (DukeException e) {"
      },
      {
        "lineNumber": 36,
        "author": {
          "gitId": "Hotspur1997"
        },
        "content": "            return new Event(token[0].strip(),token[1].strip());"
      },
      {
        "lineNumber": 37,
        "author": {
          "gitId": "Hotspur1997"
        },
        "content": "        }"
      },
      {
        "lineNumber": 38,
        "author": {
          "gitId": "Hotspur1997"
        },
        "content": "    }"
      },
      {
        "lineNumber": 39,
        "author": {
          "gitId": "Hotspur1997"
        },
        "content": "    public ToDo createToDo() throws DukeException {"
      },
      {
        "lineNumber": 40,
        "author": {
          "gitId": "Hotspur1997"
        },
        "content": "        String token \u003d command.substring(\"todo\".length()).strip();"
      },
      {
        "lineNumber": 41,
        "author": {
          "gitId": "Hotspur1997"
        },
        "content": "        if (token.strip().isEmpty()) {"
      },
      {
        "lineNumber": 42,
        "author": {
          "gitId": "Hotspur1997"
        },
        "content": "            throw new DukeException(\" ☹ OOPS!!! The description of a todo cannot be empty.\");"
      },
      {
        "lineNumber": 43,
        "author": {
          "gitId": "Hotspur1997"
        },
        "content": "        }"
      },
      {
        "lineNumber": 44,
        "author": {
          "gitId": "Hotspur1997"
        },
        "content": "        return new ToDo(token);"
      },
      {
        "lineNumber": 45,
        "author": {
          "gitId": "Hotspur1997"
        },
        "content": "    }"
      },
      {
        "lineNumber": 46,
        "author": {
          "gitId": "Hotspur1997"
        },
        "content": "}"
      }
    ],
    "authorContributionMap": {
      "Hotspur1997": 46
    }
  },
  {
    "path": "src/main/java/Task.java",
    "lines": [
      {
        "lineNumber": 1,
        "author": {
          "gitId": "Hotspur1997"
        },
        "content": "import java.util.ArrayList;"
      },
      {
        "lineNumber": 2,
        "author": {
          "gitId": "Hotspur1997"
        },
        "content": ""
      },
      {
        "lineNumber": 3,
        "author": {
          "gitId": "Hotspur1997"
        },
        "content": "class Request { //controls each element inside the to-do list"
      },
      {
        "lineNumber": 4,
        "author": {
          "gitId": "Hotspur1997"
        },
        "content": "    private String name;"
      },
      {
        "lineNumber": 5,
        "author": {
          "gitId": "Hotspur1997"
        },
        "content": "    private boolean completed;"
      },
      {
        "lineNumber": 6,
        "author": {
          "gitId": "Hotspur1997"
        },
        "content": ""
      },
      {
        "lineNumber": 7,
        "author": {
          "gitId": "Hotspur1997"
        },
        "content": "    public Request(String name) {"
      },
      {
        "lineNumber": 8,
        "author": {
          "gitId": "Hotspur1997"
        },
        "content": "        this.name \u003d name;"
      },
      {
        "lineNumber": 9,
        "author": {
          "gitId": "Hotspur1997"
        },
        "content": "        this.completed \u003d false;"
      },
      {
        "lineNumber": 10,
        "author": {
          "gitId": "Hotspur1997"
        },
        "content": "    }"
      },
      {
        "lineNumber": 11,
        "author": {
          "gitId": "Hotspur1997"
        },
        "content": ""
      },
      {
        "lineNumber": 12,
        "author": {
          "gitId": "Hotspur1997"
        },
        "content": "    public void markAsDone() {"
      },
      {
        "lineNumber": 13,
        "author": {
          "gitId": "Hotspur1997"
        },
        "content": "        completed \u003d true;"
      },
      {
        "lineNumber": 14,
        "author": {
          "gitId": "Hotspur1997"
        },
        "content": "    }"
      },
      {
        "lineNumber": 15,
        "author": {
          "gitId": "Hotspur1997"
        },
        "content": ""
      },
      {
        "lineNumber": 16,
        "author": {
          "gitId": "Hotspur1997"
        },
        "content": "    //returns the symbol to be printed depending on the status of the item"
      },
      {
        "lineNumber": 17,
        "author": {
          "gitId": "Hotspur1997"
        },
        "content": "    public String result() {"
      },
      {
        "lineNumber": 18,
        "author": {
          "gitId": "Hotspur1997"
        },
        "content": "        return (completed ? \"[✓]\" : \"[✗]\");"
      },
      {
        "lineNumber": 19,
        "author": {
          "gitId": "Hotspur1997"
        },
        "content": "    }"
      },
      {
        "lineNumber": 20,
        "author": {
          "gitId": "Hotspur1997"
        },
        "content": ""
      },
      {
        "lineNumber": 21,
        "author": {
          "gitId": "Hotspur1997"
        },
        "content": "    public String getName() {"
      },
      {
        "lineNumber": 22,
        "author": {
          "gitId": "Hotspur1997"
        },
        "content": "        return name;"
      },
      {
        "lineNumber": 23,
        "author": {
          "gitId": "Hotspur1997"
        },
        "content": "    }"
      },
      {
        "lineNumber": 24,
        "author": {
          "gitId": "Hotspur1997"
        },
        "content": "    public String print_req() {"
      },
      {
        "lineNumber": 25,
        "author": {
          "gitId": "Hotspur1997"
        },
        "content": "        return result() + \" \" + name;"
      },
      {
        "lineNumber": 26,
        "author": {
          "gitId": "Hotspur1997"
        },
        "content": "    }"
      },
      {
        "lineNumber": 27,
        "author": {
          "gitId": "Hotspur1997"
        },
        "content": "    public int index() {"
      },
      {
        "lineNumber": 28,
        "author": {
          "gitId": "Hotspur1997"
        },
        "content": "        return (completed ? 1 : 0);"
      },
      {
        "lineNumber": 29,
        "author": {
          "gitId": "Hotspur1997"
        },
        "content": "    }"
      },
      {
        "lineNumber": 30,
        "author": {
          "gitId": "Hotspur1997"
        },
        "content": "    public String file_format() {"
      },
      {
        "lineNumber": 31,
        "author": {
          "gitId": "Hotspur1997"
        },
        "content": "        return \"\";"
      },
      {
        "lineNumber": 32,
        "author": {
          "gitId": "Hotspur1997"
        },
        "content": "    }"
      },
      {
        "lineNumber": 33,
        "author": {
          "gitId": "Hotspur1997"
        },
        "content": "}"
      },
      {
        "lineNumber": 34,
        "author": {
          "gitId": "Hotspur1997"
        },
        "content": ""
      },
      {
        "lineNumber": 35,
        "author": {
          "gitId": "Hotspur1997"
        },
        "content": "class Task { //this is the controller of the entire to-do list"
      },
      {
        "lineNumber": 36,
        "author": {
          "gitId": "Hotspur1997"
        },
        "content": "    private ArrayList\u003cRequest\u003e to_do;"
      },
      {
        "lineNumber": 37,
        "author": {
          "gitId": "Hotspur1997"
        },
        "content": ""
      },
      {
        "lineNumber": 38,
        "author": {
          "gitId": "Hotspur1997"
        },
        "content": "    public Task() {"
      },
      {
        "lineNumber": 39,
        "author": {
          "gitId": "Hotspur1997"
        },
        "content": "        to_do \u003d new ArrayList\u003c\u003e();"
      },
      {
        "lineNumber": 40,
        "author": {
          "gitId": "Hotspur1997"
        },
        "content": "    }"
      },
      {
        "lineNumber": 41,
        "author": {
          "gitId": "Hotspur1997"
        },
        "content": ""
      },
      {
        "lineNumber": 42,
        "author": {
          "gitId": "Hotspur1997"
        },
        "content": "    //adds item inside to-do list"
      },
      {
        "lineNumber": 43,
        "author": {
          "gitId": "Hotspur1997"
        },
        "content": "    public void add(Request d) {"
      },
      {
        "lineNumber": 44,
        "author": {
          "gitId": "Hotspur1997"
        },
        "content": "        to_do.add(d);"
      },
      {
        "lineNumber": 45,
        "author": {
          "gitId": "Hotspur1997"
        },
        "content": "        System.out.println(\"Got it. I\u0027ve added this task: \");"
      },
      {
        "lineNumber": 46,
        "author": {
          "gitId": "Hotspur1997"
        },
        "content": "        System.out.println(d.print_req());"
      },
      {
        "lineNumber": 47,
        "author": {
          "gitId": "Hotspur1997"
        },
        "content": "        System.out.println(\"Now you have \" + to_do.size() + \" tasks in the list.\");"
      },
      {
        "lineNumber": 48,
        "author": {
          "gitId": "Hotspur1997"
        },
        "content": "    }"
      },
      {
        "lineNumber": 49,
        "author": {
          "gitId": "Hotspur1997"
        },
        "content": ""
      },
      {
        "lineNumber": 50,
        "author": {
          "gitId": "Hotspur1997"
        },
        "content": "    //marks the queried item as done"
      },
      {
        "lineNumber": 51,
        "author": {
          "gitId": "Hotspur1997"
        },
        "content": "    public void update_list(String request) throws IndexOutOfBoundsException {"
      },
      {
        "lineNumber": 52,
        "author": {
          "gitId": "Hotspur1997"
        },
        "content": "        int index \u003d Integer.parseInt(request);"
      },
      {
        "lineNumber": 53,
        "author": {
          "gitId": "Hotspur1997"
        },
        "content": "        index--;"
      },
      {
        "lineNumber": 54,
        "author": {
          "gitId": "Hotspur1997"
        },
        "content": "        try {"
      },
      {
        "lineNumber": 55,
        "author": {
          "gitId": "Hotspur1997"
        },
        "content": "            to_do.get(index).markAsDone();"
      },
      {
        "lineNumber": 56,
        "author": {
          "gitId": "Hotspur1997"
        },
        "content": "            System.out.println(\"Nice! I\u0027ve marked this task as done\");"
      },
      {
        "lineNumber": 57,
        "author": {
          "gitId": "Hotspur1997"
        },
        "content": "            System.out.println(\"[✓] \" + to_do.get(index).getName());"
      },
      {
        "lineNumber": 58,
        "author": {
          "gitId": "Hotspur1997"
        },
        "content": "        } catch (IndexOutOfBoundsException e) {"
      },
      {
        "lineNumber": 59,
        "author": {
          "gitId": "Hotspur1997"
        },
        "content": "            throw new IndexOutOfBoundsException(\"There are not that many tasks in the list please try again\");"
      },
      {
        "lineNumber": 60,
        "author": {
          "gitId": "Hotspur1997"
        },
        "content": "        }"
      },
      {
        "lineNumber": 61,
        "author": {
          "gitId": "Hotspur1997"
        },
        "content": "    }"
      },
      {
        "lineNumber": 62,
        "author": {
          "gitId": "Hotspur1997"
        },
        "content": ""
      },
      {
        "lineNumber": 63,
        "author": {
          "gitId": "Hotspur1997"
        },
        "content": "    //prints the entire list"
      },
      {
        "lineNumber": 64,
        "author": {
          "gitId": "Hotspur1997"
        },
        "content": "    public void print_list() {"
      },
      {
        "lineNumber": 65,
        "author": {
          "gitId": "Hotspur1997"
        },
        "content": "        System.out.println(\"Here are the tasks in your list:\");"
      },
      {
        "lineNumber": 66,
        "author": {
          "gitId": "Hotspur1997"
        },
        "content": "        for (int i \u003d 0; i \u003c to_do.size(); i++) {"
      },
      {
        "lineNumber": 67,
        "author": {
          "gitId": "Hotspur1997"
        },
        "content": "            System.out.println((i + 1) + \".\" + to_do.get(i).print_req());"
      },
      {
        "lineNumber": 68,
        "author": {
          "gitId": "Hotspur1997"
        },
        "content": "        }"
      },
      {
        "lineNumber": 69,
        "author": {
          "gitId": "Hotspur1997"
        },
        "content": "    }"
      },
      {
        "lineNumber": 70,
        "author": {
          "gitId": "Hotspur1997"
        },
        "content": ""
      },
      {
        "lineNumber": 71,
        "author": {
          "gitId": "Hotspur1997"
        },
        "content": "    public ArrayList\u003cRequest\u003e retrieve_list() {"
      },
      {
        "lineNumber": 72,
        "author": {
          "gitId": "Hotspur1997"
        },
        "content": "        return to_do;"
      },
      {
        "lineNumber": 73,
        "author": {
          "gitId": "Hotspur1997"
        },
        "content": "    }"
      },
      {
        "lineNumber": 74,
        "author": {
          "gitId": "Hotspur1997"
        },
        "content": "}"
      }
    ],
    "authorContributionMap": {
      "Hotspur1997": 74
    }
  },
  {
    "path": "src/main/java/ToDo.java",
    "lines": [
      {
        "lineNumber": 1,
        "author": {
          "gitId": "Hotspur1997"
        },
        "content": "public class ToDo extends Request {"
      },
      {
        "lineNumber": 2,
        "author": {
          "gitId": "Hotspur1997"
        },
        "content": "    public ToDo(String description) {"
      },
      {
        "lineNumber": 3,
        "author": {
          "gitId": "Hotspur1997"
        },
        "content": "        super(description);"
      },
      {
        "lineNumber": 4,
        "author": {
          "gitId": "Hotspur1997"
        },
        "content": "    }"
      },
      {
        "lineNumber": 5,
        "author": {
          "gitId": "Hotspur1997"
        },
        "content": "    @Override"
      },
      {
        "lineNumber": 6,
        "author": {
          "gitId": "Hotspur1997"
        },
        "content": "    public String print_req() {"
      },
      {
        "lineNumber": 7,
        "author": {
          "gitId": "Hotspur1997"
        },
        "content": "        return \"[T]\" + result() + \" \" + getName();"
      },
      {
        "lineNumber": 8,
        "author": {
          "gitId": "Hotspur1997"
        },
        "content": "    }"
      },
      {
        "lineNumber": 9,
        "author": {
          "gitId": "Hotspur1997"
        },
        "content": "    @Override"
      },
      {
        "lineNumber": 10,
        "author": {
          "gitId": "Hotspur1997"
        },
        "content": "    public String file_format() {"
      },
      {
        "lineNumber": 11,
        "author": {
          "gitId": "Hotspur1997"
        },
        "content": "        return \"T | \" + index() + \" | \" + getName();"
      },
      {
        "lineNumber": 12,
        "author": {
          "gitId": "Hotspur1997"
        },
        "content": "    }"
      },
      {
        "lineNumber": 13,
        "author": {
          "gitId": "Hotspur1997"
        },
        "content": "}"
      }
    ],
    "authorContributionMap": {
      "Hotspur1997": 13
    }
  }
]
