[
  {
    "path": "build.gradle",
    "fileType": "gradle",
    "lines": [
      {
        "lineNumber": 1,
        "author": {
          "gitId": "Jeffry Lum"
        },
        "content": "plugins {"
      },
      {
        "lineNumber": 2,
        "author": {
          "gitId": "Jeffry Lum"
        },
        "content": "    id \u0027java\u0027"
      },
      {
        "lineNumber": 3,
        "author": {
          "gitId": "Jeffry Lum"
        },
        "content": "    id \u0027application\u0027"
      },
      {
        "lineNumber": 4,
        "author": {
          "gitId": "GlenWong97"
        },
        "content": "    id \u0027checkstyle\u0027"
      },
      {
        "lineNumber": 5,
        "author": {
          "gitId": "GlenWong97"
        },
        "content": "    id \u0027com.github.johnrengelman.shadow\u0027 version \u00275.1.0\u0027"
      },
      {
        "lineNumber": 6,
        "author": {
          "gitId": "Jeffry Lum"
        },
        "content": "}"
      },
      {
        "lineNumber": 7,
        "author": {
          "gitId": "Jeffry Lum"
        },
        "content": ""
      },
      {
        "lineNumber": 8,
        "author": {
          "gitId": "Jeffry Lum"
        },
        "content": "group \u0027seedu.duke\u0027"
      },
      {
        "lineNumber": 9,
        "author": {
          "gitId": "Jeffry Lum"
        },
        "content": "version \u00270.1.0\u0027"
      },
      {
        "lineNumber": 10,
        "author": {
          "gitId": "Jeffry Lum"
        },
        "content": ""
      },
      {
        "lineNumber": 11,
        "author": {
          "gitId": "GlenWong97"
        },
        "content": "dependencies {"
      },
      {
        "lineNumber": 12,
        "author": {
          "gitId": "GlenWong97"
        },
        "content": "    testImplementation \u0027org.junit.jupiter:junit-jupiter:5.5.0\u0027"
      },
      {
        "lineNumber": 13,
        "author": {
          "gitId": "GlenWong97"
        },
        "content": "}"
      },
      {
        "lineNumber": 14,
        "author": {
          "gitId": "GlenWong97"
        },
        "content": ""
      },
      {
        "lineNumber": 15,
        "author": {
          "gitId": "GlenWong97"
        },
        "content": "test {"
      },
      {
        "lineNumber": 16,
        "author": {
          "gitId": "GlenWong97"
        },
        "content": "    useJUnitPlatform()"
      },
      {
        "lineNumber": 17,
        "author": {
          "gitId": "GlenWong97"
        },
        "content": "}"
      },
      {
        "lineNumber": 18,
        "author": {
          "gitId": "GlenWong97"
        },
        "content": ""
      },
      {
        "lineNumber": 19,
        "author": {
          "gitId": "GlenWong97"
        },
        "content": "shadowJar {"
      },
      {
        "lineNumber": 20,
        "author": {
          "gitId": "GlenWong97"
        },
        "content": "    archiveBaseName \u003d \"duke\""
      },
      {
        "lineNumber": 21,
        "author": {
          "gitId": "GlenWong97"
        },
        "content": "    archiveVersion \u003d \"0.1.3\""
      },
      {
        "lineNumber": 22,
        "author": {
          "gitId": "GlenWong97"
        },
        "content": "    archiveClassifier \u003d null"
      },
      {
        "lineNumber": 23,
        "author": {
          "gitId": "GlenWong97"
        },
        "content": "    archiveAppendix \u003d null"
      },
      {
        "lineNumber": 24,
        "author": {
          "gitId": "GlenWong97"
        },
        "content": "}"
      },
      {
        "lineNumber": 25,
        "author": {
          "gitId": "GlenWong97"
        },
        "content": ""
      },
      {
        "lineNumber": 26,
        "author": {
          "gitId": "GlenWong97"
        },
        "content": "checkstyle {"
      },
      {
        "lineNumber": 27,
        "author": {
          "gitId": "GlenWong97"
        },
        "content": "    toolVersion \u003d \u00278.23\u0027"
      },
      {
        "lineNumber": 28,
        "author": {
          "gitId": "GlenWong97"
        },
        "content": "}"
      },
      {
        "lineNumber": 29,
        "author": {
          "gitId": "GlenWong97"
        },
        "content": ""
      },
      {
        "lineNumber": 30,
        "author": {
          "gitId": "Jeffry Lum"
        },
        "content": "repositories {"
      },
      {
        "lineNumber": 31,
        "author": {
          "gitId": "Jeffry Lum"
        },
        "content": "    mavenCentral()"
      },
      {
        "lineNumber": 32,
        "author": {
          "gitId": "Jeffry Lum"
        },
        "content": "}"
      },
      {
        "lineNumber": 33,
        "author": {
          "gitId": "Jeffry Lum"
        },
        "content": ""
      },
      {
        "lineNumber": 34,
        "author": {
          "gitId": "Jeffry Lum"
        },
        "content": "application {"
      },
      {
        "lineNumber": 35,
        "author": {
          "gitId": "Jeffry Lum"
        },
        "content": "    // Change this to your main class."
      },
      {
        "lineNumber": 36,
        "author": {
          "gitId": "GlenWong97"
        },
        "content": "    mainClassName \u003d \"Duke\""
      },
      {
        "lineNumber": 37,
        "author": {
          "gitId": "Jeffry Lum"
        },
        "content": "}"
      },
      {
        "lineNumber": 38,
        "author": {
          "gitId": "Jeffry Lum"
        },
        "content": ""
      },
      {
        "lineNumber": 39,
        "author": {
          "gitId": "Jeffry Lum"
        },
        "content": "run {"
      },
      {
        "lineNumber": 40,
        "author": {
          "gitId": "Jeffry Lum"
        },
        "content": "    standardInput \u003d System.in"
      },
      {
        "lineNumber": 41,
        "author": {
          "gitId": "Jeffry Lum"
        },
        "content": "}"
      }
    ],
    "authorContributionMap": {
      "GlenWong97": 22,
      "Jeffry Lum": 19
    }
  },
  {
    "path": "settings.gradle",
    "fileType": "gradle",
    "lines": [
      {
        "lineNumber": 1,
        "author": {
          "gitId": "Jeffry Lum"
        },
        "content": "rootProject.name \u003d \u0027duke\u0027"
      }
    ],
    "authorContributionMap": {
      "Jeffry Lum": 1
    }
  },
  {
    "path": "src/main/java/CreateFile.java",
    "fileType": "java",
    "lines": [
      {
        "lineNumber": 1,
        "author": {
          "gitId": "GlenWong97"
        },
        "content": "import java.io.*;"
      },
      {
        "lineNumber": 2,
        "author": {
          "gitId": "GlenWong97"
        },
        "content": "import java.util.*;"
      },
      {
        "lineNumber": 3,
        "author": {
          "gitId": "GlenWong97"
        },
        "content": "import java.nio.Buffer;"
      },
      {
        "lineNumber": 4,
        "author": {
          "gitId": "GlenWong97"
        },
        "content": ""
      },
      {
        "lineNumber": 5,
        "author": {
          "gitId": "GlenWong97"
        },
        "content": "public class CreateFile {"
      },
      {
        "lineNumber": 6,
        "author": {
          "gitId": "GlenWong97"
        },
        "content": ""
      },
      {
        "lineNumber": 7,
        "author": {
          "gitId": "GlenWong97"
        },
        "content": "    public String filepath \u003d \"./data/duke.txt\";"
      },
      {
        "lineNumber": 8,
        "author": {
          "gitId": "GlenWong97"
        },
        "content": "    public String newfilepath \u003d \"./data/temp.txt\";"
      },
      {
        "lineNumber": 9,
        "author": {
          "gitId": "GlenWong97"
        },
        "content": "    public static void main(String[] args) throws IOException {"
      },
      {
        "lineNumber": 10,
        "author": {
          "gitId": "GlenWong97"
        },
        "content": ""
      },
      {
        "lineNumber": 11,
        "author": {
          "gitId": "GlenWong97"
        },
        "content": "    }"
      },
      {
        "lineNumber": 12,
        "author": {
          "gitId": "GlenWong97"
        },
        "content": ""
      },
      {
        "lineNumber": 13,
        "author": {
          "gitId": "GlenWong97"
        },
        "content": "    public void saveDlEvent(String typeOf, String isDone, String nameTask, String date) throws IOException {"
      },
      {
        "lineNumber": 14,
        "author": {
          "gitId": "GlenWong97"
        },
        "content": "        try {"
      },
      {
        "lineNumber": 15,
        "author": {
          "gitId": "GlenWong97"
        },
        "content": "            FileWriter fw \u003d new FileWriter(filepath, true);"
      },
      {
        "lineNumber": 16,
        "author": {
          "gitId": "GlenWong97"
        },
        "content": "            PrintWriter pw \u003d new PrintWriter(fw);"
      },
      {
        "lineNumber": 17,
        "author": {
          "gitId": "GlenWong97"
        },
        "content": "            pw.println(typeOf + \" | \" + isDone + \" | \" + nameTask + \" | \" + date);"
      },
      {
        "lineNumber": 18,
        "author": {
          "gitId": "GlenWong97"
        },
        "content": "            pw.close();"
      },
      {
        "lineNumber": 19,
        "author": {
          "gitId": "GlenWong97"
        },
        "content": "        } catch (IOException e) {"
      },
      {
        "lineNumber": 20,
        "author": {
          "gitId": "GlenWong97"
        },
        "content": "            System.out.println(\"Error: \" + e.getMessage());"
      },
      {
        "lineNumber": 21,
        "author": {
          "gitId": "GlenWong97"
        },
        "content": "        }"
      },
      {
        "lineNumber": 22,
        "author": {
          "gitId": "GlenWong97"
        },
        "content": "    }"
      },
      {
        "lineNumber": 23,
        "author": {
          "gitId": "GlenWong97"
        },
        "content": ""
      },
      {
        "lineNumber": 24,
        "author": {
          "gitId": "GlenWong97"
        },
        "content": "    public void saveTodo(String typeOf, String isDone, String nameTask) throws IOException {"
      },
      {
        "lineNumber": 25,
        "author": {
          "gitId": "GlenWong97"
        },
        "content": "        try {"
      },
      {
        "lineNumber": 26,
        "author": {
          "gitId": "GlenWong97"
        },
        "content": "            FileWriter fw \u003d new FileWriter(\"./data/duke.txt\", true);"
      },
      {
        "lineNumber": 27,
        "author": {
          "gitId": "GlenWong97"
        },
        "content": "            PrintWriter pw \u003d new PrintWriter(fw);"
      },
      {
        "lineNumber": 28,
        "author": {
          "gitId": "GlenWong97"
        },
        "content": "            pw.println(typeOf + \" | \" + isDone + \" | \" + nameTask);"
      },
      {
        "lineNumber": 29,
        "author": {
          "gitId": "GlenWong97"
        },
        "content": "            pw.close();"
      },
      {
        "lineNumber": 30,
        "author": {
          "gitId": "GlenWong97"
        },
        "content": "        } catch (IOException e) {"
      },
      {
        "lineNumber": 31,
        "author": {
          "gitId": "GlenWong97"
        },
        "content": "            System.out.println(\"Error: \" + e.getMessage());"
      },
      {
        "lineNumber": 32,
        "author": {
          "gitId": "GlenWong97"
        },
        "content": "        }"
      },
      {
        "lineNumber": 33,
        "author": {
          "gitId": "GlenWong97"
        },
        "content": "    }"
      },
      {
        "lineNumber": 34,
        "author": {
          "gitId": "GlenWong97"
        },
        "content": "    public void transferFile() throws IOException {"
      },
      {
        "lineNumber": 35,
        "author": {
          "gitId": "GlenWong97"
        },
        "content": "        try {"
      },
      {
        "lineNumber": 36,
        "author": {
          "gitId": "GlenWong97"
        },
        "content": "            FileWriter fw \u003d new FileWriter(\"./data/temp.txt\", true);"
      },
      {
        "lineNumber": 37,
        "author": {
          "gitId": "GlenWong97"
        },
        "content": "            PrintWriter pw \u003d new PrintWriter(fw);"
      },
      {
        "lineNumber": 38,
        "author": {
          "gitId": "GlenWong97"
        },
        "content": "            File file \u003d new File(filepath);"
      },
      {
        "lineNumber": 39,
        "author": {
          "gitId": "GlenWong97"
        },
        "content": "            Scanner scanner \u003d new Scanner(file).useDelimiter(\"\\\\|\\\\s*\");"
      },
      {
        "lineNumber": 40,
        "author": {
          "gitId": "GlenWong97"
        },
        "content": "            while (scanner.hasNext()) {"
      },
      {
        "lineNumber": 41,
        "author": {
          "gitId": "GlenWong97"
        },
        "content": "                pw.println(scanner.nextLine());"
      },
      {
        "lineNumber": 42,
        "author": {
          "gitId": "GlenWong97"
        },
        "content": "            }"
      },
      {
        "lineNumber": 43,
        "author": {
          "gitId": "GlenWong97"
        },
        "content": "            pw.close();"
      },
      {
        "lineNumber": 44,
        "author": {
          "gitId": "GlenWong97"
        },
        "content": "            scanner.close();"
      },
      {
        "lineNumber": 45,
        "author": {
          "gitId": "GlenWong97"
        },
        "content": "        } catch (IOException e) {"
      },
      {
        "lineNumber": 46,
        "author": {
          "gitId": "GlenWong97"
        },
        "content": "            System.out.println(\"Error: \" + e.getMessage());"
      },
      {
        "lineNumber": 47,
        "author": {
          "gitId": "GlenWong97"
        },
        "content": "        }"
      },
      {
        "lineNumber": 48,
        "author": {
          "gitId": "GlenWong97"
        },
        "content": ""
      },
      {
        "lineNumber": 49,
        "author": {
          "gitId": "GlenWong97"
        },
        "content": "    }"
      },
      {
        "lineNumber": 50,
        "author": {
          "gitId": "GlenWong97"
        },
        "content": ""
      },
      {
        "lineNumber": 51,
        "author": {
          "gitId": "GlenWong97"
        },
        "content": "    public void updateFile(int lineNumber) throws IOException {"
      },
      {
        "lineNumber": 52,
        "author": {
          "gitId": "GlenWong97"
        },
        "content": ""
      },
      {
        "lineNumber": 53,
        "author": {
          "gitId": "GlenWong97"
        },
        "content": "        try {"
      },
      {
        "lineNumber": 54,
        "author": {
          "gitId": "GlenWong97"
        },
        "content": "            File tempFile \u003d new File(\"./data/temp.txt\");"
      },
      {
        "lineNumber": 55,
        "author": {
          "gitId": "GlenWong97"
        },
        "content": "            FileWriter fw \u003d new FileWriter(tempFile, false);"
      },
      {
        "lineNumber": 56,
        "author": {
          "gitId": "GlenWong97"
        },
        "content": "            PrintWriter pw \u003d new PrintWriter(fw);"
      },
      {
        "lineNumber": 57,
        "author": {
          "gitId": "GlenWong97"
        },
        "content": "            File file \u003d new File(\"./data/duke.txt\");"
      },
      {
        "lineNumber": 58,
        "author": {
          "gitId": "GlenWong97"
        },
        "content": "            Scanner scanner \u003d new Scanner(file);"
      },
      {
        "lineNumber": 59,
        "author": {
          "gitId": "GlenWong97"
        },
        "content": "            int i \u003d 1;"
      },
      {
        "lineNumber": 60,
        "author": {
          "gitId": "GlenWong97"
        },
        "content": "            while (scanner.hasNext()) {"
      },
      {
        "lineNumber": 61,
        "author": {
          "gitId": "GlenWong97"
        },
        "content": ""
      },
      {
        "lineNumber": 62,
        "author": {
          "gitId": "GlenWong97"
        },
        "content": "                if (i !\u003d lineNumber) pw.println(scanner.nextLine());"
      },
      {
        "lineNumber": 63,
        "author": {
          "gitId": "GlenWong97"
        },
        "content": "                else {"
      },
      {
        "lineNumber": 64,
        "author": {
          "gitId": "GlenWong97"
        },
        "content": "                    String[] str \u003d scanner.nextLine().split(\"\\\\s+\\\\|\\\\s+\");"
      },
      {
        "lineNumber": 65,
        "author": {
          "gitId": "GlenWong97"
        },
        "content": "                    str[1] \u003d \"1\";"
      },
      {
        "lineNumber": 66,
        "author": {
          "gitId": "GlenWong97"
        },
        "content": "                    String strBuffer \u003d \"\";"
      },
      {
        "lineNumber": 67,
        "author": {
          "gitId": "GlenWong97"
        },
        "content": "                    for (String x : str) strBuffer +\u003d (x + \" | \");"
      },
      {
        "lineNumber": 68,
        "author": {
          "gitId": "GlenWong97"
        },
        "content": "                    strBuffer \u003d strBuffer.substring(0, strBuffer.length()-3);"
      },
      {
        "lineNumber": 69,
        "author": {
          "gitId": "GlenWong97"
        },
        "content": "                    pw.println(strBuffer);"
      },
      {
        "lineNumber": 70,
        "author": {
          "gitId": "GlenWong97"
        },
        "content": "                }"
      },
      {
        "lineNumber": 71,
        "author": {
          "gitId": "GlenWong97"
        },
        "content": "                i++;"
      },
      {
        "lineNumber": 72,
        "author": {
          "gitId": "GlenWong97"
        },
        "content": "            }"
      },
      {
        "lineNumber": 73,
        "author": {
          "gitId": "GlenWong97"
        },
        "content": "            /*br \u003d new BufferedReader(new FileReader(\"./data/temp.txt\"));"
      },
      {
        "lineNumber": 74,
        "author": {
          "gitId": "GlenWong97"
        },
        "content": "            bw \u003d new BufferedWriter(new FileWriter(\"./data/duke.txt\"));"
      },
      {
        "lineNumber": 75,
        "author": {
          "gitId": "GlenWong97"
        },
        "content": "            String line;"
      },
      {
        "lineNumber": 76,
        "author": {
          "gitId": "GlenWong97"
        },
        "content": "            while ((line \u003d br.readLine()) !\u003d null) {"
      },
      {
        "lineNumber": 77,
        "author": {
          "gitId": "GlenWong97"
        },
        "content": "                bw.write(line);"
      },
      {
        "lineNumber": 78,
        "author": {
          "gitId": "GlenWong97"
        },
        "content": "            }"
      },
      {
        "lineNumber": 79,
        "author": {
          "gitId": "GlenWong97"
        },
        "content": "            br.close();*/"
      },
      {
        "lineNumber": 80,
        "author": {
          "gitId": "GlenWong97"
        },
        "content": "            pw.flush();"
      },
      {
        "lineNumber": 81,
        "author": {
          "gitId": "GlenWong97"
        },
        "content": "            pw.close();"
      },
      {
        "lineNumber": 82,
        "author": {
          "gitId": "GlenWong97"
        },
        "content": "            scanner.close();"
      },
      {
        "lineNumber": 83,
        "author": {
          "gitId": "GlenWong97"
        },
        "content": "            file.delete();"
      },
      {
        "lineNumber": 84,
        "author": {
          "gitId": "GlenWong97"
        },
        "content": "            File dump \u003d new File(filepath);"
      },
      {
        "lineNumber": 85,
        "author": {
          "gitId": "GlenWong97"
        },
        "content": "            tempFile.renameTo(dump);"
      },
      {
        "lineNumber": 86,
        "author": {
          "gitId": "GlenWong97"
        },
        "content": "        } catch (IOException e) {"
      },
      {
        "lineNumber": 87,
        "author": {
          "gitId": "GlenWong97"
        },
        "content": "            System.out.println(\"Error: \" + e.getMessage());"
      },
      {
        "lineNumber": 88,
        "author": {
          "gitId": "GlenWong97"
        },
        "content": "        }"
      },
      {
        "lineNumber": 89,
        "author": {
          "gitId": "GlenWong97"
        },
        "content": "    }"
      },
      {
        "lineNumber": 90,
        "author": {
          "gitId": "GlenWong97"
        },
        "content": ""
      },
      {
        "lineNumber": 91,
        "author": {
          "gitId": "GlenWong97"
        },
        "content": "}"
      }
    ],
    "authorContributionMap": {
      "GlenWong97": 91
    }
  },
  {
    "path": "src/main/java/Deadline.java",
    "fileType": "java",
    "lines": [
      {
        "lineNumber": 1,
        "author": {
          "gitId": "GlenWong97"
        },
        "content": "public class Deadline extends Task {"
      },
      {
        "lineNumber": 2,
        "author": {
          "gitId": "GlenWong97"
        },
        "content": ""
      },
      {
        "lineNumber": 3,
        "author": {
          "gitId": "GlenWong97"
        },
        "content": "    protected String by;"
      },
      {
        "lineNumber": 4,
        "author": {
          "gitId": "GlenWong97"
        },
        "content": ""
      },
      {
        "lineNumber": 5,
        "author": {
          "gitId": "GlenWong97"
        },
        "content": "    public Deadline(String name, String by) {"
      },
      {
        "lineNumber": 6,
        "author": {
          "gitId": "GlenWong97"
        },
        "content": "        super(name);"
      },
      {
        "lineNumber": 7,
        "author": {
          "gitId": "GlenWong97"
        },
        "content": "        this.by \u003d by;"
      },
      {
        "lineNumber": 8,
        "author": {
          "gitId": "GlenWong97"
        },
        "content": "    }"
      },
      {
        "lineNumber": 9,
        "author": {
          "gitId": "GlenWong97"
        },
        "content": ""
      },
      {
        "lineNumber": 10,
        "author": {
          "gitId": "GlenWong97"
        },
        "content": ""
      },
      {
        "lineNumber": 11,
        "author": {
          "gitId": "GlenWong97"
        },
        "content": "    @Override"
      },
      {
        "lineNumber": 12,
        "author": {
          "gitId": "GlenWong97"
        },
        "content": "    public String toString() {"
      },
      {
        "lineNumber": 13,
        "author": {
          "gitId": "GlenWong97"
        },
        "content": "        return \"[D]\" + super.toString() + \" (by: \" + by + \")\";"
      },
      {
        "lineNumber": 14,
        "author": {
          "gitId": "GlenWong97"
        },
        "content": "    }"
      },
      {
        "lineNumber": 15,
        "author": {
          "gitId": "GlenWong97"
        },
        "content": "    public String printText() {"
      },
      {
        "lineNumber": 16,
        "author": {
          "gitId": "GlenWong97"
        },
        "content": "        String text1 \u003d \" Got it. I\u0027ve added this task:\\n\";"
      },
      {
        "lineNumber": 17,
        "author": {
          "gitId": "GlenWong97"
        },
        "content": "        String text2 \u003d \"   \" + toString() + \"\\n\";"
      },
      {
        "lineNumber": 18,
        "author": {
          "gitId": "GlenWong97"
        },
        "content": "        String text3 \u003d \" Now you have \" + Integer.toString(Task.getNumberOfTasks()) +\" tasks in the list.\\n\";"
      },
      {
        "lineNumber": 19,
        "author": {
          "gitId": "GlenWong97"
        },
        "content": "        return (text1 + text2 + text3);"
      },
      {
        "lineNumber": 20,
        "author": {
          "gitId": "GlenWong97"
        },
        "content": "    }"
      },
      {
        "lineNumber": 21,
        "author": {
          "gitId": "GlenWong97"
        },
        "content": "    /*public void process(String inputMessage) {"
      },
      {
        "lineNumber": 22,
        "author": {
          "gitId": "GlenWong97"
        },
        "content": "        String[] dlArray \u003d inputMessage.split(\" \");"
      },
      {
        "lineNumber": 23,
        "author": {
          "gitId": "GlenWong97"
        },
        "content": "        String bufferItem \u003d \"\";"
      },
      {
        "lineNumber": 24,
        "author": {
          "gitId": "GlenWong97"
        },
        "content": "        String bufferDeadline \u003d \"\";"
      },
      {
        "lineNumber": 25,
        "author": {
          "gitId": "GlenWong97"
        },
        "content": "        boolean mark \u003d false;"
      },
      {
        "lineNumber": 26,
        "author": {
          "gitId": "GlenWong97"
        },
        "content": "        for (int x \u003d 1; x \u003c dlArray.length; x++) {"
      },
      {
        "lineNumber": 27,
        "author": {
          "gitId": "GlenWong97"
        },
        "content": "            if (!mark \u0026\u0026 dlArray[x].charAt(0) !\u003d \u0027/\u0027) {"
      },
      {
        "lineNumber": 28,
        "author": {
          "gitId": "GlenWong97"
        },
        "content": "                bufferItem +\u003d (dlArray[x] + \" \");"
      },
      {
        "lineNumber": 29,
        "author": {
          "gitId": "GlenWong97"
        },
        "content": "            } else if (mark){"
      },
      {
        "lineNumber": 30,
        "author": {
          "gitId": "GlenWong97"
        },
        "content": "                bufferDeadline +\u003d (dlArray[x] + \" \");"
      },
      {
        "lineNumber": 31,
        "author": {
          "gitId": "GlenWong97"
        },
        "content": "            } else {"
      },
      {
        "lineNumber": 32,
        "author": {
          "gitId": "GlenWong97"
        },
        "content": "                mark \u003d true;"
      },
      {
        "lineNumber": 33,
        "author": {
          "gitId": "GlenWong97"
        },
        "content": "            }"
      },
      {
        "lineNumber": 34,
        "author": {
          "gitId": "GlenWong97"
        },
        "content": "        }"
      },
      {
        "lineNumber": 35,
        "author": {
          "gitId": "GlenWong97"
        },
        "content": "        bufferItem \u003d bufferItem.substring(0, bufferItem.length() -1);"
      },
      {
        "lineNumber": 36,
        "author": {
          "gitId": "GlenWong97"
        },
        "content": "        bufferDeadline \u003d bufferDeadline.substring(0, bufferDeadline.length() -1);"
      },
      {
        "lineNumber": 37,
        "author": {
          "gitId": "GlenWong97"
        },
        "content": "        Deadline dl \u003d new Deadline(bufferItem, bufferDeadline);"
      },
      {
        "lineNumber": 38,
        "author": {
          "gitId": "GlenWong97"
        },
        "content": "    }*/"
      },
      {
        "lineNumber": 39,
        "author": {
          "gitId": "GlenWong97"
        },
        "content": ""
      },
      {
        "lineNumber": 40,
        "author": {
          "gitId": "GlenWong97"
        },
        "content": "}"
      }
    ],
    "authorContributionMap": {
      "GlenWong97": 40
    }
  },
  {
    "path": "src/main/java/Duke.java",
    "fileType": "java",
    "lines": [
      {
        "lineNumber": 1,
        "author": {
          "gitId": "GlenWong97"
        },
        "content": "import java.io.IOException;"
      },
      {
        "lineNumber": 2,
        "author": {
          "gitId": "GlenWong97"
        },
        "content": "import java.net.SocketTimeoutException;"
      },
      {
        "lineNumber": 3,
        "author": {
          "gitId": "GlenWong97"
        },
        "content": "import java.sql.SQLOutput;"
      },
      {
        "lineNumber": 4,
        "author": {
          "gitId": "GlenWong97"
        },
        "content": "import java.text.DecimalFormat;"
      },
      {
        "lineNumber": 5,
        "author": {
          "gitId": "GlenWong97"
        },
        "content": "import java.util.*;"
      },
      {
        "lineNumber": 6,
        "author": {
          "gitId": "GlenWong97"
        },
        "content": "import java.io.*;"
      },
      {
        "lineNumber": 7,
        "author": {
          "gitId": "GlenWong97"
        },
        "content": ""
      },
      {
        "lineNumber": 8,
        "author": {
          "gitId": "-"
        },
        "content": "public class Duke {"
      },
      {
        "lineNumber": 9,
        "author": {
          "gitId": "GlenWong97"
        },
        "content": ""
      },
      {
        "lineNumber": 10,
        "author": {
          "gitId": "GlenWong97"
        },
        "content": "    public static void main(String[] args) throws DukeException, IOException {"
      },
      {
        "lineNumber": 11,
        "author": {
          "gitId": "GlenWong97"
        },
        "content": ""
      },
      {
        "lineNumber": 12,
        "author": {
          "gitId": "GlenWong97"
        },
        "content": "        String bracket \u003d \"____________________________________________________________\\n\";"
      },
      {
        "lineNumber": 13,
        "author": {
          "gitId": "GlenWong97"
        },
        "content": "        openingMessage();"
      },
      {
        "lineNumber": 14,
        "author": {
          "gitId": "GlenWong97"
        },
        "content": ""
      },
      {
        "lineNumber": 15,
        "author": {
          "gitId": "GlenWong97"
        },
        "content": "        Scanner myObj \u003d new Scanner(System.in);"
      },
      {
        "lineNumber": 16,
        "author": {
          "gitId": "GlenWong97"
        },
        "content": ""
      },
      {
        "lineNumber": 17,
        "author": {
          "gitId": "GlenWong97"
        },
        "content": "        ArrayList\u003cTask\u003e taskList \u003d new ArrayList\u003cTask\u003e();"
      },
      {
        "lineNumber": 18,
        "author": {
          "gitId": "GlenWong97"
        },
        "content": "        loadSave(taskList);"
      },
      {
        "lineNumber": 19,
        "author": {
          "gitId": "GlenWong97"
        },
        "content": ""
      },
      {
        "lineNumber": 20,
        "author": {
          "gitId": "GlenWong97"
        },
        "content": "        String inputMessage \u003d myObj.nextLine();"
      },
      {
        "lineNumber": 21,
        "author": {
          "gitId": "GlenWong97"
        },
        "content": "        CreateFile cf \u003d new CreateFile();"
      },
      {
        "lineNumber": 22,
        "author": {
          "gitId": "GlenWong97"
        },
        "content": ""
      },
      {
        "lineNumber": 23,
        "author": {
          "gitId": "GlenWong97"
        },
        "content": "        while (!inputMessage.equals(\"bye\")) {"
      },
      {
        "lineNumber": 24,
        "author": {
          "gitId": "GlenWong97"
        },
        "content": "            try {"
      },
      {
        "lineNumber": 25,
        "author": {
          "gitId": "GlenWong97"
        },
        "content": "                System.out.print(bracket);"
      },
      {
        "lineNumber": 26,
        "author": {
          "gitId": "GlenWong97"
        },
        "content": "                String[] msgArray \u003d inputMessage.split(\"\\\\s+\");"
      },
      {
        "lineNumber": 27,
        "author": {
          "gitId": "GlenWong97"
        },
        "content": "                if (inputMessage.equals(\"list\")) {"
      },
      {
        "lineNumber": 28,
        "author": {
          "gitId": "GlenWong97"
        },
        "content": "                    listPrint(taskList);"
      },
      {
        "lineNumber": 29,
        "author": {
          "gitId": "GlenWong97"
        },
        "content": "                } else if (msgArray[0].equals(\"done\")) {"
      },
      {
        "lineNumber": 30,
        "author": {
          "gitId": "GlenWong97"
        },
        "content": "                    setDone(taskList, msgArray, cf);"
      },
      {
        "lineNumber": 31,
        "author": {
          "gitId": "GlenWong97"
        },
        "content": "                } else if (msgArray[0].equals(\"todo\")) {"
      },
      {
        "lineNumber": 32,
        "author": {
          "gitId": "GlenWong97"
        },
        "content": "                    String[] todoArray \u003d inputMessage.split(\" \", 2);"
      },
      {
        "lineNumber": 33,
        "author": {
          "gitId": "GlenWong97"
        },
        "content": "                    setTodo(taskList, todoArray, cf);"
      },
      {
        "lineNumber": 34,
        "author": {
          "gitId": "GlenWong97"
        },
        "content": "                } else if (msgArray[0].equals(\"deadline\")) {"
      },
      {
        "lineNumber": 35,
        "author": {
          "gitId": "GlenWong97"
        },
        "content": "                    createDlEvent(taskList, inputMessage, cf);"
      },
      {
        "lineNumber": 36,
        "author": {
          "gitId": "GlenWong97"
        },
        "content": "                } else if (msgArray[0].equals(\"event\")) {"
      },
      {
        "lineNumber": 37,
        "author": {
          "gitId": "GlenWong97"
        },
        "content": "                    createDlEvent(taskList, inputMessage, cf);"
      },
      {
        "lineNumber": 38,
        "author": {
          "gitId": "GlenWong97"
        },
        "content": "                } else {"
      },
      {
        "lineNumber": 39,
        "author": {
          "gitId": "GlenWong97"
        },
        "content": "                    throw new DukeException(\"I\u0027m sorry, but I don\u0027t know what that means :-(\");"
      },
      {
        "lineNumber": 40,
        "author": {
          "gitId": "GlenWong97"
        },
        "content": "                }"
      },
      {
        "lineNumber": 41,
        "author": {
          "gitId": "GlenWong97"
        },
        "content": "            } catch (DukeException ex){"
      },
      {
        "lineNumber": 42,
        "author": {
          "gitId": "GlenWong97"
        },
        "content": "                System.out.println(\" ☹ OOPS!!! \" + ex.getMessage());"
      },
      {
        "lineNumber": 43,
        "author": {
          "gitId": "GlenWong97"
        },
        "content": "            }"
      },
      {
        "lineNumber": 44,
        "author": {
          "gitId": "GlenWong97"
        },
        "content": "            System.out.println(bracket);"
      },
      {
        "lineNumber": 45,
        "author": {
          "gitId": "GlenWong97"
        },
        "content": "            inputMessage \u003d myObj.nextLine();"
      },
      {
        "lineNumber": 46,
        "author": {
          "gitId": "GlenWong97"
        },
        "content": "        }"
      },
      {
        "lineNumber": 47,
        "author": {
          "gitId": "GlenWong97"
        },
        "content": "        closingMessage();"
      },
      {
        "lineNumber": 48,
        "author": {
          "gitId": "-"
        },
        "content": "    }"
      },
      {
        "lineNumber": 49,
        "author": {
          "gitId": "GlenWong97"
        },
        "content": ""
      },
      {
        "lineNumber": 50,
        "author": {
          "gitId": "GlenWong97"
        },
        "content": "    private static void openingMessage() {"
      },
      {
        "lineNumber": 51,
        "author": {
          "gitId": "GlenWong97"
        },
        "content": "        String bracket \u003d \"____________________________________________________________\\n\";"
      },
      {
        "lineNumber": 52,
        "author": {
          "gitId": "GlenWong97"
        },
        "content": "        String intro \u003d \" Hello! I\u0027m Duke\\n\" +"
      },
      {
        "lineNumber": 53,
        "author": {
          "gitId": "GlenWong97"
        },
        "content": "                \" What can I do for you?\\n\";"
      },
      {
        "lineNumber": 54,
        "author": {
          "gitId": "GlenWong97"
        },
        "content": "        String listMessage \u003d \" Here are the tasks in your list:\\n\";"
      },
      {
        "lineNumber": 55,
        "author": {
          "gitId": "GlenWong97"
        },
        "content": "        System.out.println(bracket + intro + bracket);"
      },
      {
        "lineNumber": 56,
        "author": {
          "gitId": "GlenWong97"
        },
        "content": "    }"
      },
      {
        "lineNumber": 57,
        "author": {
          "gitId": "GlenWong97"
        },
        "content": "    private static void closingMessage() {"
      },
      {
        "lineNumber": 58,
        "author": {
          "gitId": "GlenWong97"
        },
        "content": "        String bracket \u003d \"____________________________________________________________\\n\";"
      },
      {
        "lineNumber": 59,
        "author": {
          "gitId": "GlenWong97"
        },
        "content": "        String out \u003d \" \" + \"Bye. Hope to see you again soon!\" + \"\\n\";"
      },
      {
        "lineNumber": 60,
        "author": {
          "gitId": "GlenWong97"
        },
        "content": "        System.out.println(bracket + out + bracket);"
      },
      {
        "lineNumber": 61,
        "author": {
          "gitId": "GlenWong97"
        },
        "content": "    }"
      },
      {
        "lineNumber": 62,
        "author": {
          "gitId": "GlenWong97"
        },
        "content": "    private static void listPrint(ArrayList\u003cTask\u003etaskList) {"
      },
      {
        "lineNumber": 63,
        "author": {
          "gitId": "GlenWong97"
        },
        "content": "        String listMessage \u003d \" Here are the tasks in your list:\\n\";"
      },
      {
        "lineNumber": 64,
        "author": {
          "gitId": "GlenWong97"
        },
        "content": "        System.out.print(listMessage);"
      },
      {
        "lineNumber": 65,
        "author": {
          "gitId": "GlenWong97"
        },
        "content": "        for (int i \u003d 0; i \u003c taskList.size(); i++) {"
      },
      {
        "lineNumber": 66,
        "author": {
          "gitId": "GlenWong97"
        },
        "content": "            System.out.print(\" \" + (i + 1) + \".\");"
      },
      {
        "lineNumber": 67,
        "author": {
          "gitId": "GlenWong97"
        },
        "content": "            System.out.print(taskList.get(i).toString() + \" \\n\");"
      },
      {
        "lineNumber": 68,
        "author": {
          "gitId": "GlenWong97"
        },
        "content": "        }"
      },
      {
        "lineNumber": 69,
        "author": {
          "gitId": "GlenWong97"
        },
        "content": "    }"
      },
      {
        "lineNumber": 70,
        "author": {
          "gitId": "GlenWong97"
        },
        "content": "    private static void setDone(ArrayList\u003cTask\u003etaskList, String[] msgArray, CreateFile cf) throws IOException{"
      },
      {
        "lineNumber": 71,
        "author": {
          "gitId": "GlenWong97"
        },
        "content": "        try {"
      },
      {
        "lineNumber": 72,
        "author": {
          "gitId": "GlenWong97"
        },
        "content": "            if (msgArray.length \u003d\u003d 1) throw new DukeException(\"The index of the done item must be stated.\");"
      },
      {
        "lineNumber": 73,
        "author": {
          "gitId": "GlenWong97"
        },
        "content": "            else if (!msgArray[1].matches(\"\\\\d+\")) throw new DukeException(\"The index must be of numerical value.\");"
      },
      {
        "lineNumber": 74,
        "author": {
          "gitId": "GlenWong97"
        },
        "content": "            else if (Integer.parseInt(msgArray[1]) -1 \u003e\u003d taskList.size())"
      },
      {
        "lineNumber": 75,
        "author": {
          "gitId": "GlenWong97"
        },
        "content": "                throw new DukeException(\"The index cannot be found! Try a smaller index!\");"
      },
      {
        "lineNumber": 76,
        "author": {
          "gitId": "GlenWong97"
        },
        "content": "            else if (taskList.size() \u003d\u003d 0) throw new DukeException(\"No task yet! Insert new task to get started!\");"
      },
      {
        "lineNumber": 77,
        "author": {
          "gitId": "GlenWong97"
        },
        "content": "            int index \u003d Integer.parseInt(msgArray[1]) - 1;"
      },
      {
        "lineNumber": 78,
        "author": {
          "gitId": "GlenWong97"
        },
        "content": "            taskList.get(index).setStatusDone();"
      },
      {
        "lineNumber": 79,
        "author": {
          "gitId": "GlenWong97"
        },
        "content": "            System.out.println(\" Nice! I\u0027ve marked this task as done:\");"
      },
      {
        "lineNumber": 80,
        "author": {
          "gitId": "GlenWong97"
        },
        "content": "            System.out.print(\"   \" + taskList.get(index).getStatus() + \" \");"
      },
      {
        "lineNumber": 81,
        "author": {
          "gitId": "GlenWong97"
        },
        "content": "            System.out.println(taskList.get(index).name);"
      },
      {
        "lineNumber": 82,
        "author": {
          "gitId": "GlenWong97"
        },
        "content": "            cf.updateFile(index + 1);"
      },
      {
        "lineNumber": 83,
        "author": {
          "gitId": "GlenWong97"
        },
        "content": "        } catch (DukeException ex) {"
      },
      {
        "lineNumber": 84,
        "author": {
          "gitId": "GlenWong97"
        },
        "content": "            System.out.println(\" ☹ OOPS!!! \" + ex.getMessage());"
      },
      {
        "lineNumber": 85,
        "author": {
          "gitId": "GlenWong97"
        },
        "content": "        }"
      },
      {
        "lineNumber": 86,
        "author": {
          "gitId": "GlenWong97"
        },
        "content": "    }"
      },
      {
        "lineNumber": 87,
        "author": {
          "gitId": "GlenWong97"
        },
        "content": "    private static void setTodo(ArrayList\u003cTask\u003e taskList, String[] todoArray, CreateFile cf)  throws IOException{"
      },
      {
        "lineNumber": 88,
        "author": {
          "gitId": "GlenWong97"
        },
        "content": "        try {"
      },
      {
        "lineNumber": 89,
        "author": {
          "gitId": "GlenWong97"
        },
        "content": "            if (todoArray.length \u003d\u003d 1) throw new DukeException(\"The description of a todo cannot be empty.\");"
      },
      {
        "lineNumber": 90,
        "author": {
          "gitId": "GlenWong97"
        },
        "content": "            Todo item \u003d new Todo(todoArray[1]);"
      },
      {
        "lineNumber": 91,
        "author": {
          "gitId": "GlenWong97"
        },
        "content": "            taskList.add(item);"
      },
      {
        "lineNumber": 92,
        "author": {
          "gitId": "GlenWong97"
        },
        "content": "            cf.saveTodo(\"T\", \"0\", todoArray[1]);"
      },
      {
        "lineNumber": 93,
        "author": {
          "gitId": "GlenWong97"
        },
        "content": "            System.out.print(item.printText());"
      },
      {
        "lineNumber": 94,
        "author": {
          "gitId": "GlenWong97"
        },
        "content": "        } catch (DukeException ex) {"
      },
      {
        "lineNumber": 95,
        "author": {
          "gitId": "GlenWong97"
        },
        "content": "            System.out.println(\" ☹ OOPS!!! \" + ex.getMessage());"
      },
      {
        "lineNumber": 96,
        "author": {
          "gitId": "GlenWong97"
        },
        "content": "        }"
      },
      {
        "lineNumber": 97,
        "author": {
          "gitId": "GlenWong97"
        },
        "content": "    }"
      },
      {
        "lineNumber": 98,
        "author": {
          "gitId": "GlenWong97"
        },
        "content": "    private static void createDlEvent(ArrayList\u003cTask\u003etaskList, String inputMessage, CreateFile cf) throws IOException {"
      },
      {
        "lineNumber": 99,
        "author": {
          "gitId": "GlenWong97"
        },
        "content": "        String[] dlArray \u003d inputMessage.split(\" \");"
      },
      {
        "lineNumber": 100,
        "author": {
          "gitId": "GlenWong97"
        },
        "content": "        String bufferItem \u003d \"\";"
      },
      {
        "lineNumber": 101,
        "author": {
          "gitId": "GlenWong97"
        },
        "content": "        String bufferDeadline \u003d \"\";"
      },
      {
        "lineNumber": 102,
        "author": {
          "gitId": "GlenWong97"
        },
        "content": "        boolean mark \u003d false;"
      },
      {
        "lineNumber": 103,
        "author": {
          "gitId": "GlenWong97"
        },
        "content": "        for (int x \u003d 1; x \u003c dlArray.length; x++) {"
      },
      {
        "lineNumber": 104,
        "author": {
          "gitId": "GlenWong97"
        },
        "content": "            if (!mark \u0026\u0026 dlArray[x].charAt(0) !\u003d \u0027/\u0027) {"
      },
      {
        "lineNumber": 105,
        "author": {
          "gitId": "GlenWong97"
        },
        "content": "                bufferItem +\u003d (dlArray[x] + \" \");"
      },
      {
        "lineNumber": 106,
        "author": {
          "gitId": "GlenWong97"
        },
        "content": "            } else if (mark) {"
      },
      {
        "lineNumber": 107,
        "author": {
          "gitId": "GlenWong97"
        },
        "content": "                bufferDeadline +\u003d (dlArray[x] + \" \");"
      },
      {
        "lineNumber": 108,
        "author": {
          "gitId": "GlenWong97"
        },
        "content": "            } else {"
      },
      {
        "lineNumber": 109,
        "author": {
          "gitId": "GlenWong97"
        },
        "content": "                mark \u003d true;"
      },
      {
        "lineNumber": 110,
        "author": {
          "gitId": "GlenWong97"
        },
        "content": "            }"
      },
      {
        "lineNumber": 111,
        "author": {
          "gitId": "GlenWong97"
        },
        "content": "        }"
      },
      {
        "lineNumber": 112,
        "author": {
          "gitId": "GlenWong97"
        },
        "content": "        bufferItem \u003d bufferItem.substring(0, bufferItem.length() - 1);"
      },
      {
        "lineNumber": 113,
        "author": {
          "gitId": "GlenWong97"
        },
        "content": "        bufferDeadline \u003d bufferDeadline.substring(0, bufferDeadline.length() - 1);"
      },
      {
        "lineNumber": 114,
        "author": {
          "gitId": "GlenWong97"
        },
        "content": "        String[] smartDeadline \u003d bufferDeadline.split(\"\\\\s+\");"
      },
      {
        "lineNumber": 115,
        "author": {
          "gitId": "GlenWong97"
        },
        "content": "        String buffernewDeadline \u003d \"\";"
      },
      {
        "lineNumber": 116,
        "author": {
          "gitId": "GlenWong97"
        },
        "content": "        String[] smartDate;"
      },
      {
        "lineNumber": 117,
        "author": {
          "gitId": "GlenWong97"
        },
        "content": "        String[] months \u003d new String[] {\"January\", \"February\", \"March\", \"April\", \"May\", \"June\", \"July\", \"August\","
      },
      {
        "lineNumber": 118,
        "author": {
          "gitId": "GlenWong97"
        },
        "content": "        \"September\", \"October\", \"November\", \"December\"};"
      },
      {
        "lineNumber": 119,
        "author": {
          "gitId": "GlenWong97"
        },
        "content": "        if (smartDeadline[0].contains(\"/\")) {"
      },
      {
        "lineNumber": 120,
        "author": {
          "gitId": "GlenWong97"
        },
        "content": "            smartDate \u003d smartDeadline[0].split(\"\\\\/\");"
      },
      {
        "lineNumber": 121,
        "author": {
          "gitId": "GlenWong97"
        },
        "content": "            if (smartDate.length \u003d\u003d 3) {"
      },
      {
        "lineNumber": 122,
        "author": {
          "gitId": "GlenWong97"
        },
        "content": "                if (smartDate[0].charAt(smartDate[0].length() - 1) \u003d\u003d \u00271\u0027) smartDate[0] +\u003d \"st\";"
      },
      {
        "lineNumber": 123,
        "author": {
          "gitId": "GlenWong97"
        },
        "content": "                else if (smartDate[0].charAt(smartDate[0].length() - 1) \u003d\u003d \u00272\u0027) smartDate[0] +\u003d \"nd\";"
      },
      {
        "lineNumber": 124,
        "author": {
          "gitId": "GlenWong97"
        },
        "content": "                else if (smartDate[0].charAt(smartDate[0].length() - 1) \u003d\u003d \u00273\u0027) smartDate[0] +\u003d \"rd\";"
      },
      {
        "lineNumber": 125,
        "author": {
          "gitId": "GlenWong97"
        },
        "content": "                else smartDate[0] +\u003d \"th\";"
      },
      {
        "lineNumber": 126,
        "author": {
          "gitId": "GlenWong97"
        },
        "content": "                smartDate[1] \u003d months[Integer.parseInt(smartDate[1]) -1];"
      },
      {
        "lineNumber": 127,
        "author": {
          "gitId": "GlenWong97"
        },
        "content": "                buffernewDeadline +\u003d smartDate[0];"
      },
      {
        "lineNumber": 128,
        "author": {
          "gitId": "GlenWong97"
        },
        "content": "                buffernewDeadline +\u003d \" of \";"
      },
      {
        "lineNumber": 129,
        "author": {
          "gitId": "GlenWong97"
        },
        "content": "                buffernewDeadline +\u003d smartDate[1] + \" \";"
      },
      {
        "lineNumber": 130,
        "author": {
          "gitId": "GlenWong97"
        },
        "content": "                buffernewDeadline +\u003d smartDate[2] + \", \";"
      },
      {
        "lineNumber": 131,
        "author": {
          "gitId": "GlenWong97"
        },
        "content": ""
      },
      {
        "lineNumber": 132,
        "author": {
          "gitId": "GlenWong97"
        },
        "content": "            }"
      },
      {
        "lineNumber": 133,
        "author": {
          "gitId": "GlenWong97"
        },
        "content": "        }"
      },
      {
        "lineNumber": 134,
        "author": {
          "gitId": "GlenWong97"
        },
        "content": ""
      },
      {
        "lineNumber": 135,
        "author": {
          "gitId": "GlenWong97"
        },
        "content": "        if (smartDeadline.length \u003d\u003d 2) {"
      },
      {
        "lineNumber": 136,
        "author": {
          "gitId": "GlenWong97"
        },
        "content": "            double intTime \u003d Double.parseDouble(smartDeadline[1]);"
      },
      {
        "lineNumber": 137,
        "author": {
          "gitId": "GlenWong97"
        },
        "content": "            if (intTime \u003e 1200) {"
      },
      {
        "lineNumber": 138,
        "author": {
          "gitId": "GlenWong97"
        },
        "content": "                intTime /\u003d 100;"
      },
      {
        "lineNumber": 139,
        "author": {
          "gitId": "GlenWong97"
        },
        "content": "                intTime -\u003d 12;"
      },
      {
        "lineNumber": 140,
        "author": {
          "gitId": "GlenWong97"
        },
        "content": "                buffernewDeadline +\u003d String.format(\"%.2f\", intTime) + \"pm\";"
      },
      {
        "lineNumber": 141,
        "author": {
          "gitId": "GlenWong97"
        },
        "content": "            } else {"
      },
      {
        "lineNumber": 142,
        "author": {
          "gitId": "GlenWong97"
        },
        "content": "                intTime /\u003d 100;"
      },
      {
        "lineNumber": 143,
        "author": {
          "gitId": "GlenWong97"
        },
        "content": "                buffernewDeadline +\u003d String.format(\"%.2f\", intTime) + \"am\";"
      },
      {
        "lineNumber": 144,
        "author": {
          "gitId": "GlenWong97"
        },
        "content": "            }"
      },
      {
        "lineNumber": 145,
        "author": {
          "gitId": "GlenWong97"
        },
        "content": "        }"
      },
      {
        "lineNumber": 146,
        "author": {
          "gitId": "GlenWong97"
        },
        "content": ""
      },
      {
        "lineNumber": 147,
        "author": {
          "gitId": "GlenWong97"
        },
        "content": "        if (dlArray[0].equals(\"deadline\")) {"
      },
      {
        "lineNumber": 148,
        "author": {
          "gitId": "GlenWong97"
        },
        "content": "            Deadline dl \u003d new Deadline(bufferItem, buffernewDeadline);"
      },
      {
        "lineNumber": 149,
        "author": {
          "gitId": "GlenWong97"
        },
        "content": "            taskList.add(dl);"
      },
      {
        "lineNumber": 150,
        "author": {
          "gitId": "GlenWong97"
        },
        "content": "            cf.saveDlEvent(\"D\", \"0\", bufferItem, buffernewDeadline);"
      },
      {
        "lineNumber": 151,
        "author": {
          "gitId": "GlenWong97"
        },
        "content": "            System.out.print(dl.printText());"
      },
      {
        "lineNumber": 152,
        "author": {
          "gitId": "GlenWong97"
        },
        "content": "        } else if (dlArray[0].equals(\"event\")) {"
      },
      {
        "lineNumber": 153,
        "author": {
          "gitId": "GlenWong97"
        },
        "content": "            Event ev \u003d new Event(bufferItem, buffernewDeadline);"
      },
      {
        "lineNumber": 154,
        "author": {
          "gitId": "GlenWong97"
        },
        "content": "            taskList.add(ev);"
      },
      {
        "lineNumber": 155,
        "author": {
          "gitId": "GlenWong97"
        },
        "content": "            cf.saveDlEvent(\"E\", \"0\", bufferItem, buffernewDeadline);"
      },
      {
        "lineNumber": 156,
        "author": {
          "gitId": "GlenWong97"
        },
        "content": "            System.out.print(ev.printText());"
      },
      {
        "lineNumber": 157,
        "author": {
          "gitId": "GlenWong97"
        },
        "content": "        }"
      },
      {
        "lineNumber": 158,
        "author": {
          "gitId": "Jeffry Lum"
        },
        "content": "    }"
      },
      {
        "lineNumber": 159,
        "author": {
          "gitId": "GlenWong97"
        },
        "content": ""
      },
      {
        "lineNumber": 160,
        "author": {
          "gitId": "GlenWong97"
        },
        "content": "    private static void loadSave(ArrayList\u003cTask\u003e taskList) throws FileNotFoundException, DukeException{"
      },
      {
        "lineNumber": 161,
        "author": {
          "gitId": "GlenWong97"
        },
        "content": "        try {"
      },
      {
        "lineNumber": 162,
        "author": {
          "gitId": "GlenWong97"
        },
        "content": "            File file \u003d new File(\"./data/duke.txt\");"
      },
      {
        "lineNumber": 163,
        "author": {
          "gitId": "GlenWong97"
        },
        "content": "            Scanner scanner \u003d new Scanner(file);"
      },
      {
        "lineNumber": 164,
        "author": {
          "gitId": "GlenWong97"
        },
        "content": "            while (scanner.hasNextLine()) {"
      },
      {
        "lineNumber": 165,
        "author": {
          "gitId": "GlenWong97"
        },
        "content": "                String[] strArray \u003d scanner.nextLine().split(\"\\\\s+\\\\|\\\\s+\");"
      },
      {
        "lineNumber": 166,
        "author": {
          "gitId": "GlenWong97"
        },
        "content": "                if (strArray[0].equals(\"T\")) {"
      },
      {
        "lineNumber": 167,
        "author": {
          "gitId": "GlenWong97"
        },
        "content": "                    if (strArray[1].equals(\"0\")) {"
      },
      {
        "lineNumber": 168,
        "author": {
          "gitId": "GlenWong97"
        },
        "content": "                        Todo item \u003d new Todo(strArray[2]);"
      },
      {
        "lineNumber": 169,
        "author": {
          "gitId": "GlenWong97"
        },
        "content": "                        taskList.add(item);"
      },
      {
        "lineNumber": 170,
        "author": {
          "gitId": "GlenWong97"
        },
        "content": "                    } else {"
      },
      {
        "lineNumber": 171,
        "author": {
          "gitId": "GlenWong97"
        },
        "content": "                        Todo item \u003d new Todo(strArray[2]);"
      },
      {
        "lineNumber": 172,
        "author": {
          "gitId": "GlenWong97"
        },
        "content": "                        item.setStatusDone();"
      },
      {
        "lineNumber": 173,
        "author": {
          "gitId": "GlenWong97"
        },
        "content": "                        taskList.add(item);"
      },
      {
        "lineNumber": 174,
        "author": {
          "gitId": "GlenWong97"
        },
        "content": "                    }"
      },
      {
        "lineNumber": 175,
        "author": {
          "gitId": "GlenWong97"
        },
        "content": "                } else if (strArray[0].equals(\"E\")) {"
      },
      {
        "lineNumber": 176,
        "author": {
          "gitId": "GlenWong97"
        },
        "content": "                    if (strArray[1].equals(\"0\")) {"
      },
      {
        "lineNumber": 177,
        "author": {
          "gitId": "GlenWong97"
        },
        "content": "                        Event ev \u003d new Event(strArray[2], strArray[3]);"
      },
      {
        "lineNumber": 178,
        "author": {
          "gitId": "GlenWong97"
        },
        "content": "                        taskList.add(ev);"
      },
      {
        "lineNumber": 179,
        "author": {
          "gitId": "GlenWong97"
        },
        "content": "                    } else {"
      },
      {
        "lineNumber": 180,
        "author": {
          "gitId": "GlenWong97"
        },
        "content": "                        Event ev \u003d new Event(strArray[2], strArray[3]);"
      },
      {
        "lineNumber": 181,
        "author": {
          "gitId": "GlenWong97"
        },
        "content": "                        ev.setStatusDone();"
      },
      {
        "lineNumber": 182,
        "author": {
          "gitId": "GlenWong97"
        },
        "content": "                        taskList.add(ev);"
      },
      {
        "lineNumber": 183,
        "author": {
          "gitId": "GlenWong97"
        },
        "content": "                    }"
      },
      {
        "lineNumber": 184,
        "author": {
          "gitId": "GlenWong97"
        },
        "content": "                } else if (strArray[0].equals(\"D\")) {"
      },
      {
        "lineNumber": 185,
        "author": {
          "gitId": "GlenWong97"
        },
        "content": "                    if (strArray[1].equals(\"0\")) {"
      },
      {
        "lineNumber": 186,
        "author": {
          "gitId": "GlenWong97"
        },
        "content": "                        Deadline dl \u003d new Deadline(strArray[2], strArray[3]);"
      },
      {
        "lineNumber": 187,
        "author": {
          "gitId": "GlenWong97"
        },
        "content": "                        taskList.add(dl);"
      },
      {
        "lineNumber": 188,
        "author": {
          "gitId": "GlenWong97"
        },
        "content": "                    } else {"
      },
      {
        "lineNumber": 189,
        "author": {
          "gitId": "GlenWong97"
        },
        "content": "                        Deadline dl \u003d new Deadline(strArray[2], strArray[3]);"
      },
      {
        "lineNumber": 190,
        "author": {
          "gitId": "GlenWong97"
        },
        "content": "                        dl.setStatusDone();"
      },
      {
        "lineNumber": 191,
        "author": {
          "gitId": "GlenWong97"
        },
        "content": "                        taskList.add(dl);"
      },
      {
        "lineNumber": 192,
        "author": {
          "gitId": "GlenWong97"
        },
        "content": "                    }"
      },
      {
        "lineNumber": 193,
        "author": {
          "gitId": "GlenWong97"
        },
        "content": "                }"
      },
      {
        "lineNumber": 194,
        "author": {
          "gitId": "GlenWong97"
        },
        "content": "            }"
      },
      {
        "lineNumber": 195,
        "author": {
          "gitId": "GlenWong97"
        },
        "content": "            scanner.close();"
      },
      {
        "lineNumber": 196,
        "author": {
          "gitId": "GlenWong97"
        },
        "content": "        } catch (FileNotFoundException e) {"
      },
      {
        "lineNumber": 197,
        "author": {
          "gitId": "GlenWong97"
        },
        "content": "            System.out.println(e.getMessage());"
      },
      {
        "lineNumber": 198,
        "author": {
          "gitId": "GlenWong97"
        },
        "content": "        }"
      },
      {
        "lineNumber": 199,
        "author": {
          "gitId": "GlenWong97"
        },
        "content": "    }"
      },
      {
        "lineNumber": 200,
        "author": {
          "gitId": "GlenWong97"
        },
        "content": ""
      },
      {
        "lineNumber": 201,
        "author": {
          "gitId": "GlenWong97"
        },
        "content": ""
      },
      {
        "lineNumber": 202,
        "author": {
          "gitId": "-"
        },
        "content": "}"
      }
    ],
    "authorContributionMap": {
      "GlenWong97": 198,
      "Jeffry Lum": 1,
      "-": 3
    }
  },
  {
    "path": "src/main/java/DukeException.java",
    "fileType": "java",
    "lines": [
      {
        "lineNumber": 1,
        "author": {
          "gitId": "GlenWong97"
        },
        "content": "public class DukeException extends Exception {"
      },
      {
        "lineNumber": 2,
        "author": {
          "gitId": "GlenWong97"
        },
        "content": "    public DukeException(String message) {"
      },
      {
        "lineNumber": 3,
        "author": {
          "gitId": "GlenWong97"
        },
        "content": "        super(message);"
      },
      {
        "lineNumber": 4,
        "author": {
          "gitId": "GlenWong97"
        },
        "content": "    }"
      },
      {
        "lineNumber": 5,
        "author": {
          "gitId": "GlenWong97"
        },
        "content": "}"
      }
    ],
    "authorContributionMap": {
      "GlenWong97": 5
    }
  },
  {
    "path": "src/main/java/Event.java",
    "fileType": "java",
    "lines": [
      {
        "lineNumber": 1,
        "author": {
          "gitId": "GlenWong97"
        },
        "content": "public class Event extends Task {"
      },
      {
        "lineNumber": 2,
        "author": {
          "gitId": "GlenWong97"
        },
        "content": ""
      },
      {
        "lineNumber": 3,
        "author": {
          "gitId": "GlenWong97"
        },
        "content": "    protected String at;"
      },
      {
        "lineNumber": 4,
        "author": {
          "gitId": "GlenWong97"
        },
        "content": "    public Event(String name, String at) {"
      },
      {
        "lineNumber": 5,
        "author": {
          "gitId": "GlenWong97"
        },
        "content": "        super(name);"
      },
      {
        "lineNumber": 6,
        "author": {
          "gitId": "GlenWong97"
        },
        "content": "        this.at \u003d at;"
      },
      {
        "lineNumber": 7,
        "author": {
          "gitId": "GlenWong97"
        },
        "content": "    }"
      },
      {
        "lineNumber": 8,
        "author": {
          "gitId": "GlenWong97"
        },
        "content": ""
      },
      {
        "lineNumber": 9,
        "author": {
          "gitId": "GlenWong97"
        },
        "content": "    @Override"
      },
      {
        "lineNumber": 10,
        "author": {
          "gitId": "GlenWong97"
        },
        "content": "    public String toString() {"
      },
      {
        "lineNumber": 11,
        "author": {
          "gitId": "GlenWong97"
        },
        "content": "        return \"[E]\" + super.toString() + \" (at: \" + at + \")\";"
      },
      {
        "lineNumber": 12,
        "author": {
          "gitId": "GlenWong97"
        },
        "content": "    }"
      },
      {
        "lineNumber": 13,
        "author": {
          "gitId": "GlenWong97"
        },
        "content": "    public String printText() {"
      },
      {
        "lineNumber": 14,
        "author": {
          "gitId": "GlenWong97"
        },
        "content": "        String text1 \u003d \" Got it. I\u0027ve added this task:\\n\";"
      },
      {
        "lineNumber": 15,
        "author": {
          "gitId": "GlenWong97"
        },
        "content": "        String text2 \u003d \"   \" + toString() + \"\\n\";"
      },
      {
        "lineNumber": 16,
        "author": {
          "gitId": "GlenWong97"
        },
        "content": "        String text3 \u003d \" Now you have \" + Integer.toString(Task.getNumberOfTasks()) +\" tasks in the list.\\n\";"
      },
      {
        "lineNumber": 17,
        "author": {
          "gitId": "GlenWong97"
        },
        "content": "        return (text1 + text2 + text3);"
      },
      {
        "lineNumber": 18,
        "author": {
          "gitId": "GlenWong97"
        },
        "content": "    }"
      },
      {
        "lineNumber": 19,
        "author": {
          "gitId": "GlenWong97"
        },
        "content": ""
      },
      {
        "lineNumber": 20,
        "author": {
          "gitId": "GlenWong97"
        },
        "content": "}"
      }
    ],
    "authorContributionMap": {
      "GlenWong97": 20
    }
  },
  {
    "path": "src/main/java/Task.java",
    "fileType": "java",
    "lines": [
      {
        "lineNumber": 1,
        "author": {
          "gitId": "GlenWong97"
        },
        "content": "import java.util.*;"
      },
      {
        "lineNumber": 2,
        "author": {
          "gitId": "GlenWong97"
        },
        "content": ""
      },
      {
        "lineNumber": 3,
        "author": {
          "gitId": "GlenWong97"
        },
        "content": "public class Task {"
      },
      {
        "lineNumber": 4,
        "author": {
          "gitId": "GlenWong97"
        },
        "content": ""
      },
      {
        "lineNumber": 5,
        "author": {
          "gitId": "GlenWong97"
        },
        "content": "    protected String name;"
      },
      {
        "lineNumber": 6,
        "author": {
          "gitId": "GlenWong97"
        },
        "content": "    protected boolean status;"
      },
      {
        "lineNumber": 7,
        "author": {
          "gitId": "GlenWong97"
        },
        "content": ""
      },
      {
        "lineNumber": 8,
        "author": {
          "gitId": "GlenWong97"
        },
        "content": "    private static int numberOfTasks \u003d 0;"
      },
      {
        "lineNumber": 9,
        "author": {
          "gitId": "GlenWong97"
        },
        "content": ""
      },
      {
        "lineNumber": 10,
        "author": {
          "gitId": "GlenWong97"
        },
        "content": "    public Task (String name) {"
      },
      {
        "lineNumber": 11,
        "author": {
          "gitId": "GlenWong97"
        },
        "content": "        this.name \u003d name;"
      },
      {
        "lineNumber": 12,
        "author": {
          "gitId": "GlenWong97"
        },
        "content": "        this.status \u003d false;"
      },
      {
        "lineNumber": 13,
        "author": {
          "gitId": "GlenWong97"
        },
        "content": "        numberOfTasks++;"
      },
      {
        "lineNumber": 14,
        "author": {
          "gitId": "GlenWong97"
        },
        "content": "    }"
      },
      {
        "lineNumber": 15,
        "author": {
          "gitId": "GlenWong97"
        },
        "content": ""
      },
      {
        "lineNumber": 16,
        "author": {
          "gitId": "GlenWong97"
        },
        "content": "    public Task (String name, boolean status) {"
      },
      {
        "lineNumber": 17,
        "author": {
          "gitId": "GlenWong97"
        },
        "content": "        this.name \u003d name;"
      },
      {
        "lineNumber": 18,
        "author": {
          "gitId": "GlenWong97"
        },
        "content": "        this.status \u003d status;"
      },
      {
        "lineNumber": 19,
        "author": {
          "gitId": "GlenWong97"
        },
        "content": "        numberOfTasks++;"
      },
      {
        "lineNumber": 20,
        "author": {
          "gitId": "GlenWong97"
        },
        "content": "    }"
      },
      {
        "lineNumber": 21,
        "author": {
          "gitId": "GlenWong97"
        },
        "content": ""
      },
      {
        "lineNumber": 22,
        "author": {
          "gitId": "GlenWong97"
        },
        "content": "    public String getStatus() {"
      },
      {
        "lineNumber": 23,
        "author": {
          "gitId": "GlenWong97"
        },
        "content": "        return (status ? \"[✓]\" : \"[✗]\");"
      },
      {
        "lineNumber": 24,
        "author": {
          "gitId": "GlenWong97"
        },
        "content": "    }"
      },
      {
        "lineNumber": 25,
        "author": {
          "gitId": "GlenWong97"
        },
        "content": "    public void setStatusDone() {"
      },
      {
        "lineNumber": 26,
        "author": {
          "gitId": "GlenWong97"
        },
        "content": "        status \u003d true;"
      },
      {
        "lineNumber": 27,
        "author": {
          "gitId": "GlenWong97"
        },
        "content": "    }"
      },
      {
        "lineNumber": 28,
        "author": {
          "gitId": "GlenWong97"
        },
        "content": "    public String toString() {"
      },
      {
        "lineNumber": 29,
        "author": {
          "gitId": "GlenWong97"
        },
        "content": "        return getStatus() + \" \" + name;"
      },
      {
        "lineNumber": 30,
        "author": {
          "gitId": "GlenWong97"
        },
        "content": "    }"
      },
      {
        "lineNumber": 31,
        "author": {
          "gitId": "GlenWong97"
        },
        "content": ""
      },
      {
        "lineNumber": 32,
        "author": {
          "gitId": "GlenWong97"
        },
        "content": "    public static int getNumberOfTasks() {"
      },
      {
        "lineNumber": 33,
        "author": {
          "gitId": "GlenWong97"
        },
        "content": "        return numberOfTasks;"
      },
      {
        "lineNumber": 34,
        "author": {
          "gitId": "GlenWong97"
        },
        "content": "    }"
      },
      {
        "lineNumber": 35,
        "author": {
          "gitId": "GlenWong97"
        },
        "content": ""
      },
      {
        "lineNumber": 36,
        "author": {
          "gitId": "GlenWong97"
        },
        "content": "}"
      }
    ],
    "authorContributionMap": {
      "GlenWong97": 36
    }
  },
  {
    "path": "src/main/java/Todo.java",
    "fileType": "java",
    "lines": [
      {
        "lineNumber": 1,
        "author": {
          "gitId": "GlenWong97"
        },
        "content": "public class Todo extends Task{"
      },
      {
        "lineNumber": 2,
        "author": {
          "gitId": "GlenWong97"
        },
        "content": ""
      },
      {
        "lineNumber": 3,
        "author": {
          "gitId": "GlenWong97"
        },
        "content": "    public Todo(String name) {"
      },
      {
        "lineNumber": 4,
        "author": {
          "gitId": "GlenWong97"
        },
        "content": "        super(name);"
      },
      {
        "lineNumber": 5,
        "author": {
          "gitId": "GlenWong97"
        },
        "content": "    }"
      },
      {
        "lineNumber": 6,
        "author": {
          "gitId": "GlenWong97"
        },
        "content": "    public Todo (String name, boolean status) {"
      },
      {
        "lineNumber": 7,
        "author": {
          "gitId": "GlenWong97"
        },
        "content": "        super(name, status);"
      },
      {
        "lineNumber": 8,
        "author": {
          "gitId": "GlenWong97"
        },
        "content": "    }"
      },
      {
        "lineNumber": 9,
        "author": {
          "gitId": "GlenWong97"
        },
        "content": ""
      },
      {
        "lineNumber": 10,
        "author": {
          "gitId": "GlenWong97"
        },
        "content": "    @Override"
      },
      {
        "lineNumber": 11,
        "author": {
          "gitId": "GlenWong97"
        },
        "content": "    public String toString() {"
      },
      {
        "lineNumber": 12,
        "author": {
          "gitId": "GlenWong97"
        },
        "content": "        return \"[T]\" + super.toString();"
      },
      {
        "lineNumber": 13,
        "author": {
          "gitId": "GlenWong97"
        },
        "content": "    }"
      },
      {
        "lineNumber": 14,
        "author": {
          "gitId": "GlenWong97"
        },
        "content": "    public String printText() {"
      },
      {
        "lineNumber": 15,
        "author": {
          "gitId": "GlenWong97"
        },
        "content": "        String text1 \u003d \" Got it. I\u0027ve added this task:\\n\";"
      },
      {
        "lineNumber": 16,
        "author": {
          "gitId": "GlenWong97"
        },
        "content": "        String text2 \u003d \"   \" + toString() + \"\\n\";"
      },
      {
        "lineNumber": 17,
        "author": {
          "gitId": "GlenWong97"
        },
        "content": "        String text3 \u003d \" Now you have \" + Integer.toString(Task.getNumberOfTasks()) +\" tasks in the list.\\n\";"
      },
      {
        "lineNumber": 18,
        "author": {
          "gitId": "GlenWong97"
        },
        "content": "        return (text1 + text2 + text3);"
      },
      {
        "lineNumber": 19,
        "author": {
          "gitId": "GlenWong97"
        },
        "content": "    }"
      },
      {
        "lineNumber": 20,
        "author": {
          "gitId": "GlenWong97"
        },
        "content": ""
      },
      {
        "lineNumber": 21,
        "author": {
          "gitId": "GlenWong97"
        },
        "content": "}"
      }
    ],
    "authorContributionMap": {
      "GlenWong97": 21
    }
  },
  {
    "path": "src/test/java/DukeTest.java",
    "fileType": "java",
    "lines": [
      {
        "lineNumber": 1,
        "author": {
          "gitId": "GlenWong97"
        },
        "content": "public class DukeTest {"
      },
      {
        "lineNumber": 2,
        "author": {
          "gitId": "GlenWong97"
        },
        "content": "}"
      }
    ],
    "authorContributionMap": {
      "GlenWong97": 2
    }
  }
]
