{
  "authorDailyContributionsMap": {
    "therealnickcheong": [
      {
        "insertions": 270,
        "deletions": 153,
        "date": "2019-08-30",
        "commitResults": [
          {
            "hash": "d5eb74d1e978073e0dd881f497a7acfd5dbfd88a",
            "message": "Tagged A-Classes and A-Inheritance",
            "insertions": 2,
            "deletions": 1
          },
          {
            "hash": "8a75573b9fe332bf56e62b3303872721bc016349",
            "message": "Level-6 on branch",
            "insertions": 18,
            "deletions": 2
          },
          {
            "hash": "f09aa691e1fdec615b71d727a2ed9c556cec3e6e",
            "message": "Level-9 on branch",
            "insertions": 26,
            "deletions": 0
          },
          {
            "hash": "a0fcf71666a61a3fcb1034142c4f0d218bd3114e",
            "message": "A-MoreOOP",
            "insertions": 224,
            "deletions": 150
          }
        ]
      }
    ]
  },
  "authorFinalContributionMap": {
    "therealnickcheong": 224
  },
  "authorFileFormatContributionMap": {
    "therealnickcheong": {
      "java": 224,
      "gradle": 0,
      "css": 0,
      "fxml": 0
    }
  },
  "authorContributionVariance": {
    "therealnickcheong": 11133.359
  },
  "authorDisplayNameMap": {
    "therealnickcheong": "CHE ... LAS"
  }
}
