{
  "authorDailyContributionsMap": {
    "therealnickcheong": [
      {
        "insertions": 81,
        "deletions": 7,
        "date": "2019-08-18",
        "commitResults": [
          {
            "hash": "e0ecb07f5c5534b23ef4c89d6ea3a1b7208773ef",
            "messageTitle": "Level-1: Greet, Echo, Exit",
            "messageBody": "",
            "insertions": 29,
            "deletions": 3
          },
          {
            "hash": "59eddefe7c51ef5abc5d12e4212d876dd1957dd9",
            "messageTitle": "Level-2: Add, List",
            "messageBody": "",
            "insertions": 12,
            "deletions": 1
          },
          {
            "hash": "63fbb654a2f14e84b1ed7bbfe9682e1866e20673",
            "messageTitle": "Level-3: Mark as Done",
            "messageBody": "",
            "insertions": 40,
            "deletions": 3
          }
        ]
      },
      {
        "insertions": 155,
        "deletions": 36,
        "date": "2019-08-24",
        "commitResults": [
          {
            "hash": "d1414c3d6b86c4d46b13fb271458adbe6be849d5",
            "messageTitle": "Level-4: ToDo, Event, Deadline",
            "messageBody": "",
            "insertions": 87,
            "deletions": 5
          },
          {
            "hash": "fc5512468f755058cd111f919b464f839873db4a",
            "messageTitle": "Level-5: Handle Errors",
            "messageBody": "",
            "insertions": 68,
            "deletions": 31
          }
        ]
      },
      {
        "insertions": 238,
        "deletions": 142,
        "date": "2019-08-25",
        "commitResults": [
          {
            "hash": "32203e84fd4dcee4ee53e89e8f9af71c1bc24ba8",
            "messageTitle": "Level-5: Handle Errors ver1.1",
            "messageBody": "",
            "insertions": 83,
            "deletions": 99
          },
          {
            "hash": "8e8398a1e76181ea2e888d7f684125063d96df59",
            "messageTitle": "Level-7: Save Can store toDoList as a String builder",
            "messageBody": "",
            "insertions": 54,
            "deletions": 6
          },
          {
            "hash": "8656c07f85da99787840586cd6c0c21ae9d90f1c",
            "messageTitle": "Level-7: Save v1.1 Can write into .txt file",
            "messageBody": "",
            "insertions": 11,
            "deletions": 5
          },
          {
            "hash": "1ec26480e06e60143808df83a682282b631705ad",
            "messageTitle": "Level-7: Save v1.2 Can read from .txt file",
            "messageBody": "",
            "insertions": 20,
            "deletions": 5
          },
          {
            "hash": "4367f86e322f76550345312b6547b2fb23e5a9f8",
            "messageTitle": "Level-7: Save",
            "messageBody": "",
            "insertions": 70,
            "deletions": 27
          }
        ]
      },
      {
        "insertions": 23,
        "deletions": 9,
        "date": "2019-08-26",
        "commitResults": [
          {
            "hash": "6ac56564e87edd43e561b18d5267b32d5c2340c6",
            "messageTitle": "Level 8. Dates and Times",
            "messageBody": "",
            "insertions": 23,
            "deletions": 9
          }
        ]
      },
      {
        "insertions": 270,
        "deletions": 153,
        "date": "2019-08-30",
        "commitResults": [
          {
            "hash": "d5eb74d1e978073e0dd881f497a7acfd5dbfd88a",
            "messageTitle": "Tagged A-Classes and A-Inheritance",
            "messageBody": "",
            "insertions": 2,
            "deletions": 1
          },
          {
            "hash": "8a75573b9fe332bf56e62b3303872721bc016349",
            "messageTitle": "Level-6 on branch",
            "messageBody": "",
            "insertions": 18,
            "deletions": 2
          },
          {
            "hash": "f09aa691e1fdec615b71d727a2ed9c556cec3e6e",
            "messageTitle": "Level-9 on branch",
            "messageBody": "",
            "insertions": 26,
            "deletions": 0
          },
          {
            "hash": "a0fcf71666a61a3fcb1034142c4f0d218bd3114e",
            "messageTitle": "A-MoreOOP",
            "messageBody": "",
            "insertions": 224,
            "deletions": 150
          }
        ]
      },
      {
        "insertions": 22,
        "deletions": 5,
        "date": "2019-09-01",
        "commitResults": [
          {
            "hash": "d279daedc03fdc4a3bba6dcc1f6d14c69fc0d16d",
            "messageTitle": "A-TextUiTesting",
            "messageBody": "",
            "insertions": 22,
            "deletions": 5
          }
        ]
      },
      {
        "insertions": 15,
        "deletions": 2,
        "date": "2019-09-04",
        "commitResults": [
          {
            "hash": "676b5ba599f3b7377a39557050ce9aab23bf5d64",
            "messageTitle": "Gradle implemented in test branch",
            "messageBody": "",
            "insertions": 14,
            "deletions": 1
          },
          {
            "hash": "a5201fd7bd2805883e6ad051c4cf56a86fd3afcf",
            "messageTitle": "Gradle implemented in master branch",
            "messageBody": "",
            "insertions": 1,
            "deletions": 1
          }
        ]
      },
      {
        "insertions": 236,
        "deletions": 8,
        "date": "2019-09-07",
        "commitResults": [
          {
            "hash": "18aa52b77ff2d3fbe4815ab9804218ed5fa6a404",
            "messageTitle": "A-JUnit + A-Gradle",
            "messageBody": "",
            "insertions": 17,
            "deletions": 0
          },
          {
            "hash": "e06f8c4abf42ce10bfb9cd4a62ca4605fdc992b9",
            "messageTitle": "Fixed Test-Text-UI",
            "messageBody": "",
            "insertions": 7,
            "deletions": 6
          },
          {
            "hash": "3fdcc6ba702e0cdffa87347b7cfaa1639abf5d1b",
            "messageTitle": "A-JavaDoc",
            "messageBody": "",
            "insertions": 212,
            "deletions": 2
          }
        ]
      }
    ]
  },
  "authorFinalContributionMap": {
    "therealnickcheong": 686
  },
  "authorFileTypeContributionMap": {
    "therealnickcheong": {
      "java": 665,
      "gradle": 21,
      "css": 0,
      "fxml": 0
    }
  },
  "authorContributionVariance": {
    "therealnickcheong": 15977.707
  },
  "authorDisplayNameMap": {
    "therealnickcheong": "W12-2 CHE..LAS"
  }
}
