{
  "authorDailyContributionsMap": {
    "rssujay": [
      {
        "insertions": 166,
        "deletions": 19,
        "date": "2019-08-22",
        "commitResults": [
          {
            "hash": "a9b5c864d62e7e88fc56ea306cab26aae6272ea6",
            "message": "Complete A-Gradle tutorial",
            "insertions": 28,
            "deletions": 1
          },
          {
            "hash": "31c16ac678d0523cc4fd619773bd739e8a2f6d49",
            "message": "Complete Level-1",
            "insertions": 30,
            "deletions": 0
          },
          {
            "hash": "5d1b43f64005d21778c41efe18255efad5301bb0",
            "message": "Complete Level-2",
            "insertions": 35,
            "deletions": 1
          },
          {
            "hash": "90b411c24674578308638a4a3974116d402d346b",
            "message": "Complete Level-3",
            "insertions": 73,
            "deletions": 17
          }
        ]
      },
      {
        "insertions": 183,
        "deletions": 67,
        "date": "2019-08-24",
        "commitResults": [
          {
            "hash": "672d46b95f86f3bf838333451767aca6931a8bce",
            "message": "Replace with tick/cross and refactor",
            "insertions": 55,
            "deletions": 47
          },
          {
            "hash": "a38a9a02c5234f00c4984af5e31c36c01d2eface",
            "message": "Meet style requirements",
            "insertions": 128,
            "deletions": 20
          }
        ]
      },
      {
        "insertions": 228,
        "deletions": 195,
        "date": "2019-08-25",
        "commitResults": [
          {
            "hash": "1cea4e0d350fc5b8a1c039293bc050c0a7cf5968",
            "message": "Complete Level-4",
            "insertions": 110,
            "deletions": 106
          },
          {
            "hash": "2bda2bb84bc17543466cac964c4c9bdb454dd996",
            "message": "Complete Level-5",
            "insertions": 118,
            "deletions": 89
          }
        ]
      },
      {
        "insertions": 239,
        "deletions": 24,
        "date": "2019-08-26",
        "commitResults": [
          {
            "hash": "a7aa29cc84e9029623b2fb40577e0b28ab00274f",
            "message": "Complete Level-7",
            "insertions": 142,
            "deletions": 1
          },
          {
            "hash": "16dce97762dfa00325fdd2cf179cac9a1ee3dbbe",
            "message": "Complete Level-8",
            "insertions": 97,
            "deletions": 23
          }
        ]
      },
      {
        "insertions": 233,
        "deletions": 113,
        "date": "2019-09-02",
        "commitResults": [
          {
            "hash": "9557476526ea7de79ecd6b08f9de9faf92aba0e8",
            "message": "Rework Exceptions",
            "insertions": 193,
            "deletions": 106
          },
          {
            "hash": "c3f97fd3491dca2433f7bdd20e20d877f696e061",
            "message": "Complete Level-6",
            "insertions": 24,
            "deletions": 7
          },
          {
            "hash": "ecd62dc2cde8f7de8cfe24ce14725595140494f2",
            "message": "Complete Level-9",
            "insertions": 16,
            "deletions": 0
          }
        ]
      }
    ],
    "Jeffry Lum": [
      {
        "insertions": 4,
        "deletions": 0,
        "date": "2019-08-21",
        "commitResults": [
          {
            "hash": "a3ca5a4e3fe35013f5690cacd168b19f7370a013",
            "message": "Add configuration for console applications",
            "insertions": 4,
            "deletions": 0
          }
        ]
      }
    ]
  },
  "authorFinalContributionMap": {
    "rssujay": 665,
    "Jeffry Lum": 20
  },
  "authorFileFormatContributionMap": {
    "rssujay": {
      "java": 642,
      "gradle": 23,
      "css": 0,
      "fxml": 0
    },
    "Jeffry Lum": {
      "java": 0,
      "gradle": 20,
      "css": 0,
      "fxml": 0
    }
  },
  "authorContributionVariance": {
    "rssujay": 19165.473,
    "Jeffry Lum": 0.8395064
  },
  "authorDisplayNameMap": {
    "rssujay": "rssujay",
    "Jeffry Lum": "Jeffry Lum"
  }
}
