{
  "authorDailyContributionsMap": {
    "danielcyc": [
      {
        "insertions": 206,
        "deletions": 33,
        "date": "2019-08-27",
        "commitResults": [
          {
            "hash": "48a2bde75afbccb4a7fb1c8c448b4e240f47abb4",
            "messageTitle": "initial commit",
            "messageBody": "",
            "insertions": 33,
            "deletions": 0
          },
          {
            "hash": "9e58b0c4b7273839bfde6738a294254e5216347c",
            "messageTitle": "level-2",
            "messageBody": "",
            "insertions": 18,
            "deletions": 5
          },
          {
            "hash": "a70eb60da38041fd4ebaf2aaad9e69dc0996c062",
            "messageTitle": "level 3 done",
            "messageBody": "",
            "insertions": 43,
            "deletions": 21
          },
          {
            "hash": "dad433bf14f238f4a68e1418bdb36c1d31f5e1ca",
            "messageTitle": "level-4",
            "messageBody": "",
            "insertions": 89,
            "deletions": 2
          },
          {
            "hash": "ceedd1542666dc6f4659aab8e8e427cac08dd539",
            "messageTitle": "level-4",
            "messageBody": "",
            "insertions": 23,
            "deletions": 5
          }
        ]
      },
      {
        "insertions": 137,
        "deletions": 99,
        "date": "2019-08-28",
        "commitResults": [
          {
            "hash": "6aa547be08c9bf8449c50be9d6aa643cef41d9f9",
            "messageTitle": "level-4.2",
            "messageBody": "",
            "insertions": 1,
            "deletions": 1
          },
          {
            "hash": "87cd5b2853ec783759a50f5382b6a890990e311a",
            "messageTitle": "level 4.3",
            "messageBody": "",
            "insertions": 100,
            "deletions": 53
          },
          {
            "hash": "0abc0404cd5e65d39d41fb1429c5f13fc8217ccf",
            "messageTitle": "level-4",
            "messageBody": "",
            "insertions": 36,
            "deletions": 45
          }
        ]
      },
      {
        "insertions": 158,
        "deletions": 102,
        "date": "2019-08-29",
        "commitResults": [
          {
            "hash": "84daa13d3823249417df2047ac5ed175290a3629",
            "messageTitle": "level 4 completed",
            "messageBody": "",
            "insertions": 28,
            "deletions": 20
          },
          {
            "hash": "363dd658944d378c8cee2b06e3cc6b570b654b49",
            "messageTitle": "level-5",
            "messageBody": "",
            "insertions": 130,
            "deletions": 78
          },
          {
            "hash": "5972ff92bc102c6d8518151dd8664392872b113b",
            "messageTitle": "level-5 revised",
            "messageBody": "",
            "insertions": 0,
            "deletions": 4
          }
        ]
      },
      {
        "insertions": 71,
        "deletions": 80,
        "date": "2019-08-30",
        "commitResults": [
          {
            "hash": "184ae0664d5857d23a0da9b18d9af1eb7c7ca9f8",
            "messageTitle": "updates",
            "messageBody": "",
            "insertions": 71,
            "deletions": 80
          }
        ]
      },
      {
        "insertions": 14,
        "deletions": 3,
        "date": "2019-09-02",
        "commitResults": [
          {
            "hash": "701e1557aa91a02e1162fca6b9e51ed5315afe6b",
            "messageTitle": "handle todo and invalid input errors",
            "messageBody": "",
            "insertions": 14,
            "deletions": 3
          }
        ]
      }
    ]
  },
  "authorFinalContributionMap": {
    "danielcyc": 274
  },
  "authorFileTypeContributionMap": {
    "danielcyc": {
      "java": 274,
      "gradle": 0,
      "css": 0,
      "fxml": 0
    }
  },
  "authorContributionVariance": {
    "danielcyc": 9533.995
  },
  "authorDisplayNameMap": {
    "danielcyc": "W12-1 CHA..IEL"
  }
}
