{
  "authorDailyContributionsMap": {
    "Daniel": [
      {
        "insertions": 206,
        "deletions": 33,
        "date": "2019-08-27",
        "commitResults": [
          {
            "hash": "48a2bde75afbccb4a7fb1c8c448b4e240f47abb4",
            "messageTitle": "initial commit",
            "messageBody": "",
            "insertions": 33,
            "deletions": 0
          },
          {
            "hash": "9e58b0c4b7273839bfde6738a294254e5216347c",
            "messageTitle": "level-2",
            "messageBody": "",
            "insertions": 18,
            "deletions": 5
          },
          {
            "hash": "a70eb60da38041fd4ebaf2aaad9e69dc0996c062",
            "messageTitle": "level 3 done",
            "messageBody": "",
            "insertions": 43,
            "deletions": 21
          },
          {
            "hash": "dad433bf14f238f4a68e1418bdb36c1d31f5e1ca",
            "messageTitle": "level-4",
            "messageBody": "",
            "insertions": 89,
            "deletions": 2
          },
          {
            "hash": "ceedd1542666dc6f4659aab8e8e427cac08dd539",
            "messageTitle": "level-4",
            "messageBody": "",
            "insertions": 23,
            "deletions": 5
          }
        ]
      },
      {
        "insertions": 101,
        "deletions": 54,
        "date": "2019-08-28",
        "commitResults": [
          {
            "hash": "6aa547be08c9bf8449c50be9d6aa643cef41d9f9",
            "messageTitle": "level-4.2",
            "messageBody": "",
            "insertions": 1,
            "deletions": 1
          },
          {
            "hash": "87cd5b2853ec783759a50f5382b6a890990e311a",
            "messageTitle": "level 4.3",
            "messageBody": "",
            "insertions": 100,
            "deletions": 53
          }
        ]
      }
    ],
    "Jeffry Lum": []
  },
  "authorFinalContributionMap": {
    "Daniel": 224,
    "Jeffry Lum": 3
  },
  "authorFileTypeContributionMap": {
    "Daniel": {
      "java": 224,
      "gradle": 0,
      "css": 0,
      "fxml": 0
    },
    "Jeffry Lum": {
      "java": 3,
      "gradle": 0,
      "css": 0,
      "fxml": 0
    }
  },
  "authorContributionVariance": {
    "Daniel": 4236.1455,
    "Jeffry Lum": 0.0
  },
  "authorDisplayNameMap": {
    "Daniel": "Daniel",
    "Jeffry Lum": "Jeffry Lum"
  }
}
