[
  {
    "path": "Date.java",
    "lines": [
      {
        "lineNumber": 1,
        "author": {
          "gitId": "benitokun123"
        },
        "content": "enum Months{"
      },
      {
        "lineNumber": 2,
        "author": {
          "gitId": "benitokun123"
        },
        "content": "    January, February, March, April, May, June, July, August, September, October, November, December;"
      },
      {
        "lineNumber": 3,
        "author": {
          "gitId": "benitokun123"
        },
        "content": "}"
      },
      {
        "lineNumber": 4,
        "author": {
          "gitId": "benitokun123"
        },
        "content": "public class Date {"
      },
      {
        "lineNumber": 5,
        "author": {
          "gitId": "benitokun123"
        },
        "content": "    private String representation;"
      },
      {
        "lineNumber": 6,
        "author": {
          "gitId": "benitokun123"
        },
        "content": "    public Date(String date){"
      },
      {
        "lineNumber": 7,
        "author": {
          "gitId": "benitokun123"
        },
        "content": "        String arr[] \u003d date.split(\"/\",3);"
      },
      {
        "lineNumber": 8,
        "author": {
          "gitId": "benitokun123"
        },
        "content": "        int day \u003d Integer.parseInt(arr[0]);"
      },
      {
        "lineNumber": 9,
        "author": {
          "gitId": "benitokun123"
        },
        "content": "        int month \u003d Integer.parseInt(arr[1]);"
      },
      {
        "lineNumber": 10,
        "author": {
          "gitId": "benitokun123"
        },
        "content": "        Months list[] \u003d Months.values();"
      },
      {
        "lineNumber": 11,
        "author": {
          "gitId": "benitokun123"
        },
        "content": "        if (day % 10 \u003d\u003d 1){"
      },
      {
        "lineNumber": 12,
        "author": {
          "gitId": "benitokun123"
        },
        "content": "            arr[0] +\u003d \"st\";"
      },
      {
        "lineNumber": 13,
        "author": {
          "gitId": "benitokun123"
        },
        "content": "        }"
      },
      {
        "lineNumber": 14,
        "author": {
          "gitId": "benitokun123"
        },
        "content": "        else if (day % 10 \u003d\u003d 2){"
      },
      {
        "lineNumber": 15,
        "author": {
          "gitId": "benitokun123"
        },
        "content": "            arr[0] +\u003d \"nd\";"
      },
      {
        "lineNumber": 16,
        "author": {
          "gitId": "benitokun123"
        },
        "content": "        }"
      },
      {
        "lineNumber": 17,
        "author": {
          "gitId": "benitokun123"
        },
        "content": "        else if (day % 10 \u003d\u003d 3){"
      },
      {
        "lineNumber": 18,
        "author": {
          "gitId": "benitokun123"
        },
        "content": "            arr[0] +\u003d \"rd\";"
      },
      {
        "lineNumber": 19,
        "author": {
          "gitId": "benitokun123"
        },
        "content": "        }"
      },
      {
        "lineNumber": 20,
        "author": {
          "gitId": "benitokun123"
        },
        "content": "        else{"
      },
      {
        "lineNumber": 21,
        "author": {
          "gitId": "benitokun123"
        },
        "content": "            arr[0] +\u003d \"th\";"
      },
      {
        "lineNumber": 22,
        "author": {
          "gitId": "benitokun123"
        },
        "content": "        }"
      },
      {
        "lineNumber": 23,
        "author": {
          "gitId": "benitokun123"
        },
        "content": "        arr[1] \u003d list[month - 1].name();"
      },
      {
        "lineNumber": 24,
        "author": {
          "gitId": "benitokun123"
        },
        "content": "        representation \u003d arr[0] + \" of \" + arr[1] + \" \" + arr[2];"
      },
      {
        "lineNumber": 25,
        "author": {
          "gitId": "benitokun123"
        },
        "content": "    }"
      },
      {
        "lineNumber": 26,
        "author": {
          "gitId": "benitokun123"
        },
        "content": ""
      },
      {
        "lineNumber": 27,
        "author": {
          "gitId": "benitokun123"
        },
        "content": "    @Override"
      },
      {
        "lineNumber": 28,
        "author": {
          "gitId": "benitokun123"
        },
        "content": "    public String toString(){"
      },
      {
        "lineNumber": 29,
        "author": {
          "gitId": "benitokun123"
        },
        "content": "        return representation;"
      },
      {
        "lineNumber": 30,
        "author": {
          "gitId": "benitokun123"
        },
        "content": "    }"
      },
      {
        "lineNumber": 31,
        "author": {
          "gitId": "benitokun123"
        },
        "content": "}"
      }
    ],
    "authorContributionMap": {
      "benitokun123": 31
    }
  },
  {
    "path": "Deadline.java",
    "lines": [
      {
        "lineNumber": 1,
        "author": {
          "gitId": "benitokun123"
        },
        "content": "class Deadline extends Task{"
      },
      {
        "lineNumber": 2,
        "author": {
          "gitId": "benitokun123"
        },
        "content": "    private String by;"
      },
      {
        "lineNumber": 3,
        "author": {
          "gitId": "benitokun123"
        },
        "content": "    private Date date;"
      },
      {
        "lineNumber": 4,
        "author": {
          "gitId": "benitokun123"
        },
        "content": "    private Time time;"
      },
      {
        "lineNumber": 5,
        "author": {
          "gitId": "benitokun123"
        },
        "content": "    public Deadline(String name, String by) {"
      },
      {
        "lineNumber": 6,
        "author": {
          "gitId": "benitokun123"
        },
        "content": "        super(name);"
      },
      {
        "lineNumber": 7,
        "author": {
          "gitId": "benitokun123"
        },
        "content": "        this.by \u003d by;"
      },
      {
        "lineNumber": 8,
        "author": {
          "gitId": "benitokun123"
        },
        "content": ""
      },
      {
        "lineNumber": 9,
        "author": {
          "gitId": "benitokun123"
        },
        "content": "        String arr[] \u003d by.split(\" \", 3);"
      },
      {
        "lineNumber": 10,
        "author": {
          "gitId": "benitokun123"
        },
        "content": "        date \u003d new Date(arr[1]);"
      },
      {
        "lineNumber": 11,
        "author": {
          "gitId": "benitokun123"
        },
        "content": "        time \u003d new Time(arr[2]);"
      },
      {
        "lineNumber": 12,
        "author": {
          "gitId": "benitokun123"
        },
        "content": "    }"
      },
      {
        "lineNumber": 13,
        "author": {
          "gitId": "benitokun123"
        },
        "content": ""
      },
      {
        "lineNumber": 14,
        "author": {
          "gitId": "benitokun123"
        },
        "content": "    @Override"
      },
      {
        "lineNumber": 15,
        "author": {
          "gitId": "benitokun123"
        },
        "content": "    public String getTime(){"
      },
      {
        "lineNumber": 16,
        "author": {
          "gitId": "benitokun123"
        },
        "content": "        return this.by;"
      },
      {
        "lineNumber": 17,
        "author": {
          "gitId": "benitokun123"
        },
        "content": "    }"
      },
      {
        "lineNumber": 18,
        "author": {
          "gitId": "benitokun123"
        },
        "content": ""
      },
      {
        "lineNumber": 19,
        "author": {
          "gitId": "benitokun123"
        },
        "content": "    @Override"
      },
      {
        "lineNumber": 20,
        "author": {
          "gitId": "benitokun123"
        },
        "content": "    public String toString(){"
      },
      {
        "lineNumber": 21,
        "author": {
          "gitId": "benitokun123"
        },
        "content": "        return \"[D] \" + super.toString() + \" (by:\" + date.toString() + \" \" + time.toString() + \")\";"
      },
      {
        "lineNumber": 22,
        "author": {
          "gitId": "benitokun123"
        },
        "content": "    }"
      },
      {
        "lineNumber": 23,
        "author": {
          "gitId": "benitokun123"
        },
        "content": "}"
      }
    ],
    "authorContributionMap": {
      "benitokun123": 23
    }
  },
  {
    "path": "Event.java",
    "lines": [
      {
        "lineNumber": 1,
        "author": {
          "gitId": "benitokun123"
        },
        "content": "class Event extends Task{"
      },
      {
        "lineNumber": 2,
        "author": {
          "gitId": "benitokun123"
        },
        "content": "    private String by;"
      },
      {
        "lineNumber": 3,
        "author": {
          "gitId": "benitokun123"
        },
        "content": "    private Date date;"
      },
      {
        "lineNumber": 4,
        "author": {
          "gitId": "benitokun123"
        },
        "content": "    private Time time;"
      },
      {
        "lineNumber": 5,
        "author": {
          "gitId": "benitokun123"
        },
        "content": "    public Event(String name, String by) {"
      },
      {
        "lineNumber": 6,
        "author": {
          "gitId": "benitokun123"
        },
        "content": "        super(name);"
      },
      {
        "lineNumber": 7,
        "author": {
          "gitId": "benitokun123"
        },
        "content": "        this.by \u003d by;"
      },
      {
        "lineNumber": 8,
        "author": {
          "gitId": "benitokun123"
        },
        "content": ""
      },
      {
        "lineNumber": 9,
        "author": {
          "gitId": "benitokun123"
        },
        "content": "        String arr[] \u003d by.split(\" \", 3);"
      },
      {
        "lineNumber": 10,
        "author": {
          "gitId": "benitokun123"
        },
        "content": "        date \u003d new Date(arr[1]);"
      },
      {
        "lineNumber": 11,
        "author": {
          "gitId": "benitokun123"
        },
        "content": "        time \u003d new Time(arr[2]);"
      },
      {
        "lineNumber": 12,
        "author": {
          "gitId": "benitokun123"
        },
        "content": "    }"
      },
      {
        "lineNumber": 13,
        "author": {
          "gitId": "benitokun123"
        },
        "content": ""
      },
      {
        "lineNumber": 14,
        "author": {
          "gitId": "benitokun123"
        },
        "content": "    @Override"
      },
      {
        "lineNumber": 15,
        "author": {
          "gitId": "benitokun123"
        },
        "content": "    public String getTime(){"
      },
      {
        "lineNumber": 16,
        "author": {
          "gitId": "benitokun123"
        },
        "content": "        return this.by;"
      },
      {
        "lineNumber": 17,
        "author": {
          "gitId": "benitokun123"
        },
        "content": "    }"
      },
      {
        "lineNumber": 18,
        "author": {
          "gitId": "benitokun123"
        },
        "content": ""
      },
      {
        "lineNumber": 19,
        "author": {
          "gitId": "benitokun123"
        },
        "content": "    @Override"
      },
      {
        "lineNumber": 20,
        "author": {
          "gitId": "benitokun123"
        },
        "content": "    public String toString(){"
      },
      {
        "lineNumber": 21,
        "author": {
          "gitId": "benitokun123"
        },
        "content": "        return \"[E] \" + super.toString() + \" (by:\" + date.toString() + \" \" +  time.toString()  + \")\";"
      },
      {
        "lineNumber": 22,
        "author": {
          "gitId": "benitokun123"
        },
        "content": "    }"
      },
      {
        "lineNumber": 23,
        "author": {
          "gitId": "benitokun123"
        },
        "content": "}"
      }
    ],
    "authorContributionMap": {
      "benitokun123": 23
    }
  },
  {
    "path": "Time.java",
    "lines": [
      {
        "lineNumber": 1,
        "author": {
          "gitId": "benitokun123"
        },
        "content": ""
      },
      {
        "lineNumber": 2,
        "author": {
          "gitId": "benitokun123"
        },
        "content": "class Time {"
      },
      {
        "lineNumber": 3,
        "author": {
          "gitId": "benitokun123"
        },
        "content": "    private String representation;"
      },
      {
        "lineNumber": 4,
        "author": {
          "gitId": "benitokun123"
        },
        "content": "    public Time(String time){"
      },
      {
        "lineNumber": 5,
        "author": {
          "gitId": "benitokun123"
        },
        "content": "        int t \u003d Integer.parseInt(time);"
      },
      {
        "lineNumber": 6,
        "author": {
          "gitId": "benitokun123"
        },
        "content": "        String period;"
      },
      {
        "lineNumber": 7,
        "author": {
          "gitId": "benitokun123"
        },
        "content": "        int h \u003d t / 100;"
      },
      {
        "lineNumber": 8,
        "author": {
          "gitId": "benitokun123"
        },
        "content": "        int m \u003d t % 100;"
      },
      {
        "lineNumber": 9,
        "author": {
          "gitId": "benitokun123"
        },
        "content": "        String minute;"
      },
      {
        "lineNumber": 10,
        "author": {
          "gitId": "benitokun123"
        },
        "content": "        if (h \u003c\u003d 12){"
      },
      {
        "lineNumber": 11,
        "author": {
          "gitId": "benitokun123"
        },
        "content": "            period \u003d \"am\";"
      },
      {
        "lineNumber": 12,
        "author": {
          "gitId": "benitokun123"
        },
        "content": "        }"
      },
      {
        "lineNumber": 13,
        "author": {
          "gitId": "benitokun123"
        },
        "content": "        else{"
      },
      {
        "lineNumber": 14,
        "author": {
          "gitId": "benitokun123"
        },
        "content": "            h-\u003d 12;"
      },
      {
        "lineNumber": 15,
        "author": {
          "gitId": "benitokun123"
        },
        "content": "            period \u003d \"pm\";"
      },
      {
        "lineNumber": 16,
        "author": {
          "gitId": "benitokun123"
        },
        "content": "        }"
      },
      {
        "lineNumber": 17,
        "author": {
          "gitId": "benitokun123"
        },
        "content": "        minute \u003d (m \u003c\u003d 9)? \"0\" + Integer.toString(m) : Integer.toString(m);"
      },
      {
        "lineNumber": 18,
        "author": {
          "gitId": "benitokun123"
        },
        "content": "        representation \u003d h + \".\" + minute + period;"
      },
      {
        "lineNumber": 19,
        "author": {
          "gitId": "benitokun123"
        },
        "content": "    }"
      },
      {
        "lineNumber": 20,
        "author": {
          "gitId": "benitokun123"
        },
        "content": ""
      },
      {
        "lineNumber": 21,
        "author": {
          "gitId": "benitokun123"
        },
        "content": "    @Override"
      },
      {
        "lineNumber": 22,
        "author": {
          "gitId": "benitokun123"
        },
        "content": "    public String toString(){"
      },
      {
        "lineNumber": 23,
        "author": {
          "gitId": "benitokun123"
        },
        "content": "        return representation;"
      },
      {
        "lineNumber": 24,
        "author": {
          "gitId": "benitokun123"
        },
        "content": "    }"
      },
      {
        "lineNumber": 25,
        "author": {
          "gitId": "benitokun123"
        },
        "content": "}"
      }
    ],
    "authorContributionMap": {
      "benitokun123": 25
    }
  },
  {
    "path": "Todo.java",
    "lines": [
      {
        "lineNumber": 1,
        "author": {
          "gitId": "benitokun123"
        },
        "content": "class Todo extends Task{"
      },
      {
        "lineNumber": 2,
        "author": {
          "gitId": "benitokun123"
        },
        "content": "    public Todo(String name){"
      },
      {
        "lineNumber": 3,
        "author": {
          "gitId": "benitokun123"
        },
        "content": "        super(name);"
      },
      {
        "lineNumber": 4,
        "author": {
          "gitId": "benitokun123"
        },
        "content": "    }"
      },
      {
        "lineNumber": 5,
        "author": {
          "gitId": "benitokun123"
        },
        "content": ""
      },
      {
        "lineNumber": 6,
        "author": {
          "gitId": "benitokun123"
        },
        "content": "    @Override"
      },
      {
        "lineNumber": 7,
        "author": {
          "gitId": "benitokun123"
        },
        "content": "    public String toString(){"
      },
      {
        "lineNumber": 8,
        "author": {
          "gitId": "benitokun123"
        },
        "content": "        return \"[T] \" + super.toString();"
      },
      {
        "lineNumber": 9,
        "author": {
          "gitId": "benitokun123"
        },
        "content": "    }"
      },
      {
        "lineNumber": 10,
        "author": {
          "gitId": "benitokun123"
        },
        "content": "}"
      }
    ],
    "authorContributionMap": {
      "benitokun123": 10
    }
  },
  {
    "path": "duke.java",
    "lines": [
      {
        "lineNumber": 1,
        "author": {
          "gitId": "benitokun123"
        },
        "content": "import java.util.Scanner;"
      },
      {
        "lineNumber": 2,
        "author": {
          "gitId": "benitokun123"
        },
        "content": "import java.util.*;"
      },
      {
        "lineNumber": 3,
        "author": {
          "gitId": "benitokun123"
        },
        "content": "import java.io.*;"
      },
      {
        "lineNumber": 4,
        "author": {
          "gitId": "benitokun123"
        },
        "content": ""
      },
      {
        "lineNumber": 5,
        "author": {
          "gitId": "benitokun123"
        },
        "content": "public class Duke{"
      },
      {
        "lineNumber": 6,
        "author": {
          "gitId": "benitokun123"
        },
        "content": "    public static void load_data(ArrayList\u003cTask\u003e ls, Scanner sc) {"
      },
      {
        "lineNumber": 7,
        "author": {
          "gitId": "benitokun123"
        },
        "content": "        while(sc.hasNext()){"
      },
      {
        "lineNumber": 8,
        "author": {
          "gitId": "benitokun123"
        },
        "content": "            String st \u003d sc.nextLine();"
      },
      {
        "lineNumber": 9,
        "author": {
          "gitId": "benitokun123"
        },
        "content": "            String arr[] \u003d st.split(\"|\", 4);"
      },
      {
        "lineNumber": 10,
        "author": {
          "gitId": "benitokun123"
        },
        "content": "            switch (arr[0]){"
      },
      {
        "lineNumber": 11,
        "author": {
          "gitId": "benitokun123"
        },
        "content": "                case \"[T]\":"
      },
      {
        "lineNumber": 12,
        "author": {
          "gitId": "benitokun123"
        },
        "content": "                    Todo new_todo \u003d new Todo(arr[2]);"
      },
      {
        "lineNumber": 13,
        "author": {
          "gitId": "benitokun123"
        },
        "content": "                    if (arr[1].equals(\"[V]\")) new_todo.have_done();"
      },
      {
        "lineNumber": 14,
        "author": {
          "gitId": "benitokun123"
        },
        "content": "                    ls.add(new_todo);"
      },
      {
        "lineNumber": 15,
        "author": {
          "gitId": "benitokun123"
        },
        "content": "                    break;"
      },
      {
        "lineNumber": 16,
        "author": {
          "gitId": "benitokun123"
        },
        "content": "                case \"[E]\":"
      },
      {
        "lineNumber": 17,
        "author": {
          "gitId": "benitokun123"
        },
        "content": "                    Event new_event \u003d new Event(arr[2],arr[3]);"
      },
      {
        "lineNumber": 18,
        "author": {
          "gitId": "benitokun123"
        },
        "content": "                    if (arr[1].equals(\"[V]\")) new_event.have_done();"
      },
      {
        "lineNumber": 19,
        "author": {
          "gitId": "benitokun123"
        },
        "content": "                    ls.add(new_event);"
      },
      {
        "lineNumber": 20,
        "author": {
          "gitId": "benitokun123"
        },
        "content": "                    break;"
      },
      {
        "lineNumber": 21,
        "author": {
          "gitId": "benitokun123"
        },
        "content": "                case \"[D]\":"
      },
      {
        "lineNumber": 22,
        "author": {
          "gitId": "benitokun123"
        },
        "content": "                    Deadline new_deadline \u003d new Deadline(arr[2],arr[3]);"
      },
      {
        "lineNumber": 23,
        "author": {
          "gitId": "benitokun123"
        },
        "content": "                    if (arr[1].equals(\"[V]\")) new_deadline.have_done();"
      },
      {
        "lineNumber": 24,
        "author": {
          "gitId": "benitokun123"
        },
        "content": "                    ls.add(new_deadline);"
      },
      {
        "lineNumber": 25,
        "author": {
          "gitId": "benitokun123"
        },
        "content": "                    break;"
      },
      {
        "lineNumber": 26,
        "author": {
          "gitId": "benitokun123"
        },
        "content": "            }"
      },
      {
        "lineNumber": 27,
        "author": {
          "gitId": "benitokun123"
        },
        "content": "        }"
      },
      {
        "lineNumber": 28,
        "author": {
          "gitId": "benitokun123"
        },
        "content": "    }"
      },
      {
        "lineNumber": 29,
        "author": {
          "gitId": "benitokun123"
        },
        "content": ""
      },
      {
        "lineNumber": 30,
        "author": {
          "gitId": "benitokun123"
        },
        "content": "    public static void write_data(ArrayList\u003cTask\u003e ls, PrintWriter writer){"
      },
      {
        "lineNumber": 31,
        "author": {
          "gitId": "benitokun123"
        },
        "content": "//        writer.flush();"
      },
      {
        "lineNumber": 32,
        "author": {
          "gitId": "benitokun123"
        },
        "content": "        for (int i \u003d 0; i \u003c ls.size(); i++){"
      },
      {
        "lineNumber": 33,
        "author": {
          "gitId": "benitokun123"
        },
        "content": "            if(ls.get(i) instanceof Todo){"
      },
      {
        "lineNumber": 34,
        "author": {
          "gitId": "benitokun123"
        },
        "content": "                writer.println(\"[T]|\" + ls.get(i).tick() + \"|\" + ls.get(i).getName());"
      },
      {
        "lineNumber": 35,
        "author": {
          "gitId": "benitokun123"
        },
        "content": "            }"
      },
      {
        "lineNumber": 36,
        "author": {
          "gitId": "benitokun123"
        },
        "content": "            else if(ls.get(i) instanceof Event){"
      },
      {
        "lineNumber": 37,
        "author": {
          "gitId": "benitokun123"
        },
        "content": "                writer.println(\"[E]|\" + ls.get(i).tick() + \"|\" + ls.get(i).getName() + \"|\" + ls.get(i).getTime());"
      },
      {
        "lineNumber": 38,
        "author": {
          "gitId": "benitokun123"
        },
        "content": "            }"
      },
      {
        "lineNumber": 39,
        "author": {
          "gitId": "benitokun123"
        },
        "content": "            else{"
      },
      {
        "lineNumber": 40,
        "author": {
          "gitId": "benitokun123"
        },
        "content": "                writer.println(\"[D]|\" + ls.get(i).tick() + \"|\" + ls.get(i).getName() + \"|\" + ls.get(i).getTime());"
      },
      {
        "lineNumber": 41,
        "author": {
          "gitId": "benitokun123"
        },
        "content": "            }"
      },
      {
        "lineNumber": 42,
        "author": {
          "gitId": "benitokun123"
        },
        "content": "        }"
      },
      {
        "lineNumber": 43,
        "author": {
          "gitId": "benitokun123"
        },
        "content": "        writer.close();"
      },
      {
        "lineNumber": 44,
        "author": {
          "gitId": "benitokun123"
        },
        "content": "    }"
      },
      {
        "lineNumber": 45,
        "author": {
          "gitId": "benitokun123"
        },
        "content": ""
      },
      {
        "lineNumber": 46,
        "author": {
          "gitId": "benitokun123"
        },
        "content": "    public static  void main(String args[]) throws Exception{"
      },
      {
        "lineNumber": 47,
        "author": {
          "gitId": "benitokun123"
        },
        "content": "        // Loading data"
      },
      {
        "lineNumber": 48,
        "author": {
          "gitId": "benitokun123"
        },
        "content": "        Scanner sc1 \u003d new Scanner(new File(\"data.txt\"));"
      },
      {
        "lineNumber": 49,
        "author": {
          "gitId": "benitokun123"
        },
        "content": "        ArrayList\u003cTask\u003e ls \u003d new ArrayList\u003cTask\u003e();"
      },
      {
        "lineNumber": 50,
        "author": {
          "gitId": "benitokun123"
        },
        "content": "        load_data(ls,sc1);"
      },
      {
        "lineNumber": 51,
        "author": {
          "gitId": "benitokun123"
        },
        "content": ""
      },
      {
        "lineNumber": 52,
        "author": {
          "gitId": "benitokun123"
        },
        "content": "        // Main Duke body"
      },
      {
        "lineNumber": 53,
        "author": {
          "gitId": "benitokun123"
        },
        "content": "        Scanner sc \u003d new Scanner(System.in);"
      },
      {
        "lineNumber": 54,
        "author": {
          "gitId": "benitokun123"
        },
        "content": "        String line \u003d \"   ___________________________________________________\\n\";"
      },
      {
        "lineNumber": 55,
        "author": {
          "gitId": "benitokun123"
        },
        "content": "        System.out.print(line + \"   Hello! I\u0027m Duke\\n   What can I do for you?\\n\" + line);"
      },
      {
        "lineNumber": 56,
        "author": {
          "gitId": "benitokun123"
        },
        "content": "        while (true) {"
      },
      {
        "lineNumber": 57,
        "author": {
          "gitId": "benitokun123"
        },
        "content": "            String command \u003d sc.nextLine();"
      },
      {
        "lineNumber": 58,
        "author": {
          "gitId": "benitokun123"
        },
        "content": "            String str[] \u003d command.split(\" \", 0);"
      },
      {
        "lineNumber": 59,
        "author": {
          "gitId": "benitokun123"
        },
        "content": "            if (command.equals(\"bye\")){"
      },
      {
        "lineNumber": 60,
        "author": {
          "gitId": "benitokun123"
        },
        "content": "                System.out.print(line + \"   Bye. Hope to see you again soon! \\n\" + line);"
      },
      {
        "lineNumber": 61,
        "author": {
          "gitId": "benitokun123"
        },
        "content": "                break;"
      },
      {
        "lineNumber": 62,
        "author": {
          "gitId": "benitokun123"
        },
        "content": "            }"
      },
      {
        "lineNumber": 63,
        "author": {
          "gitId": "benitokun123"
        },
        "content": "            switch (str[0]) {"
      },
      {
        "lineNumber": 64,
        "author": {
          "gitId": "benitokun123"
        },
        "content": "                case \"list\":"
      },
      {
        "lineNumber": 65,
        "author": {
          "gitId": "benitokun123"
        },
        "content": "                    System.out.print(line);"
      },
      {
        "lineNumber": 66,
        "author": {
          "gitId": "benitokun123"
        },
        "content": "                    for (int i \u003d 1; i \u003c\u003d ls.size(); i++){"
      },
      {
        "lineNumber": 67,
        "author": {
          "gitId": "benitokun123"
        },
        "content": "                        System.out.print(\"      \" + i + \".\");"
      },
      {
        "lineNumber": 68,
        "author": {
          "gitId": "benitokun123"
        },
        "content": "                        System.out.println(ls.get(i-1).toString());"
      },
      {
        "lineNumber": 69,
        "author": {
          "gitId": "benitokun123"
        },
        "content": "                    }"
      },
      {
        "lineNumber": 70,
        "author": {
          "gitId": "benitokun123"
        },
        "content": "                    System.out.print(line);"
      },
      {
        "lineNumber": 71,
        "author": {
          "gitId": "benitokun123"
        },
        "content": "                    break;"
      },
      {
        "lineNumber": 72,
        "author": {
          "gitId": "benitokun123"
        },
        "content": "                case \"done\":"
      },
      {
        "lineNumber": 73,
        "author": {
          "gitId": "benitokun123"
        },
        "content": "                    try {"
      },
      {
        "lineNumber": 74,
        "author": {
          "gitId": "benitokun123"
        },
        "content": "                        int index \u003d Integer.parseInt(command.substring(5)) - 1;"
      },
      {
        "lineNumber": 75,
        "author": {
          "gitId": "benitokun123"
        },
        "content": "                        ls.get(index).have_done();"
      },
      {
        "lineNumber": 76,
        "author": {
          "gitId": "benitokun123"
        },
        "content": "                        System.out.println(\"     Nice! I\u0027ve marked this task as done:\");"
      },
      {
        "lineNumber": 77,
        "author": {
          "gitId": "benitokun123"
        },
        "content": "                        System.out.println(\"        \"+ls.get(index).toString());"
      },
      {
        "lineNumber": 78,
        "author": {
          "gitId": "benitokun123"
        },
        "content": "                    }"
      },
      {
        "lineNumber": 79,
        "author": {
          "gitId": "benitokun123"
        },
        "content": "                    catch (IndexOutOfBoundsException e){"
      },
      {
        "lineNumber": 80,
        "author": {
          "gitId": "benitokun123"
        },
        "content": "                        System.out.println(line + \"    The task does not exist\\n\" + line);"
      },
      {
        "lineNumber": 81,
        "author": {
          "gitId": "benitokun123"
        },
        "content": "                    }"
      },
      {
        "lineNumber": 82,
        "author": {
          "gitId": "benitokun123"
        },
        "content": "                    catch (NumberFormatException e){"
      },
      {
        "lineNumber": 83,
        "author": {
          "gitId": "benitokun123"
        },
        "content": "                        System.out.println(line + \"    Please enter the task as its order number\\n\" + line);"
      },
      {
        "lineNumber": 84,
        "author": {
          "gitId": "benitokun123"
        },
        "content": "                    }"
      },
      {
        "lineNumber": 85,
        "author": {
          "gitId": "benitokun123"
        },
        "content": "                    break;"
      },
      {
        "lineNumber": 86,
        "author": {
          "gitId": "benitokun123"
        },
        "content": "                case \"todo\":"
      },
      {
        "lineNumber": 87,
        "author": {
          "gitId": "benitokun123"
        },
        "content": "                    try {"
      },
      {
        "lineNumber": 88,
        "author": {
          "gitId": "benitokun123"
        },
        "content": "                        command \u003d command.substring(5);"
      },
      {
        "lineNumber": 89,
        "author": {
          "gitId": "benitokun123"
        },
        "content": "                        Todo new_todo \u003d new Todo(command);"
      },
      {
        "lineNumber": 90,
        "author": {
          "gitId": "benitokun123"
        },
        "content": "                        ls.add(new_todo);"
      },
      {
        "lineNumber": 91,
        "author": {
          "gitId": "benitokun123"
        },
        "content": "                        System.out.print(line);"
      },
      {
        "lineNumber": 92,
        "author": {
          "gitId": "benitokun123"
        },
        "content": "                        System.out.println(\"    Got it. I\u0027ve added this task\");"
      },
      {
        "lineNumber": 93,
        "author": {
          "gitId": "benitokun123"
        },
        "content": "                        System.out.println(\"        \" + new_todo.toString());"
      },
      {
        "lineNumber": 94,
        "author": {
          "gitId": "benitokun123"
        },
        "content": "                        System.out.println(\"    Now you have \" + ls.size() + \" tasks in the list\");"
      },
      {
        "lineNumber": 95,
        "author": {
          "gitId": "benitokun123"
        },
        "content": "                        System.out.print(line);"
      },
      {
        "lineNumber": 96,
        "author": {
          "gitId": "benitokun123"
        },
        "content": "                    }"
      },
      {
        "lineNumber": 97,
        "author": {
          "gitId": "benitokun123"
        },
        "content": "                    catch (StringIndexOutOfBoundsException e){"
      },
      {
        "lineNumber": 98,
        "author": {
          "gitId": "benitokun123"
        },
        "content": "                        System.out.println(line + \"     Description of todo cannot be empty\\n\" + line);"
      },
      {
        "lineNumber": 99,
        "author": {
          "gitId": "benitokun123"
        },
        "content": "                    }"
      },
      {
        "lineNumber": 100,
        "author": {
          "gitId": "benitokun123"
        },
        "content": "                    break;"
      },
      {
        "lineNumber": 101,
        "author": {
          "gitId": "benitokun123"
        },
        "content": "                case \"deadline\":"
      },
      {
        "lineNumber": 102,
        "author": {
          "gitId": "benitokun123"
        },
        "content": "                    try {"
      },
      {
        "lineNumber": 103,
        "author": {
          "gitId": "benitokun123"
        },
        "content": "                        command \u003d command.substring(9);"
      },
      {
        "lineNumber": 104,
        "author": {
          "gitId": "benitokun123"
        },
        "content": "                        String dl[] \u003d command.split(\"/\", 2);"
      },
      {
        "lineNumber": 105,
        "author": {
          "gitId": "benitokun123"
        },
        "content": "                        Deadline new_deadline \u003d new Deadline(dl[0], dl[1]);"
      },
      {
        "lineNumber": 106,
        "author": {
          "gitId": "benitokun123"
        },
        "content": "                        ls.add(new_deadline);"
      },
      {
        "lineNumber": 107,
        "author": {
          "gitId": "benitokun123"
        },
        "content": ""
      },
      {
        "lineNumber": 108,
        "author": {
          "gitId": "benitokun123"
        },
        "content": "                        System.out.print(line);"
      },
      {
        "lineNumber": 109,
        "author": {
          "gitId": "benitokun123"
        },
        "content": "                        System.out.println(\"    Got it. I\u0027ve added this task\");"
      },
      {
        "lineNumber": 110,
        "author": {
          "gitId": "benitokun123"
        },
        "content": "                        System.out.println(\"        \" + new_deadline.toString());"
      },
      {
        "lineNumber": 111,
        "author": {
          "gitId": "benitokun123"
        },
        "content": "                        System.out.println(\"    Now you have \" + ls.size() + \" tasks in the list\");"
      },
      {
        "lineNumber": 112,
        "author": {
          "gitId": "benitokun123"
        },
        "content": "                        System.out.print(line);"
      },
      {
        "lineNumber": 113,
        "author": {
          "gitId": "benitokun123"
        },
        "content": "                    }"
      },
      {
        "lineNumber": 114,
        "author": {
          "gitId": "benitokun123"
        },
        "content": "                    catch (StringIndexOutOfBoundsException e){"
      },
      {
        "lineNumber": 115,
        "author": {
          "gitId": "benitokun123"
        },
        "content": "                        System.out.println(line + \"     Description of deadline cannot be empty\\n\" + line);"
      },
      {
        "lineNumber": 116,
        "author": {
          "gitId": "benitokun123"
        },
        "content": "                    }"
      },
      {
        "lineNumber": 117,
        "author": {
          "gitId": "benitokun123"
        },
        "content": "                    catch (ArrayIndexOutOfBoundsException | NumberFormatException e){"
      },
      {
        "lineNumber": 118,
        "author": {
          "gitId": "benitokun123"
        },
        "content": "                        System.out.println(line + \"     Please indicate the date or time of the deadline with the right format\\n\" + line);"
      },
      {
        "lineNumber": 119,
        "author": {
          "gitId": "benitokun123"
        },
        "content": "                    }"
      },
      {
        "lineNumber": 120,
        "author": {
          "gitId": "benitokun123"
        },
        "content": ""
      },
      {
        "lineNumber": 121,
        "author": {
          "gitId": "benitokun123"
        },
        "content": "                    break;"
      },
      {
        "lineNumber": 122,
        "author": {
          "gitId": "benitokun123"
        },
        "content": "                case \"event\":"
      },
      {
        "lineNumber": 123,
        "author": {
          "gitId": "benitokun123"
        },
        "content": "                    try {"
      },
      {
        "lineNumber": 124,
        "author": {
          "gitId": "benitokun123"
        },
        "content": "                        command \u003d command.substring(6);"
      },
      {
        "lineNumber": 125,
        "author": {
          "gitId": "benitokun123"
        },
        "content": "                        String ev[] \u003d command.split(\"/\", 2);"
      },
      {
        "lineNumber": 126,
        "author": {
          "gitId": "benitokun123"
        },
        "content": "                        Event new_event \u003d new Event(ev[0], ev[1]);"
      },
      {
        "lineNumber": 127,
        "author": {
          "gitId": "benitokun123"
        },
        "content": "                        ls.add(new_event);"
      },
      {
        "lineNumber": 128,
        "author": {
          "gitId": "benitokun123"
        },
        "content": ""
      },
      {
        "lineNumber": 129,
        "author": {
          "gitId": "benitokun123"
        },
        "content": "                        System.out.print(line);"
      },
      {
        "lineNumber": 130,
        "author": {
          "gitId": "benitokun123"
        },
        "content": "                        System.out.println(\"    Got it. I\u0027ve added this task\");"
      },
      {
        "lineNumber": 131,
        "author": {
          "gitId": "benitokun123"
        },
        "content": "                        System.out.println(\"        \" + new_event.toString());"
      },
      {
        "lineNumber": 132,
        "author": {
          "gitId": "benitokun123"
        },
        "content": "                        System.out.println(\"    Now you have \" + ls.size() + \" tasks in the list\");"
      },
      {
        "lineNumber": 133,
        "author": {
          "gitId": "benitokun123"
        },
        "content": "                        System.out.print(line);"
      },
      {
        "lineNumber": 134,
        "author": {
          "gitId": "benitokun123"
        },
        "content": "                    }"
      },
      {
        "lineNumber": 135,
        "author": {
          "gitId": "benitokun123"
        },
        "content": "                    catch (StringIndexOutOfBoundsException e){"
      },
      {
        "lineNumber": 136,
        "author": {
          "gitId": "benitokun123"
        },
        "content": "                        System.out.println(line + \"     Description of event cannot be empty\\n\" + line);"
      },
      {
        "lineNumber": 137,
        "author": {
          "gitId": "benitokun123"
        },
        "content": "                    }"
      },
      {
        "lineNumber": 138,
        "author": {
          "gitId": "benitokun123"
        },
        "content": "                    catch (ArrayIndexOutOfBoundsException | NumberFormatException e){"
      },
      {
        "lineNumber": 139,
        "author": {
          "gitId": "benitokun123"
        },
        "content": "                        System.out.println(line + \"     Please indicate the date or time of the event with the right format\\n\" + line);"
      },
      {
        "lineNumber": 140,
        "author": {
          "gitId": "benitokun123"
        },
        "content": "                    }"
      },
      {
        "lineNumber": 141,
        "author": {
          "gitId": "benitokun123"
        },
        "content": "                    break;"
      },
      {
        "lineNumber": 142,
        "author": {
          "gitId": "benitokun123"
        },
        "content": "                default:"
      },
      {
        "lineNumber": 143,
        "author": {
          "gitId": "benitokun123"
        },
        "content": "                    System.out.println(\"Unrecognized input\");"
      },
      {
        "lineNumber": 144,
        "author": {
          "gitId": "benitokun123"
        },
        "content": "            }"
      },
      {
        "lineNumber": 145,
        "author": {
          "gitId": "benitokun123"
        },
        "content": "        }"
      },
      {
        "lineNumber": 146,
        "author": {
          "gitId": "benitokun123"
        },
        "content": ""
      },
      {
        "lineNumber": 147,
        "author": {
          "gitId": "benitokun123"
        },
        "content": "        // write data back to file"
      },
      {
        "lineNumber": 148,
        "author": {
          "gitId": "benitokun123"
        },
        "content": "        PrintWriter writer \u003d new PrintWriter(new File(\"data.txt\"));"
      },
      {
        "lineNumber": 149,
        "author": {
          "gitId": "benitokun123"
        },
        "content": "        write_data(ls,writer);"
      },
      {
        "lineNumber": 150,
        "author": {
          "gitId": "benitokun123"
        },
        "content": "        return;"
      },
      {
        "lineNumber": 151,
        "author": {
          "gitId": "benitokun123"
        },
        "content": "    }"
      },
      {
        "lineNumber": 152,
        "author": {
          "gitId": "benitokun123"
        },
        "content": "}"
      }
    ],
    "authorContributionMap": {
      "benitokun123": 152
    }
  },
  {
    "path": "task.java",
    "lines": [
      {
        "lineNumber": 1,
        "author": {
          "gitId": "benitokun123"
        },
        "content": "class Task {"
      },
      {
        "lineNumber": 2,
        "author": {
          "gitId": "benitokun123"
        },
        "content": "    protected boolean is_done;"
      },
      {
        "lineNumber": 3,
        "author": {
          "gitId": "benitokun123"
        },
        "content": "    protected String name;"
      },
      {
        "lineNumber": 4,
        "author": {
          "gitId": "benitokun123"
        },
        "content": ""
      },
      {
        "lineNumber": 5,
        "author": {
          "gitId": "benitokun123"
        },
        "content": "    public Task(String name){"
      },
      {
        "lineNumber": 6,
        "author": {
          "gitId": "benitokun123"
        },
        "content": "        this.name \u003d name;"
      },
      {
        "lineNumber": 7,
        "author": {
          "gitId": "benitokun123"
        },
        "content": "        this.is_done \u003d false;"
      },
      {
        "lineNumber": 8,
        "author": {
          "gitId": "benitokun123"
        },
        "content": "    }"
      },
      {
        "lineNumber": 9,
        "author": {
          "gitId": "benitokun123"
        },
        "content": ""
      },
      {
        "lineNumber": 10,
        "author": {
          "gitId": "benitokun123"
        },
        "content": "    public String tick(){"
      },
      {
        "lineNumber": 11,
        "author": {
          "gitId": "benitokun123"
        },
        "content": "        if (is_done) return \"[V]\";"
      },
      {
        "lineNumber": 12,
        "author": {
          "gitId": "benitokun123"
        },
        "content": "        else return \"[X]\";"
      },
      {
        "lineNumber": 13,
        "author": {
          "gitId": "benitokun123"
        },
        "content": "    }"
      },
      {
        "lineNumber": 14,
        "author": {
          "gitId": "benitokun123"
        },
        "content": ""
      },
      {
        "lineNumber": 15,
        "author": {
          "gitId": "benitokun123"
        },
        "content": "    public void have_done()"
      },
      {
        "lineNumber": 16,
        "author": {
          "gitId": "benitokun123"
        },
        "content": "    {"
      },
      {
        "lineNumber": 17,
        "author": {
          "gitId": "benitokun123"
        },
        "content": "        this.is_done \u003d true;"
      },
      {
        "lineNumber": 18,
        "author": {
          "gitId": "benitokun123"
        },
        "content": "    }"
      },
      {
        "lineNumber": 19,
        "author": {
          "gitId": "benitokun123"
        },
        "content": ""
      },
      {
        "lineNumber": 20,
        "author": {
          "gitId": "benitokun123"
        },
        "content": "    public boolean done()"
      },
      {
        "lineNumber": 21,
        "author": {
          "gitId": "benitokun123"
        },
        "content": "    {"
      },
      {
        "lineNumber": 22,
        "author": {
          "gitId": "benitokun123"
        },
        "content": "        return this.is_done;"
      },
      {
        "lineNumber": 23,
        "author": {
          "gitId": "benitokun123"
        },
        "content": "    }"
      },
      {
        "lineNumber": 24,
        "author": {
          "gitId": "benitokun123"
        },
        "content": ""
      },
      {
        "lineNumber": 25,
        "author": {
          "gitId": "benitokun123"
        },
        "content": "    public String getName() {"
      },
      {
        "lineNumber": 26,
        "author": {
          "gitId": "benitokun123"
        },
        "content": "        return this.name;"
      },
      {
        "lineNumber": 27,
        "author": {
          "gitId": "benitokun123"
        },
        "content": "    }"
      },
      {
        "lineNumber": 28,
        "author": {
          "gitId": "benitokun123"
        },
        "content": ""
      },
      {
        "lineNumber": 29,
        "author": {
          "gitId": "benitokun123"
        },
        "content": "    public String getTime(){"
      },
      {
        "lineNumber": 30,
        "author": {
          "gitId": "benitokun123"
        },
        "content": "        return null;"
      },
      {
        "lineNumber": 31,
        "author": {
          "gitId": "benitokun123"
        },
        "content": "    }"
      },
      {
        "lineNumber": 32,
        "author": {
          "gitId": "benitokun123"
        },
        "content": ""
      },
      {
        "lineNumber": 33,
        "author": {
          "gitId": "benitokun123"
        },
        "content": "    @Override"
      },
      {
        "lineNumber": 34,
        "author": {
          "gitId": "benitokun123"
        },
        "content": "    public String toString(){"
      },
      {
        "lineNumber": 35,
        "author": {
          "gitId": "benitokun123"
        },
        "content": "        return this.tick() + \" \" +  name;"
      },
      {
        "lineNumber": 36,
        "author": {
          "gitId": "benitokun123"
        },
        "content": "    }"
      },
      {
        "lineNumber": 37,
        "author": {
          "gitId": "benitokun123"
        },
        "content": "}"
      }
    ],
    "authorContributionMap": {
      "benitokun123": 37
    }
  }
]
