{
  "authorDailyContributionsMap": {
    "benitokun123": [
      {
        "insertions": 83,
        "deletions": 11,
        "date": "2019-08-25",
        "commitResults": [
          {
            "hash": "3b171b78cb7aa6687880f608a428df803b76c16c",
            "message": "Level 1-1",
            "insertions": 23,
            "deletions": 0
          },
          {
            "hash": "31e29bda0d1865dca0f04fe56eda531a46868bd1",
            "message": "Level 1-2",
            "insertions": 16,
            "deletions": 2
          },
          {
            "hash": "6cd10bf470e7d414f426e2f08def2c26c189cbb2",
            "message": "level 1-3",
            "insertions": 44,
            "deletions": 9
          }
        ]
      },
      {
        "insertions": 271,
        "deletions": 119,
        "date": "2019-08-29",
        "commitResults": [
          {
            "hash": "57b536ddba4bf335dfd08276134709e1b614388e",
            "message": "Using ArrayList instead and clean up some part",
            "insertions": 33,
            "deletions": 29
          },
          {
            "hash": "acb55934062783c978a318b7c65af9055a328db0",
            "message": "Clean up code",
            "insertions": 62,
            "deletions": 57
          },
          {
            "hash": "342461e50c6d3fb46bab2686208fa6b9a717941f",
            "message": "Level 1-4 and 1-5",
            "insertions": 102,
            "deletions": 26
          },
          {
            "hash": "79f9b8a76a587168cc5ed705be064fe0260572b1",
            "message": "level 1-7",
            "insertions": 74,
            "deletions": 7
          }
        ]
      },
      {
        "insertions": 74,
        "deletions": 7,
        "date": "2019-08-30",
        "commitResults": [
          {
            "hash": "883aa9c697d46bc87742599ac704d1328da72901",
            "message": "level 1-8",
            "insertions": 74,
            "deletions": 7
          }
        ]
      },
      {
        "insertions": 27,
        "deletions": 13,
        "date": "2019-09-01",
        "commitResults": [
          {
            "hash": "b2882ebc596f41c4bb7990c9de2372c592653ca8",
            "message": "fix unresolved reading file problem from level 1-7",
            "insertions": 27,
            "deletions": 13
          }
        ]
      }
    ],
    "Jeffry Lum": []
  },
  "authorFinalContributionMap": {
    "benitokun123": 315,
    "Jeffry Lum": 0
  },
  "authorFileFormatContributionMap": {
    "benitokun123": {
      "java": 315,
      "gradle": 0,
      "css": 0,
      "fxml": 0
    },
    "Jeffry Lum": {
      "java": 0,
      "gradle": 0,
      "css": 0,
      "fxml": 0
    }
  },
  "authorContributionVariance": {
    "benitokun123": 8680.36,
    "Jeffry Lum": 0.0
  },
  "authorDisplayNameMap": {
    "benitokun123": "benitokun123",
    "Jeffry Lum": "Jeffry Lum"
  }
}
