{
  "authorDailyContributionsMap": {
    "benitokun123": [
      {
        "insertions": 83,
        "deletions": 11,
        "date": "2019-08-25",
        "commitResults": [
          {
            "hash": "3b171b78cb7aa6687880f608a428df803b76c16c",
            "messageTitle": "Level 1-1",
            "messageBody": "",
            "insertions": 23,
            "deletions": 0
          },
          {
            "hash": "31e29bda0d1865dca0f04fe56eda531a46868bd1",
            "messageTitle": "Level 1-2",
            "messageBody": "",
            "insertions": 16,
            "deletions": 2
          },
          {
            "hash": "6cd10bf470e7d414f426e2f08def2c26c189cbb2",
            "messageTitle": "level 1-3",
            "messageBody": "",
            "insertions": 44,
            "deletions": 9
          }
        ]
      }
    ],
    "Jeffry Lum": []
  },
  "authorFinalContributionMap": {
    "benitokun123": 72,
    "Jeffry Lum": 0
  },
  "authorFileTypeContributionMap": {
    "benitokun123": {
      "java": 72,
      "gradle": 0,
      "css": 0,
      "fxml": 0
    },
    "Jeffry Lum": {
      "java": 0,
      "gradle": 0,
      "css": 0,
      "fxml": 0
    }
  },
  "authorContributionVariance": {
    "benitokun123": 586.0612,
    "Jeffry Lum": 0.0
  },
  "authorDisplayNameMap": {
    "benitokun123": "benitokun123",
    "Jeffry Lum": "Jeffry Lum"
  }
}
