{
  "authorDailyContributionsMap": {
    "Alex-Teo": [
      {
        "insertions": 50,
        "deletions": 2,
        "date": "2019-08-21",
        "commitResults": [
          {
            "hash": "2675b8751899f08ddca0800a1d62aa10ff7b3e18",
            "message": "Level 1 commit",
            "insertions": 31,
            "deletions": 1
          },
          {
            "hash": "fa136d8be1a4b37dbaf28614bfe3750d79a5741a",
            "message": "Level 1 commit",
            "insertions": 1,
            "deletions": 0
          },
          {
            "hash": "cf44248755ee7020d6b39251e1c8895029ecf2be",
            "message": "Level 2 commit",
            "insertions": 18,
            "deletions": 1
          }
        ]
      },
      {
        "insertions": 40,
        "deletions": 4,
        "date": "2019-08-24",
        "commitResults": [
          {
            "hash": "2c5fb20425d13e9f856df9f18df3d124592bb653",
            "message": "Level 2 commit",
            "insertions": 40,
            "deletions": 4
          }
        ]
      },
      {
        "insertions": 150,
        "deletions": 55,
        "date": "2019-08-25",
        "commitResults": [
          {
            "hash": "207adc2f0c742c28bcf6af2811d1f97b3a4a0818",
            "message": "Level 4 commit",
            "insertions": 72,
            "deletions": 7
          },
          {
            "hash": "8ebc69f17415d59ab7e6e1cdb18219798a449a33",
            "message": "Level 5 commit",
            "insertions": 78,
            "deletions": 48
          }
        ]
      },
      {
        "insertions": 166,
        "deletions": 6,
        "date": "2019-08-27",
        "commitResults": [
          {
            "hash": "35fa5eea766e7dd1560abe54a364f4cd73f091e4",
            "message": "Level 5 commit",
            "insertions": 165,
            "deletions": 5
          },
          {
            "hash": "6d3661dac7f797d95f3c3f128f12071d19824af3",
            "message": "Level 7 commit",
            "insertions": 1,
            "deletions": 1
          }
        ]
      },
      {
        "insertions": 48,
        "deletions": 25,
        "date": "2019-08-29",
        "commitResults": [
          {
            "hash": "362e41c82fea0759c4d82e2251e0bd643b023ed4",
            "message": "Level 7 v2 commit",
            "insertions": 24,
            "deletions": 15
          },
          {
            "hash": "75c9965eefdfa4c4a2064b6b8861ea7ec1965cc5",
            "message": "Level 8 commit",
            "insertions": 24,
            "deletions": 10
          }
        ]
      },
      {
        "insertions": 65,
        "deletions": 11,
        "date": "2019-08-31",
        "commitResults": [
          {
            "hash": "0666d17995e5498548acb5bd50232dd6f3d1c5e6",
            "message": "Level 6 commit, with Collections, Classes and Inheritance",
            "insertions": 37,
            "deletions": 8
          },
          {
            "hash": "ec0bc9f003bb1731622f647c0db5ae4865861e02",
            "message": "Level 9 commit",
            "insertions": 28,
            "deletions": 3
          }
        ]
      },
      {
        "insertions": 169,
        "deletions": 10,
        "date": "2019-09-01",
        "commitResults": [
          {
            "hash": "e0629f82c7fe4b2c2845ce10a669096db758425c",
            "message": "JavaFx Iterations 1 and 2",
            "insertions": 169,
            "deletions": 10
          }
        ]
      }
    ]
  },
  "authorFinalContributionMap": {
    "Alex-Teo": 576
  },
  "authorFileFormatContributionMap": {
    "Alex-Teo": {
      "java": 548,
      "gradle": 28,
      "css": 0,
      "fxml": 0
    }
  },
  "authorContributionVariance": {
    "Alex-Teo": 5108.107
  },
  "authorDisplayNameMap": {
    "Alex-Teo": "Alex-Teo"
  }
}
