{
  "authorDailyContributionsMap": {
    "fauzt": [
      {
        "insertions": 82,
        "deletions": 20,
        "date": "2019-08-23",
        "commitResults": [
          {
            "hash": "18a3ddb747d1a4fdb078bffd4d3d048b1b1ced66",
            "messageTitle": "added echo and exit functionality",
            "messageBody": "",
            "insertions": 18,
            "deletions": 0
          },
          {
            "hash": "13bc90b4585ab5e31f5da2176dcf53775d2c26da",
            "messageTitle": "added list functionality",
            "messageBody": "",
            "insertions": 17,
            "deletions": 2
          },
          {
            "hash": "faeed99f849550a6fb9b05c9bd070ea3aaa6e0b5",
            "messageTitle": "added task marking functionality",
            "messageBody": "",
            "insertions": 47,
            "deletions": 18
          }
        ]
      },
      {
        "insertions": 84,
        "deletions": 7,
        "date": "2019-08-25",
        "commitResults": [
          {
            "hash": "e473c5a97d8b202cc96a64ab1ee82becf49922e5",
            "messageTitle": "added tracking for 3 different types of task(ToDo, Event \u0026 Deadline)",
            "messageBody": "",
            "insertions": 84,
            "deletions": 7
          }
        ]
      },
      {
        "insertions": 274,
        "deletions": 91,
        "date": "2019-08-28",
        "commitResults": [
          {
            "hash": "a6cb0b8228a5f58a72ab44d9a77771e2fb0e8e83",
            "messageTitle": "Added exception handling support",
            "messageBody": "",
            "insertions": 104,
            "deletions": 59
          },
          {
            "hash": "170ff28cb33063d34033a7cf8643df376bf0bf67",
            "messageTitle": "Added persistent storage feature",
            "messageBody": "",
            "insertions": 79,
            "deletions": 19
          },
          {
            "hash": "b9828961a1ef756bc4beb79b01f4c35dde927820",
            "messageTitle": "Added date format recognition feature",
            "messageBody": "",
            "insertions": 76,
            "deletions": 0
          },
          {
            "hash": "bf9efca2ad43ed46ecdea94a96e35640dc642e71",
            "messageTitle": "fixed minor formatting bug in DateFormatter",
            "messageBody": "",
            "insertions": 15,
            "deletions": 13
          }
        ]
      }
    ]
  },
  "authorFinalContributionMap": {
    "fauzt": 321
  },
  "authorFileTypeContributionMap": {
    "fauzt": {
      "java": 321,
      "gradle": 0,
      "css": 0,
      "fxml": 0
    }
  },
  "authorContributionVariance": {
    "fauzt": 11236.744
  },
  "authorDisplayNameMap": {
    "fauzt": "T13-3 FAU..MAN"
  }
}
