{
  "authorDailyContributionsMap": {
    "JasonLeeWeiHern": [
      {
        "insertions": 58,
        "deletions": 11,
        "date": "2019-08-21",
        "commitResults": [
          {
            "hash": "ef85ae6f376cfa6ce00eeb0c6fd471f1699747dd",
            "messageTitle": "Level-1",
            "messageBody": "",
            "insertions": 19,
            "deletions": 6
          },
          {
            "hash": "d1ec60719ef576aa9a6339e52cbaf5c97d7ea743",
            "messageTitle": "Level-2",
            "messageBody": "",
            "insertions": 38,
            "deletions": 4
          },
          {
            "hash": "a44c709cdf363da0fcec81084b69183fcb093fb7",
            "messageTitle": "Level-1",
            "messageBody": "",
            "insertions": 1,
            "deletions": 1
          }
        ]
      },
      {
        "insertions": 2,
        "deletions": 2,
        "date": "2019-08-22",
        "commitResults": [
          {
            "hash": "b14f59e6c70651ab75d5e8e8b7e54f56284983b2",
            "messageTitle": "Level-1",
            "messageBody": "",
            "insertions": 2,
            "deletions": 2
          }
        ]
      },
      {
        "insertions": 75,
        "deletions": 4,
        "date": "2019-08-23",
        "commitResults": [
          {
            "hash": "13902afb4949cabc43dea618363d40d2101a9df7",
            "messageTitle": "no message",
            "messageBody": "",
            "insertions": 1,
            "deletions": 1
          },
          {
            "hash": "8cbd0df285ce0cfa6b8cfed26d80c570c8223cd8",
            "messageTitle": "Level-3",
            "messageBody": "",
            "insertions": 71,
            "deletions": 0
          },
          {
            "hash": "8fcac752c24945a5140838a78f08d95dfd3e92e8",
            "messageTitle": "Level-2",
            "messageBody": "",
            "insertions": 1,
            "deletions": 1
          },
          {
            "hash": "64ca9ffa9d8d94f7bfa9b889032880c3454c16e2",
            "messageTitle": "gradle-file",
            "messageBody": "",
            "insertions": 1,
            "deletions": 1
          },
          {
            "hash": "6f87ee33ea270ba49e192476818a112bde6b5f20",
            "messageTitle": "Level-1",
            "messageBody": "",
            "insertions": 1,
            "deletions": 1
          }
        ]
      },
      {
        "insertions": 2,
        "deletions": 2,
        "date": "2019-08-25",
        "commitResults": [
          {
            "hash": "62328c8aa0f3bc610cc058f27cab8e9ec708dd6f",
            "messageTitle": "Level-3",
            "messageBody": "",
            "insertions": 2,
            "deletions": 2
          }
        ]
      },
      {
        "insertions": 3,
        "deletions": 5,
        "date": "2019-08-26",
        "commitResults": [
          {
            "hash": "8b9f180ceaffffcba83d125783972db65fac4588",
            "messageTitle": "Level-3",
            "messageBody": "",
            "insertions": 3,
            "deletions": 2
          },
          {
            "hash": "bd3509d67dbae99a29552b4db1ef260bd08108de",
            "messageTitle": "Level-3",
            "messageBody": "",
            "insertions": 0,
            "deletions": 3
          }
        ]
      },
      {
        "insertions": 361,
        "deletions": 32,
        "date": "2019-08-27",
        "commitResults": [
          {
            "hash": "076d387aaafad9b7d6026b5caefd1b0491e84a01",
            "messageTitle": "Level-3",
            "messageBody": "",
            "insertions": 2,
            "deletions": 3
          },
          {
            "hash": "2b5776ccde4075ab783b7815adcaf704d935b867",
            "messageTitle": "Level-4",
            "messageBody": "",
            "insertions": 140,
            "deletions": 2
          },
          {
            "hash": "3a3d26b28409e23a15608a4c9dc3a67a2f65b1a9",
            "messageTitle": "Level-5",
            "messageBody": "",
            "insertions": 113,
            "deletions": 0
          },
          {
            "hash": "954fc2223d6ba09633e3073eff1983a1dc009d2f",
            "messageTitle": "Level-5",
            "messageBody": "",
            "insertions": 4,
            "deletions": 2
          },
          {
            "hash": "b380ae5d4fc4ddf1fd5ca4f44705cb0c96e1a209",
            "messageTitle": "Level-5",
            "messageBody": "",
            "insertions": 3,
            "deletions": 5
          },
          {
            "hash": "5c65c50be7920291dfdf17f9464026e70c411f10",
            "messageTitle": "Level-2",
            "messageBody": "",
            "insertions": 15,
            "deletions": 4
          },
          {
            "hash": "bbb5d37c4fdc80a6cb83774a96d309ec007ff2e2",
            "messageTitle": "Level-3",
            "messageBody": "",
            "insertions": 21,
            "deletions": 8
          },
          {
            "hash": "015088728bad0911ad234f72ba65a30035eb719d",
            "messageTitle": "Level-4",
            "messageBody": "",
            "insertions": 63,
            "deletions": 8
          }
        ]
      },
      {
        "insertions": 178,
        "deletions": 469,
        "date": "2019-08-28",
        "commitResults": [
          {
            "hash": "f42a80b43ca3fa475f18b93ecaa1c0cb060c1d1f",
            "messageTitle": "Level-5",
            "messageBody": "",
            "insertions": 55,
            "deletions": 335
          },
          {
            "hash": "0fb7cdb96cfe264134456574e20588e8695586f1",
            "messageTitle": "Level-5",
            "messageBody": "",
            "insertions": 0,
            "deletions": 2
          },
          {
            "hash": "da3506abf5ae6c8139b0e7578813c9388ef55e77",
            "messageTitle": "A-Inheritance",
            "messageBody": "",
            "insertions": 55,
            "deletions": 73
          },
          {
            "hash": "e087ba398809d896560442a8dc8ef772077270f6",
            "messageTitle": "A-Exceptions",
            "messageBody": "",
            "insertions": 68,
            "deletions": 59
          }
        ]
      },
      {
        "insertions": 728,
        "deletions": 552,
        "date": "2019-08-29",
        "commitResults": [
          {
            "hash": "4ccae91eaf7db19fb64dabedb1fc28d79c6896dd",
            "messageTitle": "Level-7",
            "messageBody": "",
            "insertions": 86,
            "deletions": 30
          },
          {
            "hash": "a4acaa00fb21265dcbf6e9646e1741a08c40cbbc",
            "messageTitle": "Level-8",
            "messageBody": "",
            "insertions": 123,
            "deletions": 4
          },
          {
            "hash": "c197d291ff2d9b0769e8d8ce533282169c40a178",
            "messageTitle": "Level-3",
            "messageBody": "",
            "insertions": 16,
            "deletions": 91
          },
          {
            "hash": "2e833dd12519ec63fe1820daed09719e45e44a6a",
            "messageTitle": "A-Classes",
            "messageBody": "",
            "insertions": 0,
            "deletions": 2
          },
          {
            "hash": "1fa0fef2ddc9045b6f7b754ad3c10c2eebf243d8",
            "messageTitle": "Level-1",
            "messageBody": "",
            "insertions": 6,
            "deletions": 29
          },
          {
            "hash": "3db475eda0ce778be2366a75d67b72c62ca96848",
            "messageTitle": "Level-1",
            "messageBody": "",
            "insertions": 0,
            "deletions": 1
          },
          {
            "hash": "7f73a6ad03c9b815bc47debf092490e2ddd96864",
            "messageTitle": "Level-8",
            "messageBody": "",
            "insertions": 108,
            "deletions": 12
          },
          {
            "hash": "d35307b5677a033356dc4bd5440bc70e46c06175",
            "messageTitle": "Level-8",
            "messageBody": "",
            "insertions": 1,
            "deletions": 2
          },
          {
            "hash": "ba91d34925fdeb0612f4c960e369174c9f19858b",
            "messageTitle": "Level-8",
            "messageBody": "",
            "insertions": 0,
            "deletions": 3
          },
          {
            "hash": "dfec8b9c952fa032c0ae7c871e26903524451618",
            "messageTitle": "restart",
            "messageBody": "",
            "insertions": 0,
            "deletions": 216
          },
          {
            "hash": "a6747db782dd34443bc0f8bd83f2b113439e03a8",
            "messageTitle": "Restart",
            "messageBody": "",
            "insertions": 0,
            "deletions": 110
          },
          {
            "hash": "43cd0bff33f6d3b83beb38a9d046ec187273d8ff",
            "messageTitle": "Level-1",
            "messageBody": "",
            "insertions": 19,
            "deletions": 0
          },
          {
            "hash": "cab271743ef6d290191f26ed48fbba016460fe27",
            "messageTitle": "Level-2",
            "messageBody": "",
            "insertions": 16,
            "deletions": 5
          },
          {
            "hash": "05599d7bddfdad78815d47ca2d41cbdf16724a33",
            "messageTitle": "Level-3",
            "messageBody": "",
            "insertions": 41,
            "deletions": 7
          },
          {
            "hash": "2e02bd6d33fa642cc43a5c96e07bd027275e62dd",
            "messageTitle": "A-Classes",
            "messageBody": "",
            "insertions": 0,
            "deletions": 2
          },
          {
            "hash": "f58cc9f1fa6423232f1376e479aa38089feaa5e5",
            "messageTitle": "Level-4",
            "messageBody": "",
            "insertions": 100,
            "deletions": 5
          },
          {
            "hash": "6a5f9ded7af7e159850108e4001d9caa42bc1467",
            "messageTitle": "Level-5",
            "messageBody": "",
            "insertions": 40,
            "deletions": 28
          },
          {
            "hash": "1ab9c991adcd6d1228c7276b118ce2ccc466ef33",
            "messageTitle": "Level-7",
            "messageBody": "",
            "insertions": 47,
            "deletions": 1
          },
          {
            "hash": "18d42941bc5d5543206f118c83389c8b9ba40fb0",
            "messageTitle": "Level-8",
            "messageBody": "",
            "insertions": 125,
            "deletions": 4
          }
        ]
      },
      {
        "insertions": 218,
        "deletions": 198,
        "date": "2019-09-04",
        "commitResults": [
          {
            "hash": "dc5a68c2afb6161d67e3d8470df3635182f2fd92",
            "messageTitle": "Level-7",
            "messageBody": "",
            "insertions": 68,
            "deletions": 16
          },
          {
            "hash": "b95f9c012a744bb2f6b49685b748d274da326f62",
            "messageTitle": "Level-6",
            "messageBody": "",
            "insertions": 13,
            "deletions": 3
          },
          {
            "hash": "323ec15576cc72c896614b1161681a781405b6e5",
            "messageTitle": "Level-9",
            "messageBody": "",
            "insertions": 12,
            "deletions": 0
          },
          {
            "hash": "635b8e3d8f008ed764241574c7738dcd8bb0fbbd",
            "messageTitle": "Level-7",
            "messageBody": "",
            "insertions": 16,
            "deletions": 35
          },
          {
            "hash": "d68cb9673f455fc001501eea4e4822b9e3412ee9",
            "messageTitle": "Level-8",
            "messageBody": "",
            "insertions": 4,
            "deletions": 6
          },
          {
            "hash": "48c370848e87eb8ceb7039d160423edbf8f259b4",
            "messageTitle": "Level-6",
            "messageBody": "",
            "insertions": 9,
            "deletions": 0
          },
          {
            "hash": "87813b4b99ffba5311d6a1e857e23481f7c577b8",
            "messageTitle": "Level-9",
            "messageBody": "",
            "insertions": 12,
            "deletions": 0
          },
          {
            "hash": "83df335470989462ae49fa26a92614424365e72f",
            "messageTitle": "Gradle completed",
            "messageBody": "",
            "insertions": 24,
            "deletions": 0
          },
          {
            "hash": "eae23c4a32715291cd27ed46a32c3e5a0c1ea691",
            "messageTitle": "Gradle Completed",
            "messageBody": "",
            "insertions": 0,
            "deletions": 5
          },
          {
            "hash": "1ff71d099d4098c37a8119ef78d35f4f41c31344",
            "messageTitle": "remove unwanted comments",
            "messageBody": "",
            "insertions": 1,
            "deletions": 1
          },
          {
            "hash": "e05c7c3c4457998de5dc46bb9400805fee68fd24",
            "messageTitle": "Deleted Line",
            "messageBody": "",
            "insertions": 0,
            "deletions": 1
          },
          {
            "hash": "b163facdd03a50193c1fdf22546193bab88215fb",
            "messageTitle": "Remove unwanted lines",
            "messageBody": "",
            "insertions": 0,
            "deletions": 2
          },
          {
            "hash": "3f2fecd48669ac1f8dc481e8ce1a9f9d44aa342e",
            "messageTitle": "Changed the date to be able to read any format",
            "messageBody": "",
            "insertions": 37,
            "deletions": 128
          },
          {
            "hash": "df44fc589bfcd4e50db3aad82832cb646d52b75e",
            "messageTitle": "Added the delete function",
            "messageBody": "",
            "insertions": 9,
            "deletions": 0
          },
          {
            "hash": "e9e9d3dc3528e2a90c90a0c0b3eaa7e585d2555a",
            "messageTitle": "Added the find function",
            "messageBody": "",
            "insertions": 11,
            "deletions": 1
          },
          {
            "hash": "4f2d08e1719030c7184e8172813c1a6978627d21",
            "messageTitle": "changed the find function",
            "messageBody": "",
            "insertions": 2,
            "deletions": 0
          }
        ]
      }
    ]
  },
  "authorFinalContributionMap": {
    "JasonLeeWeiHern": 358
  },
  "authorFileTypeContributionMap": {
    "JasonLeeWeiHern": {
      "java": 338,
      "gradle": 20,
      "css": 0,
      "fxml": 0
    }
  },
  "authorContributionVariance": {
    "JasonLeeWeiHern": 107132.766
  },
  "authorDisplayNameMap": {
    "JasonLeeWeiHern": "F10-4 LEE..SON"
  }
}
