[
  {
    "path": "src/main/java/Duke.java",
    "lines": [
      {
        "lineNumber": 1,
        "author": {
          "gitId": "LL-Pengfei"
        },
        "content": "import java.util.*;"
      },
      {
        "lineNumber": 2,
        "author": {
          "gitId": "LL-Pengfei"
        },
        "content": "import java.io.*;"
      },
      {
        "lineNumber": 3,
        "author": {
          "gitId": "LL-Pengfei"
        },
        "content": ""
      },
      {
        "lineNumber": 4,
        "author": {
          "gitId": "-"
        },
        "content": "public class Duke {"
      },
      {
        "lineNumber": 5,
        "author": {
          "gitId": "LL-Pengfei"
        },
        "content": "    public static void main(String[] args) throws Exception {"
      },
      {
        "lineNumber": 6,
        "author": {
          "gitId": "LL-Pengfei"
        },
        "content": "        //Level 0 - skeleton code"
      },
      {
        "lineNumber": 7,
        "author": {
          "gitId": "-"
        },
        "content": "        String logo \u003d \" ____        _        \\n\""
      },
      {
        "lineNumber": 8,
        "author": {
          "gitId": "-"
        },
        "content": "                + \"|  _ \\\\ _   _| | _____ \\n\""
      },
      {
        "lineNumber": 9,
        "author": {
          "gitId": "-"
        },
        "content": "                + \"| | | | | | | |/ / _ \\\\\\n\""
      },
      {
        "lineNumber": 10,
        "author": {
          "gitId": "-"
        },
        "content": "                + \"| |_| | |_| |   \u003c  __/\\n\""
      },
      {
        "lineNumber": 11,
        "author": {
          "gitId": "-"
        },
        "content": "                + \"|____/ \\\\__,_|_|\\\\_\\\\___|\\n\";"
      },
      {
        "lineNumber": 12,
        "author": {
          "gitId": "-"
        },
        "content": "        System.out.println(\"Hello from\\n\" + logo);"
      },
      {
        "lineNumber": 13,
        "author": {
          "gitId": "LL-Pengfei"
        },
        "content": "        //Level 0 ends"
      },
      {
        "lineNumber": 14,
        "author": {
          "gitId": "LL-Pengfei"
        },
        "content": ""
      },
      {
        "lineNumber": 15,
        "author": {
          "gitId": "LL-Pengfei"
        },
        "content": "        //Level 3 Mark as Done"
      },
      {
        "lineNumber": 16,
        "author": {
          "gitId": "LL-Pengfei"
        },
        "content": "        System.out.println(\"Hello! I\u0027m Duke\");"
      },
      {
        "lineNumber": 17,
        "author": {
          "gitId": "LL-Pengfei"
        },
        "content": "        System.out.println(\"What can I do for you?\");"
      },
      {
        "lineNumber": 18,
        "author": {
          "gitId": "LL-Pengfei"
        },
        "content": ""
      },
      {
        "lineNumber": 19,
        "author": {
          "gitId": "LL-Pengfei"
        },
        "content": "        String[] task \u003d new String[105]; //redundancy"
      },
      {
        "lineNumber": 20,
        "author": {
          "gitId": "LL-Pengfei"
        },
        "content": "        int[] task_state \u003d new int[105];"
      },
      {
        "lineNumber": 21,
        "author": {
          "gitId": "LL-Pengfei"
        },
        "content": "        BufferedReader br \u003d new BufferedReader(new InputStreamReader(System.in));"
      },
      {
        "lineNumber": 22,
        "author": {
          "gitId": "LL-Pengfei"
        },
        "content": "        int size \u003d 0;"
      },
      {
        "lineNumber": 23,
        "author": {
          "gitId": "LL-Pengfei"
        },
        "content": ""
      },
      {
        "lineNumber": 24,
        "author": {
          "gitId": "LL-Pengfei"
        },
        "content": "        while(true) {"
      },
      {
        "lineNumber": 25,
        "author": {
          "gitId": "LL-Pengfei"
        },
        "content": "            String cmd \u003d br.readLine();"
      },
      {
        "lineNumber": 26,
        "author": {
          "gitId": "LL-Pengfei"
        },
        "content": "            //if (cmd \u003d\u003d null) break;"
      },
      {
        "lineNumber": 27,
        "author": {
          "gitId": "LL-Pengfei"
        },
        "content": "            if (cmd.equals(\"bye\")) {"
      },
      {
        "lineNumber": 28,
        "author": {
          "gitId": "LL-Pengfei"
        },
        "content": "                System.out.println(\"Bye. Hope to see you again soon!\");"
      },
      {
        "lineNumber": 29,
        "author": {
          "gitId": "LL-Pengfei"
        },
        "content": "                break;"
      },
      {
        "lineNumber": 30,
        "author": {
          "gitId": "LL-Pengfei"
        },
        "content": "            } else if (cmd.equals(\"list\")) {"
      },
      {
        "lineNumber": 31,
        "author": {
          "gitId": "LL-Pengfei"
        },
        "content": "                System.out.println(\"Here are the tasks in your list:\");"
      },
      {
        "lineNumber": 32,
        "author": {
          "gitId": "LL-Pengfei"
        },
        "content": "                for (int i \u003d 1; i \u003c\u003d size; i++) {"
      },
      {
        "lineNumber": 33,
        "author": {
          "gitId": "LL-Pengfei"
        },
        "content": "                    System.out.print(i + \".[\");"
      },
      {
        "lineNumber": 34,
        "author": {
          "gitId": "LL-Pengfei"
        },
        "content": "                    if(task_state[i] \u003d\u003d 1) {"
      },
      {
        "lineNumber": 35,
        "author": {
          "gitId": "LL-Pengfei"
        },
        "content": "                        System.out.print(\"\\u2713\"); //done"
      },
      {
        "lineNumber": 36,
        "author": {
          "gitId": "LL-Pengfei"
        },
        "content": "                    } else {"
      },
      {
        "lineNumber": 37,
        "author": {
          "gitId": "LL-Pengfei"
        },
        "content": "                        System.out.print(\"\\u2718\");"
      },
      {
        "lineNumber": 38,
        "author": {
          "gitId": "LL-Pengfei"
        },
        "content": "                    }"
      },
      {
        "lineNumber": 39,
        "author": {
          "gitId": "LL-Pengfei"
        },
        "content": "                    System.out.println(\"] \" + task[i]);"
      },
      {
        "lineNumber": 40,
        "author": {
          "gitId": "LL-Pengfei"
        },
        "content": "                }"
      },
      {
        "lineNumber": 41,
        "author": {
          "gitId": "LL-Pengfei"
        },
        "content": "            } else {"
      },
      {
        "lineNumber": 42,
        "author": {
          "gitId": "LL-Pengfei"
        },
        "content": "                //doing things, or done things"
      },
      {
        "lineNumber": 43,
        "author": {
          "gitId": "LL-Pengfei"
        },
        "content": "                //done noted as 1"
      },
      {
        "lineNumber": 44,
        "author": {
          "gitId": "LL-Pengfei"
        },
        "content": "                String[] token \u003d cmd.split(\" \");"
      },
      {
        "lineNumber": 45,
        "author": {
          "gitId": "LL-Pengfei"
        },
        "content": "                String cmd_1 \u003d token[0];"
      },
      {
        "lineNumber": 46,
        "author": {
          "gitId": "LL-Pengfei"
        },
        "content": "                if (cmd_1.equals(\"done\")) {"
      },
      {
        "lineNumber": 47,
        "author": {
          "gitId": "LL-Pengfei"
        },
        "content": "                    //done things"
      },
      {
        "lineNumber": 48,
        "author": {
          "gitId": "LL-Pengfei"
        },
        "content": "                    System.out.println(\"Nice! I\u0027ve marked this task as done:\");"
      },
      {
        "lineNumber": 49,
        "author": {
          "gitId": "LL-Pengfei"
        },
        "content": "                    int num \u003d Integer.parseInt(token[1]); // the second token is num"
      },
      {
        "lineNumber": 50,
        "author": {
          "gitId": "LL-Pengfei"
        },
        "content": "                    System.out.println(\"  [\" + \"\\u2713\" + \"] \" + task[num]);"
      },
      {
        "lineNumber": 51,
        "author": {
          "gitId": "LL-Pengfei"
        },
        "content": "                    task_state[num] \u003d 1; //marked as done"
      },
      {
        "lineNumber": 52,
        "author": {
          "gitId": "LL-Pengfei"
        },
        "content": "                } else {"
      },
      {
        "lineNumber": 53,
        "author": {
          "gitId": "LL-Pengfei"
        },
        "content": "                    //doing things"
      },
      {
        "lineNumber": 54,
        "author": {
          "gitId": "LL-Pengfei"
        },
        "content": "                    System.out.println(\"added: \" + cmd);"
      },
      {
        "lineNumber": 55,
        "author": {
          "gitId": "LL-Pengfei"
        },
        "content": "                    size++;"
      },
      {
        "lineNumber": 56,
        "author": {
          "gitId": "LL-Pengfei"
        },
        "content": "                    task[size] \u003d cmd;"
      },
      {
        "lineNumber": 57,
        "author": {
          "gitId": "LL-Pengfei"
        },
        "content": "                    task_state[size] \u003d 0; //undone"
      },
      {
        "lineNumber": 58,
        "author": {
          "gitId": "LL-Pengfei"
        },
        "content": "                }"
      },
      {
        "lineNumber": 59,
        "author": {
          "gitId": "LL-Pengfei"
        },
        "content": ""
      },
      {
        "lineNumber": 60,
        "author": {
          "gitId": "LL-Pengfei"
        },
        "content": "            }"
      },
      {
        "lineNumber": 61,
        "author": {
          "gitId": "LL-Pengfei"
        },
        "content": "        }"
      },
      {
        "lineNumber": 62,
        "author": {
          "gitId": "LL-Pengfei"
        },
        "content": "        //Level 3 ends"
      },
      {
        "lineNumber": 63,
        "author": {
          "gitId": "-"
        },
        "content": "    }"
      },
      {
        "lineNumber": 64,
        "author": {
          "gitId": "-"
        },
        "content": "}"
      },
      {
        "lineNumber": 65,
        "author": {
          "gitId": "LL-Pengfei"
        },
        "content": "// Level 2 Add, List"
      },
      {
        "lineNumber": 66,
        "author": {
          "gitId": "LL-Pengfei"
        },
        "content": "        /*"
      },
      {
        "lineNumber": 67,
        "author": {
          "gitId": "LL-Pengfei"
        },
        "content": "        String[] task \u003d new String[105]; //redundancy"
      },
      {
        "lineNumber": 68,
        "author": {
          "gitId": "LL-Pengfei"
        },
        "content": "        BufferedReader br \u003d new BufferedReader(new InputStreamReader(System.in));"
      },
      {
        "lineNumber": 69,
        "author": {
          "gitId": "LL-Pengfei"
        },
        "content": "        int size \u003d 0;"
      },
      {
        "lineNumber": 70,
        "author": {
          "gitId": "LL-Pengfei"
        },
        "content": ""
      },
      {
        "lineNumber": 71,
        "author": {
          "gitId": "LL-Pengfei"
        },
        "content": "        while(true) {"
      },
      {
        "lineNumber": 72,
        "author": {
          "gitId": "LL-Pengfei"
        },
        "content": "            String cmd \u003d br.readLine();"
      },
      {
        "lineNumber": 73,
        "author": {
          "gitId": "LL-Pengfei"
        },
        "content": "            if (cmd.equals(\"bye\")) {"
      },
      {
        "lineNumber": 74,
        "author": {
          "gitId": "LL-Pengfei"
        },
        "content": "                System.out.println(\"Bye. Hope to see you again soon!\");"
      },
      {
        "lineNumber": 75,
        "author": {
          "gitId": "LL-Pengfei"
        },
        "content": "                break;"
      },
      {
        "lineNumber": 76,
        "author": {
          "gitId": "LL-Pengfei"
        },
        "content": "            } else if (cmd.equals(\"list\")) {"
      },
      {
        "lineNumber": 77,
        "author": {
          "gitId": "LL-Pengfei"
        },
        "content": "                for (int i \u003d 1; i \u003c\u003d size; i++) {"
      },
      {
        "lineNumber": 78,
        "author": {
          "gitId": "LL-Pengfei"
        },
        "content": "                    System.out.println(i +\". \" + task[i]);"
      },
      {
        "lineNumber": 79,
        "author": {
          "gitId": "LL-Pengfei"
        },
        "content": "                }"
      },
      {
        "lineNumber": 80,
        "author": {
          "gitId": "LL-Pengfei"
        },
        "content": "            } else {"
      },
      {
        "lineNumber": 81,
        "author": {
          "gitId": "LL-Pengfei"
        },
        "content": "                System.out.println(\"added: \" + cmd);"
      },
      {
        "lineNumber": 82,
        "author": {
          "gitId": "LL-Pengfei"
        },
        "content": "                size++;"
      },
      {
        "lineNumber": 83,
        "author": {
          "gitId": "LL-Pengfei"
        },
        "content": "                task[size] \u003d cmd;"
      },
      {
        "lineNumber": 84,
        "author": {
          "gitId": "LL-Pengfei"
        },
        "content": "            }"
      },
      {
        "lineNumber": 85,
        "author": {
          "gitId": "LL-Pengfei"
        },
        "content": "        }"
      },
      {
        "lineNumber": 86,
        "author": {
          "gitId": "LL-Pengfei"
        },
        "content": "        */"
      },
      {
        "lineNumber": 87,
        "author": {
          "gitId": "LL-Pengfei"
        },
        "content": "//Level 2 ends"
      },
      {
        "lineNumber": 88,
        "author": {
          "gitId": "LL-Pengfei"
        },
        "content": ""
      },
      {
        "lineNumber": 89,
        "author": {
          "gitId": "LL-Pengfei"
        },
        "content": "//Level 1 Greet Echo Exit"
      },
      {
        "lineNumber": 90,
        "author": {
          "gitId": "LL-Pengfei"
        },
        "content": "        /*"
      },
      {
        "lineNumber": 91,
        "author": {
          "gitId": "LL-Pengfei"
        },
        "content": "        System.out.println(\"Hello! I\u0027m Duke\");"
      },
      {
        "lineNumber": 92,
        "author": {
          "gitId": "LL-Pengfei"
        },
        "content": "        System.out.println(\"What can I do for you?\");"
      },
      {
        "lineNumber": 93,
        "author": {
          "gitId": "LL-Pengfei"
        },
        "content": "        Scanner sc \u003d new Scanner(System.in);"
      },
      {
        "lineNumber": 94,
        "author": {
          "gitId": "LL-Pengfei"
        },
        "content": "        while(true) {"
      },
      {
        "lineNumber": 95,
        "author": {
          "gitId": "LL-Pengfei"
        },
        "content": "            String cmd \u003d sc.next();"
      },
      {
        "lineNumber": 96,
        "author": {
          "gitId": "LL-Pengfei"
        },
        "content": "            if (cmd.equals(\"bye\")) {"
      },
      {
        "lineNumber": 97,
        "author": {
          "gitId": "LL-Pengfei"
        },
        "content": "                System.out.println(\"Bye. Hope to see you again soon!\");"
      },
      {
        "lineNumber": 98,
        "author": {
          "gitId": "LL-Pengfei"
        },
        "content": "                break;"
      },
      {
        "lineNumber": 99,
        "author": {
          "gitId": "LL-Pengfei"
        },
        "content": "            } else {"
      },
      {
        "lineNumber": 100,
        "author": {
          "gitId": "LL-Pengfei"
        },
        "content": "                System.out.println(cmd);"
      },
      {
        "lineNumber": 101,
        "author": {
          "gitId": "-"
        },
        "content": "            }"
      },
      {
        "lineNumber": 102,
        "author": {
          "gitId": "-"
        },
        "content": "        }"
      },
      {
        "lineNumber": 103,
        "author": {
          "gitId": "LL-Pengfei"
        },
        "content": "        */"
      },
      {
        "lineNumber": 104,
        "author": {
          "gitId": "LL-Pengfei"
        },
        "content": "//Level 1 ends"
      }
    ],
    "authorContributionMap": {
      "-": 11,
      "LL-Pengfei": 93
    }
  }
]
