{
  "authorDailyContributionsMap": {
    "Jeffry Lum": [],
    "LL-Pengfei": [
      {
        "insertions": 109,
        "deletions": 15,
        "date": "2019-08-28",
        "commitResults": [
          {
            "hash": "b445dc262fee1a969727ac5d19260e32eb43d85b",
            "messageTitle": "no message",
            "messageBody": "",
            "insertions": 1,
            "deletions": 1
          },
          {
            "hash": "3cf9a8919ad7f1593c91ab8db7a74e5efc5014b0",
            "messageTitle": "Level 1",
            "messageBody": "",
            "insertions": 21,
            "deletions": 0
          },
          {
            "hash": "63d7502ac358437d6ffff1b1e64d7f41c962b4e2",
            "messageTitle": "Level 2",
            "messageBody": "",
            "insertions": 26,
            "deletions": 2
          },
          {
            "hash": "b647b57df6abee65ddc0a5992424933cf4753a77",
            "messageTitle": "Level 3",
            "messageBody": "",
            "insertions": 61,
            "deletions": 12
          }
        ]
      }
    ]
  },
  "authorFinalContributionMap": {
    "Jeffry Lum": 2,
    "LL-Pengfei": 93
  },
  "authorFileTypeContributionMap": {
    "Jeffry Lum": {
      "java": 2,
      "gradle": 0,
      "css": 0,
      "fxml": 0
    },
    "LL-Pengfei": {
      "java": 93,
      "gradle": 0,
      "css": 0,
      "fxml": 0
    }
  },
  "authorContributionVariance": {
    "Jeffry Lum": 0.0,
    "LL-Pengfei": 851.26636
  },
  "authorDisplayNameMap": {
    "Jeffry Lum": "Jeffry Lum",
    "LL-Pengfei": "LL-Pengfei"
  }
}
