{
  "authorDailyContributionsMap": {
    "yenpeichih": [
      {
        "insertions": 209,
        "deletions": 59,
        "date": "2019-08-29",
        "commitResults": [
          {
            "hash": "1c84aa5aa5c7ed129876cc7956a4de8cef6e83e4",
            "messageTitle": "level 1 greet echo exit",
            "messageBody": "",
            "insertions": 28,
            "deletions": 7
          },
          {
            "hash": "22e7df190b092d8c9c7b6b02a4a2ec5b282afacb",
            "messageTitle": "level 2",
            "messageBody": "",
            "insertions": 7,
            "deletions": 2
          },
          {
            "hash": "1fddbfe618d180eac5049e484e61c48c8f095865",
            "messageTitle": "Task class edits and level 3",
            "messageBody": "",
            "insertions": 35,
            "deletions": 7
          },
          {
            "hash": "637f0cf5709d8de18b47ff9c6ef70f4e7d5b3fde",
            "messageTitle": "added todo",
            "messageBody": "",
            "insertions": 73,
            "deletions": 15
          },
          {
            "hash": "7f8d74ab500a5e845055d1534a7bd568bfcf60dc",
            "messageTitle": "level 4",
            "messageBody": "",
            "insertions": 18,
            "deletions": 3
          },
          {
            "hash": "a3d89c02bdeeb3bb2967f9ec32286c50f2f8a479",
            "messageTitle": "fixed level 4 bug",
            "messageBody": "",
            "insertions": 3,
            "deletions": 3
          },
          {
            "hash": "4707e9f8337e1c3076b2479e2adfef7e6375a396",
            "messageTitle": "trying to figure out custom exceptions",
            "messageBody": "",
            "insertions": 45,
            "deletions": 22
          }
        ]
      },
      {
        "insertions": 16,
        "deletions": 16,
        "date": "2019-08-30",
        "commitResults": [
          {
            "hash": "0b170a246e013fb047b1f2ac5bb0cd19a6e2849c",
            "messageTitle": "level 5",
            "messageBody": "",
            "insertions": 16,
            "deletions": 16
          }
        ]
      },
      {
        "insertions": 57,
        "deletions": 6,
        "date": "2019-09-01",
        "commitResults": [
          {
            "hash": "b083a5137970a5821bfc1e486c3e4d25bdcff355",
            "messageTitle": "Added Level 7 to save and load txt file, minor bug in loading file",
            "messageBody": "",
            "insertions": 57,
            "deletions": 6
          }
        ]
      },
      {
        "insertions": 59,
        "deletions": 7,
        "date": "2019-09-02",
        "commitResults": [
          {
            "hash": "99d262d96feb4420ab1a6e813c82b0cf88c9126c",
            "messageTitle": "fixed level 7 bug",
            "messageBody": "",
            "insertions": 59,
            "deletions": 7
          }
        ]
      },
      {
        "insertions": 34,
        "deletions": 15,
        "date": "2019-09-03",
        "commitResults": [
          {
            "hash": "a1f6304d3dc582a293705c1c59c9ec25c1ae76be",
            "messageTitle": "Added level 8",
            "messageBody": "",
            "insertions": 34,
            "deletions": 15
          }
        ]
      }
    ]
  },
  "authorFinalContributionMap": {
    "yenpeichih": 273
  },
  "authorFileTypeContributionMap": {
    "yenpeichih": {
      "java": 272,
      "gradle": 1,
      "css": 0,
      "fxml": 0
    }
  },
  "authorContributionVariance": {
    "yenpeichih": 4125.515
  },
  "authorDisplayNameMap": {
    "yenpeichih": "F11-4 YEN..HIH"
  }
}
