[
  {
    "path": "src/main/java/Deadline.java",
    "fileType": "java",
    "lines": [
      {
        "lineNumber": 1,
        "author": {
          "gitId": "tyeryan"
        },
        "content": "public class Deadline extends Task {"
      },
      {
        "lineNumber": 2,
        "author": {
          "gitId": "tyeryan"
        },
        "content": "    protected String by;"
      },
      {
        "lineNumber": 3,
        "author": {
          "gitId": "tyeryan"
        },
        "content": ""
      },
      {
        "lineNumber": 4,
        "author": {
          "gitId": "tyeryan"
        },
        "content": "    public Deadline(String description, boolean isDone, String by) {"
      },
      {
        "lineNumber": 5,
        "author": {
          "gitId": "tyeryan"
        },
        "content": "        super(description, isDone);"
      },
      {
        "lineNumber": 6,
        "author": {
          "gitId": "tyeryan"
        },
        "content": "        this.by \u003d by;"
      },
      {
        "lineNumber": 7,
        "author": {
          "gitId": "tyeryan"
        },
        "content": "    }"
      },
      {
        "lineNumber": 8,
        "author": {
          "gitId": "tyeryan"
        },
        "content": ""
      },
      {
        "lineNumber": 9,
        "author": {
          "gitId": "tyeryan"
        },
        "content": ""
      },
      {
        "lineNumber": 10,
        "author": {
          "gitId": "tyeryan"
        },
        "content": "    @Override"
      },
      {
        "lineNumber": 11,
        "author": {
          "gitId": "tyeryan"
        },
        "content": "    public String toString() {"
      },
      {
        "lineNumber": 12,
        "author": {
          "gitId": "tyeryan"
        },
        "content": "        return \"[D]\" + \"[\" + getStatusIcon() + \"] \" + description + \" (by: \" + by + \")\";"
      },
      {
        "lineNumber": 13,
        "author": {
          "gitId": "tyeryan"
        },
        "content": "    }"
      },
      {
        "lineNumber": 14,
        "author": {
          "gitId": "tyeryan"
        },
        "content": ""
      },
      {
        "lineNumber": 15,
        "author": {
          "gitId": "tyeryan"
        },
        "content": "}"
      }
    ],
    "authorContributionMap": {
      "tyeryan": 15
    }
  },
  {
    "path": "src/main/java/Duke.java",
    "fileType": "java",
    "lines": [
      {
        "lineNumber": 1,
        "author": {
          "gitId": "tyeryan"
        },
        "content": "import java.io.IOException;"
      },
      {
        "lineNumber": 2,
        "author": {
          "gitId": "tyeryan"
        },
        "content": "import java.text.ParseException;"
      },
      {
        "lineNumber": 3,
        "author": {
          "gitId": "tyeryan"
        },
        "content": "import java.util.ArrayList;"
      },
      {
        "lineNumber": 4,
        "author": {
          "gitId": "tyeryan"
        },
        "content": "import java.util.Scanner;"
      },
      {
        "lineNumber": 5,
        "author": {
          "gitId": "tyeryan"
        },
        "content": "import java.text.SimpleDateFormat;"
      },
      {
        "lineNumber": 6,
        "author": {
          "gitId": "tyeryan"
        },
        "content": "import java.util.Date;"
      },
      {
        "lineNumber": 7,
        "author": {
          "gitId": "tyeryan"
        },
        "content": "import static java.lang.Integer.parseInt;"
      },
      {
        "lineNumber": 8,
        "author": {
          "gitId": "tyeryan"
        },
        "content": ""
      },
      {
        "lineNumber": 9,
        "author": {
          "gitId": "tyeryan"
        },
        "content": "/**"
      },
      {
        "lineNumber": 10,
        "author": {
          "gitId": "tyeryan"
        },
        "content": " * The Duke program implements an personal assistant application"
      },
      {
        "lineNumber": 11,
        "author": {
          "gitId": "tyeryan"
        },
        "content": " * which helps you keep track of your tasks."
      },
      {
        "lineNumber": 12,
        "author": {
          "gitId": "tyeryan"
        },
        "content": " *"
      },
      {
        "lineNumber": 13,
        "author": {
          "gitId": "tyeryan"
        },
        "content": " * @author  Ryan Tay"
      },
      {
        "lineNumber": 14,
        "author": {
          "gitId": "tyeryan"
        },
        "content": " * @version 1.0"
      },
      {
        "lineNumber": 15,
        "author": {
          "gitId": "tyeryan"
        },
        "content": " */"
      },
      {
        "lineNumber": 16,
        "author": {
          "gitId": "-"
        },
        "content": "public class Duke {"
      },
      {
        "lineNumber": 17,
        "author": {
          "gitId": "tyeryan"
        },
        "content": "    public static TaskList taskList \u003d new TaskList();"
      },
      {
        "lineNumber": 18,
        "author": {
          "gitId": "tyeryan"
        },
        "content": "    public static Storage storage \u003d new Storage();"
      },
      {
        "lineNumber": 19,
        "author": {
          "gitId": "tyeryan"
        },
        "content": ""
      },
      {
        "lineNumber": 20,
        "author": {
          "gitId": "tyeryan"
        },
        "content": ""
      },
      {
        "lineNumber": 21,
        "author": {
          "gitId": "tyeryan"
        },
        "content": "    public static void main(String[] args) throws DukeException, IOException, ParseException {"
      },
      {
        "lineNumber": 22,
        "author": {
          "gitId": "tyeryan"
        },
        "content": "//        String logo \u003d \" ____        _        \\n\""
      },
      {
        "lineNumber": 23,
        "author": {
          "gitId": "tyeryan"
        },
        "content": "//                + \"|  _ \\\\ _   _| | _____ \\n\""
      },
      {
        "lineNumber": 24,
        "author": {
          "gitId": "tyeryan"
        },
        "content": "//                + \"| | | | | | | |/ / _ \\\\\\n\""
      },
      {
        "lineNumber": 25,
        "author": {
          "gitId": "tyeryan"
        },
        "content": "//                + \"| |_| | |_| |   \u003c  __/\\n\""
      },
      {
        "lineNumber": 26,
        "author": {
          "gitId": "tyeryan"
        },
        "content": "//                + \"|____/ \\\\__,_|_|\\\\_\\\\___|\\n\";"
      },
      {
        "lineNumber": 27,
        "author": {
          "gitId": "tyeryan"
        },
        "content": "//        System.out.println(\"Hello from\\n\" + logo);"
      },
      {
        "lineNumber": 28,
        "author": {
          "gitId": "tyeryan"
        },
        "content": "        greeting();"
      },
      {
        "lineNumber": 29,
        "author": {
          "gitId": "tyeryan"
        },
        "content": "        userCmd();"
      },
      {
        "lineNumber": 30,
        "author": {
          "gitId": "tyeryan"
        },
        "content": "    }"
      },
      {
        "lineNumber": 31,
        "author": {
          "gitId": "tyeryan"
        },
        "content": ""
      },
      {
        "lineNumber": 32,
        "author": {
          "gitId": "tyeryan"
        },
        "content": "    /**"
      },
      {
        "lineNumber": 33,
        "author": {
          "gitId": "tyeryan"
        },
        "content": "     * This function prints the welcome message for duke"
      },
      {
        "lineNumber": 34,
        "author": {
          "gitId": "tyeryan"
        },
        "content": "     * prompting the user for its input"
      },
      {
        "lineNumber": 35,
        "author": {
          "gitId": "tyeryan"
        },
        "content": "     */"
      },
      {
        "lineNumber": 36,
        "author": {
          "gitId": "tyeryan"
        },
        "content": "    public static void greeting() {"
      },
      {
        "lineNumber": 37,
        "author": {
          "gitId": "tyeryan"
        },
        "content": "        String line \u003d \"_____________________________________________\\n\";"
      },
      {
        "lineNumber": 38,
        "author": {
          "gitId": "tyeryan"
        },
        "content": "        System.out.println(\"Hello I\u0027m Duke\\n\" + \"What can I do for you?\\n\" + line);"
      },
      {
        "lineNumber": 39,
        "author": {
          "gitId": "tyeryan"
        },
        "content": "    }"
      },
      {
        "lineNumber": 40,
        "author": {
          "gitId": "tyeryan"
        },
        "content": ""
      },
      {
        "lineNumber": 41,
        "author": {
          "gitId": "tyeryan"
        },
        "content": "    /**"
      },
      {
        "lineNumber": 42,
        "author": {
          "gitId": "tyeryan"
        },
        "content": "     * This function takes in the user inputs and will execute a command based on the input"
      },
      {
        "lineNumber": 43,
        "author": {
          "gitId": "tyeryan"
        },
        "content": "     * if the command is valid if not it will prompt the user for a valid input."
      },
      {
        "lineNumber": 44,
        "author": {
          "gitId": "tyeryan"
        },
        "content": "     * List of valid inputs:"
      },
      {
        "lineNumber": 45,
        "author": {
          "gitId": "tyeryan"
        },
        "content": "     * 1. bye: Exits the duke program"
      },
      {
        "lineNumber": 46,
        "author": {
          "gitId": "tyeryan"
        },
        "content": "     * 2. list: Lists out all the tasks"
      },
      {
        "lineNumber": 47,
        "author": {
          "gitId": "tyeryan"
        },
        "content": "     * 3. done: Marks a tasks as done by inputting the task number. eg. done 2"
      },
      {
        "lineNumber": 48,
        "author": {
          "gitId": "tyeryan"
        },
        "content": "     * 4. todo: Creates a new todo task"
      },
      {
        "lineNumber": 49,
        "author": {
          "gitId": "tyeryan"
        },
        "content": "     * 5. deadline: Creates a new deadline task"
      },
      {
        "lineNumber": 50,
        "author": {
          "gitId": "tyeryan"
        },
        "content": "     * 6. event: Creates a new event task"
      },
      {
        "lineNumber": 51,
        "author": {
          "gitId": "tyeryan"
        },
        "content": "     * 7. delete: Deletes a task from the list. eg. delete 3"
      },
      {
        "lineNumber": 52,
        "author": {
          "gitId": "tyeryan"
        },
        "content": "     * 8. clear: Clears all the tasks in the list"
      },
      {
        "lineNumber": 53,
        "author": {
          "gitId": "tyeryan"
        },
        "content": "     * 9. find: Find all the tasks that contains the keyword in the list. eg. Find work"
      },
      {
        "lineNumber": 54,
        "author": {
          "gitId": "tyeryan"
        },
        "content": "     * 10. read: Reads the saved tasks from the previous time the program was ran."
      },
      {
        "lineNumber": 55,
        "author": {
          "gitId": "tyeryan"
        },
        "content": "     *"
      },
      {
        "lineNumber": 56,
        "author": {
          "gitId": "tyeryan"
        },
        "content": "     * @throws IOException"
      },
      {
        "lineNumber": 57,
        "author": {
          "gitId": "tyeryan"
        },
        "content": "     * @throws ParseException"
      },
      {
        "lineNumber": 58,
        "author": {
          "gitId": "tyeryan"
        },
        "content": "     */"
      },
      {
        "lineNumber": 59,
        "author": {
          "gitId": "tyeryan"
        },
        "content": "    public static void userCmd() throws IOException, ParseException {"
      },
      {
        "lineNumber": 60,
        "author": {
          "gitId": "tyeryan"
        },
        "content": "        Scanner input \u003d new Scanner(System.in);"
      },
      {
        "lineNumber": 61,
        "author": {
          "gitId": "tyeryan"
        },
        "content": "        SimpleDateFormat formatDate \u003d new SimpleDateFormat(\"dd/MM/yyyy HHmm\");"
      },
      {
        "lineNumber": 62,
        "author": {
          "gitId": "tyeryan"
        },
        "content": "        formatDate.setLenient(false);"
      },
      {
        "lineNumber": 63,
        "author": {
          "gitId": "tyeryan"
        },
        "content": ""
      },
      {
        "lineNumber": 64,
        "author": {
          "gitId": "tyeryan"
        },
        "content": "        while (true) {"
      },
      {
        "lineNumber": 65,
        "author": {
          "gitId": "tyeryan"
        },
        "content": "            String userCmd \u003d input.nextLine();"
      },
      {
        "lineNumber": 66,
        "author": {
          "gitId": "tyeryan"
        },
        "content": "            int indexSpace \u003d userCmd.indexOf(\" \");"
      },
      {
        "lineNumber": 67,
        "author": {
          "gitId": "tyeryan"
        },
        "content": "            String command \u003d (indexSpace !\u003d -1) ? userCmd.substring(0, indexSpace) : userCmd;"
      },
      {
        "lineNumber": 68,
        "author": {
          "gitId": "tyeryan"
        },
        "content": ""
      },
      {
        "lineNumber": 69,
        "author": {
          "gitId": "tyeryan"
        },
        "content": "            if (command.equals(\"bye\")) {"
      },
      {
        "lineNumber": 70,
        "author": {
          "gitId": "tyeryan"
        },
        "content": "                System.out.println(\"Bye. Hope to see you again soon!\");"
      },
      {
        "lineNumber": 71,
        "author": {
          "gitId": "tyeryan"
        },
        "content": "                break;"
      },
      {
        "lineNumber": 72,
        "author": {
          "gitId": "tyeryan"
        },
        "content": "            }"
      },
      {
        "lineNumber": 73,
        "author": {
          "gitId": "tyeryan"
        },
        "content": ""
      },
      {
        "lineNumber": 74,
        "author": {
          "gitId": "tyeryan"
        },
        "content": "            else if (command.equals(\"list\")) {"
      },
      {
        "lineNumber": 75,
        "author": {
          "gitId": "tyeryan"
        },
        "content": "                System.out.println(\"Here are the tasks in your list:\");"
      },
      {
        "lineNumber": 76,
        "author": {
          "gitId": "tyeryan"
        },
        "content": "                for (int i \u003d 0; i \u003c taskList.size(); i++) {"
      },
      {
        "lineNumber": 77,
        "author": {
          "gitId": "tyeryan"
        },
        "content": "                    System.out.println(i + 1 + \". \" + taskList.getTask(i).toString());"
      },
      {
        "lineNumber": 78,
        "author": {
          "gitId": "tyeryan"
        },
        "content": "                }"
      },
      {
        "lineNumber": 79,
        "author": {
          "gitId": "tyeryan"
        },
        "content": "            }"
      },
      {
        "lineNumber": 80,
        "author": {
          "gitId": "tyeryan"
        },
        "content": ""
      },
      {
        "lineNumber": 81,
        "author": {
          "gitId": "tyeryan"
        },
        "content": "            else if (command.equals(\"done\")) {"
      },
      {
        "lineNumber": 82,
        "author": {
          "gitId": "tyeryan"
        },
        "content": "                System.out.println(\"Nice! I\u0027ve marked this tasks as done:\");"
      },
      {
        "lineNumber": 83,
        "author": {
          "gitId": "tyeryan"
        },
        "content": "                String[] numberString \u003d userCmd.split(\" \");"
      },
      {
        "lineNumber": 84,
        "author": {
          "gitId": "tyeryan"
        },
        "content": "                int number \u003d parseInt(numberString[1]);"
      },
      {
        "lineNumber": 85,
        "author": {
          "gitId": "tyeryan"
        },
        "content": "                taskList.getTask(number - 1).toggleIsDone();"
      },
      {
        "lineNumber": 86,
        "author": {
          "gitId": "tyeryan"
        },
        "content": "                System.out.println(\"[\" + taskList.getTask(number - 1).getStatusIcon() + \"] \" + taskList.getTask(number - 1).getDescription());"
      },
      {
        "lineNumber": 87,
        "author": {
          "gitId": "tyeryan"
        },
        "content": "                //Storage s \u003d new Storage();"
      },
      {
        "lineNumber": 88,
        "author": {
          "gitId": "tyeryan"
        },
        "content": "                storage.markDone(number);"
      },
      {
        "lineNumber": 89,
        "author": {
          "gitId": "tyeryan"
        },
        "content": "            }"
      },
      {
        "lineNumber": 90,
        "author": {
          "gitId": "tyeryan"
        },
        "content": ""
      },
      {
        "lineNumber": 91,
        "author": {
          "gitId": "tyeryan"
        },
        "content": ""
      },
      {
        "lineNumber": 92,
        "author": {
          "gitId": "tyeryan"
        },
        "content": "            else if (command.equals(\"todo\")) {"
      },
      {
        "lineNumber": 93,
        "author": {
          "gitId": "tyeryan"
        },
        "content": "                String[] userInput \u003d userCmd.split(\" \");"
      },
      {
        "lineNumber": 94,
        "author": {
          "gitId": "tyeryan"
        },
        "content": "                String task \u003d \"\";"
      },
      {
        "lineNumber": 95,
        "author": {
          "gitId": "tyeryan"
        },
        "content": ""
      },
      {
        "lineNumber": 96,
        "author": {
          "gitId": "tyeryan"
        },
        "content": "                //Throwing an exception if argument is empty"
      },
      {
        "lineNumber": 97,
        "author": {
          "gitId": "tyeryan"
        },
        "content": "                if (userCmd.substring(5).isEmpty()) {"
      },
      {
        "lineNumber": 98,
        "author": {
          "gitId": "tyeryan"
        },
        "content": "                    System.out.println(\"☹ OOPS!!! The description of a todo cannot be empty.\");"
      },
      {
        "lineNumber": 99,
        "author": {
          "gitId": "tyeryan"
        },
        "content": "                    continue;"
      },
      {
        "lineNumber": 100,
        "author": {
          "gitId": "tyeryan"
        },
        "content": "                }"
      },
      {
        "lineNumber": 101,
        "author": {
          "gitId": "tyeryan"
        },
        "content": ""
      },
      {
        "lineNumber": 102,
        "author": {
          "gitId": "tyeryan"
        },
        "content": "                for (int i \u003d 1; i \u003c userInput.length; i++) {"
      },
      {
        "lineNumber": 103,
        "author": {
          "gitId": "tyeryan"
        },
        "content": "                    task +\u003d userInput[i] + \" \";"
      },
      {
        "lineNumber": 104,
        "author": {
          "gitId": "tyeryan"
        },
        "content": "                }"
      },
      {
        "lineNumber": 105,
        "author": {
          "gitId": "tyeryan"
        },
        "content": "                Task t \u003d new ToDo(task, false);"
      },
      {
        "lineNumber": 106,
        "author": {
          "gitId": "tyeryan"
        },
        "content": "                taskList.addTask(t);"
      },
      {
        "lineNumber": 107,
        "author": {
          "gitId": "tyeryan"
        },
        "content": "                System.out.println(\"Got it. I\u0027ve added this task:\");"
      },
      {
        "lineNumber": 108,
        "author": {
          "gitId": "tyeryan"
        },
        "content": "                System.out.println(t.toString());"
      },
      {
        "lineNumber": 109,
        "author": {
          "gitId": "tyeryan"
        },
        "content": "                System.out.println(\"Now you have \" + taskList.size() + \" in the list\");"
      },
      {
        "lineNumber": 110,
        "author": {
          "gitId": "tyeryan"
        },
        "content": ""
      },
      {
        "lineNumber": 111,
        "author": {
          "gitId": "tyeryan"
        },
        "content": "                try {"
      },
      {
        "lineNumber": 112,
        "author": {
          "gitId": "tyeryan"
        },
        "content": "                    storage \u003d new Storage(\"T\", t.getDescription());"
      },
      {
        "lineNumber": 113,
        "author": {
          "gitId": "tyeryan"
        },
        "content": "                    storage.addToFile();"
      },
      {
        "lineNumber": 114,
        "author": {
          "gitId": "tyeryan"
        },
        "content": "                }"
      },
      {
        "lineNumber": 115,
        "author": {
          "gitId": "tyeryan"
        },
        "content": "                catch (IOException e) {"
      },
      {
        "lineNumber": 116,
        "author": {
          "gitId": "tyeryan"
        },
        "content": "                    System.out.println(\"There is something wrong with the file\");"
      },
      {
        "lineNumber": 117,
        "author": {
          "gitId": "tyeryan"
        },
        "content": "                }"
      },
      {
        "lineNumber": 118,
        "author": {
          "gitId": "tyeryan"
        },
        "content": "            }"
      },
      {
        "lineNumber": 119,
        "author": {
          "gitId": "tyeryan"
        },
        "content": ""
      },
      {
        "lineNumber": 120,
        "author": {
          "gitId": "tyeryan"
        },
        "content": "            //if deadline is the command"
      },
      {
        "lineNumber": 121,
        "author": {
          "gitId": "tyeryan"
        },
        "content": "            else if (command.equals(\"deadline\")) {"
      },
      {
        "lineNumber": 122,
        "author": {
          "gitId": "tyeryan"
        },
        "content": "                String[] userInput \u003d userCmd.split(\" \");"
      },
      {
        "lineNumber": 123,
        "author": {
          "gitId": "tyeryan"
        },
        "content": "                if (userCmd.substring(5).isEmpty()) {"
      },
      {
        "lineNumber": 124,
        "author": {
          "gitId": "tyeryan"
        },
        "content": "                    System.out.println(\"☹ OOPS!!! The description of a deadline cannot be empty.\");"
      },
      {
        "lineNumber": 125,
        "author": {
          "gitId": "tyeryan"
        },
        "content": "                    continue;"
      },
      {
        "lineNumber": 126,
        "author": {
          "gitId": "tyeryan"
        },
        "content": "                }"
      },
      {
        "lineNumber": 127,
        "author": {
          "gitId": "tyeryan"
        },
        "content": "                int indexOfTime \u003d userCmd.indexOf(\"/by\");"
      },
      {
        "lineNumber": 128,
        "author": {
          "gitId": "tyeryan"
        },
        "content": "                String task \u003d \"\";"
      },
      {
        "lineNumber": 129,
        "author": {
          "gitId": "tyeryan"
        },
        "content": "                String time \u003d \"\";"
      },
      {
        "lineNumber": 130,
        "author": {
          "gitId": "tyeryan"
        },
        "content": "                Date date \u003d formatDate.parse(userCmd.substring(indexOfTime + 4));"
      },
      {
        "lineNumber": 131,
        "author": {
          "gitId": "tyeryan"
        },
        "content": "                for (int i \u003d 1; i \u003c userInput.length; i++) {"
      },
      {
        "lineNumber": 132,
        "author": {
          "gitId": "tyeryan"
        },
        "content": "                    if (userInput[i].equals(\"/by\")) {"
      },
      {
        "lineNumber": 133,
        "author": {
          "gitId": "tyeryan"
        },
        "content": "                        for (int j \u003d i + 1; j \u003c userInput.length; j++) {"
      },
      {
        "lineNumber": 134,
        "author": {
          "gitId": "tyeryan"
        },
        "content": "                            time +\u003d userInput[j] + \" \";"
      },
      {
        "lineNumber": 135,
        "author": {
          "gitId": "tyeryan"
        },
        "content": "                        }"
      },
      {
        "lineNumber": 136,
        "author": {
          "gitId": "tyeryan"
        },
        "content": "                        break;"
      },
      {
        "lineNumber": 137,
        "author": {
          "gitId": "tyeryan"
        },
        "content": "                    }"
      },
      {
        "lineNumber": 138,
        "author": {
          "gitId": "tyeryan"
        },
        "content": "                    task +\u003d userInput[i] + \" \";"
      },
      {
        "lineNumber": 139,
        "author": {
          "gitId": "tyeryan"
        },
        "content": "                }"
      },
      {
        "lineNumber": 140,
        "author": {
          "gitId": "tyeryan"
        },
        "content": ""
      },
      {
        "lineNumber": 141,
        "author": {
          "gitId": "tyeryan"
        },
        "content": "                Task t \u003d new Deadline(task, false, time);"
      },
      {
        "lineNumber": 142,
        "author": {
          "gitId": "tyeryan"
        },
        "content": "                taskList.addTask(t);"
      },
      {
        "lineNumber": 143,
        "author": {
          "gitId": "tyeryan"
        },
        "content": "                System.out.println(\"Got it. I\u0027ve added this task:\");"
      },
      {
        "lineNumber": 144,
        "author": {
          "gitId": "tyeryan"
        },
        "content": "                System.out.println(t.toString());"
      },
      {
        "lineNumber": 145,
        "author": {
          "gitId": "tyeryan"
        },
        "content": "                System.out.println(\"Now you have \" + taskList.size() + \" in the list\");"
      },
      {
        "lineNumber": 146,
        "author": {
          "gitId": "tyeryan"
        },
        "content": ""
      },
      {
        "lineNumber": 147,
        "author": {
          "gitId": "tyeryan"
        },
        "content": "                //Writing to file"
      },
      {
        "lineNumber": 148,
        "author": {
          "gitId": "tyeryan"
        },
        "content": "                storage \u003d new Storage(\"D\", t.getDescription(), time);"
      },
      {
        "lineNumber": 149,
        "author": {
          "gitId": "tyeryan"
        },
        "content": "                storage.addToFile();"
      },
      {
        "lineNumber": 150,
        "author": {
          "gitId": "tyeryan"
        },
        "content": "            }"
      },
      {
        "lineNumber": 151,
        "author": {
          "gitId": "tyeryan"
        },
        "content": ""
      },
      {
        "lineNumber": 152,
        "author": {
          "gitId": "tyeryan"
        },
        "content": "            //if event is the command"
      },
      {
        "lineNumber": 153,
        "author": {
          "gitId": "tyeryan"
        },
        "content": "            else if (command.equals(\"event\")) {"
      },
      {
        "lineNumber": 154,
        "author": {
          "gitId": "tyeryan"
        },
        "content": "                String[] userInput \u003d userCmd.split(\" \");"
      },
      {
        "lineNumber": 155,
        "author": {
          "gitId": "tyeryan"
        },
        "content": "                if (userCmd.substring(5).isEmpty()) {"
      },
      {
        "lineNumber": 156,
        "author": {
          "gitId": "tyeryan"
        },
        "content": "                    System.out.println(\"☹ OOPS!!! The description of an event cannot be empty.\");"
      },
      {
        "lineNumber": 157,
        "author": {
          "gitId": "tyeryan"
        },
        "content": "                    continue;"
      },
      {
        "lineNumber": 158,
        "author": {
          "gitId": "tyeryan"
        },
        "content": "                }"
      },
      {
        "lineNumber": 159,
        "author": {
          "gitId": "tyeryan"
        },
        "content": "                int indexOfTime \u003d userCmd.indexOf(\"/at\");"
      },
      {
        "lineNumber": 160,
        "author": {
          "gitId": "tyeryan"
        },
        "content": "                Date date \u003d formatDate.parse(userCmd.substring(indexOfTime + 4));"
      },
      {
        "lineNumber": 161,
        "author": {
          "gitId": "tyeryan"
        },
        "content": ""
      },
      {
        "lineNumber": 162,
        "author": {
          "gitId": "tyeryan"
        },
        "content": "                String task \u003d \"\";"
      },
      {
        "lineNumber": 163,
        "author": {
          "gitId": "tyeryan"
        },
        "content": "                String time \u003d \"\";"
      },
      {
        "lineNumber": 164,
        "author": {
          "gitId": "tyeryan"
        },
        "content": "                for (int i \u003d 1; i \u003c userInput.length; i++) {"
      },
      {
        "lineNumber": 165,
        "author": {
          "gitId": "tyeryan"
        },
        "content": "                    if (userInput[i].equals(\"/at\")) {"
      },
      {
        "lineNumber": 166,
        "author": {
          "gitId": "tyeryan"
        },
        "content": "                        for (int j \u003d i + 1; j \u003c userInput.length; j++) {"
      },
      {
        "lineNumber": 167,
        "author": {
          "gitId": "tyeryan"
        },
        "content": "                            time +\u003d userInput[j] + \" \";"
      },
      {
        "lineNumber": 168,
        "author": {
          "gitId": "tyeryan"
        },
        "content": "                        }"
      },
      {
        "lineNumber": 169,
        "author": {
          "gitId": "tyeryan"
        },
        "content": "                        break;"
      },
      {
        "lineNumber": 170,
        "author": {
          "gitId": "tyeryan"
        },
        "content": "                    }"
      },
      {
        "lineNumber": 171,
        "author": {
          "gitId": "tyeryan"
        },
        "content": "                    task +\u003d userInput[i] + \" \";"
      },
      {
        "lineNumber": 172,
        "author": {
          "gitId": "tyeryan"
        },
        "content": "                }"
      },
      {
        "lineNumber": 173,
        "author": {
          "gitId": "tyeryan"
        },
        "content": "                System.out.println(task);"
      },
      {
        "lineNumber": 174,
        "author": {
          "gitId": "tyeryan"
        },
        "content": "                Task t \u003d new Event(task, false, time);"
      },
      {
        "lineNumber": 175,
        "author": {
          "gitId": "tyeryan"
        },
        "content": "                taskList.addTask(t);"
      },
      {
        "lineNumber": 176,
        "author": {
          "gitId": "tyeryan"
        },
        "content": "                System.out.println(\"Got it. I\u0027ve added this task:\");"
      },
      {
        "lineNumber": 177,
        "author": {
          "gitId": "tyeryan"
        },
        "content": "                System.out.println(t.toString());"
      },
      {
        "lineNumber": 178,
        "author": {
          "gitId": "tyeryan"
        },
        "content": "                System.out.println(\"Now you have \" + taskList.size() + \" tasks in the list\");"
      },
      {
        "lineNumber": 179,
        "author": {
          "gitId": "tyeryan"
        },
        "content": ""
      },
      {
        "lineNumber": 180,
        "author": {
          "gitId": "tyeryan"
        },
        "content": "                storage \u003d new Storage(\"E\", t.getDescription(), time);"
      },
      {
        "lineNumber": 181,
        "author": {
          "gitId": "tyeryan"
        },
        "content": "                storage.addToFile();"
      },
      {
        "lineNumber": 182,
        "author": {
          "gitId": "tyeryan"
        },
        "content": "            }"
      },
      {
        "lineNumber": 183,
        "author": {
          "gitId": "tyeryan"
        },
        "content": ""
      },
      {
        "lineNumber": 184,
        "author": {
          "gitId": "tyeryan"
        },
        "content": "            else if (command.equals(\"delete\")) {"
      },
      {
        "lineNumber": 185,
        "author": {
          "gitId": "tyeryan"
        },
        "content": "                try {"
      },
      {
        "lineNumber": 186,
        "author": {
          "gitId": "tyeryan"
        },
        "content": "                    int index \u003d parseInt(userCmd.substring(7));"
      },
      {
        "lineNumber": 187,
        "author": {
          "gitId": "tyeryan"
        },
        "content": "                    System.out.println(\"Noted. I\u0027ve removed this task:\");"
      },
      {
        "lineNumber": 188,
        "author": {
          "gitId": "tyeryan"
        },
        "content": "                    System.out.println(taskList.getTask(index-1));"
      },
      {
        "lineNumber": 189,
        "author": {
          "gitId": "tyeryan"
        },
        "content": "                    taskList.remove(index-1);"
      },
      {
        "lineNumber": 190,
        "author": {
          "gitId": "tyeryan"
        },
        "content": "                    System.out.println(\"Now you have \" + taskList.size() + \" tasks in the list.\");"
      },
      {
        "lineNumber": 191,
        "author": {
          "gitId": "tyeryan"
        },
        "content": ""
      },
      {
        "lineNumber": 192,
        "author": {
          "gitId": "tyeryan"
        },
        "content": "                    storage \u003d new Storage();"
      },
      {
        "lineNumber": 193,
        "author": {
          "gitId": "tyeryan"
        },
        "content": "                    storage.remove(index);"
      },
      {
        "lineNumber": 194,
        "author": {
          "gitId": "tyeryan"
        },
        "content": "                }"
      },
      {
        "lineNumber": 195,
        "author": {
          "gitId": "tyeryan"
        },
        "content": "                catch (IOException e){"
      },
      {
        "lineNumber": 196,
        "author": {
          "gitId": "tyeryan"
        },
        "content": "                    System.out.println(\"There is something wrong with the file\");"
      },
      {
        "lineNumber": 197,
        "author": {
          "gitId": "tyeryan"
        },
        "content": "                }"
      },
      {
        "lineNumber": 198,
        "author": {
          "gitId": "tyeryan"
        },
        "content": "            }"
      },
      {
        "lineNumber": 199,
        "author": {
          "gitId": "tyeryan"
        },
        "content": ""
      },
      {
        "lineNumber": 200,
        "author": {
          "gitId": "tyeryan"
        },
        "content": "            else if (command.equals(\"clear\")) {"
      },
      {
        "lineNumber": 201,
        "author": {
          "gitId": "tyeryan"
        },
        "content": "                System.out.println(\"List is cleared\");"
      },
      {
        "lineNumber": 202,
        "author": {
          "gitId": "tyeryan"
        },
        "content": "                storage \u003d new Storage();"
      },
      {
        "lineNumber": 203,
        "author": {
          "gitId": "tyeryan"
        },
        "content": "                storage.clear();"
      },
      {
        "lineNumber": 204,
        "author": {
          "gitId": "tyeryan"
        },
        "content": "                taskList.clear();"
      },
      {
        "lineNumber": 205,
        "author": {
          "gitId": "tyeryan"
        },
        "content": "            }"
      },
      {
        "lineNumber": 206,
        "author": {
          "gitId": "tyeryan"
        },
        "content": ""
      },
      {
        "lineNumber": 207,
        "author": {
          "gitId": "tyeryan"
        },
        "content": ""
      },
      {
        "lineNumber": 208,
        "author": {
          "gitId": "tyeryan"
        },
        "content": "            else if (command.equals(\"find\")) {"
      },
      {
        "lineNumber": 209,
        "author": {
          "gitId": "tyeryan"
        },
        "content": "                storage \u003d new Storage();"
      },
      {
        "lineNumber": 210,
        "author": {
          "gitId": "tyeryan"
        },
        "content": "                ArrayList\u003cInteger\u003e findList \u003d storage.find(userCmd.substring(5));"
      },
      {
        "lineNumber": 211,
        "author": {
          "gitId": "tyeryan"
        },
        "content": "                System.out.println(\"Here are the matching tasks in your list:\");"
      },
      {
        "lineNumber": 212,
        "author": {
          "gitId": "tyeryan"
        },
        "content": "                for(int i\u003d1; i\u003c\u003dfindList.size(); i++) {"
      },
      {
        "lineNumber": 213,
        "author": {
          "gitId": "tyeryan"
        },
        "content": "                    System.out.println(i + \". \" + taskList.getTask(findList.get(i-1)));"
      },
      {
        "lineNumber": 214,
        "author": {
          "gitId": "tyeryan"
        },
        "content": "                }"
      },
      {
        "lineNumber": 215,
        "author": {
          "gitId": "tyeryan"
        },
        "content": "            }"
      },
      {
        "lineNumber": 216,
        "author": {
          "gitId": "tyeryan"
        },
        "content": ""
      },
      {
        "lineNumber": 217,
        "author": {
          "gitId": "tyeryan"
        },
        "content": ""
      },
      {
        "lineNumber": 218,
        "author": {
          "gitId": "tyeryan"
        },
        "content": "            else if (command.equals(\"read\")) {"
      },
      {
        "lineNumber": 219,
        "author": {
          "gitId": "tyeryan"
        },
        "content": "                storage \u003d new Storage();"
      },
      {
        "lineNumber": 220,
        "author": {
          "gitId": "tyeryan"
        },
        "content": "                taskList \u003d storage.read();"
      },
      {
        "lineNumber": 221,
        "author": {
          "gitId": "tyeryan"
        },
        "content": "            }"
      },
      {
        "lineNumber": 222,
        "author": {
          "gitId": "tyeryan"
        },
        "content": ""
      },
      {
        "lineNumber": 223,
        "author": {
          "gitId": "tyeryan"
        },
        "content": "            //if no command words are being used"
      },
      {
        "lineNumber": 224,
        "author": {
          "gitId": "tyeryan"
        },
        "content": "            else {"
      },
      {
        "lineNumber": 225,
        "author": {
          "gitId": "tyeryan"
        },
        "content": "                System.out.println(\"☹ OOPS!!! I\u0027m sorry, but I don\u0027t know what that means :-(\");"
      },
      {
        "lineNumber": 226,
        "author": {
          "gitId": "tyeryan"
        },
        "content": "            }"
      },
      {
        "lineNumber": 227,
        "author": {
          "gitId": "tyeryan"
        },
        "content": "        }"
      },
      {
        "lineNumber": 228,
        "author": {
          "gitId": "-"
        },
        "content": "    }"
      },
      {
        "lineNumber": 229,
        "author": {
          "gitId": "-"
        },
        "content": "}"
      },
      {
        "lineNumber": 230,
        "author": {
          "gitId": "tyeryan"
        },
        "content": ""
      },
      {
        "lineNumber": 231,
        "author": {
          "gitId": "tyeryan"
        },
        "content": ""
      }
    ],
    "authorContributionMap": {
      "tyeryan": 228,
      "-": 3
    }
  },
  {
    "path": "src/main/java/DukeException.java",
    "fileType": "java",
    "lines": [
      {
        "lineNumber": 1,
        "author": {
          "gitId": "tyeryan"
        },
        "content": "public class DukeException extends Exception {"
      },
      {
        "lineNumber": 2,
        "author": {
          "gitId": "tyeryan"
        },
        "content": ""
      },
      {
        "lineNumber": 3,
        "author": {
          "gitId": "tyeryan"
        },
        "content": "    public DukeException(String message) {"
      },
      {
        "lineNumber": 4,
        "author": {
          "gitId": "tyeryan"
        },
        "content": "        super(message);"
      },
      {
        "lineNumber": 5,
        "author": {
          "gitId": "tyeryan"
        },
        "content": "    }"
      },
      {
        "lineNumber": 6,
        "author": {
          "gitId": "tyeryan"
        },
        "content": ""
      },
      {
        "lineNumber": 7,
        "author": {
          "gitId": "tyeryan"
        },
        "content": "}"
      },
      {
        "lineNumber": 8,
        "author": {
          "gitId": "tyeryan"
        },
        "content": ""
      }
    ],
    "authorContributionMap": {
      "tyeryan": 8
    }
  },
  {
    "path": "src/main/java/Event.java",
    "fileType": "java",
    "lines": [
      {
        "lineNumber": 1,
        "author": {
          "gitId": "tyeryan"
        },
        "content": "public class Event extends Task {"
      },
      {
        "lineNumber": 2,
        "author": {
          "gitId": "tyeryan"
        },
        "content": "    protected String at;"
      },
      {
        "lineNumber": 3,
        "author": {
          "gitId": "tyeryan"
        },
        "content": ""
      },
      {
        "lineNumber": 4,
        "author": {
          "gitId": "tyeryan"
        },
        "content": "    public Event(String description, boolean isDone, String at) {"
      },
      {
        "lineNumber": 5,
        "author": {
          "gitId": "tyeryan"
        },
        "content": "        super(description, isDone);"
      },
      {
        "lineNumber": 6,
        "author": {
          "gitId": "tyeryan"
        },
        "content": "        this.at \u003d at;"
      },
      {
        "lineNumber": 7,
        "author": {
          "gitId": "tyeryan"
        },
        "content": "    }"
      },
      {
        "lineNumber": 8,
        "author": {
          "gitId": "tyeryan"
        },
        "content": ""
      },
      {
        "lineNumber": 9,
        "author": {
          "gitId": "tyeryan"
        },
        "content": ""
      },
      {
        "lineNumber": 10,
        "author": {
          "gitId": "tyeryan"
        },
        "content": "    @Override"
      },
      {
        "lineNumber": 11,
        "author": {
          "gitId": "tyeryan"
        },
        "content": "    public String toString() {"
      },
      {
        "lineNumber": 12,
        "author": {
          "gitId": "tyeryan"
        },
        "content": "        return \"[E]\" + \"[\" + getStatusIcon() + \"] \" + description + \" (at: \" + at + \")\";"
      },
      {
        "lineNumber": 13,
        "author": {
          "gitId": "tyeryan"
        },
        "content": "    }"
      },
      {
        "lineNumber": 14,
        "author": {
          "gitId": "tyeryan"
        },
        "content": "}"
      },
      {
        "lineNumber": 15,
        "author": {
          "gitId": "tyeryan"
        },
        "content": ""
      }
    ],
    "authorContributionMap": {
      "tyeryan": 15
    }
  },
  {
    "path": "src/main/java/Storage.java",
    "fileType": "java",
    "lines": [
      {
        "lineNumber": 1,
        "author": {
          "gitId": "tyeryan"
        },
        "content": "import java.io.*;"
      },
      {
        "lineNumber": 2,
        "author": {
          "gitId": "tyeryan"
        },
        "content": "import java.util.ArrayList;"
      },
      {
        "lineNumber": 3,
        "author": {
          "gitId": "tyeryan"
        },
        "content": ""
      },
      {
        "lineNumber": 4,
        "author": {
          "gitId": "tyeryan"
        },
        "content": "/**"
      },
      {
        "lineNumber": 5,
        "author": {
          "gitId": "tyeryan"
        },
        "content": " * Storage class which acts like a database for Duke."
      },
      {
        "lineNumber": 6,
        "author": {
          "gitId": "tyeryan"
        },
        "content": " * All tasks will be written to an output file and the data can be read"
      },
      {
        "lineNumber": 7,
        "author": {
          "gitId": "tyeryan"
        },
        "content": " * by the user inputting a read command"
      },
      {
        "lineNumber": 8,
        "author": {
          "gitId": "tyeryan"
        },
        "content": " */"
      },
      {
        "lineNumber": 9,
        "author": {
          "gitId": "tyeryan"
        },
        "content": ""
      },
      {
        "lineNumber": 10,
        "author": {
          "gitId": "tyeryan"
        },
        "content": "public class Storage {"
      },
      {
        "lineNumber": 11,
        "author": {
          "gitId": "tyeryan"
        },
        "content": "    protected String type;"
      },
      {
        "lineNumber": 12,
        "author": {
          "gitId": "tyeryan"
        },
        "content": "    protected String description;"
      },
      {
        "lineNumber": 13,
        "author": {
          "gitId": "tyeryan"
        },
        "content": "    protected String date;"
      },
      {
        "lineNumber": 14,
        "author": {
          "gitId": "tyeryan"
        },
        "content": "    public String file \u003d \"C:\\\\Users\\\\javie\\\\OneDrive\\\\Desktop\\\\CS2113T\\\\duke\\\\data\\\\data.txt\";"
      },
      {
        "lineNumber": 15,
        "author": {
          "gitId": "tyeryan"
        },
        "content": ""
      },
      {
        "lineNumber": 16,
        "author": {
          "gitId": "tyeryan"
        },
        "content": ""
      },
      {
        "lineNumber": 17,
        "author": {
          "gitId": "tyeryan"
        },
        "content": "    public Storage() {"
      },
      {
        "lineNumber": 18,
        "author": {
          "gitId": "tyeryan"
        },
        "content": ""
      },
      {
        "lineNumber": 19,
        "author": {
          "gitId": "tyeryan"
        },
        "content": "    }"
      },
      {
        "lineNumber": 20,
        "author": {
          "gitId": "tyeryan"
        },
        "content": ""
      },
      {
        "lineNumber": 21,
        "author": {
          "gitId": "tyeryan"
        },
        "content": "    public Storage(String type, String description) {"
      },
      {
        "lineNumber": 22,
        "author": {
          "gitId": "tyeryan"
        },
        "content": "        this.type \u003d type;"
      },
      {
        "lineNumber": 23,
        "author": {
          "gitId": "tyeryan"
        },
        "content": "        this.description \u003d description;"
      },
      {
        "lineNumber": 24,
        "author": {
          "gitId": "tyeryan"
        },
        "content": "    }"
      },
      {
        "lineNumber": 25,
        "author": {
          "gitId": "tyeryan"
        },
        "content": ""
      },
      {
        "lineNumber": 26,
        "author": {
          "gitId": "tyeryan"
        },
        "content": "    public Storage(String type, String description, String date) {"
      },
      {
        "lineNumber": 27,
        "author": {
          "gitId": "tyeryan"
        },
        "content": "        this.type \u003d type;"
      },
      {
        "lineNumber": 28,
        "author": {
          "gitId": "tyeryan"
        },
        "content": "        this.description \u003d description;"
      },
      {
        "lineNumber": 29,
        "author": {
          "gitId": "tyeryan"
        },
        "content": "        this.date \u003d date;"
      },
      {
        "lineNumber": 30,
        "author": {
          "gitId": "tyeryan"
        },
        "content": "    }"
      },
      {
        "lineNumber": 31,
        "author": {
          "gitId": "tyeryan"
        },
        "content": ""
      },
      {
        "lineNumber": 32,
        "author": {
          "gitId": "tyeryan"
        },
        "content": "    /**"
      },
      {
        "lineNumber": 33,
        "author": {
          "gitId": "tyeryan"
        },
        "content": "     * Adds the tasks into a text file with a certain format"
      },
      {
        "lineNumber": 34,
        "author": {
          "gitId": "tyeryan"
        },
        "content": "     *"
      },
      {
        "lineNumber": 35,
        "author": {
          "gitId": "tyeryan"
        },
        "content": "     * @throws IOException"
      },
      {
        "lineNumber": 36,
        "author": {
          "gitId": "tyeryan"
        },
        "content": "     */"
      },
      {
        "lineNumber": 37,
        "author": {
          "gitId": "tyeryan"
        },
        "content": "    public void addToFile() throws IOException {"
      },
      {
        "lineNumber": 38,
        "author": {
          "gitId": "tyeryan"
        },
        "content": "        BufferedWriter bw \u003d new BufferedWriter(new FileWriter(file, true));"
      },
      {
        "lineNumber": 39,
        "author": {
          "gitId": "tyeryan"
        },
        "content": "        String fileContent \u003d type + \"|0|\" + description + \"|\" + date + System.lineSeparator();"
      },
      {
        "lineNumber": 40,
        "author": {
          "gitId": "tyeryan"
        },
        "content": "        bw.append(fileContent);"
      },
      {
        "lineNumber": 41,
        "author": {
          "gitId": "tyeryan"
        },
        "content": "        bw.close();"
      },
      {
        "lineNumber": 42,
        "author": {
          "gitId": "tyeryan"
        },
        "content": "    }"
      },
      {
        "lineNumber": 43,
        "author": {
          "gitId": "tyeryan"
        },
        "content": ""
      },
      {
        "lineNumber": 44,
        "author": {
          "gitId": "tyeryan"
        },
        "content": "    /**"
      },
      {
        "lineNumber": 45,
        "author": {
          "gitId": "tyeryan"
        },
        "content": "     * Read the tasks from the data file and inserts it back into Duke."
      },
      {
        "lineNumber": 46,
        "author": {
          "gitId": "tyeryan"
        },
        "content": "     *"
      },
      {
        "lineNumber": 47,
        "author": {
          "gitId": "tyeryan"
        },
        "content": "     * @return The old taskList that has been stored in the text file"
      },
      {
        "lineNumber": 48,
        "author": {
          "gitId": "tyeryan"
        },
        "content": "     * @throws IOException"
      },
      {
        "lineNumber": 49,
        "author": {
          "gitId": "tyeryan"
        },
        "content": "     */"
      },
      {
        "lineNumber": 50,
        "author": {
          "gitId": "tyeryan"
        },
        "content": "    public TaskList read() throws IOException {"
      },
      {
        "lineNumber": 51,
        "author": {
          "gitId": "tyeryan"
        },
        "content": "        TaskList taskList \u003d new TaskList();"
      },
      {
        "lineNumber": 52,
        "author": {
          "gitId": "tyeryan"
        },
        "content": "        BufferedReader br \u003d new BufferedReader(new FileReader(file));"
      },
      {
        "lineNumber": 53,
        "author": {
          "gitId": "tyeryan"
        },
        "content": ""
      },
      {
        "lineNumber": 54,
        "author": {
          "gitId": "tyeryan"
        },
        "content": "        String inputLine;"
      },
      {
        "lineNumber": 55,
        "author": {
          "gitId": "tyeryan"
        },
        "content": "        //System.out.println(inputLine);"
      },
      {
        "lineNumber": 56,
        "author": {
          "gitId": "tyeryan"
        },
        "content": "        while((inputLine \u003d br.readLine()) !\u003d null) {"
      },
      {
        "lineNumber": 57,
        "author": {
          "gitId": "tyeryan"
        },
        "content": "            inputLine \u003d inputLine.trim();"
      },
      {
        "lineNumber": 58,
        "author": {
          "gitId": "tyeryan"
        },
        "content": ""
      },
      {
        "lineNumber": 59,
        "author": {
          "gitId": "tyeryan"
        },
        "content": "            if (inputLine.substring(0,1).equals(\"T\")) {"
      },
      {
        "lineNumber": 60,
        "author": {
          "gitId": "tyeryan"
        },
        "content": "                String[] arrayLine \u003d inputLine.split(\"[|]\");"
      },
      {
        "lineNumber": 61,
        "author": {
          "gitId": "tyeryan"
        },
        "content": "                if(arrayLine[1].equals(\"0\")) {"
      },
      {
        "lineNumber": 62,
        "author": {
          "gitId": "tyeryan"
        },
        "content": "                    Task t \u003d new ToDo(arrayLine[2], false);"
      },
      {
        "lineNumber": 63,
        "author": {
          "gitId": "tyeryan"
        },
        "content": "                    taskList.addTask(t);"
      },
      {
        "lineNumber": 64,
        "author": {
          "gitId": "tyeryan"
        },
        "content": "                }"
      },
      {
        "lineNumber": 65,
        "author": {
          "gitId": "tyeryan"
        },
        "content": "                else {"
      },
      {
        "lineNumber": 66,
        "author": {
          "gitId": "tyeryan"
        },
        "content": "                    Task t \u003d new ToDo(arrayLine[2], true);"
      },
      {
        "lineNumber": 67,
        "author": {
          "gitId": "tyeryan"
        },
        "content": "                    taskList.addTask(t);"
      },
      {
        "lineNumber": 68,
        "author": {
          "gitId": "tyeryan"
        },
        "content": "                }"
      },
      {
        "lineNumber": 69,
        "author": {
          "gitId": "tyeryan"
        },
        "content": "            }"
      },
      {
        "lineNumber": 70,
        "author": {
          "gitId": "tyeryan"
        },
        "content": "            else if (inputLine.substring(0,1).equals(\"D\")) {"
      },
      {
        "lineNumber": 71,
        "author": {
          "gitId": "tyeryan"
        },
        "content": "                String[] arrayLine \u003d inputLine.split(\"[|]\");"
      },
      {
        "lineNumber": 72,
        "author": {
          "gitId": "tyeryan"
        },
        "content": "                if(arrayLine[1].equals(\"0\")) {"
      },
      {
        "lineNumber": 73,
        "author": {
          "gitId": "tyeryan"
        },
        "content": "                    Task t \u003d new Deadline(arrayLine[2], false, arrayLine[3]);"
      },
      {
        "lineNumber": 74,
        "author": {
          "gitId": "tyeryan"
        },
        "content": "                    taskList.addTask(t);"
      },
      {
        "lineNumber": 75,
        "author": {
          "gitId": "tyeryan"
        },
        "content": "                }"
      },
      {
        "lineNumber": 76,
        "author": {
          "gitId": "tyeryan"
        },
        "content": "                else {"
      },
      {
        "lineNumber": 77,
        "author": {
          "gitId": "tyeryan"
        },
        "content": "                    Task t \u003d new Deadline(arrayLine[2], true, arrayLine[3]);"
      },
      {
        "lineNumber": 78,
        "author": {
          "gitId": "tyeryan"
        },
        "content": "                    taskList.addTask(t);"
      },
      {
        "lineNumber": 79,
        "author": {
          "gitId": "tyeryan"
        },
        "content": "                }"
      },
      {
        "lineNumber": 80,
        "author": {
          "gitId": "tyeryan"
        },
        "content": "            }"
      },
      {
        "lineNumber": 81,
        "author": {
          "gitId": "tyeryan"
        },
        "content": "            else if (inputLine.substring(0,1).equals(\"E\")) {"
      },
      {
        "lineNumber": 82,
        "author": {
          "gitId": "tyeryan"
        },
        "content": "                String[] arrayLine \u003d inputLine.split(\"[|]\");"
      },
      {
        "lineNumber": 83,
        "author": {
          "gitId": "tyeryan"
        },
        "content": "                if(arrayLine[1].equals(\"0\")) {"
      },
      {
        "lineNumber": 84,
        "author": {
          "gitId": "tyeryan"
        },
        "content": "                    Task t \u003d new Event(arrayLine[2], false, arrayLine[3]);"
      },
      {
        "lineNumber": 85,
        "author": {
          "gitId": "tyeryan"
        },
        "content": "                    taskList.addTask(t);"
      },
      {
        "lineNumber": 86,
        "author": {
          "gitId": "tyeryan"
        },
        "content": "                }"
      },
      {
        "lineNumber": 87,
        "author": {
          "gitId": "tyeryan"
        },
        "content": "                else {"
      },
      {
        "lineNumber": 88,
        "author": {
          "gitId": "tyeryan"
        },
        "content": "                    Task t \u003d new Event(arrayLine[2], true, arrayLine[3]);"
      },
      {
        "lineNumber": 89,
        "author": {
          "gitId": "tyeryan"
        },
        "content": "                    taskList.addTask(t);"
      },
      {
        "lineNumber": 90,
        "author": {
          "gitId": "tyeryan"
        },
        "content": "                }"
      },
      {
        "lineNumber": 91,
        "author": {
          "gitId": "tyeryan"
        },
        "content": "            }"
      },
      {
        "lineNumber": 92,
        "author": {
          "gitId": "tyeryan"
        },
        "content": "        }"
      },
      {
        "lineNumber": 93,
        "author": {
          "gitId": "tyeryan"
        },
        "content": "        return taskList;"
      },
      {
        "lineNumber": 94,
        "author": {
          "gitId": "tyeryan"
        },
        "content": "    }"
      },
      {
        "lineNumber": 95,
        "author": {
          "gitId": "tyeryan"
        },
        "content": ""
      },
      {
        "lineNumber": 96,
        "author": {
          "gitId": "tyeryan"
        },
        "content": "    /**"
      },
      {
        "lineNumber": 97,
        "author": {
          "gitId": "tyeryan"
        },
        "content": "     * Tasks in the task number and mark it as completed in the database by changing"
      },
      {
        "lineNumber": 98,
        "author": {
          "gitId": "tyeryan"
        },
        "content": "     * the value of the output from \u00270\u0027 to \u00271\u0027. Following a boolean function."
      },
      {
        "lineNumber": 99,
        "author": {
          "gitId": "tyeryan"
        },
        "content": "     *"
      },
      {
        "lineNumber": 100,
        "author": {
          "gitId": "tyeryan"
        },
        "content": "     * @param taskNum the task number in the taskList"
      },
      {
        "lineNumber": 101,
        "author": {
          "gitId": "tyeryan"
        },
        "content": "     * @throws IOException"
      },
      {
        "lineNumber": 102,
        "author": {
          "gitId": "tyeryan"
        },
        "content": "     */"
      },
      {
        "lineNumber": 103,
        "author": {
          "gitId": "tyeryan"
        },
        "content": "    public void markDone (int taskNum) throws IOException {"
      },
      {
        "lineNumber": 104,
        "author": {
          "gitId": "tyeryan"
        },
        "content": "        String des \u003d \"\";"
      },
      {
        "lineNumber": 105,
        "author": {
          "gitId": "tyeryan"
        },
        "content": "        File fileModified \u003d new File(file);"
      },
      {
        "lineNumber": 106,
        "author": {
          "gitId": "tyeryan"
        },
        "content": "        BufferedReader br \u003d new BufferedReader(new FileReader(fileModified));"
      },
      {
        "lineNumber": 107,
        "author": {
          "gitId": "tyeryan"
        },
        "content": ""
      },
      {
        "lineNumber": 108,
        "author": {
          "gitId": "tyeryan"
        },
        "content": "        int count \u003d 1;"
      },
      {
        "lineNumber": 109,
        "author": {
          "gitId": "tyeryan"
        },
        "content": "        String input \u003d br.readLine();"
      },
      {
        "lineNumber": 110,
        "author": {
          "gitId": "tyeryan"
        },
        "content": "        while (input !\u003d null) {"
      },
      {
        "lineNumber": 111,
        "author": {
          "gitId": "tyeryan"
        },
        "content": "            if (count \u003d\u003d taskNum) {"
      },
      {
        "lineNumber": 112,
        "author": {
          "gitId": "tyeryan"
        },
        "content": "                input \u003d input.replace(\"0\", \"1\");"
      },
      {
        "lineNumber": 113,
        "author": {
          "gitId": "tyeryan"
        },
        "content": "            }"
      },
      {
        "lineNumber": 114,
        "author": {
          "gitId": "tyeryan"
        },
        "content": "            des \u003d des + input + System.lineSeparator();"
      },
      {
        "lineNumber": 115,
        "author": {
          "gitId": "tyeryan"
        },
        "content": "            input \u003d br.readLine();"
      },
      {
        "lineNumber": 116,
        "author": {
          "gitId": "tyeryan"
        },
        "content": "            count +\u003d 1;"
      },
      {
        "lineNumber": 117,
        "author": {
          "gitId": "tyeryan"
        },
        "content": "        }"
      },
      {
        "lineNumber": 118,
        "author": {
          "gitId": "tyeryan"
        },
        "content": ""
      },
      {
        "lineNumber": 119,
        "author": {
          "gitId": "tyeryan"
        },
        "content": "        BufferedWriter bw \u003d new BufferedWriter(new FileWriter(fileModified));"
      },
      {
        "lineNumber": 120,
        "author": {
          "gitId": "tyeryan"
        },
        "content": "        bw.write(des);"
      },
      {
        "lineNumber": 121,
        "author": {
          "gitId": "tyeryan"
        },
        "content": "        br.close();"
      },
      {
        "lineNumber": 122,
        "author": {
          "gitId": "tyeryan"
        },
        "content": "        bw.close();"
      },
      {
        "lineNumber": 123,
        "author": {
          "gitId": "tyeryan"
        },
        "content": "    }"
      },
      {
        "lineNumber": 124,
        "author": {
          "gitId": "tyeryan"
        },
        "content": ""
      },
      {
        "lineNumber": 125,
        "author": {
          "gitId": "tyeryan"
        },
        "content": "    /**"
      },
      {
        "lineNumber": 126,
        "author": {
          "gitId": "tyeryan"
        },
        "content": "     * Remove a certain task in the database based on the task number inputted."
      },
      {
        "lineNumber": 127,
        "author": {
          "gitId": "tyeryan"
        },
        "content": "     *"
      },
      {
        "lineNumber": 128,
        "author": {
          "gitId": "tyeryan"
        },
        "content": "     * @param taskNum the task number in the taskList"
      },
      {
        "lineNumber": 129,
        "author": {
          "gitId": "tyeryan"
        },
        "content": "     * @throws IOException"
      },
      {
        "lineNumber": 130,
        "author": {
          "gitId": "tyeryan"
        },
        "content": "     */"
      },
      {
        "lineNumber": 131,
        "author": {
          "gitId": "tyeryan"
        },
        "content": "    public void remove(int taskNum) throws IOException {"
      },
      {
        "lineNumber": 132,
        "author": {
          "gitId": "tyeryan"
        },
        "content": "        String content \u003d \"\";"
      },
      {
        "lineNumber": 133,
        "author": {
          "gitId": "tyeryan"
        },
        "content": "        File fileModified \u003d new File(file);"
      },
      {
        "lineNumber": 134,
        "author": {
          "gitId": "tyeryan"
        },
        "content": "        BufferedReader br \u003d new BufferedReader(new FileReader(fileModified));"
      },
      {
        "lineNumber": 135,
        "author": {
          "gitId": "tyeryan"
        },
        "content": ""
      },
      {
        "lineNumber": 136,
        "author": {
          "gitId": "tyeryan"
        },
        "content": "        String taskLine \u003d br.readLine();"
      },
      {
        "lineNumber": 137,
        "author": {
          "gitId": "tyeryan"
        },
        "content": "        int count \u003d 1;"
      },
      {
        "lineNumber": 138,
        "author": {
          "gitId": "tyeryan"
        },
        "content": "        while (taskLine !\u003d null) {"
      },
      {
        "lineNumber": 139,
        "author": {
          "gitId": "tyeryan"
        },
        "content": "            if (count \u003d\u003d taskNum) {"
      },
      {
        "lineNumber": 140,
        "author": {
          "gitId": "tyeryan"
        },
        "content": "                taskLine \u003d br.readLine();"
      },
      {
        "lineNumber": 141,
        "author": {
          "gitId": "tyeryan"
        },
        "content": "                count +\u003d 1;"
      },
      {
        "lineNumber": 142,
        "author": {
          "gitId": "tyeryan"
        },
        "content": "                continue;"
      },
      {
        "lineNumber": 143,
        "author": {
          "gitId": "tyeryan"
        },
        "content": "            }"
      },
      {
        "lineNumber": 144,
        "author": {
          "gitId": "tyeryan"
        },
        "content": "            content \u003d content + taskLine + System.lineSeparator();"
      },
      {
        "lineNumber": 145,
        "author": {
          "gitId": "tyeryan"
        },
        "content": "            taskLine \u003d br.readLine();"
      },
      {
        "lineNumber": 146,
        "author": {
          "gitId": "tyeryan"
        },
        "content": "            count +\u003d 1;"
      },
      {
        "lineNumber": 147,
        "author": {
          "gitId": "tyeryan"
        },
        "content": "        }"
      },
      {
        "lineNumber": 148,
        "author": {
          "gitId": "tyeryan"
        },
        "content": ""
      },
      {
        "lineNumber": 149,
        "author": {
          "gitId": "tyeryan"
        },
        "content": "        BufferedWriter bw \u003d new BufferedWriter(new FileWriter(fileModified));"
      },
      {
        "lineNumber": 150,
        "author": {
          "gitId": "tyeryan"
        },
        "content": "        bw.write(content);"
      },
      {
        "lineNumber": 151,
        "author": {
          "gitId": "tyeryan"
        },
        "content": ""
      },
      {
        "lineNumber": 152,
        "author": {
          "gitId": "tyeryan"
        },
        "content": "        br.close();"
      },
      {
        "lineNumber": 153,
        "author": {
          "gitId": "tyeryan"
        },
        "content": "        bw.close();"
      },
      {
        "lineNumber": 154,
        "author": {
          "gitId": "tyeryan"
        },
        "content": "    }"
      },
      {
        "lineNumber": 155,
        "author": {
          "gitId": "tyeryan"
        },
        "content": ""
      },
      {
        "lineNumber": 156,
        "author": {
          "gitId": "tyeryan"
        },
        "content": ""
      },
      {
        "lineNumber": 157,
        "author": {
          "gitId": "tyeryan"
        },
        "content": "    /**"
      },
      {
        "lineNumber": 158,
        "author": {
          "gitId": "tyeryan"
        },
        "content": "     * Clearing the whole list. Making the list empty."
      },
      {
        "lineNumber": 159,
        "author": {
          "gitId": "tyeryan"
        },
        "content": "     *"
      },
      {
        "lineNumber": 160,
        "author": {
          "gitId": "tyeryan"
        },
        "content": "     * @throws IOException"
      },
      {
        "lineNumber": 161,
        "author": {
          "gitId": "tyeryan"
        },
        "content": "     */"
      },
      {
        "lineNumber": 162,
        "author": {
          "gitId": "tyeryan"
        },
        "content": "    public void clear() throws IOException {"
      },
      {
        "lineNumber": 163,
        "author": {
          "gitId": "tyeryan"
        },
        "content": "        BufferedWriter bw \u003d new BufferedWriter(new FileWriter(file));"
      },
      {
        "lineNumber": 164,
        "author": {
          "gitId": "tyeryan"
        },
        "content": "        bw.write(\" \");"
      },
      {
        "lineNumber": 165,
        "author": {
          "gitId": "tyeryan"
        },
        "content": "        bw.close();"
      },
      {
        "lineNumber": 166,
        "author": {
          "gitId": "tyeryan"
        },
        "content": "    }"
      },
      {
        "lineNumber": 167,
        "author": {
          "gitId": "tyeryan"
        },
        "content": ""
      },
      {
        "lineNumber": 168,
        "author": {
          "gitId": "tyeryan"
        },
        "content": ""
      },
      {
        "lineNumber": 169,
        "author": {
          "gitId": "tyeryan"
        },
        "content": "    /**"
      },
      {
        "lineNumber": 170,
        "author": {
          "gitId": "tyeryan"
        },
        "content": "     * Finding certain tasks which has the same keywords as the input string."
      },
      {
        "lineNumber": 171,
        "author": {
          "gitId": "tyeryan"
        },
        "content": "     *"
      },
      {
        "lineNumber": 172,
        "author": {
          "gitId": "tyeryan"
        },
        "content": "     * @param input A string which contains the keywords the user wants to find"
      },
      {
        "lineNumber": 173,
        "author": {
          "gitId": "tyeryan"
        },
        "content": "     * @return An ArrayList of integers containing the task numbers of the tasks found."
      },
      {
        "lineNumber": 174,
        "author": {
          "gitId": "tyeryan"
        },
        "content": "     * @throws IOException"
      },
      {
        "lineNumber": 175,
        "author": {
          "gitId": "tyeryan"
        },
        "content": "     */"
      },
      {
        "lineNumber": 176,
        "author": {
          "gitId": "tyeryan"
        },
        "content": "    public ArrayList\u003cInteger\u003e find(String input) throws IOException {"
      },
      {
        "lineNumber": 177,
        "author": {
          "gitId": "tyeryan"
        },
        "content": "        ArrayList\u003cInteger\u003e findList \u003d new ArrayList\u003c\u003e();"
      },
      {
        "lineNumber": 178,
        "author": {
          "gitId": "tyeryan"
        },
        "content": "        File fileModified \u003d new File(file);"
      },
      {
        "lineNumber": 179,
        "author": {
          "gitId": "tyeryan"
        },
        "content": "        BufferedReader br \u003d new BufferedReader(new FileReader(fileModified));"
      },
      {
        "lineNumber": 180,
        "author": {
          "gitId": "tyeryan"
        },
        "content": ""
      },
      {
        "lineNumber": 181,
        "author": {
          "gitId": "tyeryan"
        },
        "content": "        String inputLine \u003d br.readLine();"
      },
      {
        "lineNumber": 182,
        "author": {
          "gitId": "tyeryan"
        },
        "content": "        int count \u003d 0;"
      },
      {
        "lineNumber": 183,
        "author": {
          "gitId": "tyeryan"
        },
        "content": "        while (inputLine !\u003d null) {"
      },
      {
        "lineNumber": 184,
        "author": {
          "gitId": "tyeryan"
        },
        "content": "            if (inputLine.contains(input)) {"
      },
      {
        "lineNumber": 185,
        "author": {
          "gitId": "tyeryan"
        },
        "content": "                findList.add(count);"
      },
      {
        "lineNumber": 186,
        "author": {
          "gitId": "tyeryan"
        },
        "content": "            }"
      },
      {
        "lineNumber": 187,
        "author": {
          "gitId": "tyeryan"
        },
        "content": "            inputLine \u003d br.readLine();"
      },
      {
        "lineNumber": 188,
        "author": {
          "gitId": "tyeryan"
        },
        "content": "            count +\u003d 1;"
      },
      {
        "lineNumber": 189,
        "author": {
          "gitId": "tyeryan"
        },
        "content": "        }"
      },
      {
        "lineNumber": 190,
        "author": {
          "gitId": "tyeryan"
        },
        "content": "        return findList;"
      },
      {
        "lineNumber": 191,
        "author": {
          "gitId": "tyeryan"
        },
        "content": "    }"
      },
      {
        "lineNumber": 192,
        "author": {
          "gitId": "tyeryan"
        },
        "content": ""
      },
      {
        "lineNumber": 193,
        "author": {
          "gitId": "tyeryan"
        },
        "content": "}"
      }
    ],
    "authorContributionMap": {
      "tyeryan": 193
    }
  },
  {
    "path": "src/main/java/Task.java",
    "fileType": "java",
    "lines": [
      {
        "lineNumber": 1,
        "author": {
          "gitId": "tyeryan"
        },
        "content": "import java.time.LocalDateTime;"
      },
      {
        "lineNumber": 2,
        "author": {
          "gitId": "tyeryan"
        },
        "content": "import java.time.format.DateTimeParseException;"
      },
      {
        "lineNumber": 3,
        "author": {
          "gitId": "tyeryan"
        },
        "content": ""
      },
      {
        "lineNumber": 4,
        "author": {
          "gitId": "tyeryan"
        },
        "content": "public abstract class Task {"
      },
      {
        "lineNumber": 5,
        "author": {
          "gitId": "tyeryan"
        },
        "content": "    protected String description;"
      },
      {
        "lineNumber": 6,
        "author": {
          "gitId": "tyeryan"
        },
        "content": "    protected boolean isDone;"
      },
      {
        "lineNumber": 7,
        "author": {
          "gitId": "tyeryan"
        },
        "content": ""
      },
      {
        "lineNumber": 8,
        "author": {
          "gitId": "tyeryan"
        },
        "content": "    public Task(String description, boolean isDone) {"
      },
      {
        "lineNumber": 9,
        "author": {
          "gitId": "tyeryan"
        },
        "content": "        this.description \u003d description;"
      },
      {
        "lineNumber": 10,
        "author": {
          "gitId": "tyeryan"
        },
        "content": "        this.isDone \u003d isDone;"
      },
      {
        "lineNumber": 11,
        "author": {
          "gitId": "tyeryan"
        },
        "content": "    }"
      },
      {
        "lineNumber": 12,
        "author": {
          "gitId": "tyeryan"
        },
        "content": ""
      },
      {
        "lineNumber": 13,
        "author": {
          "gitId": "tyeryan"
        },
        "content": ""
      },
      {
        "lineNumber": 14,
        "author": {
          "gitId": "tyeryan"
        },
        "content": "    public String getStatusIcon() {"
      },
      {
        "lineNumber": 15,
        "author": {
          "gitId": "tyeryan"
        },
        "content": "        return (isDone ? \"\\u2713\" : \"\\u2718\");"
      },
      {
        "lineNumber": 16,
        "author": {
          "gitId": "tyeryan"
        },
        "content": "    }"
      },
      {
        "lineNumber": 17,
        "author": {
          "gitId": "tyeryan"
        },
        "content": ""
      },
      {
        "lineNumber": 18,
        "author": {
          "gitId": "tyeryan"
        },
        "content": "    public String getDescription() {"
      },
      {
        "lineNumber": 19,
        "author": {
          "gitId": "tyeryan"
        },
        "content": "        return this.description;"
      },
      {
        "lineNumber": 20,
        "author": {
          "gitId": "tyeryan"
        },
        "content": "    }"
      },
      {
        "lineNumber": 21,
        "author": {
          "gitId": "tyeryan"
        },
        "content": ""
      },
      {
        "lineNumber": 22,
        "author": {
          "gitId": "tyeryan"
        },
        "content": "    public void toggleIsDone() {"
      },
      {
        "lineNumber": 23,
        "author": {
          "gitId": "tyeryan"
        },
        "content": "        this.isDone \u003d !isDone;"
      },
      {
        "lineNumber": 24,
        "author": {
          "gitId": "tyeryan"
        },
        "content": "    }"
      },
      {
        "lineNumber": 25,
        "author": {
          "gitId": "tyeryan"
        },
        "content": ""
      },
      {
        "lineNumber": 26,
        "author": {
          "gitId": "tyeryan"
        },
        "content": ""
      },
      {
        "lineNumber": 27,
        "author": {
          "gitId": "tyeryan"
        },
        "content": "    @Override"
      },
      {
        "lineNumber": 28,
        "author": {
          "gitId": "tyeryan"
        },
        "content": "    public String toString() {"
      },
      {
        "lineNumber": 29,
        "author": {
          "gitId": "tyeryan"
        },
        "content": "        return \u0027[\u0027 + getStatusIcon() + \"] \" + description;"
      },
      {
        "lineNumber": 30,
        "author": {
          "gitId": "tyeryan"
        },
        "content": "    }"
      },
      {
        "lineNumber": 31,
        "author": {
          "gitId": "tyeryan"
        },
        "content": ""
      },
      {
        "lineNumber": 32,
        "author": {
          "gitId": "tyeryan"
        },
        "content": "    public void markAsDone() {"
      },
      {
        "lineNumber": 33,
        "author": {
          "gitId": "tyeryan"
        },
        "content": "        this.isDone \u003d true;"
      },
      {
        "lineNumber": 34,
        "author": {
          "gitId": "tyeryan"
        },
        "content": "    }"
      },
      {
        "lineNumber": 35,
        "author": {
          "gitId": "tyeryan"
        },
        "content": ""
      },
      {
        "lineNumber": 36,
        "author": {
          "gitId": "tyeryan"
        },
        "content": "}"
      }
    ],
    "authorContributionMap": {
      "tyeryan": 36
    }
  },
  {
    "path": "src/main/java/TaskList.java",
    "fileType": "java",
    "lines": [
      {
        "lineNumber": 1,
        "author": {
          "gitId": "tyeryan"
        },
        "content": "import java.util.ArrayList;"
      },
      {
        "lineNumber": 2,
        "author": {
          "gitId": "tyeryan"
        },
        "content": ""
      },
      {
        "lineNumber": 3,
        "author": {
          "gitId": "tyeryan"
        },
        "content": "public class TaskList {"
      },
      {
        "lineNumber": 4,
        "author": {
          "gitId": "tyeryan"
        },
        "content": ""
      },
      {
        "lineNumber": 5,
        "author": {
          "gitId": "tyeryan"
        },
        "content": "    public static ArrayList\u003cTask\u003e taskArrayList;"
      },
      {
        "lineNumber": 6,
        "author": {
          "gitId": "tyeryan"
        },
        "content": ""
      },
      {
        "lineNumber": 7,
        "author": {
          "gitId": "tyeryan"
        },
        "content": "    public TaskList() {"
      },
      {
        "lineNumber": 8,
        "author": {
          "gitId": "tyeryan"
        },
        "content": "        taskArrayList \u003d new ArrayList\u003cTask\u003e();"
      },
      {
        "lineNumber": 9,
        "author": {
          "gitId": "tyeryan"
        },
        "content": "    }"
      },
      {
        "lineNumber": 10,
        "author": {
          "gitId": "tyeryan"
        },
        "content": ""
      },
      {
        "lineNumber": 11,
        "author": {
          "gitId": "tyeryan"
        },
        "content": "    public void addTask(Task task) {"
      },
      {
        "lineNumber": 12,
        "author": {
          "gitId": "tyeryan"
        },
        "content": "        this.taskArrayList.add(task);"
      },
      {
        "lineNumber": 13,
        "author": {
          "gitId": "tyeryan"
        },
        "content": "    }"
      },
      {
        "lineNumber": 14,
        "author": {
          "gitId": "tyeryan"
        },
        "content": ""
      },
      {
        "lineNumber": 15,
        "author": {
          "gitId": "tyeryan"
        },
        "content": "    public Task getTask(int num) {"
      },
      {
        "lineNumber": 16,
        "author": {
          "gitId": "tyeryan"
        },
        "content": "        return this.taskArrayList.get(num);"
      },
      {
        "lineNumber": 17,
        "author": {
          "gitId": "tyeryan"
        },
        "content": "    }"
      },
      {
        "lineNumber": 18,
        "author": {
          "gitId": "tyeryan"
        },
        "content": ""
      },
      {
        "lineNumber": 19,
        "author": {
          "gitId": "tyeryan"
        },
        "content": ""
      },
      {
        "lineNumber": 20,
        "author": {
          "gitId": "tyeryan"
        },
        "content": "    public void clear() {"
      },
      {
        "lineNumber": 21,
        "author": {
          "gitId": "tyeryan"
        },
        "content": "        this.taskArrayList.clear();"
      },
      {
        "lineNumber": 22,
        "author": {
          "gitId": "tyeryan"
        },
        "content": "    }"
      },
      {
        "lineNumber": 23,
        "author": {
          "gitId": "tyeryan"
        },
        "content": ""
      },
      {
        "lineNumber": 24,
        "author": {
          "gitId": "tyeryan"
        },
        "content": "    public void remove(int num) {"
      },
      {
        "lineNumber": 25,
        "author": {
          "gitId": "tyeryan"
        },
        "content": "        this.taskArrayList.remove(num);"
      },
      {
        "lineNumber": 26,
        "author": {
          "gitId": "tyeryan"
        },
        "content": "    }"
      },
      {
        "lineNumber": 27,
        "author": {
          "gitId": "tyeryan"
        },
        "content": ""
      },
      {
        "lineNumber": 28,
        "author": {
          "gitId": "tyeryan"
        },
        "content": "    public ArrayList\u003cTask\u003e getTasks() {"
      },
      {
        "lineNumber": 29,
        "author": {
          "gitId": "tyeryan"
        },
        "content": "        return this.taskArrayList;"
      },
      {
        "lineNumber": 30,
        "author": {
          "gitId": "tyeryan"
        },
        "content": "    }"
      },
      {
        "lineNumber": 31,
        "author": {
          "gitId": "tyeryan"
        },
        "content": ""
      },
      {
        "lineNumber": 32,
        "author": {
          "gitId": "tyeryan"
        },
        "content": "    public int size() {"
      },
      {
        "lineNumber": 33,
        "author": {
          "gitId": "tyeryan"
        },
        "content": "        return this.taskArrayList.size();"
      },
      {
        "lineNumber": 34,
        "author": {
          "gitId": "tyeryan"
        },
        "content": "    }"
      },
      {
        "lineNumber": 35,
        "author": {
          "gitId": "tyeryan"
        },
        "content": "}"
      }
    ],
    "authorContributionMap": {
      "tyeryan": 35
    }
  },
  {
    "path": "src/main/java/ToDo.java",
    "fileType": "java",
    "lines": [
      {
        "lineNumber": 1,
        "author": {
          "gitId": "tyeryan"
        },
        "content": "public class ToDo extends Task {"
      },
      {
        "lineNumber": 2,
        "author": {
          "gitId": "tyeryan"
        },
        "content": ""
      },
      {
        "lineNumber": 3,
        "author": {
          "gitId": "tyeryan"
        },
        "content": "    public ToDo(String description, boolean isDone) {"
      },
      {
        "lineNumber": 4,
        "author": {
          "gitId": "tyeryan"
        },
        "content": "        super(description, isDone);"
      },
      {
        "lineNumber": 5,
        "author": {
          "gitId": "tyeryan"
        },
        "content": "    }"
      },
      {
        "lineNumber": 6,
        "author": {
          "gitId": "tyeryan"
        },
        "content": ""
      },
      {
        "lineNumber": 7,
        "author": {
          "gitId": "tyeryan"
        },
        "content": ""
      },
      {
        "lineNumber": 8,
        "author": {
          "gitId": "tyeryan"
        },
        "content": "    @Override"
      },
      {
        "lineNumber": 9,
        "author": {
          "gitId": "tyeryan"
        },
        "content": "    public String toString() {"
      },
      {
        "lineNumber": 10,
        "author": {
          "gitId": "tyeryan"
        },
        "content": "        return \"[T]\" + \"[\" + getStatusIcon() + \"] \"  +  description;"
      },
      {
        "lineNumber": 11,
        "author": {
          "gitId": "tyeryan"
        },
        "content": "    }"
      },
      {
        "lineNumber": 12,
        "author": {
          "gitId": "tyeryan"
        },
        "content": "}"
      }
    ],
    "authorContributionMap": {
      "tyeryan": 12
    }
  },
  {
    "path": "src/test/java/DukeTest.java",
    "fileType": "java",
    "lines": [
      {
        "lineNumber": 1,
        "author": {
          "gitId": "tyeryan"
        },
        "content": "import org.junit.jupiter.api.Test;"
      },
      {
        "lineNumber": 2,
        "author": {
          "gitId": "tyeryan"
        },
        "content": ""
      },
      {
        "lineNumber": 3,
        "author": {
          "gitId": "tyeryan"
        },
        "content": "import static org.junit.jupiter.api.Assertions.assertEquals;"
      },
      {
        "lineNumber": 4,
        "author": {
          "gitId": "tyeryan"
        },
        "content": ""
      },
      {
        "lineNumber": 5,
        "author": {
          "gitId": "tyeryan"
        },
        "content": "public class DukeTest {"
      },
      {
        "lineNumber": 6,
        "author": {
          "gitId": "tyeryan"
        },
        "content": "    @Test"
      },
      {
        "lineNumber": 7,
        "author": {
          "gitId": "tyeryan"
        },
        "content": "    public void dummyTest() {"
      },
      {
        "lineNumber": 8,
        "author": {
          "gitId": "tyeryan"
        },
        "content": "        assertEquals(2, 2);"
      },
      {
        "lineNumber": 9,
        "author": {
          "gitId": "tyeryan"
        },
        "content": "    }"
      },
      {
        "lineNumber": 10,
        "author": {
          "gitId": "tyeryan"
        },
        "content": "}"
      }
    ],
    "authorContributionMap": {
      "tyeryan": 10
    }
  }
]
