{
  "authorDailyContributionsMap": {
    "SholihinK": [
      {
        "insertions": 203,
        "deletions": 103,
        "date": "2019-08-20",
        "commitResults": [
          {
            "hash": "e26d87257e0ba89fb4dd0c17870774935d230b0d",
            "messageTitle": "Level 1-1",
            "messageBody": "",
            "insertions": 41,
            "deletions": 6
          },
          {
            "hash": "d52983a23f9387caa458da8d15f216fdaf5692f9",
            "messageTitle": "Revert \"Level 1-1\"",
            "messageBody": "This reverts commit e26d87257e0ba89fb4dd0c17870774935d230b0d.\n",
            "insertions": 6,
            "deletions": 41
          },
          {
            "hash": "00fc1188b3acabf8f1f462fc9ef2060e073201aa",
            "messageTitle": "Level 1-1, recommit",
            "messageBody": "",
            "insertions": 40,
            "deletions": 6
          },
          {
            "hash": "020ed963487ad28dc56ae46ed41406bb0326595d",
            "messageTitle": "Level 1-2",
            "messageBody": "",
            "insertions": 27,
            "deletions": 8
          },
          {
            "hash": "115946fad1ce845b02565592cc17eb62ef488488",
            "messageTitle": "Level 1-3",
            "messageBody": "",
            "insertions": 73,
            "deletions": 26
          },
          {
            "hash": "8d9f572a0853df2e4bfe83abfb10e17f94e6efc7",
            "messageTitle": "Reedit",
            "messageBody": "",
            "insertions": 16,
            "deletions": 16
          }
        ]
      },
      {
        "insertions": 26,
        "deletions": 1,
        "date": "2019-08-22",
        "commitResults": [
          {
            "hash": "6e5fb0a17cc9e772ee1ceb119c5e371f73dde90e",
            "messageTitle": "Completed gradle.",
            "messageBody": "",
            "insertions": 26,
            "deletions": 1
          }
        ]
      },
      {
        "insertions": 95,
        "deletions": 101,
        "date": "2019-08-25",
        "commitResults": [
          {
            "hash": "416f34123b40a3e1ff20800a8955663efc2c6eee",
            "messageTitle": "Redo level 1-1 till 1-3",
            "messageBody": "",
            "insertions": 95,
            "deletions": 101
          }
        ]
      },
      {
        "insertions": 361,
        "deletions": 46,
        "date": "2019-08-26",
        "commitResults": [
          {
            "hash": "b5a53a85dcb53960eba189642d2a846658cdfe64",
            "messageTitle": "Level-4: ToDo, Event, Deadline commit",
            "messageBody": "",
            "insertions": 70,
            "deletions": 14
          },
          {
            "hash": "9ef62f29d378e7e5dd526f0a47e1ea5206168924",
            "messageTitle": "Level-5: Handle Errors Commit",
            "messageBody": "",
            "insertions": 94,
            "deletions": 16
          },
          {
            "hash": "daa0246bb4bac80ebbd6c758459c699e63a1772a",
            "messageTitle": "Level-7: Save",
            "messageBody": "",
            "insertions": 157,
            "deletions": 13
          },
          {
            "hash": "8a715cc87b31f6861b70311fe666ecf50920801a",
            "messageTitle": "Level-8: Dates and Times",
            "messageBody": "",
            "insertions": 40,
            "deletions": 3
          }
        ]
      },
      {
        "insertions": 40,
        "deletions": 1,
        "date": "2019-08-29",
        "commitResults": [
          {
            "hash": "e46046ca7100779d750a46302064443c81d6371b",
            "messageTitle": "Level-6: Delete",
            "messageBody": "",
            "insertions": 21,
            "deletions": 1
          },
          {
            "hash": "d868e266b62f94c78d79fd7bd92fbe318ed9b319",
            "messageTitle": "Level-9: Find",
            "messageBody": "",
            "insertions": 19,
            "deletions": 0
          }
        ]
      },
      {
        "insertions": 5,
        "deletions": 6,
        "date": "2019-09-03",
        "commitResults": [
          {
            "hash": "751a95b9b37e77e08c735285d718de53d056818f",
            "messageTitle": "A-TextUiTesting: Text UI Testing",
            "messageBody": "",
            "insertions": 3,
            "deletions": 3
          },
          {
            "hash": "0c389f72934d2810520597fa9c69b9908b8e5509",
            "messageTitle": "Level-6: Delete (Bug Fix)",
            "messageBody": "",
            "insertions": 2,
            "deletions": 3
          }
        ]
      },
      {
        "insertions": 48,
        "deletions": 0,
        "date": "2019-09-06",
        "commitResults": [
          {
            "hash": "2af9e0c2487cc7ad7f0e38f15bf2aa8640f73178",
            "messageTitle": "A-JUnit",
            "messageBody": "",
            "insertions": 48,
            "deletions": 0
          }
        ]
      }
    ]
  },
  "authorFinalContributionMap": {
    "SholihinK": 527
  },
  "authorFileTypeContributionMap": {
    "SholihinK": {
      "java": 501,
      "gradle": 26,
      "css": 0,
      "fxml": 0
    }
  },
  "authorContributionVariance": {
    "SholihinK": 12443.559
  },
  "authorDisplayNameMap": {
    "SholihinK": "W17-1 MUH..DIN"
  }
}
