{
  "authorDailyContributionsMap": {
    "aarushisingh1": [
      {
        "insertions": 44,
        "deletions": 10,
        "date": "2019-08-26",
        "commitResults": [
          {
            "hash": "bab4a5774ee55983dddd55ca7a59b33e14c1fa11",
            "messageTitle": "Level 1 commit",
            "messageBody": "",
            "insertions": 28,
            "deletions": 7
          },
          {
            "hash": "e35ca720fed4e5881d7cf79e6e55c894b3ec812b",
            "messageTitle": "Level 1 commit",
            "messageBody": "",
            "insertions": 1,
            "deletions": 1
          },
          {
            "hash": "7282d1c1df71e512ed4127720fb4c18219a56574",
            "messageTitle": "Level 2 commit",
            "messageBody": "",
            "insertions": 15,
            "deletions": 2
          }
        ]
      },
      {
        "insertions": 180,
        "deletions": 49,
        "date": "2019-08-27",
        "commitResults": [
          {
            "hash": "c7c03cc2ebd07db19f4445c70f0708b449c0879d",
            "messageTitle": "Level 3 commit",
            "messageBody": "",
            "insertions": 41,
            "deletions": 11
          },
          {
            "hash": "51b8f6acbdec99edecd9ae78dd2a79c7d8009433",
            "messageTitle": "Level 3 commit",
            "messageBody": "",
            "insertions": 1,
            "deletions": 1
          },
          {
            "hash": "4e7374a37706bc4addd52d07b8134217c36d70ab",
            "messageTitle": "Level 4 commit",
            "messageBody": "",
            "insertions": 80,
            "deletions": 11
          },
          {
            "hash": "9acdf4940312b84b97a5f8008d012ac3a008ee89",
            "messageTitle": "Level 5 commit",
            "messageBody": "",
            "insertions": 58,
            "deletions": 26
          }
        ]
      },
      {
        "insertions": 76,
        "deletions": 6,
        "date": "2019-08-28",
        "commitResults": [
          {
            "hash": "6bb9295a41ef107a1bd639026249e4110183fa5b",
            "messageTitle": "Level 7 commit",
            "messageBody": "",
            "insertions": 76,
            "deletions": 6
          }
        ]
      },
      {
        "insertions": 205,
        "deletions": 144,
        "date": "2019-09-02",
        "commitResults": [
          {
            "hash": "ec798118fcbeaa315e8c0193004d6ef6a50076be",
            "messageTitle": "Level 7\u00268 working commit",
            "messageBody": "",
            "insertions": 176,
            "deletions": 139
          },
          {
            "hash": "30812b4258f29a31869a1253d79c5a8144178d16",
            "messageTitle": "Level 6 working commit",
            "messageBody": "",
            "insertions": 16,
            "deletions": 3
          },
          {
            "hash": "abec0e5a8724d46ba401d942b4046965cbd3fa7a",
            "messageTitle": "Level 6 working commit",
            "messageBody": "",
            "insertions": 1,
            "deletions": 1
          },
          {
            "hash": "4e300b052b59b849dc7598b420f11e2c21d390be",
            "messageTitle": "Level 9 working commit",
            "messageBody": "",
            "insertions": 12,
            "deletions": 1
          }
        ]
      },
      {
        "insertions": 331,
        "deletions": 309,
        "date": "2019-09-03",
        "commitResults": [
          {
            "hash": "e94f8bb02b32de5be73dc621cf2fef5a2cb041b6",
            "messageTitle": "testing for oop",
            "messageBody": "",
            "insertions": 298,
            "deletions": 2
          },
          {
            "hash": "0571d0c589a3810a5ae422560b921d4bd9be15cf",
            "messageTitle": "testing for oop working",
            "messageBody": "",
            "insertions": 33,
            "deletions": 307
          }
        ]
      },
      {
        "insertions": 1,
        "deletions": 1,
        "date": "2019-09-04",
        "commitResults": [
          {
            "hash": "4ab814036352627820c749d781a33a7f07edb801",
            "messageTitle": "oop added to master branch",
            "messageBody": "",
            "insertions": 1,
            "deletions": 1
          }
        ]
      }
    ]
  },
  "authorFinalContributionMap": {
    "aarushisingh1": 324
  },
  "authorFileTypeContributionMap": {
    "aarushisingh1": {
      "java": 318,
      "gradle": 6,
      "css": 0,
      "fxml": 0
    }
  },
  "authorContributionVariance": {
    "aarushisingh1": 27296.334
  },
  "authorDisplayNameMap": {
    "aarushisingh1": "W12-1 AAR..NGH"
  }
}
