{
  "authorDailyContributionsMap": {
    "Zhubo225": [
      {
        "insertions": 2,
        "deletions": 1,
        "date": "2019-08-28",
        "commitResults": [
          {
            "hash": "6b6e7406fda94b648faa1a5fa557fd75c84cfe8d",
            "message": "1",
            "insertions": 2,
            "deletions": 1
          }
        ]
      }
    ]
  },
  "authorFinalContributionMap": {
    "Zhubo225": 2
  },
  "authorFileFormatContributionMap": {
    "Zhubo225": {
      "java": 2,
      "gradle": 0,
      "css": 0,
      "fxml": 0
    }
  },
  "authorContributionVariance": {
    "Zhubo225": 0.6390533
  },
  "authorDisplayNameMap": {
    "Zhubo225": "ZHU ...  BO"
  }
}
