{
  "authorDailyContributionsMap": {
    "Raghav-B": [
      {
        "insertions": 707,
        "deletions": 208,
        "date": "2019-08-29",
        "commitResults": [
          {
            "hash": "6147929d9b88ba0c87dab207157cf24241c33eac",
            "messageTitle": "Finished level 1",
            "messageBody": "",
            "insertions": 48,
            "deletions": 6
          },
          {
            "hash": "f5e3d8fd7da18e4bee5c0f944482ced603c4e1e4",
            "messageTitle": "Added task handler class",
            "messageBody": "",
            "insertions": 65,
            "deletions": 12
          },
          {
            "hash": "a93e06aacf32b916ac5fe07ee36d6abe0909bd03",
            "messageTitle": "Added task completion system",
            "messageBody": "",
            "insertions": 110,
            "deletions": 30
          },
          {
            "hash": "d5d25ca509154b947648cd82c8056a92b0c2cf8d",
            "messageTitle": "Added multiple task types",
            "messageBody": "",
            "insertions": 185,
            "deletions": 53
          },
          {
            "hash": "f7901f3da05f1e97d81d45560278f7e0d4a9c2dd",
            "messageTitle": "Added error and exception handling",
            "messageBody": "",
            "insertions": 133,
            "deletions": 76
          },
          {
            "hash": "c30069311a5a7c24e533baaab71c20375b7b8bd5",
            "messageTitle": "Added task list file saving functionality",
            "messageBody": "",
            "insertions": 41,
            "deletions": 4
          },
          {
            "hash": "7fa1b136ee7c3532440c759958cbebb0a55a10ea",
            "messageTitle": "Added task list file loading",
            "messageBody": "",
            "insertions": 67,
            "deletions": 18
          },
          {
            "hash": "0c0f1517988aa1404d6049b8f51895ddde94f0ef",
            "messageTitle": "Added datetime",
            "messageBody": "",
            "insertions": 58,
            "deletions": 9
          }
        ]
      },
      {
        "insertions": 38,
        "deletions": 102,
        "date": "2019-09-03",
        "commitResults": [
          {
            "hash": "db420ae04cc27b51229fe9ff0dbda9230d6312f2",
            "messageTitle": "Refactor input handling",
            "messageBody": "",
            "insertions": 38,
            "deletions": 102
          }
        ]
      },
      {
        "insertions": 1,
        "deletions": 0,
        "date": "2019-09-04",
        "commitResults": [
          {
            "hash": "f12b3e5062e038136cc7bed4397cc4601cfce820",
            "messageTitle": "Fix input refactor bugs",
            "messageBody": "",
            "insertions": 1,
            "deletions": 0
          }
        ]
      },
      {
        "insertions": 591,
        "deletions": 523,
        "date": "2019-09-05",
        "commitResults": [
          {
            "hash": "e845f3cb8e80ffbc5dc1cfc7533779ec3b38b3db",
            "messageTitle": "Fix exception handling for Level-8",
            "messageBody": "",
            "insertions": 89,
            "deletions": 40
          },
          {
            "hash": "fef9f1b7566b9323ee684bfab54cd4fc081cc44d",
            "messageTitle": "Change Vector to Java ArrayList",
            "messageBody": "",
            "insertions": 3,
            "deletions": 6
          },
          {
            "hash": "a360f8a2f4191f66732d9b0a65ef928845a91db8",
            "messageTitle": "Added task delete functionality",
            "messageBody": "",
            "insertions": 48,
            "deletions": 5
          },
          {
            "hash": "62ec8cca171634b0ea26759a19830bcdc937c511",
            "messageTitle": "Add text UI testing",
            "messageBody": "",
            "insertions": 26,
            "deletions": 21
          },
          {
            "hash": "5fe25e3c4f46b8e84ceb735286538ef8ef9f3153",
            "messageTitle": "Add Storage and TaskList classes",
            "messageBody": "",
            "insertions": 110,
            "deletions": 167
          },
          {
            "hash": "d83e822684cf9eed0a0e1fb03ad4d3b37fb65c5e",
            "messageTitle": "Refector UI class",
            "messageBody": "",
            "insertions": 26,
            "deletions": 111
          },
          {
            "hash": "47678cad6f2c5a169092e9a1d8a6a9fe9815c140",
            "messageTitle": "Work on Parser class",
            "messageBody": "",
            "insertions": 2,
            "deletions": 16
          },
          {
            "hash": "72f93f7f282786a2e2ecd960d975bd1ec7b8eda7",
            "messageTitle": "Push unstaged files from last commit",
            "messageBody": "",
            "insertions": 166,
            "deletions": 0
          },
          {
            "hash": "f0a1323c19ab438d227cb6af7b6c2df55bb2e1e6",
            "messageTitle": "Finish A-MoreOOP",
            "messageBody": "",
            "insertions": 121,
            "deletions": 157
          }
        ]
      },
      {
        "insertions": 5,
        "deletions": 8,
        "date": "2019-09-06",
        "commitResults": [
          {
            "hash": "800d916c7310bbd1637ce26bfd7597c0ccb86c55",
            "messageTitle": "Fix add incomplete task input bug",
            "messageBody": "",
            "insertions": 5,
            "deletions": 8
          }
        ]
      }
    ]
  },
  "authorFinalContributionMap": {
    "Raghav-B": 540
  },
  "authorFileTypeContributionMap": {
    "Raghav-B": {
      "java": 540,
      "gradle": 0,
      "css": 0,
      "fxml": 0
    }
  },
  "authorContributionVariance": {
    "Raghav-B": 92985.83
  },
  "authorDisplayNameMap": {
    "Raghav-B": "F09-3 RAG..WAJ"
  }
}
