{
  "authorDailyContributionsMap": {
    "Raghav-B": [
      {
        "insertions": 707,
        "deletions": 208,
        "date": "2019-08-29",
        "commitResults": [
          {
            "hash": "6147929d9b88ba0c87dab207157cf24241c33eac",
            "message": "Finished level 1",
            "insertions": 48,
            "deletions": 6
          },
          {
            "hash": "f5e3d8fd7da18e4bee5c0f944482ced603c4e1e4",
            "message": "Added task handler class",
            "insertions": 65,
            "deletions": 12
          },
          {
            "hash": "a93e06aacf32b916ac5fe07ee36d6abe0909bd03",
            "message": "Added task completion system",
            "insertions": 110,
            "deletions": 30
          },
          {
            "hash": "d5d25ca509154b947648cd82c8056a92b0c2cf8d",
            "message": "Added multiple task types",
            "insertions": 185,
            "deletions": 53
          },
          {
            "hash": "f7901f3da05f1e97d81d45560278f7e0d4a9c2dd",
            "message": "Added error and exception handling",
            "insertions": 133,
            "deletions": 76
          },
          {
            "hash": "c30069311a5a7c24e533baaab71c20375b7b8bd5",
            "message": "Added task list file saving functionality",
            "insertions": 41,
            "deletions": 4
          },
          {
            "hash": "7fa1b136ee7c3532440c759958cbebb0a55a10ea",
            "message": "Added task list file loading",
            "insertions": 67,
            "deletions": 18
          },
          {
            "hash": "0c0f1517988aa1404d6049b8f51895ddde94f0ef",
            "message": "Added datetime",
            "insertions": 58,
            "deletions": 9
          }
        ]
      },
      {
        "insertions": 38,
        "deletions": 102,
        "date": "2019-09-03",
        "commitResults": [
          {
            "hash": "db420ae04cc27b51229fe9ff0dbda9230d6312f2",
            "message": "Refactor input handling",
            "insertions": 38,
            "deletions": 102
          }
        ]
      }
    ]
  },
  "authorFinalContributionMap": {
    "Raghav-B": 441
  },
  "authorFileFormatContributionMap": {
    "Raghav-B": {
      "java": 441,
      "gradle": 0,
      "css": 0,
      "fxml": 0
    }
  },
  "authorContributionVariance": {
    "Raghav-B": 46550.17
  },
  "authorDisplayNameMap": {
    "Raghav-B": "F09-3 RAG..WAJ"
  }
}
