{
  "authorDailyContributionsMap": {
    "claysmilesoil": [
      {
        "insertions": 84,
        "deletions": 16,
        "date": "2019-08-19",
        "commitResults": [
          {
            "hash": "2801660b0abeec4b283531310ebd963ff52f7792",
            "messageTitle": "Level-1",
            "messageBody": "",
            "insertions": 10,
            "deletions": 0
          },
          {
            "hash": "a19ddd578408e1105565dd55093bb6551b970b18",
            "messageTitle": "Level-2",
            "messageBody": "",
            "insertions": 20,
            "deletions": 3
          },
          {
            "hash": "155c2bb1fadbba5a6eabb5e3bd7352c3b840811b",
            "messageTitle": "Level-3",
            "messageBody": "",
            "insertions": 54,
            "deletions": 13
          }
        ]
      },
      {
        "insertions": 72,
        "deletions": 16,
        "date": "2019-08-22",
        "commitResults": [
          {
            "hash": "031ac1191ec572171d51b0e66dfb317615baf45d",
            "messageTitle": "Level-4",
            "messageBody": "",
            "insertions": 72,
            "deletions": 16
          }
        ]
      },
      {
        "insertions": 196,
        "deletions": 65,
        "date": "2019-08-27",
        "commitResults": [
          {
            "hash": "f39215536b505b0531a5314e2479ec949cf6c147",
            "messageTitle": "added error handling",
            "messageBody": "",
            "insertions": 95,
            "deletions": 42
          },
          {
            "hash": "22374008d01ba98a93b6b37f6721c68e12585664",
            "messageTitle": "added feature to save task list to hard drive; DOES NOT save completion status",
            "messageBody": "",
            "insertions": 76,
            "deletions": 16
          },
          {
            "hash": "2bd26ff0fff64395b4ad38be3435270e508ab07e",
            "messageTitle": "added feature to recogise date and time, exceptions not fully handled",
            "messageBody": "",
            "insertions": 25,
            "deletions": 7
          }
        ]
      },
      {
        "insertions": 67,
        "deletions": 63,
        "date": "2019-08-29",
        "commitResults": [
          {
            "hash": "b186fbd06cce9cab929adea60f7c3cabacaa6c99",
            "messageTitle": "Change list implementation to ArrayList",
            "messageBody": "",
            "insertions": 50,
            "deletions": 46
          },
          {
            "hash": "51f42368075a43e961295ba364c8e8eb42b09443",
            "messageTitle": "Change file saving method",
            "messageBody": "",
            "insertions": 17,
            "deletions": 17
          }
        ]
      },
      {
        "insertions": 70,
        "deletions": 26,
        "date": "2019-08-30",
        "commitResults": [
          {
            "hash": "7a11809a1290d9f9a666fcc55f224da4dc8e2025",
            "messageTitle": "Add function to delete tasks",
            "messageBody": "",
            "insertions": 52,
            "deletions": 26
          },
          {
            "hash": "186ef94bc7166ab337e1b3302a6728a6e717e26b",
            "messageTitle": "Add function to find tasks with keyword",
            "messageBody": "",
            "insertions": 18,
            "deletions": 0
          }
        ]
      },
      {
        "insertions": 161,
        "deletions": 64,
        "date": "2019-09-03",
        "commitResults": [
          {
            "hash": "41c71c1de390a0ba0b9285831b000cc314ca8fe4",
            "messageTitle": "Refactor code to be more OOP",
            "messageBody": "",
            "insertions": 161,
            "deletions": 64
          }
        ]
      },
      {
        "insertions": 83,
        "deletions": 60,
        "date": "2019-09-08",
        "commitResults": [
          {
            "hash": "a631094fc68ddcb13608de3bf705cfcd131335fa",
            "messageTitle": "Cleanup code",
            "messageBody": "",
            "insertions": 83,
            "deletions": 60
          }
        ]
      },
      {
        "insertions": 8,
        "deletions": 0,
        "date": "2019-09-09",
        "commitResults": [
          {
            "hash": "ac8b26fbe96418ecf207922c9bcdf0f7d21e7a4a",
            "messageTitle": "Add JUnit support, with dummy test",
            "messageBody": "",
            "insertions": 8,
            "deletions": 0
          }
        ]
      }
    ]
  },
  "authorFinalContributionMap": {
    "claysmilesoil": 437
  },
  "authorFileTypeContributionMap": {
    "claysmilesoil": {
      "java": 437,
      "gradle": 0,
      "css": 0,
      "fxml": 0
    }
  },
  "authorContributionVariance": {
    "claysmilesoil": 5873.604
  },
  "authorDisplayNameMap": {
    "claysmilesoil": "W13-2 CLA..HWA"
  }
}
