[
  {
    "path": "src/main/java/Deadline.java",
    "fileType": "java",
    "lines": [
      {
        "lineNumber": 1,
        "author": {
          "gitId": "LJX0006"
        },
        "content": "public class Deadline extends Task {"
      },
      {
        "lineNumber": 2,
        "author": {
          "gitId": "LJX0006"
        },
        "content": "    protected String by;"
      },
      {
        "lineNumber": 3,
        "author": {
          "gitId": "LJX0006"
        },
        "content": "    public Deadline(String description, String by) {"
      },
      {
        "lineNumber": 4,
        "author": {
          "gitId": "LJX0006"
        },
        "content": "        super(description);"
      },
      {
        "lineNumber": 5,
        "author": {
          "gitId": "LJX0006"
        },
        "content": "        this.by \u003d by;"
      },
      {
        "lineNumber": 6,
        "author": {
          "gitId": "LJX0006"
        },
        "content": "        super.symbol \u003d \"D\";"
      },
      {
        "lineNumber": 7,
        "author": {
          "gitId": "LJX0006"
        },
        "content": "    }"
      },
      {
        "lineNumber": 8,
        "author": {
          "gitId": "LJX0006"
        },
        "content": "    @Override"
      },
      {
        "lineNumber": 9,
        "author": {
          "gitId": "LJX0006"
        },
        "content": "    public String toString() {"
      },
      {
        "lineNumber": 10,
        "author": {
          "gitId": "LJX0006"
        },
        "content": "        return \"[D]\" + super.toString() + \"(by: \" + by + \")\";"
      },
      {
        "lineNumber": 11,
        "author": {
          "gitId": "LJX0006"
        },
        "content": "    }"
      },
      {
        "lineNumber": 12,
        "author": {
          "gitId": "LJX0006"
        },
        "content": "}"
      }
    ],
    "authorContributionMap": {
      "LJX0006": 12
    }
  },
  {
    "path": "src/main/java/Duke.java",
    "fileType": "java",
    "lines": [
      {
        "lineNumber": 1,
        "author": {
          "gitId": "LJX0006"
        },
        "content": "import java.io.*;"
      },
      {
        "lineNumber": 2,
        "author": {
          "gitId": "LJX0006"
        },
        "content": "import java.util.*;"
      },
      {
        "lineNumber": 3,
        "author": {
          "gitId": "LJX0006"
        },
        "content": "import java.text.ParseException;"
      },
      {
        "lineNumber": 4,
        "author": {
          "gitId": "LJX0006"
        },
        "content": "import java.text.SimpleDateFormat;"
      },
      {
        "lineNumber": 5,
        "author": {
          "gitId": "LJX0006"
        },
        "content": "import java.util.Date;"
      },
      {
        "lineNumber": 6,
        "author": {
          "gitId": "LJX0006"
        },
        "content": "import java.util.ArrayList;"
      },
      {
        "lineNumber": 7,
        "author": {
          "gitId": "LJX0006"
        },
        "content": "import java.util.Scanner;"
      },
      {
        "lineNumber": 8,
        "author": {
          "gitId": "LJX0006"
        },
        "content": ""
      },
      {
        "lineNumber": 9,
        "author": {
          "gitId": "-"
        },
        "content": "public class Duke {"
      },
      {
        "lineNumber": 10,
        "author": {
          "gitId": "-"
        },
        "content": "    public static void main(String[] args) {"
      },
      {
        "lineNumber": 11,
        "author": {
          "gitId": "-"
        },
        "content": "        String logo \u003d \" ____        _        \\n\""
      },
      {
        "lineNumber": 12,
        "author": {
          "gitId": "-"
        },
        "content": "                + \"|  _ \\\\ _   _| | _____ \\n\""
      },
      {
        "lineNumber": 13,
        "author": {
          "gitId": "-"
        },
        "content": "                + \"| | | | | | | |/ / _ \\\\\\n\""
      },
      {
        "lineNumber": 14,
        "author": {
          "gitId": "-"
        },
        "content": "                + \"| |_| | |_| |   \u003c  __/\\n\""
      },
      {
        "lineNumber": 15,
        "author": {
          "gitId": "-"
        },
        "content": "                + \"|____/ \\\\__,_|_|\\\\_\\\\___|\\n\";"
      },
      {
        "lineNumber": 16,
        "author": {
          "gitId": "-"
        },
        "content": "        System.out.println(\"Hello from\\n\" + logo);"
      },
      {
        "lineNumber": 17,
        "author": {
          "gitId": "LJX0006"
        },
        "content": "        System.out.println(\"    ____________________________________________________________\\n\""
      },
      {
        "lineNumber": 18,
        "author": {
          "gitId": "LJX0006"
        },
        "content": "                + \"     Hello! I\u0027m Duke\\n\""
      },
      {
        "lineNumber": 19,
        "author": {
          "gitId": "LJX0006"
        },
        "content": "                + \"     What can I do for you?\\n\""
      },
      {
        "lineNumber": 20,
        "author": {
          "gitId": "LJX0006"
        },
        "content": "                + \"    ____________________________________________________________\");"
      },
      {
        "lineNumber": 21,
        "author": {
          "gitId": "LJX0006"
        },
        "content": ""
      },
      {
        "lineNumber": 22,
        "author": {
          "gitId": "LJX0006"
        },
        "content": "        Scanner in \u003d new Scanner(System.in);"
      },
      {
        "lineNumber": 23,
        "author": {
          "gitId": "LJX0006"
        },
        "content": "        String s \u003d in.nextLine();"
      },
      {
        "lineNumber": 24,
        "author": {
          "gitId": "LJX0006"
        },
        "content": "        int n \u003d 0;"
      },
      {
        "lineNumber": 25,
        "author": {
          "gitId": "LJX0006"
        },
        "content": "        Save save \u003d new Save();"
      },
      {
        "lineNumber": 26,
        "author": {
          "gitId": "LJX0006"
        },
        "content": "        ArrayList\u003cTask\u003e item \u003d save.getDetail();"
      },
      {
        "lineNumber": 27,
        "author": {
          "gitId": "LJX0006"
        },
        "content": "        SimpleDateFormat simpleDateFormat \u003d new SimpleDateFormat(\"d/M/yyyy HHmm\");"
      },
      {
        "lineNumber": 28,
        "author": {
          "gitId": "LJX0006"
        },
        "content": "        while (!(s.equals(\"bye\"))) {"
      },
      {
        "lineNumber": 29,
        "author": {
          "gitId": "LJX0006"
        },
        "content": "            if (s.equals(\"list\")) {"
      },
      {
        "lineNumber": 30,
        "author": {
          "gitId": "LJX0006"
        },
        "content": "                System.out.println(\"    ____________________________________________________________\\n\");"
      },
      {
        "lineNumber": 31,
        "author": {
          "gitId": "LJX0006"
        },
        "content": "                System.out.println(\"    Here are the tasks in your list:\");"
      },
      {
        "lineNumber": 32,
        "author": {
          "gitId": "LJX0006"
        },
        "content": "                int i \u003d 1;"
      },
      {
        "lineNumber": 33,
        "author": {
          "gitId": "LJX0006"
        },
        "content": "                for (Task t : item) {"
      },
      {
        "lineNumber": 34,
        "author": {
          "gitId": "LJX0006"
        },
        "content": "                    System.out.println(\"    \" + i + \".\" + t.toString() + \"\\n\");"
      },
      {
        "lineNumber": 35,
        "author": {
          "gitId": "LJX0006"
        },
        "content": "                    i \u003d i + 1;"
      },
      {
        "lineNumber": 36,
        "author": {
          "gitId": "LJX0006"
        },
        "content": "                }"
      },
      {
        "lineNumber": 37,
        "author": {
          "gitId": "LJX0006"
        },
        "content": "                System.out.println(\"    ____________________________________________________________\");"
      },
      {
        "lineNumber": 38,
        "author": {
          "gitId": "LJX0006"
        },
        "content": "            } else if (s.contains(\"done\")) {"
      },
      {
        "lineNumber": 39,
        "author": {
          "gitId": "LJX0006"
        },
        "content": "                String temp \u003d s.replaceAll(\"[^0-9]\", \"\");"
      },
      {
        "lineNumber": 40,
        "author": {
          "gitId": "LJX0006"
        },
        "content": "                int num \u003d Integer.parseInt(temp);"
      },
      {
        "lineNumber": 41,
        "author": {
          "gitId": "LJX0006"
        },
        "content": "                item.get(num - 1).markAsDone();"
      },
      {
        "lineNumber": 42,
        "author": {
          "gitId": "LJX0006"
        },
        "content": "                save.writeFile(item);"
      },
      {
        "lineNumber": 43,
        "author": {
          "gitId": "LJX0006"
        },
        "content": "                System.out.println(\"    ____________________________________________________________\\n\");"
      },
      {
        "lineNumber": 44,
        "author": {
          "gitId": "LJX0006"
        },
        "content": "                System.out.println(\"    Nice! I\u0027ve marked this task as done:\\n\");"
      },
      {
        "lineNumber": 45,
        "author": {
          "gitId": "LJX0006"
        },
        "content": "                System.out.println(\"   [✓] \" + item.get(num - 1).description + \"\\n\");"
      },
      {
        "lineNumber": 46,
        "author": {
          "gitId": "LJX0006"
        },
        "content": "                System.out.println(\"    ____________________________________________________________\\n\");"
      },
      {
        "lineNumber": 47,
        "author": {
          "gitId": "LJX0006"
        },
        "content": "            } else if (s.contains(\"delete\")) {"
      },
      {
        "lineNumber": 48,
        "author": {
          "gitId": "LJX0006"
        },
        "content": "                String temp \u003d s.replaceAll(\"[^0-9]\", \"\");"
      },
      {
        "lineNumber": 49,
        "author": {
          "gitId": "LJX0006"
        },
        "content": "                int num \u003d Integer.parseInt(temp);"
      },
      {
        "lineNumber": 50,
        "author": {
          "gitId": "LJX0006"
        },
        "content": "                save.writeFile(item);"
      },
      {
        "lineNumber": 51,
        "author": {
          "gitId": "LJX0006"
        },
        "content": "                System.out.println(\"    ____________________________________________________________\\n\");"
      },
      {
        "lineNumber": 52,
        "author": {
          "gitId": "LJX0006"
        },
        "content": "                System.out.println(\"    Noted. I\u0027ve removed this task:\\n\");"
      },
      {
        "lineNumber": 53,
        "author": {
          "gitId": "LJX0006"
        },
        "content": "                System.out.println(\"    \" + item.get(num - 1).toString() + \"\\n\");"
      },
      {
        "lineNumber": 54,
        "author": {
          "gitId": "LJX0006"
        },
        "content": "                System.out.println(\"    Now you have \" + (item.size() - 1) + \" tasks in the list.\");"
      },
      {
        "lineNumber": 55,
        "author": {
          "gitId": "LJX0006"
        },
        "content": "                System.out.println(\"    ____________________________________________________________\\n\");"
      },
      {
        "lineNumber": 56,
        "author": {
          "gitId": "LJX0006"
        },
        "content": "                item.remove(num - 1);"
      },
      {
        "lineNumber": 57,
        "author": {
          "gitId": "LJX0006"
        },
        "content": "                save.writeFile(item);"
      },
      {
        "lineNumber": 58,
        "author": {
          "gitId": "LJX0006"
        },
        "content": "            } else if (s.contains(\"find\")) {"
      },
      {
        "lineNumber": 59,
        "author": {
          "gitId": "LJX0006"
        },
        "content": "                String keyword \u003d s.split(\" \")[1];"
      },
      {
        "lineNumber": 60,
        "author": {
          "gitId": "LJX0006"
        },
        "content": "                int i \u003d 1;"
      },
      {
        "lineNumber": 61,
        "author": {
          "gitId": "LJX0006"
        },
        "content": "                System.out.println(\"____________________________________________________________\\n\");"
      },
      {
        "lineNumber": 62,
        "author": {
          "gitId": "LJX0006"
        },
        "content": "                for (Task t : item) {"
      },
      {
        "lineNumber": 63,
        "author": {
          "gitId": "LJX0006"
        },
        "content": "                    if (t.description.contains(keyword))"
      },
      {
        "lineNumber": 64,
        "author": {
          "gitId": "LJX0006"
        },
        "content": "                        System.out.println(\" \" + i++ + \".\" + t.toString() + \"\\n\");"
      },
      {
        "lineNumber": 65,
        "author": {
          "gitId": "LJX0006"
        },
        "content": "                }"
      },
      {
        "lineNumber": 66,
        "author": {
          "gitId": "LJX0006"
        },
        "content": "                System.out.println(\"____________________________________________________________\\n\");"
      },
      {
        "lineNumber": 67,
        "author": {
          "gitId": "LJX0006"
        },
        "content": "            } else {"
      },
      {
        "lineNumber": 68,
        "author": {
          "gitId": "LJX0006"
        },
        "content": "                try {"
      },
      {
        "lineNumber": 69,
        "author": {
          "gitId": "LJX0006"
        },
        "content": "                    String[] type \u003d s.split(\" \");"
      },
      {
        "lineNumber": 70,
        "author": {
          "gitId": "LJX0006"
        },
        "content": "                    if (!(type[0].equals(\"todo\") || type[0].equals(\"deadline\") || type[0].equals(\"event\"))) {"
      },
      {
        "lineNumber": 71,
        "author": {
          "gitId": "LJX0006"
        },
        "content": "                        throw new DukeException(\"OOPS!!! I\u0027m sorry, but I don\u0027t know what that means :-(\");"
      },
      {
        "lineNumber": 72,
        "author": {
          "gitId": "LJX0006"
        },
        "content": "                    }"
      },
      {
        "lineNumber": 73,
        "author": {
          "gitId": "LJX0006"
        },
        "content": "                    switch (type[0]) {"
      },
      {
        "lineNumber": 74,
        "author": {
          "gitId": "LJX0006"
        },
        "content": "                        case \"todo\": {"
      },
      {
        "lineNumber": 75,
        "author": {
          "gitId": "LJX0006"
        },
        "content": "                            if (s.equals(\"todo\")) {"
      },
      {
        "lineNumber": 76,
        "author": {
          "gitId": "LJX0006"
        },
        "content": "                                throw new DukeException(\"OOPS!!! The description of a todo cannot be empty.\");"
      },
      {
        "lineNumber": 77,
        "author": {
          "gitId": "LJX0006"
        },
        "content": "                            }"
      },
      {
        "lineNumber": 78,
        "author": {
          "gitId": "LJX0006"
        },
        "content": "                            Task t \u003d new Todo(s.replaceFirst(\"todo \", \"\"));"
      },
      {
        "lineNumber": 79,
        "author": {
          "gitId": "LJX0006"
        },
        "content": "                            item.add(t);"
      },
      {
        "lineNumber": 80,
        "author": {
          "gitId": "LJX0006"
        },
        "content": "                            break;"
      },
      {
        "lineNumber": 81,
        "author": {
          "gitId": "LJX0006"
        },
        "content": "                        }"
      },
      {
        "lineNumber": 82,
        "author": {
          "gitId": "LJX0006"
        },
        "content": "                        case \"deadline\": {"
      },
      {
        "lineNumber": 83,
        "author": {
          "gitId": "LJX0006"
        },
        "content": "                            if (s.equals(\"deadline\")) {"
      },
      {
        "lineNumber": 84,
        "author": {
          "gitId": "LJX0006"
        },
        "content": "                                throw new DukeException(\"OOPS!!! The description of a deadline cannot be empty.\");"
      },
      {
        "lineNumber": 85,
        "author": {
          "gitId": "LJX0006"
        },
        "content": "                            }"
      },
      {
        "lineNumber": 86,
        "author": {
          "gitId": "LJX0006"
        },
        "content": "                            String[] getDate \u003d s.split(\"/by \");"
      },
      {
        "lineNumber": 87,
        "author": {
          "gitId": "LJX0006"
        },
        "content": "                            Date date \u003d simpleDateFormat.parse(getDate[getDate.length - 1]);"
      },
      {
        "lineNumber": 88,
        "author": {
          "gitId": "LJX0006"
        },
        "content": "                            String formatTime \u003d simpleDateFormat.format(date);"
      },
      {
        "lineNumber": 89,
        "author": {
          "gitId": "LJX0006"
        },
        "content": "                            Task t \u003d new Deadline(getDate[0].replaceFirst(\"deadline \", \"\"), formatTime);"
      },
      {
        "lineNumber": 90,
        "author": {
          "gitId": "LJX0006"
        },
        "content": "                            item.add(t);"
      },
      {
        "lineNumber": 91,
        "author": {
          "gitId": "LJX0006"
        },
        "content": "                            break;"
      },
      {
        "lineNumber": 92,
        "author": {
          "gitId": "LJX0006"
        },
        "content": "                        }"
      },
      {
        "lineNumber": 93,
        "author": {
          "gitId": "LJX0006"
        },
        "content": "                        case \"event\": {"
      },
      {
        "lineNumber": 94,
        "author": {
          "gitId": "LJX0006"
        },
        "content": "                            if (s.equals(\"event\")) {"
      },
      {
        "lineNumber": 95,
        "author": {
          "gitId": "LJX0006"
        },
        "content": "                                throw new DukeException(\"OOPS!!! The description of a event cannot be empty.\");"
      },
      {
        "lineNumber": 96,
        "author": {
          "gitId": "LJX0006"
        },
        "content": "                            }"
      },
      {
        "lineNumber": 97,
        "author": {
          "gitId": "LJX0006"
        },
        "content": "                            String[] getDate \u003d s.split(\"/at \");"
      },
      {
        "lineNumber": 98,
        "author": {
          "gitId": "LJX0006"
        },
        "content": "                            Date date \u003d simpleDateFormat.parse(getDate[getDate.length - 1]);"
      },
      {
        "lineNumber": 99,
        "author": {
          "gitId": "LJX0006"
        },
        "content": "                            String formatTime \u003d simpleDateFormat.format(date);"
      },
      {
        "lineNumber": 100,
        "author": {
          "gitId": "LJX0006"
        },
        "content": "                            Task t \u003d new Event(getDate[0].replaceFirst(\"event \", \"\"), formatTime);"
      },
      {
        "lineNumber": 101,
        "author": {
          "gitId": "LJX0006"
        },
        "content": "                            item.add(t);"
      },
      {
        "lineNumber": 102,
        "author": {
          "gitId": "LJX0006"
        },
        "content": "                            break;"
      },
      {
        "lineNumber": 103,
        "author": {
          "gitId": "LJX0006"
        },
        "content": "                        }"
      },
      {
        "lineNumber": 104,
        "author": {
          "gitId": "LJX0006"
        },
        "content": "                    }"
      },
      {
        "lineNumber": 105,
        "author": {
          "gitId": "LJX0006"
        },
        "content": "                    save.writeFile(item);"
      },
      {
        "lineNumber": 106,
        "author": {
          "gitId": "LJX0006"
        },
        "content": "                    System.out.println(\"    ____________________________________________________________\");"
      },
      {
        "lineNumber": 107,
        "author": {
          "gitId": "LJX0006"
        },
        "content": "                    System.out.println(\"     Got it. I\u0027ve added this task: \");"
      },
      {
        "lineNumber": 108,
        "author": {
          "gitId": "LJX0006"
        },
        "content": "                    System.out.println(\"     \" + item.get(item.size() - 1).toString());"
      },
      {
        "lineNumber": 109,
        "author": {
          "gitId": "LJX0006"
        },
        "content": "                    System.out.println(\"     Now you have \" + item.size() + \" tasks in the list.\");"
      },
      {
        "lineNumber": 110,
        "author": {
          "gitId": "LJX0006"
        },
        "content": "                    System.out.println(\"    ____________________________________________________________\");"
      },
      {
        "lineNumber": 111,
        "author": {
          "gitId": "LJX0006"
        },
        "content": "                } catch (DukeException | ParseException e) {"
      },
      {
        "lineNumber": 112,
        "author": {
          "gitId": "LJX0006"
        },
        "content": "                    e.printStackTrace();"
      },
      {
        "lineNumber": 113,
        "author": {
          "gitId": "LJX0006"
        },
        "content": "                }"
      },
      {
        "lineNumber": 114,
        "author": {
          "gitId": "LJX0006"
        },
        "content": "            }"
      },
      {
        "lineNumber": 115,
        "author": {
          "gitId": "LJX0006"
        },
        "content": "            s \u003d in.nextLine();"
      },
      {
        "lineNumber": 116,
        "author": {
          "gitId": "LJX0006"
        },
        "content": "        }"
      },
      {
        "lineNumber": 117,
        "author": {
          "gitId": "LJX0006"
        },
        "content": "        System.out.println(\"    ____________________________________________________________\\n\""
      },
      {
        "lineNumber": 118,
        "author": {
          "gitId": "LJX0006"
        },
        "content": "                + \"     Bye. Hope to see you again soon!\\n\""
      },
      {
        "lineNumber": 119,
        "author": {
          "gitId": "LJX0006"
        },
        "content": "                + \"    ____________________________________________________________\\n\");"
      },
      {
        "lineNumber": 120,
        "author": {
          "gitId": "-"
        },
        "content": "    }"
      },
      {
        "lineNumber": 121,
        "author": {
          "gitId": "-"
        },
        "content": "}"
      }
    ],
    "authorContributionMap": {
      "LJX0006": 111,
      "-": 10
    }
  },
  {
    "path": "src/main/java/DukeException.java",
    "fileType": "java",
    "lines": [
      {
        "lineNumber": 1,
        "author": {
          "gitId": "LJX0006"
        },
        "content": "public class DukeException extends Exception{"
      },
      {
        "lineNumber": 2,
        "author": {
          "gitId": "LJX0006"
        },
        "content": "    DukeException(){}"
      },
      {
        "lineNumber": 3,
        "author": {
          "gitId": "LJX0006"
        },
        "content": "    DukeException(String errorMsg) {"
      },
      {
        "lineNumber": 4,
        "author": {
          "gitId": "LJX0006"
        },
        "content": "        super(errorMsg);"
      },
      {
        "lineNumber": 5,
        "author": {
          "gitId": "LJX0006"
        },
        "content": "    }"
      },
      {
        "lineNumber": 6,
        "author": {
          "gitId": "LJX0006"
        },
        "content": "}"
      }
    ],
    "authorContributionMap": {
      "LJX0006": 6
    }
  },
  {
    "path": "src/main/java/Event.java",
    "fileType": "java",
    "lines": [
      {
        "lineNumber": 1,
        "author": {
          "gitId": "LJX0006"
        },
        "content": "public class Event extends Task {"
      },
      {
        "lineNumber": 2,
        "author": {
          "gitId": "LJX0006"
        },
        "content": "    protected String at;"
      },
      {
        "lineNumber": 3,
        "author": {
          "gitId": "LJX0006"
        },
        "content": "    public Event(String description, String at) {"
      },
      {
        "lineNumber": 4,
        "author": {
          "gitId": "LJX0006"
        },
        "content": "        super(description);"
      },
      {
        "lineNumber": 5,
        "author": {
          "gitId": "LJX0006"
        },
        "content": "        this.at \u003d at;"
      },
      {
        "lineNumber": 6,
        "author": {
          "gitId": "LJX0006"
        },
        "content": "        super.symbol \u003d \"E\";"
      },
      {
        "lineNumber": 7,
        "author": {
          "gitId": "LJX0006"
        },
        "content": "    }"
      },
      {
        "lineNumber": 8,
        "author": {
          "gitId": "LJX0006"
        },
        "content": "    @Override"
      },
      {
        "lineNumber": 9,
        "author": {
          "gitId": "LJX0006"
        },
        "content": "    public String toString() {"
      },
      {
        "lineNumber": 10,
        "author": {
          "gitId": "LJX0006"
        },
        "content": "        return \"[E]\" + super.toString() + \"(at: \" + at + \")\";"
      },
      {
        "lineNumber": 11,
        "author": {
          "gitId": "LJX0006"
        },
        "content": "    }"
      },
      {
        "lineNumber": 12,
        "author": {
          "gitId": "LJX0006"
        },
        "content": "}"
      }
    ],
    "authorContributionMap": {
      "LJX0006": 12
    }
  },
  {
    "path": "src/main/java/Save.java",
    "fileType": "java",
    "lines": [
      {
        "lineNumber": 1,
        "author": {
          "gitId": "LJX0006"
        },
        "content": "import java.io.*;"
      },
      {
        "lineNumber": 2,
        "author": {
          "gitId": "LJX0006"
        },
        "content": "import java.util.ArrayList;"
      },
      {
        "lineNumber": 3,
        "author": {
          "gitId": "LJX0006"
        },
        "content": ""
      },
      {
        "lineNumber": 4,
        "author": {
          "gitId": "LJX0006"
        },
        "content": "public class Save {"
      },
      {
        "lineNumber": 5,
        "author": {
          "gitId": "LJX0006"
        },
        "content": "    private static ArrayList\u003cTask\u003e item \u003d new ArrayList\u003c\u003e();"
      },
      {
        "lineNumber": 6,
        "author": {
          "gitId": "LJX0006"
        },
        "content": "    private static int n \u003d 0;"
      },
      {
        "lineNumber": 7,
        "author": {
          "gitId": "LJX0006"
        },
        "content": ""
      },
      {
        "lineNumber": 8,
        "author": {
          "gitId": "LJX0006"
        },
        "content": "    public Save() {"
      },
      {
        "lineNumber": 9,
        "author": {
          "gitId": "LJX0006"
        },
        "content": "        try {"
      },
      {
        "lineNumber": 10,
        "author": {
          "gitId": "LJX0006"
        },
        "content": "            FileReader fileReader \u003d new FileReader(\"data/duke.txt\");"
      },
      {
        "lineNumber": 11,
        "author": {
          "gitId": "LJX0006"
        },
        "content": "            BufferedReader bufferedReader \u003d new BufferedReader(fileReader);"
      },
      {
        "lineNumber": 12,
        "author": {
          "gitId": "LJX0006"
        },
        "content": "            String str;"
      },
      {
        "lineNumber": 13,
        "author": {
          "gitId": "LJX0006"
        },
        "content": "            while ((str \u003d bufferedReader.readLine()) !\u003d null) {"
      },
      {
        "lineNumber": 14,
        "author": {
          "gitId": "LJX0006"
        },
        "content": "                str \u003d str.replace(\u0027|\u0027, \u0027/\u0027);"
      },
      {
        "lineNumber": 15,
        "author": {
          "gitId": "LJX0006"
        },
        "content": "                String[] detail \u003d str.split(\" / \");"
      },
      {
        "lineNumber": 16,
        "author": {
          "gitId": "LJX0006"
        },
        "content": "                Task t \u003d new Task(\"waiting\");"
      },
      {
        "lineNumber": 17,
        "author": {
          "gitId": "LJX0006"
        },
        "content": "                if (detail[0].equals(\"T\")) {"
      },
      {
        "lineNumber": 18,
        "author": {
          "gitId": "LJX0006"
        },
        "content": "                    t \u003d new Todo(detail[2]);"
      },
      {
        "lineNumber": 19,
        "author": {
          "gitId": "LJX0006"
        },
        "content": "                }"
      },
      {
        "lineNumber": 20,
        "author": {
          "gitId": "LJX0006"
        },
        "content": "                else if (detail[0].equals(\"D\")) {"
      },
      {
        "lineNumber": 21,
        "author": {
          "gitId": "LJX0006"
        },
        "content": "                    t \u003d new Deadline(detail[2], detail[3]);"
      },
      {
        "lineNumber": 22,
        "author": {
          "gitId": "LJX0006"
        },
        "content": "                }"
      },
      {
        "lineNumber": 23,
        "author": {
          "gitId": "LJX0006"
        },
        "content": "                else {"
      },
      {
        "lineNumber": 24,
        "author": {
          "gitId": "LJX0006"
        },
        "content": "                    t \u003d new Event(detail[2], detail[3]);"
      },
      {
        "lineNumber": 25,
        "author": {
          "gitId": "LJX0006"
        },
        "content": "                }"
      },
      {
        "lineNumber": 26,
        "author": {
          "gitId": "LJX0006"
        },
        "content": "                if (detail[1].equals(\"1\")) {"
      },
      {
        "lineNumber": 27,
        "author": {
          "gitId": "LJX0006"
        },
        "content": "                    t.markAsDone();"
      },
      {
        "lineNumber": 28,
        "author": {
          "gitId": "LJX0006"
        },
        "content": "                }"
      },
      {
        "lineNumber": 29,
        "author": {
          "gitId": "LJX0006"
        },
        "content": "                item.add(t);"
      },
      {
        "lineNumber": 30,
        "author": {
          "gitId": "LJX0006"
        },
        "content": "                n++;"
      },
      {
        "lineNumber": 31,
        "author": {
          "gitId": "LJX0006"
        },
        "content": "            }"
      },
      {
        "lineNumber": 32,
        "author": {
          "gitId": "LJX0006"
        },
        "content": "            bufferedReader.close();"
      },
      {
        "lineNumber": 33,
        "author": {
          "gitId": "LJX0006"
        },
        "content": "        } catch (IOException e) {"
      },
      {
        "lineNumber": 34,
        "author": {
          "gitId": "LJX0006"
        },
        "content": "            e.printStackTrace();"
      },
      {
        "lineNumber": 35,
        "author": {
          "gitId": "LJX0006"
        },
        "content": "        }"
      },
      {
        "lineNumber": 36,
        "author": {
          "gitId": "LJX0006"
        },
        "content": "    }"
      },
      {
        "lineNumber": 37,
        "author": {
          "gitId": "LJX0006"
        },
        "content": ""
      },
      {
        "lineNumber": 38,
        "author": {
          "gitId": "LJX0006"
        },
        "content": "    public ArrayList\u003cTask\u003e getDetail() {"
      },
      {
        "lineNumber": 39,
        "author": {
          "gitId": "LJX0006"
        },
        "content": "        return item;"
      },
      {
        "lineNumber": 40,
        "author": {
          "gitId": "LJX0006"
        },
        "content": "    }"
      },
      {
        "lineNumber": 41,
        "author": {
          "gitId": "LJX0006"
        },
        "content": ""
      },
      {
        "lineNumber": 42,
        "author": {
          "gitId": "LJX0006"
        },
        "content": "    public int getNum() {"
      },
      {
        "lineNumber": 43,
        "author": {
          "gitId": "LJX0006"
        },
        "content": "        return n;"
      },
      {
        "lineNumber": 44,
        "author": {
          "gitId": "LJX0006"
        },
        "content": "    }"
      },
      {
        "lineNumber": 45,
        "author": {
          "gitId": "LJX0006"
        },
        "content": ""
      },
      {
        "lineNumber": 46,
        "author": {
          "gitId": "LJX0006"
        },
        "content": "    public void writeFile(ArrayList\u003cTask\u003e List) {"
      },
      {
        "lineNumber": 47,
        "author": {
          "gitId": "LJX0006"
        },
        "content": "        try {"
      },
      {
        "lineNumber": 48,
        "author": {
          "gitId": "LJX0006"
        },
        "content": "            FileWriter fileWriter \u003d new FileWriter(\"data/duke.txt\");"
      },
      {
        "lineNumber": 49,
        "author": {
          "gitId": "LJX0006"
        },
        "content": "            BufferedWriter bufferedWriter \u003d new BufferedWriter(fileWriter);"
      },
      {
        "lineNumber": 50,
        "author": {
          "gitId": "LJX0006"
        },
        "content": "            bufferedWriter.write(\"\");"
      },
      {
        "lineNumber": 51,
        "author": {
          "gitId": "LJX0006"
        },
        "content": "            for (Task t : List) {"
      },
      {
        "lineNumber": 52,
        "author": {
          "gitId": "LJX0006"
        },
        "content": "                if (t instanceof Todo) {"
      },
      {
        "lineNumber": 53,
        "author": {
          "gitId": "LJX0006"
        },
        "content": "                    if (t.isDone)"
      },
      {
        "lineNumber": 54,
        "author": {
          "gitId": "LJX0006"
        },
        "content": "                        bufferedWriter.write(t.symbol + \" | 1 | \" + t.description + \"\\n\");"
      },
      {
        "lineNumber": 55,
        "author": {
          "gitId": "LJX0006"
        },
        "content": "                    else"
      },
      {
        "lineNumber": 56,
        "author": {
          "gitId": "LJX0006"
        },
        "content": "                        bufferedWriter.write(t.symbol + \" | 0 | \" + t.description + \"\\n\");"
      },
      {
        "lineNumber": 57,
        "author": {
          "gitId": "LJX0006"
        },
        "content": "                }"
      },
      {
        "lineNumber": 58,
        "author": {
          "gitId": "LJX0006"
        },
        "content": "                else if (t instanceof Deadline) {"
      },
      {
        "lineNumber": 59,
        "author": {
          "gitId": "LJX0006"
        },
        "content": "                    if (t.isDone)"
      },
      {
        "lineNumber": 60,
        "author": {
          "gitId": "LJX0006"
        },
        "content": "                        bufferedWriter.write(t.symbol + \" | 1 | \" + t.description + \" | \""
      },
      {
        "lineNumber": 61,
        "author": {
          "gitId": "LJX0006"
        },
        "content": "                                + ((Deadline) t).by + \"\\n\");"
      },
      {
        "lineNumber": 62,
        "author": {
          "gitId": "LJX0006"
        },
        "content": "                    else"
      },
      {
        "lineNumber": 63,
        "author": {
          "gitId": "LJX0006"
        },
        "content": "                        bufferedWriter.write(t.symbol + \" | 0 | \" + t.description + \" | \""
      },
      {
        "lineNumber": 64,
        "author": {
          "gitId": "LJX0006"
        },
        "content": "                                + ((Deadline) t).by + \"\\n\");"
      },
      {
        "lineNumber": 65,
        "author": {
          "gitId": "LJX0006"
        },
        "content": ""
      },
      {
        "lineNumber": 66,
        "author": {
          "gitId": "LJX0006"
        },
        "content": "                }"
      },
      {
        "lineNumber": 67,
        "author": {
          "gitId": "LJX0006"
        },
        "content": "                else if (t instanceof Event) {"
      },
      {
        "lineNumber": 68,
        "author": {
          "gitId": "LJX0006"
        },
        "content": "                    if (t.isDone)"
      },
      {
        "lineNumber": 69,
        "author": {
          "gitId": "LJX0006"
        },
        "content": "                        bufferedWriter.write(t.symbol + \" | 1 | \" + t.description + \" | \""
      },
      {
        "lineNumber": 70,
        "author": {
          "gitId": "LJX0006"
        },
        "content": "                                + ((Event) t).at + \"\\n\");"
      },
      {
        "lineNumber": 71,
        "author": {
          "gitId": "LJX0006"
        },
        "content": "                    else"
      },
      {
        "lineNumber": 72,
        "author": {
          "gitId": "LJX0006"
        },
        "content": "                        bufferedWriter.write(t.symbol + \" | 0 | \" + t.description + \" | \""
      },
      {
        "lineNumber": 73,
        "author": {
          "gitId": "LJX0006"
        },
        "content": "                                + ((Event) t).at + \"\\n\");"
      },
      {
        "lineNumber": 74,
        "author": {
          "gitId": "LJX0006"
        },
        "content": "                }"
      },
      {
        "lineNumber": 75,
        "author": {
          "gitId": "LJX0006"
        },
        "content": "            }"
      },
      {
        "lineNumber": 76,
        "author": {
          "gitId": "LJX0006"
        },
        "content": "            bufferedWriter.close();"
      },
      {
        "lineNumber": 77,
        "author": {
          "gitId": "LJX0006"
        },
        "content": "        } catch (IOException e) {"
      },
      {
        "lineNumber": 78,
        "author": {
          "gitId": "LJX0006"
        },
        "content": "            e.printStackTrace();"
      },
      {
        "lineNumber": 79,
        "author": {
          "gitId": "LJX0006"
        },
        "content": "        }"
      },
      {
        "lineNumber": 80,
        "author": {
          "gitId": "LJX0006"
        },
        "content": "    }"
      },
      {
        "lineNumber": 81,
        "author": {
          "gitId": "LJX0006"
        },
        "content": "}"
      }
    ],
    "authorContributionMap": {
      "LJX0006": 81
    }
  },
  {
    "path": "src/main/java/Task.java",
    "fileType": "java",
    "lines": [
      {
        "lineNumber": 1,
        "author": {
          "gitId": "LJX0006"
        },
        "content": "public class Task{"
      },
      {
        "lineNumber": 2,
        "author": {
          "gitId": "LJX0006"
        },
        "content": "    protected String description;"
      },
      {
        "lineNumber": 3,
        "author": {
          "gitId": "LJX0006"
        },
        "content": "    protected boolean isDone;"
      },
      {
        "lineNumber": 4,
        "author": {
          "gitId": "LJX0006"
        },
        "content": "    protected String symbol;"
      },
      {
        "lineNumber": 5,
        "author": {
          "gitId": "LJX0006"
        },
        "content": ""
      },
      {
        "lineNumber": 6,
        "author": {
          "gitId": "LJX0006"
        },
        "content": "    public Task(String description) {"
      },
      {
        "lineNumber": 7,
        "author": {
          "gitId": "LJX0006"
        },
        "content": "        this.description \u003d description;"
      },
      {
        "lineNumber": 8,
        "author": {
          "gitId": "LJX0006"
        },
        "content": "        this.isDone \u003d false;"
      },
      {
        "lineNumber": 9,
        "author": {
          "gitId": "LJX0006"
        },
        "content": "    }"
      },
      {
        "lineNumber": 10,
        "author": {
          "gitId": "LJX0006"
        },
        "content": ""
      },
      {
        "lineNumber": 11,
        "author": {
          "gitId": "LJX0006"
        },
        "content": "    public String getStatusIcon() {"
      },
      {
        "lineNumber": 12,
        "author": {
          "gitId": "LJX0006"
        },
        "content": "        return (isDone? \"[✓]\" : \"[✗]\"); //return tick or X symbols"
      },
      {
        "lineNumber": 13,
        "author": {
          "gitId": "LJX0006"
        },
        "content": "    }"
      },
      {
        "lineNumber": 14,
        "author": {
          "gitId": "LJX0006"
        },
        "content": ""
      },
      {
        "lineNumber": 15,
        "author": {
          "gitId": "LJX0006"
        },
        "content": "    public void markAsDone() {"
      },
      {
        "lineNumber": 16,
        "author": {
          "gitId": "LJX0006"
        },
        "content": "        this.isDone \u003d true;"
      },
      {
        "lineNumber": 17,
        "author": {
          "gitId": "LJX0006"
        },
        "content": "    }"
      },
      {
        "lineNumber": 18,
        "author": {
          "gitId": "LJX0006"
        },
        "content": ""
      },
      {
        "lineNumber": 19,
        "author": {
          "gitId": "LJX0006"
        },
        "content": "    public String toString() {"
      },
      {
        "lineNumber": 20,
        "author": {
          "gitId": "LJX0006"
        },
        "content": "        return getStatusIcon() + \" \" + description;"
      },
      {
        "lineNumber": 21,
        "author": {
          "gitId": "LJX0006"
        },
        "content": "    }"
      },
      {
        "lineNumber": 22,
        "author": {
          "gitId": "LJX0006"
        },
        "content": "}"
      }
    ],
    "authorContributionMap": {
      "LJX0006": 22
    }
  },
  {
    "path": "src/main/java/Todo.java",
    "fileType": "java",
    "lines": [
      {
        "lineNumber": 1,
        "author": {
          "gitId": "LJX0006"
        },
        "content": "public class Todo extends Task {"
      },
      {
        "lineNumber": 2,
        "author": {
          "gitId": "LJX0006"
        },
        "content": "    public Todo(String description) {"
      },
      {
        "lineNumber": 3,
        "author": {
          "gitId": "LJX0006"
        },
        "content": "        super(description);"
      },
      {
        "lineNumber": 4,
        "author": {
          "gitId": "LJX0006"
        },
        "content": "        super.symbol \u003d \"T\";"
      },
      {
        "lineNumber": 5,
        "author": {
          "gitId": "LJX0006"
        },
        "content": "    }"
      },
      {
        "lineNumber": 6,
        "author": {
          "gitId": "LJX0006"
        },
        "content": "    @Override"
      },
      {
        "lineNumber": 7,
        "author": {
          "gitId": "LJX0006"
        },
        "content": "    public String toString() {"
      },
      {
        "lineNumber": 8,
        "author": {
          "gitId": "LJX0006"
        },
        "content": "        return \"[T]\" + super.toString();"
      },
      {
        "lineNumber": 9,
        "author": {
          "gitId": "LJX0006"
        },
        "content": "    }"
      },
      {
        "lineNumber": 10,
        "author": {
          "gitId": "LJX0006"
        },
        "content": "}"
      }
    ],
    "authorContributionMap": {
      "LJX0006": 10
    }
  }
]
