[
  {
    "path": "build.gradle",
    "fileType": "gradle",
    "lines": [
      {
        "lineNumber": 1,
        "author": {
          "gitId": "-"
        },
        "content": "plugins {"
      },
      {
        "lineNumber": 2,
        "author": {
          "gitId": "-"
        },
        "content": "    id \u0027java\u0027"
      },
      {
        "lineNumber": 3,
        "author": {
          "gitId": "-"
        },
        "content": "    id \u0027application\u0027"
      },
      {
        "lineNumber": 4,
        "author": {
          "gitId": "LJX0006"
        },
        "content": "    id \u0027checkstyle\u0027 "
      },
      {
        "lineNumber": 5,
        "author": {
          "gitId": "LJX0006"
        },
        "content": "}"
      },
      {
        "lineNumber": 6,
        "author": {
          "gitId": "LJX0006"
        },
        "content": ""
      },
      {
        "lineNumber": 7,
        "author": {
          "gitId": "LJX0006"
        },
        "content": "checkstyle {"
      },
      {
        "lineNumber": 8,
        "author": {
          "gitId": "LJX0006"
        },
        "content": "    toolVersion \u003d \u00278.23\u0027"
      },
      {
        "lineNumber": 9,
        "author": {
          "gitId": "-"
        },
        "content": "}"
      },
      {
        "lineNumber": 10,
        "author": {
          "gitId": "-"
        },
        "content": ""
      },
      {
        "lineNumber": 11,
        "author": {
          "gitId": "-"
        },
        "content": "group \u0027seedu.duke\u0027"
      },
      {
        "lineNumber": 12,
        "author": {
          "gitId": "-"
        },
        "content": "version \u00270.1.0\u0027"
      },
      {
        "lineNumber": 13,
        "author": {
          "gitId": "-"
        },
        "content": ""
      },
      {
        "lineNumber": 14,
        "author": {
          "gitId": "LJX0006"
        },
        "content": "apply plugin: \u0027java\u0027"
      },
      {
        "lineNumber": 15,
        "author": {
          "gitId": "LJX0006"
        },
        "content": ""
      },
      {
        "lineNumber": 16,
        "author": {
          "gitId": "LJX0006"
        },
        "content": "javadoc {"
      },
      {
        "lineNumber": 17,
        "author": {
          "gitId": "LJX0006"
        },
        "content": "    source \u003d sourceSets.main.allJava"
      },
      {
        "lineNumber": 18,
        "author": {
          "gitId": "LJX0006"
        },
        "content": "    classpath \u003d configurations.compile"
      },
      {
        "lineNumber": 19,
        "author": {
          "gitId": "LJX0006"
        },
        "content": "}"
      },
      {
        "lineNumber": 20,
        "author": {
          "gitId": "LJX0006"
        },
        "content": ""
      },
      {
        "lineNumber": 21,
        "author": {
          "gitId": "-"
        },
        "content": "repositories {"
      },
      {
        "lineNumber": 22,
        "author": {
          "gitId": "-"
        },
        "content": "    mavenCentral()"
      },
      {
        "lineNumber": 23,
        "author": {
          "gitId": "-"
        },
        "content": "}"
      },
      {
        "lineNumber": 24,
        "author": {
          "gitId": "-"
        },
        "content": ""
      },
      {
        "lineNumber": 25,
        "author": {
          "gitId": "LJX0006"
        },
        "content": "dependencies {"
      },
      {
        "lineNumber": 26,
        "author": {
          "gitId": "LJX0006"
        },
        "content": "    testImplementation \u0027org.junit.jupiter:junit-jupiter:5.5.0\u0027"
      },
      {
        "lineNumber": 27,
        "author": {
          "gitId": "LJX0006"
        },
        "content": "}"
      },
      {
        "lineNumber": 28,
        "author": {
          "gitId": "LJX0006"
        },
        "content": ""
      },
      {
        "lineNumber": 29,
        "author": {
          "gitId": "LJX0006"
        },
        "content": "test {"
      },
      {
        "lineNumber": 30,
        "author": {
          "gitId": "LJX0006"
        },
        "content": "    useJUnitPlatform()"
      },
      {
        "lineNumber": 31,
        "author": {
          "gitId": "LJX0006"
        },
        "content": "}"
      },
      {
        "lineNumber": 32,
        "author": {
          "gitId": "LJX0006"
        },
        "content": ""
      },
      {
        "lineNumber": 33,
        "author": {
          "gitId": "-"
        },
        "content": "application {"
      },
      {
        "lineNumber": 34,
        "author": {
          "gitId": "-"
        },
        "content": "    // Change this to your main class."
      },
      {
        "lineNumber": 35,
        "author": {
          "gitId": "LJX0006"
        },
        "content": "    mainClassName \u003d \"Duke\""
      },
      {
        "lineNumber": 36,
        "author": {
          "gitId": "-"
        },
        "content": "}"
      },
      {
        "lineNumber": 37,
        "author": {
          "gitId": "-"
        },
        "content": ""
      },
      {
        "lineNumber": 38,
        "author": {
          "gitId": "LJX0006"
        },
        "content": "sourceSets {"
      },
      {
        "lineNumber": 39,
        "author": {
          "gitId": "LJX0006"
        },
        "content": "    build {"
      },
      {
        "lineNumber": 40,
        "author": {
          "gitId": "LJX0006"
        },
        "content": "        java.srcDir file(\u0027src/main/java\u0027)"
      },
      {
        "lineNumber": 41,
        "author": {
          "gitId": "LJX0006"
        },
        "content": "    }"
      },
      {
        "lineNumber": 42,
        "author": {
          "gitId": "LJX0006"
        },
        "content": "}"
      },
      {
        "lineNumber": 43,
        "author": {
          "gitId": "LJX0006"
        },
        "content": ""
      },
      {
        "lineNumber": 44,
        "author": {
          "gitId": "-"
        },
        "content": "run {"
      },
      {
        "lineNumber": 45,
        "author": {
          "gitId": "-"
        },
        "content": "    standardInput \u003d System.in"
      },
      {
        "lineNumber": 46,
        "author": {
          "gitId": "-"
        },
        "content": "}"
      }
    ],
    "authorContributionMap": {
      "LJX0006": 27,
      "-": 19
    }
  },
  {
    "path": "src/main/java/CmdAdd.java",
    "fileType": "java",
    "lines": [
      {
        "lineNumber": 1,
        "author": {
          "gitId": "LJX0006"
        },
        "content": "import java.text.ParseException;"
      },
      {
        "lineNumber": 2,
        "author": {
          "gitId": "LJX0006"
        },
        "content": "import java.text.SimpleDateFormat;"
      },
      {
        "lineNumber": 3,
        "author": {
          "gitId": "LJX0006"
        },
        "content": "import java.util.Date;"
      },
      {
        "lineNumber": 4,
        "author": {
          "gitId": "LJX0006"
        },
        "content": ""
      },
      {
        "lineNumber": 5,
        "author": {
          "gitId": "LJX0006"
        },
        "content": "/**"
      },
      {
        "lineNumber": 6,
        "author": {
          "gitId": "LJX0006"
        },
        "content": " * This command will add a new task to the list"
      },
      {
        "lineNumber": 7,
        "author": {
          "gitId": "LJX0006"
        },
        "content": " */"
      },
      {
        "lineNumber": 8,
        "author": {
          "gitId": "LJX0006"
        },
        "content": ""
      },
      {
        "lineNumber": 9,
        "author": {
          "gitId": "LJX0006"
        },
        "content": "public class CmdAdd extends Command {"
      },
      {
        "lineNumber": 10,
        "author": {
          "gitId": "LJX0006"
        },
        "content": ""
      },
      {
        "lineNumber": 11,
        "author": {
          "gitId": "LJX0006"
        },
        "content": "    private String cmdType;"
      },
      {
        "lineNumber": 12,
        "author": {
          "gitId": "LJX0006"
        },
        "content": "    private String s;"
      },
      {
        "lineNumber": 13,
        "author": {
          "gitId": "LJX0006"
        },
        "content": "    private SimpleDateFormat simpleDateFormat;"
      },
      {
        "lineNumber": 14,
        "author": {
          "gitId": "LJX0006"
        },
        "content": ""
      },
      {
        "lineNumber": 15,
        "author": {
          "gitId": "LJX0006"
        },
        "content": "    /**"
      },
      {
        "lineNumber": 16,
        "author": {
          "gitId": "LJX0006"
        },
        "content": "     * The constructor to initialize a add command object"
      },
      {
        "lineNumber": 17,
        "author": {
          "gitId": "LJX0006"
        },
        "content": "     * @param str the type of the command"
      },
      {
        "lineNumber": 18,
        "author": {
          "gitId": "LJX0006"
        },
        "content": "     * @param cmd original command from the input"
      },
      {
        "lineNumber": 19,
        "author": {
          "gitId": "LJX0006"
        },
        "content": "     */"
      },
      {
        "lineNumber": 20,
        "author": {
          "gitId": "LJX0006"
        },
        "content": "    public CmdAdd(String str, String cmd) {"
      },
      {
        "lineNumber": 21,
        "author": {
          "gitId": "LJX0006"
        },
        "content": "        cmdType \u003d str;"
      },
      {
        "lineNumber": 22,
        "author": {
          "gitId": "LJX0006"
        },
        "content": "        s \u003d cmd;"
      },
      {
        "lineNumber": 23,
        "author": {
          "gitId": "LJX0006"
        },
        "content": "        simpleDateFormat \u003d new SimpleDateFormat(\"d/M/yyyy HHmm\");"
      },
      {
        "lineNumber": 24,
        "author": {
          "gitId": "LJX0006"
        },
        "content": "    }"
      },
      {
        "lineNumber": 25,
        "author": {
          "gitId": "LJX0006"
        },
        "content": ""
      },
      {
        "lineNumber": 26,
        "author": {
          "gitId": "LJX0006"
        },
        "content": "    /**"
      },
      {
        "lineNumber": 27,
        "author": {
          "gitId": "LJX0006"
        },
        "content": "     * The methods to execute the command based on its type"
      },
      {
        "lineNumber": 28,
        "author": {
          "gitId": "LJX0006"
        },
        "content": "     * @param list the tasklist object"
      },
      {
        "lineNumber": 29,
        "author": {
          "gitId": "LJX0006"
        },
        "content": "     * @param ui to print on user interface"
      },
      {
        "lineNumber": 30,
        "author": {
          "gitId": "LJX0006"
        },
        "content": "     * @param storage to edit local saved file"
      },
      {
        "lineNumber": 31,
        "author": {
          "gitId": "LJX0006"
        },
        "content": "     * @throws ParseException when the parsing in wrong"
      },
      {
        "lineNumber": 32,
        "author": {
          "gitId": "LJX0006"
        },
        "content": "     * @throws DukeException when the command line cannot be identified"
      },
      {
        "lineNumber": 33,
        "author": {
          "gitId": "LJX0006"
        },
        "content": "     */"
      },
      {
        "lineNumber": 34,
        "author": {
          "gitId": "LJX0006"
        },
        "content": "    @Override"
      },
      {
        "lineNumber": 35,
        "author": {
          "gitId": "LJX0006"
        },
        "content": "    public void execute(TaskList list, Ui ui, Storage storage) throws ParseException, DukeException {"
      },
      {
        "lineNumber": 36,
        "author": {
          "gitId": "LJX0006"
        },
        "content": "        switch (cmdType) {"
      },
      {
        "lineNumber": 37,
        "author": {
          "gitId": "LJX0006"
        },
        "content": "            case \"todo\": {"
      },
      {
        "lineNumber": 38,
        "author": {
          "gitId": "LJX0006"
        },
        "content": "                if (s.equals(\"todo\")) {"
      },
      {
        "lineNumber": 39,
        "author": {
          "gitId": "LJX0006"
        },
        "content": "                    throw new DukeException(\"    OOPS!!! The description of a todo cannot be empty.\");"
      },
      {
        "lineNumber": 40,
        "author": {
          "gitId": "LJX0006"
        },
        "content": "                }"
      },
      {
        "lineNumber": 41,
        "author": {
          "gitId": "LJX0006"
        },
        "content": "                Todo t \u003d new Todo(s.replaceFirst(\"todo \", \"\"));"
      },
      {
        "lineNumber": 42,
        "author": {
          "gitId": "LJX0006"
        },
        "content": "                list.addTodo(t);"
      },
      {
        "lineNumber": 43,
        "author": {
          "gitId": "LJX0006"
        },
        "content": "                break;"
      },
      {
        "lineNumber": 44,
        "author": {
          "gitId": "LJX0006"
        },
        "content": "            }"
      },
      {
        "lineNumber": 45,
        "author": {
          "gitId": "LJX0006"
        },
        "content": "            case \"deadline\": {"
      },
      {
        "lineNumber": 46,
        "author": {
          "gitId": "LJX0006"
        },
        "content": "                if (s.equals(\"deadline\")) {"
      },
      {
        "lineNumber": 47,
        "author": {
          "gitId": "LJX0006"
        },
        "content": "                    throw new DukeException(\"    OOPS!!! The description of a deadline cannot be empty.\");"
      },
      {
        "lineNumber": 48,
        "author": {
          "gitId": "LJX0006"
        },
        "content": "                }"
      },
      {
        "lineNumber": 49,
        "author": {
          "gitId": "LJX0006"
        },
        "content": "                String[] getDate \u003d s.split(\"/by \");"
      },
      {
        "lineNumber": 50,
        "author": {
          "gitId": "LJX0006"
        },
        "content": "                Date date \u003d simpleDateFormat.parse(getDate[getDate.length - 1]);"
      },
      {
        "lineNumber": 51,
        "author": {
          "gitId": "LJX0006"
        },
        "content": "                String formatTime \u003d simpleDateFormat.format(date);"
      },
      {
        "lineNumber": 52,
        "author": {
          "gitId": "LJX0006"
        },
        "content": "                Deadline t \u003d new Deadline(getDate[0].replaceFirst(\"deadline \", \"\"), formatTime);"
      },
      {
        "lineNumber": 53,
        "author": {
          "gitId": "LJX0006"
        },
        "content": "                list.addDeadline(t);"
      },
      {
        "lineNumber": 54,
        "author": {
          "gitId": "LJX0006"
        },
        "content": "                break;"
      },
      {
        "lineNumber": 55,
        "author": {
          "gitId": "LJX0006"
        },
        "content": "            }"
      },
      {
        "lineNumber": 56,
        "author": {
          "gitId": "LJX0006"
        },
        "content": "            case \"event\": {"
      },
      {
        "lineNumber": 57,
        "author": {
          "gitId": "LJX0006"
        },
        "content": "                if (s.equals(\"event\")) {"
      },
      {
        "lineNumber": 58,
        "author": {
          "gitId": "LJX0006"
        },
        "content": "                    throw new DukeException(\"    OOPS!!! The description of a event cannot be empty.\");"
      },
      {
        "lineNumber": 59,
        "author": {
          "gitId": "LJX0006"
        },
        "content": "                }"
      },
      {
        "lineNumber": 60,
        "author": {
          "gitId": "LJX0006"
        },
        "content": "                String[] getDate \u003d s.split(\"/at \");"
      },
      {
        "lineNumber": 61,
        "author": {
          "gitId": "LJX0006"
        },
        "content": "                Date date \u003d simpleDateFormat.parse(getDate[getDate.length - 1]);"
      },
      {
        "lineNumber": 62,
        "author": {
          "gitId": "LJX0006"
        },
        "content": "                String formatTime \u003d simpleDateFormat.format(date);"
      },
      {
        "lineNumber": 63,
        "author": {
          "gitId": "LJX0006"
        },
        "content": "                Event t \u003d new Event(getDate[0].replaceFirst(\"event \", \"\"), formatTime);"
      },
      {
        "lineNumber": 64,
        "author": {
          "gitId": "LJX0006"
        },
        "content": "                list.addEvent(t);"
      },
      {
        "lineNumber": 65,
        "author": {
          "gitId": "LJX0006"
        },
        "content": "                break;"
      },
      {
        "lineNumber": 66,
        "author": {
          "gitId": "LJX0006"
        },
        "content": "            }"
      },
      {
        "lineNumber": 67,
        "author": {
          "gitId": "LJX0006"
        },
        "content": "        }"
      },
      {
        "lineNumber": 68,
        "author": {
          "gitId": "LJX0006"
        },
        "content": "        storage.writeFile(list.getList());"
      },
      {
        "lineNumber": 69,
        "author": {
          "gitId": "LJX0006"
        },
        "content": "        System.out.println(\"    Got it. I\u0027ve added this task: \\n\");"
      },
      {
        "lineNumber": 70,
        "author": {
          "gitId": "LJX0006"
        },
        "content": "        System.out.println(\"    \" + list.getTask(list.getSize() - 1).toString() + \"\\n\");"
      },
      {
        "lineNumber": 71,
        "author": {
          "gitId": "LJX0006"
        },
        "content": "        System.out.println(\"    Now you have \" + list.getSize() + \" tasks in the list.\");"
      },
      {
        "lineNumber": 72,
        "author": {
          "gitId": "LJX0006"
        },
        "content": "    }"
      },
      {
        "lineNumber": 73,
        "author": {
          "gitId": "LJX0006"
        },
        "content": ""
      },
      {
        "lineNumber": 74,
        "author": {
          "gitId": "LJX0006"
        },
        "content": "    /**"
      },
      {
        "lineNumber": 75,
        "author": {
          "gitId": "LJX0006"
        },
        "content": "     * method to label whether this command means stopping running"
      },
      {
        "lineNumber": 76,
        "author": {
          "gitId": "LJX0006"
        },
        "content": "     * @return whether this command means stopping running"
      },
      {
        "lineNumber": 77,
        "author": {
          "gitId": "LJX0006"
        },
        "content": "     */"
      },
      {
        "lineNumber": 78,
        "author": {
          "gitId": "LJX0006"
        },
        "content": "    @Override"
      },
      {
        "lineNumber": 79,
        "author": {
          "gitId": "LJX0006"
        },
        "content": "    public boolean isExit() {"
      },
      {
        "lineNumber": 80,
        "author": {
          "gitId": "LJX0006"
        },
        "content": "        return false;"
      },
      {
        "lineNumber": 81,
        "author": {
          "gitId": "LJX0006"
        },
        "content": "    }"
      },
      {
        "lineNumber": 82,
        "author": {
          "gitId": "LJX0006"
        },
        "content": "}"
      }
    ],
    "authorContributionMap": {
      "LJX0006": 82
    }
  },
  {
    "path": "src/main/java/CmdDelete.java",
    "fileType": "java",
    "lines": [
      {
        "lineNumber": 1,
        "author": {
          "gitId": "LJX0006"
        },
        "content": "import java.text.ParseException;"
      },
      {
        "lineNumber": 2,
        "author": {
          "gitId": "LJX0006"
        },
        "content": ""
      },
      {
        "lineNumber": 3,
        "author": {
          "gitId": "LJX0006"
        },
        "content": "/**"
      },
      {
        "lineNumber": 4,
        "author": {
          "gitId": "LJX0006"
        },
        "content": " * The command to delete a task from the list"
      },
      {
        "lineNumber": 5,
        "author": {
          "gitId": "LJX0006"
        },
        "content": " */"
      },
      {
        "lineNumber": 6,
        "author": {
          "gitId": "LJX0006"
        },
        "content": "public class CmdDelete extends Command {"
      },
      {
        "lineNumber": 7,
        "author": {
          "gitId": "LJX0006"
        },
        "content": "    private int num;"
      },
      {
        "lineNumber": 8,
        "author": {
          "gitId": "LJX0006"
        },
        "content": ""
      },
      {
        "lineNumber": 9,
        "author": {
          "gitId": "LJX0006"
        },
        "content": "    /**"
      },
      {
        "lineNumber": 10,
        "author": {
          "gitId": "LJX0006"
        },
        "content": "     * the constructor"
      },
      {
        "lineNumber": 11,
        "author": {
          "gitId": "LJX0006"
        },
        "content": "     * @param n the index number of the task to be deleted"
      },
      {
        "lineNumber": 12,
        "author": {
          "gitId": "LJX0006"
        },
        "content": "     */"
      },
      {
        "lineNumber": 13,
        "author": {
          "gitId": "LJX0006"
        },
        "content": "    protected CmdDelete(int n) {"
      },
      {
        "lineNumber": 14,
        "author": {
          "gitId": "LJX0006"
        },
        "content": "        num \u003d n;"
      },
      {
        "lineNumber": 15,
        "author": {
          "gitId": "LJX0006"
        },
        "content": "    }"
      },
      {
        "lineNumber": 16,
        "author": {
          "gitId": "LJX0006"
        },
        "content": ""
      },
      {
        "lineNumber": 17,
        "author": {
          "gitId": "LJX0006"
        },
        "content": "    @Override"
      },
      {
        "lineNumber": 18,
        "author": {
          "gitId": "LJX0006"
        },
        "content": "    public void execute(TaskList list, Ui ui, Storage storage) throws DukeException, ParseException {"
      },
      {
        "lineNumber": 19,
        "author": {
          "gitId": "LJX0006"
        },
        "content": "        System.out.println(\"    ____________________________________________________________\\n\");"
      },
      {
        "lineNumber": 20,
        "author": {
          "gitId": "LJX0006"
        },
        "content": "        System.out.println(\"    Noted. I\u0027ve removed this task:\\n\");"
      },
      {
        "lineNumber": 21,
        "author": {
          "gitId": "LJX0006"
        },
        "content": "        System.out.println(\"    \" + list.getTask(num - 1).toString() + \"\\n\");"
      },
      {
        "lineNumber": 22,
        "author": {
          "gitId": "LJX0006"
        },
        "content": "        System.out.println(\"    Now you have \" + (list.getSize() - 1) + \" tasks in the list.\");"
      },
      {
        "lineNumber": 23,
        "author": {
          "gitId": "LJX0006"
        },
        "content": "        System.out.println(\"    ____________________________________________________________\\n\");"
      },
      {
        "lineNumber": 24,
        "author": {
          "gitId": "LJX0006"
        },
        "content": "        list.deleteTask(num-1);"
      },
      {
        "lineNumber": 25,
        "author": {
          "gitId": "LJX0006"
        },
        "content": "        storage.writeFile(list.getList());"
      },
      {
        "lineNumber": 26,
        "author": {
          "gitId": "LJX0006"
        },
        "content": "    }"
      },
      {
        "lineNumber": 27,
        "author": {
          "gitId": "LJX0006"
        },
        "content": ""
      },
      {
        "lineNumber": 28,
        "author": {
          "gitId": "LJX0006"
        },
        "content": "    @Override"
      },
      {
        "lineNumber": 29,
        "author": {
          "gitId": "LJX0006"
        },
        "content": "    public boolean isExit() {"
      },
      {
        "lineNumber": 30,
        "author": {
          "gitId": "LJX0006"
        },
        "content": "        return false;"
      },
      {
        "lineNumber": 31,
        "author": {
          "gitId": "LJX0006"
        },
        "content": "    }"
      },
      {
        "lineNumber": 32,
        "author": {
          "gitId": "LJX0006"
        },
        "content": "}"
      }
    ],
    "authorContributionMap": {
      "LJX0006": 32
    }
  },
  {
    "path": "src/main/java/CmdDone.java",
    "fileType": "java",
    "lines": [
      {
        "lineNumber": 1,
        "author": {
          "gitId": "LJX0006"
        },
        "content": "import java.text.ParseException;"
      },
      {
        "lineNumber": 2,
        "author": {
          "gitId": "LJX0006"
        },
        "content": ""
      },
      {
        "lineNumber": 3,
        "author": {
          "gitId": "LJX0006"
        },
        "content": "/**"
      },
      {
        "lineNumber": 4,
        "author": {
          "gitId": "LJX0006"
        },
        "content": " * The command to mark a task as done"
      },
      {
        "lineNumber": 5,
        "author": {
          "gitId": "LJX0006"
        },
        "content": " */"
      },
      {
        "lineNumber": 6,
        "author": {
          "gitId": "LJX0006"
        },
        "content": "public class CmdDone extends Command {"
      },
      {
        "lineNumber": 7,
        "author": {
          "gitId": "LJX0006"
        },
        "content": "    private int num;"
      },
      {
        "lineNumber": 8,
        "author": {
          "gitId": "LJX0006"
        },
        "content": ""
      },
      {
        "lineNumber": 9,
        "author": {
          "gitId": "LJX0006"
        },
        "content": "    /**"
      },
      {
        "lineNumber": 10,
        "author": {
          "gitId": "LJX0006"
        },
        "content": "     * the constructor to initialize the done command"
      },
      {
        "lineNumber": 11,
        "author": {
          "gitId": "LJX0006"
        },
        "content": "     * @param n the index number of the task to be marked as done"
      },
      {
        "lineNumber": 12,
        "author": {
          "gitId": "LJX0006"
        },
        "content": "     */"
      },
      {
        "lineNumber": 13,
        "author": {
          "gitId": "LJX0006"
        },
        "content": "    public CmdDone(int n) {"
      },
      {
        "lineNumber": 14,
        "author": {
          "gitId": "LJX0006"
        },
        "content": "        num \u003d n;"
      },
      {
        "lineNumber": 15,
        "author": {
          "gitId": "LJX0006"
        },
        "content": "    }"
      },
      {
        "lineNumber": 16,
        "author": {
          "gitId": "LJX0006"
        },
        "content": ""
      },
      {
        "lineNumber": 17,
        "author": {
          "gitId": "LJX0006"
        },
        "content": "    @Override"
      },
      {
        "lineNumber": 18,
        "author": {
          "gitId": "LJX0006"
        },
        "content": "    public void execute(TaskList tasks, Ui ui, Storage storage) throws DukeException, ParseException {"
      },
      {
        "lineNumber": 19,
        "author": {
          "gitId": "LJX0006"
        },
        "content": "        tasks.doneTask(num);"
      },
      {
        "lineNumber": 20,
        "author": {
          "gitId": "LJX0006"
        },
        "content": "        storage.writeFile(tasks.getList());"
      },
      {
        "lineNumber": 21,
        "author": {
          "gitId": "LJX0006"
        },
        "content": "        System.out.println(\"    Nice! I\u0027ve marked this task as done:\\n\");"
      },
      {
        "lineNumber": 22,
        "author": {
          "gitId": "LJX0006"
        },
        "content": "        System.out.println(\"    [✓] \" + tasks.getTask(num).description + \"\\n\");"
      },
      {
        "lineNumber": 23,
        "author": {
          "gitId": "LJX0006"
        },
        "content": "    }"
      },
      {
        "lineNumber": 24,
        "author": {
          "gitId": "LJX0006"
        },
        "content": ""
      },
      {
        "lineNumber": 25,
        "author": {
          "gitId": "LJX0006"
        },
        "content": "    @Override"
      },
      {
        "lineNumber": 26,
        "author": {
          "gitId": "LJX0006"
        },
        "content": "    public boolean isExit() {"
      },
      {
        "lineNumber": 27,
        "author": {
          "gitId": "LJX0006"
        },
        "content": "        return false;"
      },
      {
        "lineNumber": 28,
        "author": {
          "gitId": "LJX0006"
        },
        "content": "    }"
      },
      {
        "lineNumber": 29,
        "author": {
          "gitId": "LJX0006"
        },
        "content": "}"
      }
    ],
    "authorContributionMap": {
      "LJX0006": 29
    }
  },
  {
    "path": "src/main/java/CmdExit.java",
    "fileType": "java",
    "lines": [
      {
        "lineNumber": 1,
        "author": {
          "gitId": "LJX0006"
        },
        "content": "import java.text.ParseException;"
      },
      {
        "lineNumber": 2,
        "author": {
          "gitId": "LJX0006"
        },
        "content": ""
      },
      {
        "lineNumber": 3,
        "author": {
          "gitId": "LJX0006"
        },
        "content": "/**"
      },
      {
        "lineNumber": 4,
        "author": {
          "gitId": "LJX0006"
        },
        "content": " * the command to stop running"
      },
      {
        "lineNumber": 5,
        "author": {
          "gitId": "LJX0006"
        },
        "content": " */"
      },
      {
        "lineNumber": 6,
        "author": {
          "gitId": "LJX0006"
        },
        "content": "public class CmdExit extends Command {"
      },
      {
        "lineNumber": 7,
        "author": {
          "gitId": "LJX0006"
        },
        "content": ""
      },
      {
        "lineNumber": 8,
        "author": {
          "gitId": "LJX0006"
        },
        "content": "    public CmdExit() { }"
      },
      {
        "lineNumber": 9,
        "author": {
          "gitId": "LJX0006"
        },
        "content": ""
      },
      {
        "lineNumber": 10,
        "author": {
          "gitId": "LJX0006"
        },
        "content": "    @Override"
      },
      {
        "lineNumber": 11,
        "author": {
          "gitId": "LJX0006"
        },
        "content": "    public void execute(TaskList list, Ui ui, Storage storage)  throws DukeException, ParseException {"
      },
      {
        "lineNumber": 12,
        "author": {
          "gitId": "LJX0006"
        },
        "content": "        System.out.println(\"     Bye. Hope to see you again soon!\\n\");"
      },
      {
        "lineNumber": 13,
        "author": {
          "gitId": "LJX0006"
        },
        "content": "    }"
      },
      {
        "lineNumber": 14,
        "author": {
          "gitId": "LJX0006"
        },
        "content": ""
      },
      {
        "lineNumber": 15,
        "author": {
          "gitId": "LJX0006"
        },
        "content": "    @Override"
      },
      {
        "lineNumber": 16,
        "author": {
          "gitId": "LJX0006"
        },
        "content": "    public boolean isExit() {"
      },
      {
        "lineNumber": 17,
        "author": {
          "gitId": "LJX0006"
        },
        "content": "        return false;"
      },
      {
        "lineNumber": 18,
        "author": {
          "gitId": "LJX0006"
        },
        "content": "    }"
      },
      {
        "lineNumber": 19,
        "author": {
          "gitId": "LJX0006"
        },
        "content": "}"
      }
    ],
    "authorContributionMap": {
      "LJX0006": 19
    }
  },
  {
    "path": "src/main/java/CmdFind.java",
    "fileType": "java",
    "lines": [
      {
        "lineNumber": 1,
        "author": {
          "gitId": "LJX0006"
        },
        "content": "import java.text.ParseException;"
      },
      {
        "lineNumber": 2,
        "author": {
          "gitId": "LJX0006"
        },
        "content": ""
      },
      {
        "lineNumber": 3,
        "author": {
          "gitId": "LJX0006"
        },
        "content": "/**"
      },
      {
        "lineNumber": 4,
        "author": {
          "gitId": "LJX0006"
        },
        "content": " * the command to find the tasks containing keyword in the input"
      },
      {
        "lineNumber": 5,
        "author": {
          "gitId": "LJX0006"
        },
        "content": " */"
      },
      {
        "lineNumber": 6,
        "author": {
          "gitId": "LJX0006"
        },
        "content": "public class CmdFind extends Command {"
      },
      {
        "lineNumber": 7,
        "author": {
          "gitId": "LJX0006"
        },
        "content": "    private String keyword;"
      },
      {
        "lineNumber": 8,
        "author": {
          "gitId": "LJX0006"
        },
        "content": ""
      },
      {
        "lineNumber": 9,
        "author": {
          "gitId": "LJX0006"
        },
        "content": "    /**"
      },
      {
        "lineNumber": 10,
        "author": {
          "gitId": "LJX0006"
        },
        "content": "     * the constructor which initialize the search command object"
      },
      {
        "lineNumber": 11,
        "author": {
          "gitId": "LJX0006"
        },
        "content": "     * @param s the keyword"
      },
      {
        "lineNumber": 12,
        "author": {
          "gitId": "LJX0006"
        },
        "content": "     */"
      },
      {
        "lineNumber": 13,
        "author": {
          "gitId": "LJX0006"
        },
        "content": "    protected CmdFind(String s) {"
      },
      {
        "lineNumber": 14,
        "author": {
          "gitId": "LJX0006"
        },
        "content": "        keyword \u003d s;"
      },
      {
        "lineNumber": 15,
        "author": {
          "gitId": "LJX0006"
        },
        "content": "    }"
      },
      {
        "lineNumber": 16,
        "author": {
          "gitId": "LJX0006"
        },
        "content": ""
      },
      {
        "lineNumber": 17,
        "author": {
          "gitId": "LJX0006"
        },
        "content": "    @Override"
      },
      {
        "lineNumber": 18,
        "author": {
          "gitId": "LJX0006"
        },
        "content": "    public void execute(TaskList list, Ui ui, Storage storage) throws DukeException, ParseException {"
      },
      {
        "lineNumber": 19,
        "author": {
          "gitId": "LJX0006"
        },
        "content": "        for (int i \u003d 0; i \u003c list.getSize(); i++) {"
      },
      {
        "lineNumber": 20,
        "author": {
          "gitId": "LJX0006"
        },
        "content": "            if (list.getTask(i).getDescription().contains(keyword)) {"
      },
      {
        "lineNumber": 21,
        "author": {
          "gitId": "LJX0006"
        },
        "content": "                System.out.println(\"    \" + (i + 1) + \".\" + list.getTask(i).toString() + \"\\n\");"
      },
      {
        "lineNumber": 22,
        "author": {
          "gitId": "LJX0006"
        },
        "content": "            }"
      },
      {
        "lineNumber": 23,
        "author": {
          "gitId": "LJX0006"
        },
        "content": "        }"
      },
      {
        "lineNumber": 24,
        "author": {
          "gitId": "LJX0006"
        },
        "content": "    }"
      },
      {
        "lineNumber": 25,
        "author": {
          "gitId": "LJX0006"
        },
        "content": ""
      },
      {
        "lineNumber": 26,
        "author": {
          "gitId": "LJX0006"
        },
        "content": "    @Override"
      },
      {
        "lineNumber": 27,
        "author": {
          "gitId": "LJX0006"
        },
        "content": "    public boolean isExit() {"
      },
      {
        "lineNumber": 28,
        "author": {
          "gitId": "LJX0006"
        },
        "content": "        return false;"
      },
      {
        "lineNumber": 29,
        "author": {
          "gitId": "LJX0006"
        },
        "content": "    }"
      },
      {
        "lineNumber": 30,
        "author": {
          "gitId": "LJX0006"
        },
        "content": "}"
      }
    ],
    "authorContributionMap": {
      "LJX0006": 30
    }
  },
  {
    "path": "src/main/java/CmdList.java",
    "fileType": "java",
    "lines": [
      {
        "lineNumber": 1,
        "author": {
          "gitId": "LJX0006"
        },
        "content": "import java.text.ParseException;"
      },
      {
        "lineNumber": 2,
        "author": {
          "gitId": "LJX0006"
        },
        "content": ""
      },
      {
        "lineNumber": 3,
        "author": {
          "gitId": "LJX0006"
        },
        "content": "/**"
      },
      {
        "lineNumber": 4,
        "author": {
          "gitId": "LJX0006"
        },
        "content": " * the command to print all the tasks"
      },
      {
        "lineNumber": 5,
        "author": {
          "gitId": "LJX0006"
        },
        "content": " */"
      },
      {
        "lineNumber": 6,
        "author": {
          "gitId": "LJX0006"
        },
        "content": "public class CmdList extends Command{"
      },
      {
        "lineNumber": 7,
        "author": {
          "gitId": "LJX0006"
        },
        "content": ""
      },
      {
        "lineNumber": 8,
        "author": {
          "gitId": "LJX0006"
        },
        "content": "    public CmdList() { }"
      },
      {
        "lineNumber": 9,
        "author": {
          "gitId": "LJX0006"
        },
        "content": ""
      },
      {
        "lineNumber": 10,
        "author": {
          "gitId": "LJX0006"
        },
        "content": "    @Override"
      },
      {
        "lineNumber": 11,
        "author": {
          "gitId": "LJX0006"
        },
        "content": "    public void execute(TaskList list, Ui ui, Storage storage) throws DukeException, ParseException {"
      },
      {
        "lineNumber": 12,
        "author": {
          "gitId": "LJX0006"
        },
        "content": "        for (int i \u003d 0; i \u003c list.getSize(); i++) {"
      },
      {
        "lineNumber": 13,
        "author": {
          "gitId": "LJX0006"
        },
        "content": "            System.out.println(\"    \" + (i + 1) + \".\" + list.getTask(i).toString() + \"\\n\");"
      },
      {
        "lineNumber": 14,
        "author": {
          "gitId": "LJX0006"
        },
        "content": "        }"
      },
      {
        "lineNumber": 15,
        "author": {
          "gitId": "LJX0006"
        },
        "content": "    }"
      },
      {
        "lineNumber": 16,
        "author": {
          "gitId": "LJX0006"
        },
        "content": ""
      },
      {
        "lineNumber": 17,
        "author": {
          "gitId": "LJX0006"
        },
        "content": "    @Override"
      },
      {
        "lineNumber": 18,
        "author": {
          "gitId": "LJX0006"
        },
        "content": "    public boolean isExit() {"
      },
      {
        "lineNumber": 19,
        "author": {
          "gitId": "LJX0006"
        },
        "content": "        return false;"
      },
      {
        "lineNumber": 20,
        "author": {
          "gitId": "LJX0006"
        },
        "content": "    }"
      },
      {
        "lineNumber": 21,
        "author": {
          "gitId": "LJX0006"
        },
        "content": "}"
      }
    ],
    "authorContributionMap": {
      "LJX0006": 21
    }
  },
  {
    "path": "src/main/java/Command.java",
    "fileType": "java",
    "lines": [
      {
        "lineNumber": 1,
        "author": {
          "gitId": "LJX0006"
        },
        "content": "import java.text.ParseException;"
      },
      {
        "lineNumber": 2,
        "author": {
          "gitId": "LJX0006"
        },
        "content": ""
      },
      {
        "lineNumber": 3,
        "author": {
          "gitId": "LJX0006"
        },
        "content": "/**"
      },
      {
        "lineNumber": 4,
        "author": {
          "gitId": "LJX0006"
        },
        "content": " * the abstract class for all types of commands from inputs"
      },
      {
        "lineNumber": 5,
        "author": {
          "gitId": "LJX0006"
        },
        "content": " */"
      },
      {
        "lineNumber": 6,
        "author": {
          "gitId": "LJX0006"
        },
        "content": "public abstract class Command {"
      },
      {
        "lineNumber": 7,
        "author": {
          "gitId": "LJX0006"
        },
        "content": "    public Command() { }"
      },
      {
        "lineNumber": 8,
        "author": {
          "gitId": "LJX0006"
        },
        "content": ""
      },
      {
        "lineNumber": 9,
        "author": {
          "gitId": "LJX0006"
        },
        "content": "    public abstract void execute(TaskList list, Ui ui, Storage storage) throws DukeException, ParseException;"
      },
      {
        "lineNumber": 10,
        "author": {
          "gitId": "LJX0006"
        },
        "content": "    public abstract boolean isExit();"
      },
      {
        "lineNumber": 11,
        "author": {
          "gitId": "LJX0006"
        },
        "content": "}"
      }
    ],
    "authorContributionMap": {
      "LJX0006": 11
    }
  },
  {
    "path": "src/main/java/Deadline.java",
    "fileType": "java",
    "lines": [
      {
        "lineNumber": 1,
        "author": {
          "gitId": "LJX0006"
        },
        "content": "public class Deadline extends Task {"
      },
      {
        "lineNumber": 2,
        "author": {
          "gitId": "LJX0006"
        },
        "content": "    protected String by;"
      },
      {
        "lineNumber": 3,
        "author": {
          "gitId": "LJX0006"
        },
        "content": "    public Deadline(String description, String by) {"
      },
      {
        "lineNumber": 4,
        "author": {
          "gitId": "LJX0006"
        },
        "content": "        super(description);"
      },
      {
        "lineNumber": 5,
        "author": {
          "gitId": "LJX0006"
        },
        "content": "        this.by \u003d by;"
      },
      {
        "lineNumber": 6,
        "author": {
          "gitId": "LJX0006"
        },
        "content": "        super.symbol \u003d \"D\";"
      },
      {
        "lineNumber": 7,
        "author": {
          "gitId": "LJX0006"
        },
        "content": "    }"
      },
      {
        "lineNumber": 8,
        "author": {
          "gitId": "LJX0006"
        },
        "content": "    @Override"
      },
      {
        "lineNumber": 9,
        "author": {
          "gitId": "LJX0006"
        },
        "content": "    public String toString() {"
      },
      {
        "lineNumber": 10,
        "author": {
          "gitId": "LJX0006"
        },
        "content": "        return \"[D]\" + super.toString() + \"(by: \" + by + \")\";"
      },
      {
        "lineNumber": 11,
        "author": {
          "gitId": "LJX0006"
        },
        "content": "    }"
      },
      {
        "lineNumber": 12,
        "author": {
          "gitId": "LJX0006"
        },
        "content": "}"
      }
    ],
    "authorContributionMap": {
      "LJX0006": 12
    }
  },
  {
    "path": "src/main/java/Duke.java",
    "fileType": "java",
    "lines": [
      {
        "lineNumber": 1,
        "author": {
          "gitId": "LJX0006"
        },
        "content": "import java.io.*;"
      },
      {
        "lineNumber": 2,
        "author": {
          "gitId": "LJX0006"
        },
        "content": "import java.util.*;"
      },
      {
        "lineNumber": 3,
        "author": {
          "gitId": "LJX0006"
        },
        "content": "import java.text.ParseException;"
      },
      {
        "lineNumber": 4,
        "author": {
          "gitId": "LJX0006"
        },
        "content": "import java.util.ArrayList;"
      },
      {
        "lineNumber": 5,
        "author": {
          "gitId": "LJX0006"
        },
        "content": ""
      },
      {
        "lineNumber": 6,
        "author": {
          "gitId": "LJX0006"
        },
        "content": "/**"
      },
      {
        "lineNumber": 7,
        "author": {
          "gitId": "LJX0006"
        },
        "content": " * The control module"
      },
      {
        "lineNumber": 8,
        "author": {
          "gitId": "LJX0006"
        },
        "content": " */"
      },
      {
        "lineNumber": 9,
        "author": {
          "gitId": "-"
        },
        "content": "public class Duke {"
      },
      {
        "lineNumber": 10,
        "author": {
          "gitId": "LJX0006"
        },
        "content": "    private Ui ui;"
      },
      {
        "lineNumber": 11,
        "author": {
          "gitId": "LJX0006"
        },
        "content": "    private TaskList tasks;"
      },
      {
        "lineNumber": 12,
        "author": {
          "gitId": "LJX0006"
        },
        "content": "    private Storage storage;"
      },
      {
        "lineNumber": 13,
        "author": {
          "gitId": "LJX0006"
        },
        "content": ""
      },
      {
        "lineNumber": 14,
        "author": {
          "gitId": "LJX0006"
        },
        "content": "    public Duke(String filePath) {"
      },
      {
        "lineNumber": 15,
        "author": {
          "gitId": "LJX0006"
        },
        "content": "        ui \u003d new Ui();"
      },
      {
        "lineNumber": 16,
        "author": {
          "gitId": "LJX0006"
        },
        "content": "        storage \u003d new Storage(filePath);"
      },
      {
        "lineNumber": 17,
        "author": {
          "gitId": "LJX0006"
        },
        "content": "        try {"
      },
      {
        "lineNumber": 18,
        "author": {
          "gitId": "LJX0006"
        },
        "content": "            tasks \u003d new TaskList(storage.load());"
      },
      {
        "lineNumber": 19,
        "author": {
          "gitId": "LJX0006"
        },
        "content": "        } catch (Exception e) {"
      },
      {
        "lineNumber": 20,
        "author": {
          "gitId": "LJX0006"
        },
        "content": "            ui.showLoadingError();"
      },
      {
        "lineNumber": 21,
        "author": {
          "gitId": "LJX0006"
        },
        "content": "            tasks \u003d new TaskList();"
      },
      {
        "lineNumber": 22,
        "author": {
          "gitId": "LJX0006"
        },
        "content": "        }"
      },
      {
        "lineNumber": 23,
        "author": {
          "gitId": "LJX0006"
        },
        "content": "    }"
      },
      {
        "lineNumber": 24,
        "author": {
          "gitId": "LJX0006"
        },
        "content": ""
      },
      {
        "lineNumber": 25,
        "author": {
          "gitId": "LJX0006"
        },
        "content": "    public void run() {"
      },
      {
        "lineNumber": 26,
        "author": {
          "gitId": "LJX0006"
        },
        "content": "        ui.welcome();"
      },
      {
        "lineNumber": 27,
        "author": {
          "gitId": "LJX0006"
        },
        "content": "        boolean isExit \u003d false;"
      },
      {
        "lineNumber": 28,
        "author": {
          "gitId": "LJX0006"
        },
        "content": "        while (!isExit) {"
      },
      {
        "lineNumber": 29,
        "author": {
          "gitId": "LJX0006"
        },
        "content": "            try {"
      },
      {
        "lineNumber": 30,
        "author": {
          "gitId": "LJX0006"
        },
        "content": "                String userCmd \u003d ui.readCmd();"
      },
      {
        "lineNumber": 31,
        "author": {
          "gitId": "LJX0006"
        },
        "content": "                Command cmd \u003d Parser.parse(userCmd);"
      },
      {
        "lineNumber": 32,
        "author": {
          "gitId": "LJX0006"
        },
        "content": "                cmd.execute(tasks, ui, storage);"
      },
      {
        "lineNumber": 33,
        "author": {
          "gitId": "LJX0006"
        },
        "content": "                isExit \u003d cmd.isExit();"
      },
      {
        "lineNumber": 34,
        "author": {
          "gitId": "LJX0006"
        },
        "content": "                System.out.println(\"    ____________________________________________________________\\n\");"
      },
      {
        "lineNumber": 35,
        "author": {
          "gitId": "LJX0006"
        },
        "content": "            } catch (DukeException | ParseException e) {"
      },
      {
        "lineNumber": 36,
        "author": {
          "gitId": "LJX0006"
        },
        "content": "                ui.error(e.getMessage());"
      },
      {
        "lineNumber": 37,
        "author": {
          "gitId": "LJX0006"
        },
        "content": "            } finally {"
      },
      {
        "lineNumber": 38,
        "author": {
          "gitId": "LJX0006"
        },
        "content": "                System.out.println(\"    ____________________________________________________________\\n\");"
      },
      {
        "lineNumber": 39,
        "author": {
          "gitId": "LJX0006"
        },
        "content": "            }"
      },
      {
        "lineNumber": 40,
        "author": {
          "gitId": "LJX0006"
        },
        "content": "        }"
      },
      {
        "lineNumber": 41,
        "author": {
          "gitId": "LJX0006"
        },
        "content": "    }"
      },
      {
        "lineNumber": 42,
        "author": {
          "gitId": "LJX0006"
        },
        "content": ""
      },
      {
        "lineNumber": 43,
        "author": {
          "gitId": "LJX0006"
        },
        "content": "    /**"
      },
      {
        "lineNumber": 44,
        "author": {
          "gitId": "LJX0006"
        },
        "content": "     * This method initializes a duke object and run it"
      },
      {
        "lineNumber": 45,
        "author": {
          "gitId": "LJX0006"
        },
        "content": "     *"
      },
      {
        "lineNumber": 46,
        "author": {
          "gitId": "LJX0006"
        },
        "content": "     * @param args the input"
      },
      {
        "lineNumber": 47,
        "author": {
          "gitId": "LJX0006"
        },
        "content": "     * @throws DukeException some error messages"
      },
      {
        "lineNumber": 48,
        "author": {
          "gitId": "LJX0006"
        },
        "content": "     */"
      },
      {
        "lineNumber": 49,
        "author": {
          "gitId": "LJX0006"
        },
        "content": "    public static void main(String[] args) throws DukeException {"
      },
      {
        "lineNumber": 50,
        "author": {
          "gitId": "LJX0006"
        },
        "content": "        new Duke(\"data/tasks.txt\").run();"
      },
      {
        "lineNumber": 51,
        "author": {
          "gitId": "-"
        },
        "content": "    }"
      },
      {
        "lineNumber": 52,
        "author": {
          "gitId": "-"
        },
        "content": "}"
      }
    ],
    "authorContributionMap": {
      "LJX0006": 49,
      "-": 3
    }
  },
  {
    "path": "src/main/java/DukeException.java",
    "fileType": "java",
    "lines": [
      {
        "lineNumber": 1,
        "author": {
          "gitId": "LJX0006"
        },
        "content": "public class DukeException extends Exception{"
      },
      {
        "lineNumber": 2,
        "author": {
          "gitId": "LJX0006"
        },
        "content": "    DukeException(){}"
      },
      {
        "lineNumber": 3,
        "author": {
          "gitId": "LJX0006"
        },
        "content": "    DukeException(String errorMsg) {"
      },
      {
        "lineNumber": 4,
        "author": {
          "gitId": "LJX0006"
        },
        "content": "        super(errorMsg);"
      },
      {
        "lineNumber": 5,
        "author": {
          "gitId": "LJX0006"
        },
        "content": "    }"
      },
      {
        "lineNumber": 6,
        "author": {
          "gitId": "LJX0006"
        },
        "content": "}"
      }
    ],
    "authorContributionMap": {
      "LJX0006": 6
    }
  },
  {
    "path": "src/main/java/Event.java",
    "fileType": "java",
    "lines": [
      {
        "lineNumber": 1,
        "author": {
          "gitId": "LJX0006"
        },
        "content": "public class Event extends Task {"
      },
      {
        "lineNumber": 2,
        "author": {
          "gitId": "LJX0006"
        },
        "content": "    protected String at;"
      },
      {
        "lineNumber": 3,
        "author": {
          "gitId": "LJX0006"
        },
        "content": "    public Event(String description, String at) {"
      },
      {
        "lineNumber": 4,
        "author": {
          "gitId": "LJX0006"
        },
        "content": "        super(description);"
      },
      {
        "lineNumber": 5,
        "author": {
          "gitId": "LJX0006"
        },
        "content": "        this.at \u003d at;"
      },
      {
        "lineNumber": 6,
        "author": {
          "gitId": "LJX0006"
        },
        "content": "        super.symbol \u003d \"E\";"
      },
      {
        "lineNumber": 7,
        "author": {
          "gitId": "LJX0006"
        },
        "content": "    }"
      },
      {
        "lineNumber": 8,
        "author": {
          "gitId": "LJX0006"
        },
        "content": "    @Override"
      },
      {
        "lineNumber": 9,
        "author": {
          "gitId": "LJX0006"
        },
        "content": "    public String toString() {"
      },
      {
        "lineNumber": 10,
        "author": {
          "gitId": "LJX0006"
        },
        "content": "        return \"[E]\" + super.toString() + \"(at: \" + at + \")\";"
      },
      {
        "lineNumber": 11,
        "author": {
          "gitId": "LJX0006"
        },
        "content": "    }"
      },
      {
        "lineNumber": 12,
        "author": {
          "gitId": "LJX0006"
        },
        "content": "}"
      }
    ],
    "authorContributionMap": {
      "LJX0006": 12
    }
  },
  {
    "path": "src/main/java/Parser.java",
    "fileType": "java",
    "lines": [
      {
        "lineNumber": 1,
        "author": {
          "gitId": "LJX0006"
        },
        "content": "public class Parser {"
      },
      {
        "lineNumber": 2,
        "author": {
          "gitId": "LJX0006"
        },
        "content": "    public Parser() {}"
      },
      {
        "lineNumber": 3,
        "author": {
          "gitId": "LJX0006"
        },
        "content": ""
      },
      {
        "lineNumber": 4,
        "author": {
          "gitId": "LJX0006"
        },
        "content": "    public static Command parse(String cmd) throws DukeException {"
      },
      {
        "lineNumber": 5,
        "author": {
          "gitId": "LJX0006"
        },
        "content": "        Command command;"
      },
      {
        "lineNumber": 6,
        "author": {
          "gitId": "LJX0006"
        },
        "content": "        if (cmd.equals(\"bye\")) {"
      },
      {
        "lineNumber": 7,
        "author": {
          "gitId": "LJX0006"
        },
        "content": "            command \u003d new CmdExit();"
      },
      {
        "lineNumber": 8,
        "author": {
          "gitId": "LJX0006"
        },
        "content": "        }"
      },
      {
        "lineNumber": 9,
        "author": {
          "gitId": "LJX0006"
        },
        "content": "        else if (cmd.equals(\"list\")) {"
      },
      {
        "lineNumber": 10,
        "author": {
          "gitId": "LJX0006"
        },
        "content": "            command \u003d new CmdList();"
      },
      {
        "lineNumber": 11,
        "author": {
          "gitId": "LJX0006"
        },
        "content": "        }"
      },
      {
        "lineNumber": 12,
        "author": {
          "gitId": "LJX0006"
        },
        "content": "        else if(cmd.contains(\"done\")) {"
      },
      {
        "lineNumber": 13,
        "author": {
          "gitId": "LJX0006"
        },
        "content": "            String temp \u003d cmd.replaceAll(\"[^0-9]\", \"\");"
      },
      {
        "lineNumber": 14,
        "author": {
          "gitId": "LJX0006"
        },
        "content": "            int n \u003d Integer.parseInt(temp);"
      },
      {
        "lineNumber": 15,
        "author": {
          "gitId": "LJX0006"
        },
        "content": "            command \u003d new CmdDone(n);"
      },
      {
        "lineNumber": 16,
        "author": {
          "gitId": "LJX0006"
        },
        "content": "        }"
      },
      {
        "lineNumber": 17,
        "author": {
          "gitId": "LJX0006"
        },
        "content": "        else if (cmd.contains(\"delete\")) {"
      },
      {
        "lineNumber": 18,
        "author": {
          "gitId": "LJX0006"
        },
        "content": "            String temp \u003d cmd.replaceAll(\"[^0-9]\", \"\");"
      },
      {
        "lineNumber": 19,
        "author": {
          "gitId": "LJX0006"
        },
        "content": "            int n \u003d Integer.parseInt(temp);"
      },
      {
        "lineNumber": 20,
        "author": {
          "gitId": "LJX0006"
        },
        "content": "            return new CmdDelete(n);"
      },
      {
        "lineNumber": 21,
        "author": {
          "gitId": "LJX0006"
        },
        "content": "        }"
      },
      {
        "lineNumber": 22,
        "author": {
          "gitId": "LJX0006"
        },
        "content": "        else if (cmd.contains(\"find\")) {"
      },
      {
        "lineNumber": 23,
        "author": {
          "gitId": "LJX0006"
        },
        "content": "            if (cmd.equals(\"find\"))"
      },
      {
        "lineNumber": 24,
        "author": {
          "gitId": "LJX0006"
        },
        "content": "                throw new DukeException(\"    OOPS!!! The description of a find cannot be empty.\");"
      },
      {
        "lineNumber": 25,
        "author": {
          "gitId": "LJX0006"
        },
        "content": "            String keyword \u003d cmd.split(\" \")[1];"
      },
      {
        "lineNumber": 26,
        "author": {
          "gitId": "LJX0006"
        },
        "content": "            command \u003d new CmdFind(keyword);"
      },
      {
        "lineNumber": 27,
        "author": {
          "gitId": "LJX0006"
        },
        "content": "        }"
      },
      {
        "lineNumber": 28,
        "author": {
          "gitId": "LJX0006"
        },
        "content": "        else {"
      },
      {
        "lineNumber": 29,
        "author": {
          "gitId": "LJX0006"
        },
        "content": "            String keyword \u003d cmd.split(\" \")[0];"
      },
      {
        "lineNumber": 30,
        "author": {
          "gitId": "LJX0006"
        },
        "content": "            if (!(keyword.equals(\"todo\") || keyword.equals(\"deadline\") || keyword.equals(\"event\"))) {"
      },
      {
        "lineNumber": 31,
        "author": {
          "gitId": "LJX0006"
        },
        "content": "                throw new DukeException(\"    OOPS!!! I\u0027m sorry, but I don\u0027t know what that means\");"
      },
      {
        "lineNumber": 32,
        "author": {
          "gitId": "LJX0006"
        },
        "content": "            }"
      },
      {
        "lineNumber": 33,
        "author": {
          "gitId": "LJX0006"
        },
        "content": "            command \u003d new CmdAdd(keyword, cmd);"
      },
      {
        "lineNumber": 34,
        "author": {
          "gitId": "LJX0006"
        },
        "content": "        }"
      },
      {
        "lineNumber": 35,
        "author": {
          "gitId": "LJX0006"
        },
        "content": "        return command;"
      },
      {
        "lineNumber": 36,
        "author": {
          "gitId": "LJX0006"
        },
        "content": "    }"
      },
      {
        "lineNumber": 37,
        "author": {
          "gitId": "LJX0006"
        },
        "content": "}"
      }
    ],
    "authorContributionMap": {
      "LJX0006": 37
    }
  },
  {
    "path": "src/main/java/Storage.java",
    "fileType": "java",
    "lines": [
      {
        "lineNumber": 1,
        "author": {
          "gitId": "LJX0006"
        },
        "content": "import java.io.*;"
      },
      {
        "lineNumber": 2,
        "author": {
          "gitId": "LJX0006"
        },
        "content": "import java.util.ArrayList;"
      },
      {
        "lineNumber": 3,
        "author": {
          "gitId": "LJX0006"
        },
        "content": ""
      },
      {
        "lineNumber": 4,
        "author": {
          "gitId": "LJX0006"
        },
        "content": "/**"
      },
      {
        "lineNumber": 5,
        "author": {
          "gitId": "LJX0006"
        },
        "content": " * the class to read from or write to the local file"
      },
      {
        "lineNumber": 6,
        "author": {
          "gitId": "LJX0006"
        },
        "content": " */"
      },
      {
        "lineNumber": 7,
        "author": {
          "gitId": "LJX0006"
        },
        "content": "public class Storage {"
      },
      {
        "lineNumber": 8,
        "author": {
          "gitId": "LJX0006"
        },
        "content": "    private String file;"
      },
      {
        "lineNumber": 9,
        "author": {
          "gitId": "LJX0006"
        },
        "content": ""
      },
      {
        "lineNumber": 10,
        "author": {
          "gitId": "LJX0006"
        },
        "content": "    /**"
      },
      {
        "lineNumber": 11,
        "author": {
          "gitId": "LJX0006"
        },
        "content": "     * the constructor to initialize the storage tool"
      },
      {
        "lineNumber": 12,
        "author": {
          "gitId": "LJX0006"
        },
        "content": "     * @param filePath the path of the file which contains the data of the task list"
      },
      {
        "lineNumber": 13,
        "author": {
          "gitId": "LJX0006"
        },
        "content": "     */"
      },
      {
        "lineNumber": 14,
        "author": {
          "gitId": "LJX0006"
        },
        "content": "    public Storage(String filePath) {"
      },
      {
        "lineNumber": 15,
        "author": {
          "gitId": "LJX0006"
        },
        "content": "        file \u003d filePath;"
      },
      {
        "lineNumber": 16,
        "author": {
          "gitId": "LJX0006"
        },
        "content": "    }"
      },
      {
        "lineNumber": 17,
        "author": {
          "gitId": "LJX0006"
        },
        "content": ""
      },
      {
        "lineNumber": 18,
        "author": {
          "gitId": "LJX0006"
        },
        "content": "    public ArrayList\u003cTask\u003e load() {"
      },
      {
        "lineNumber": 19,
        "author": {
          "gitId": "LJX0006"
        },
        "content": "        ArrayList\u003cTask\u003e item \u003d new ArrayList\u003c\u003e();"
      },
      {
        "lineNumber": 20,
        "author": {
          "gitId": "LJX0006"
        },
        "content": "        try {"
      },
      {
        "lineNumber": 21,
        "author": {
          "gitId": "LJX0006"
        },
        "content": "            FileReader fileReader \u003d new FileReader(file);"
      },
      {
        "lineNumber": 22,
        "author": {
          "gitId": "LJX0006"
        },
        "content": "            BufferedReader bufferedReader \u003d new BufferedReader(fileReader);"
      },
      {
        "lineNumber": 23,
        "author": {
          "gitId": "LJX0006"
        },
        "content": "            String s;"
      },
      {
        "lineNumber": 24,
        "author": {
          "gitId": "LJX0006"
        },
        "content": "            while ((s \u003d bufferedReader.readLine()) !\u003d null) {"
      },
      {
        "lineNumber": 25,
        "author": {
          "gitId": "LJX0006"
        },
        "content": "                s \u003d s.replace(\u0027|\u0027, \u0027/\u0027);"
      },
      {
        "lineNumber": 26,
        "author": {
          "gitId": "LJX0006"
        },
        "content": "                String[] detail \u003d s.split(\" / \");"
      },
      {
        "lineNumber": 27,
        "author": {
          "gitId": "LJX0006"
        },
        "content": "                Task t \u003d new Task(\"empty\");"
      },
      {
        "lineNumber": 28,
        "author": {
          "gitId": "LJX0006"
        },
        "content": "                if (detail[0].equals(\"T\")) {"
      },
      {
        "lineNumber": 29,
        "author": {
          "gitId": "LJX0006"
        },
        "content": "                    t \u003d new Todo(detail[2]);"
      },
      {
        "lineNumber": 30,
        "author": {
          "gitId": "LJX0006"
        },
        "content": "                } else if (detail[0].equals(\"D\")) {"
      },
      {
        "lineNumber": 31,
        "author": {
          "gitId": "LJX0006"
        },
        "content": "                    t \u003d new Deadline(detail[2], detail[3]);"
      },
      {
        "lineNumber": 32,
        "author": {
          "gitId": "LJX0006"
        },
        "content": "                } else {"
      },
      {
        "lineNumber": 33,
        "author": {
          "gitId": "LJX0006"
        },
        "content": "                    t \u003d new Event(detail[2], detail[3]);"
      },
      {
        "lineNumber": 34,
        "author": {
          "gitId": "LJX0006"
        },
        "content": "                }"
      },
      {
        "lineNumber": 35,
        "author": {
          "gitId": "LJX0006"
        },
        "content": "                if (detail[1].equals(\"1\")) {"
      },
      {
        "lineNumber": 36,
        "author": {
          "gitId": "LJX0006"
        },
        "content": "                    t.markAsDone();"
      },
      {
        "lineNumber": 37,
        "author": {
          "gitId": "LJX0006"
        },
        "content": "                }"
      },
      {
        "lineNumber": 38,
        "author": {
          "gitId": "LJX0006"
        },
        "content": "                item.add(t);"
      },
      {
        "lineNumber": 39,
        "author": {
          "gitId": "LJX0006"
        },
        "content": "            }"
      },
      {
        "lineNumber": 40,
        "author": {
          "gitId": "LJX0006"
        },
        "content": "            bufferedReader.close();"
      },
      {
        "lineNumber": 41,
        "author": {
          "gitId": "LJX0006"
        },
        "content": "        } catch (IOException e) {"
      },
      {
        "lineNumber": 42,
        "author": {
          "gitId": "LJX0006"
        },
        "content": "            e.printStackTrace();"
      },
      {
        "lineNumber": 43,
        "author": {
          "gitId": "LJX0006"
        },
        "content": "        }"
      },
      {
        "lineNumber": 44,
        "author": {
          "gitId": "LJX0006"
        },
        "content": "        return item;"
      },
      {
        "lineNumber": 45,
        "author": {
          "gitId": "LJX0006"
        },
        "content": "    }"
      },
      {
        "lineNumber": 46,
        "author": {
          "gitId": "LJX0006"
        },
        "content": ""
      },
      {
        "lineNumber": 47,
        "author": {
          "gitId": "LJX0006"
        },
        "content": "    public void writeFile(ArrayList\u003cTask\u003e list) {"
      },
      {
        "lineNumber": 48,
        "author": {
          "gitId": "LJX0006"
        },
        "content": "        try {"
      },
      {
        "lineNumber": 49,
        "author": {
          "gitId": "LJX0006"
        },
        "content": "            FileWriter fileWriter \u003d new FileWriter(file);"
      },
      {
        "lineNumber": 50,
        "author": {
          "gitId": "LJX0006"
        },
        "content": "            BufferedWriter bufferedWriter \u003d new BufferedWriter(fileWriter);"
      },
      {
        "lineNumber": 51,
        "author": {
          "gitId": "LJX0006"
        },
        "content": "            bufferedWriter.write(\"\");"
      },
      {
        "lineNumber": 52,
        "author": {
          "gitId": "LJX0006"
        },
        "content": "            for (Task t : list) {"
      },
      {
        "lineNumber": 53,
        "author": {
          "gitId": "LJX0006"
        },
        "content": "                if (t instanceof Todo) {"
      },
      {
        "lineNumber": 54,
        "author": {
          "gitId": "LJX0006"
        },
        "content": "                    if (t.isDone)"
      },
      {
        "lineNumber": 55,
        "author": {
          "gitId": "LJX0006"
        },
        "content": "                        bufferedWriter.write(t.symbol + \" | 1 | \" + t.description + \"\\n\");"
      },
      {
        "lineNumber": 56,
        "author": {
          "gitId": "LJX0006"
        },
        "content": "                    else"
      },
      {
        "lineNumber": 57,
        "author": {
          "gitId": "LJX0006"
        },
        "content": "                        bufferedWriter.write(t.symbol + \" | 0 | \" + t.description + \"\\n\");"
      },
      {
        "lineNumber": 58,
        "author": {
          "gitId": "LJX0006"
        },
        "content": "                }"
      },
      {
        "lineNumber": 59,
        "author": {
          "gitId": "LJX0006"
        },
        "content": "                else if (t instanceof Deadline) {"
      },
      {
        "lineNumber": 60,
        "author": {
          "gitId": "LJX0006"
        },
        "content": "                    if (t.isDone)"
      },
      {
        "lineNumber": 61,
        "author": {
          "gitId": "LJX0006"
        },
        "content": "                        bufferedWriter.write(t.symbol + \" | 1 | \" + t.description + \" | \" + ((Deadline) t).by + \"\\n\");"
      },
      {
        "lineNumber": 62,
        "author": {
          "gitId": "LJX0006"
        },
        "content": "                    else"
      },
      {
        "lineNumber": 63,
        "author": {
          "gitId": "LJX0006"
        },
        "content": "                        bufferedWriter.write(t.symbol + \" | 0 | \" + t.description + \" | \" + ((Deadline) t).by + \"\\n\");"
      },
      {
        "lineNumber": 64,
        "author": {
          "gitId": "LJX0006"
        },
        "content": "                }"
      },
      {
        "lineNumber": 65,
        "author": {
          "gitId": "LJX0006"
        },
        "content": "                else if (t instanceof Event) {"
      },
      {
        "lineNumber": 66,
        "author": {
          "gitId": "LJX0006"
        },
        "content": "                    if (t.isDone)"
      },
      {
        "lineNumber": 67,
        "author": {
          "gitId": "LJX0006"
        },
        "content": "                        bufferedWriter.write(t.symbol + \" | 1 | \" + t.description + \" | \" + ((Event) t).at + \"\\n\");"
      },
      {
        "lineNumber": 68,
        "author": {
          "gitId": "LJX0006"
        },
        "content": "                    else"
      },
      {
        "lineNumber": 69,
        "author": {
          "gitId": "LJX0006"
        },
        "content": "                        bufferedWriter.write(t.symbol + \" | 0 | \" + t.description + \" | \" + ((Event) t).at + \"\\n\");"
      },
      {
        "lineNumber": 70,
        "author": {
          "gitId": "LJX0006"
        },
        "content": "                }"
      },
      {
        "lineNumber": 71,
        "author": {
          "gitId": "LJX0006"
        },
        "content": "            }"
      },
      {
        "lineNumber": 72,
        "author": {
          "gitId": "LJX0006"
        },
        "content": "            bufferedWriter.close();"
      },
      {
        "lineNumber": 73,
        "author": {
          "gitId": "LJX0006"
        },
        "content": "        } catch (IOException e) {"
      },
      {
        "lineNumber": 74,
        "author": {
          "gitId": "LJX0006"
        },
        "content": "            e.printStackTrace();"
      },
      {
        "lineNumber": 75,
        "author": {
          "gitId": "LJX0006"
        },
        "content": "        }"
      },
      {
        "lineNumber": 76,
        "author": {
          "gitId": "LJX0006"
        },
        "content": "    }"
      },
      {
        "lineNumber": 77,
        "author": {
          "gitId": "LJX0006"
        },
        "content": "}"
      }
    ],
    "authorContributionMap": {
      "LJX0006": 77
    }
  },
  {
    "path": "src/main/java/Task.java",
    "fileType": "java",
    "lines": [
      {
        "lineNumber": 1,
        "author": {
          "gitId": "LJX0006"
        },
        "content": "import java.util.List;"
      },
      {
        "lineNumber": 2,
        "author": {
          "gitId": "LJX0006"
        },
        "content": ""
      },
      {
        "lineNumber": 3,
        "author": {
          "gitId": "LJX0006"
        },
        "content": "public class Task{"
      },
      {
        "lineNumber": 4,
        "author": {
          "gitId": "LJX0006"
        },
        "content": "    protected String description;"
      },
      {
        "lineNumber": 5,
        "author": {
          "gitId": "LJX0006"
        },
        "content": "    protected boolean isDone;"
      },
      {
        "lineNumber": 6,
        "author": {
          "gitId": "LJX0006"
        },
        "content": "    protected String symbol;"
      },
      {
        "lineNumber": 7,
        "author": {
          "gitId": "LJX0006"
        },
        "content": ""
      },
      {
        "lineNumber": 8,
        "author": {
          "gitId": "LJX0006"
        },
        "content": "    public Task(String description) {"
      },
      {
        "lineNumber": 9,
        "author": {
          "gitId": "LJX0006"
        },
        "content": "        this.description \u003d description;"
      },
      {
        "lineNumber": 10,
        "author": {
          "gitId": "LJX0006"
        },
        "content": "        this.isDone \u003d false;"
      },
      {
        "lineNumber": 11,
        "author": {
          "gitId": "LJX0006"
        },
        "content": "    }"
      },
      {
        "lineNumber": 12,
        "author": {
          "gitId": "LJX0006"
        },
        "content": ""
      },
      {
        "lineNumber": 13,
        "author": {
          "gitId": "LJX0006"
        },
        "content": "    public String getStatusIcon() {"
      },
      {
        "lineNumber": 14,
        "author": {
          "gitId": "LJX0006"
        },
        "content": "        return (isDone? \"[\\u2713]\" : \"[\\u2718]\"); //return tick or X symbols"
      },
      {
        "lineNumber": 15,
        "author": {
          "gitId": "LJX0006"
        },
        "content": "    }"
      },
      {
        "lineNumber": 16,
        "author": {
          "gitId": "LJX0006"
        },
        "content": ""
      },
      {
        "lineNumber": 17,
        "author": {
          "gitId": "LJX0006"
        },
        "content": "    public String getDescription() {"
      },
      {
        "lineNumber": 18,
        "author": {
          "gitId": "LJX0006"
        },
        "content": "        return description;"
      },
      {
        "lineNumber": 19,
        "author": {
          "gitId": "LJX0006"
        },
        "content": "    }"
      },
      {
        "lineNumber": 20,
        "author": {
          "gitId": "LJX0006"
        },
        "content": ""
      },
      {
        "lineNumber": 21,
        "author": {
          "gitId": "LJX0006"
        },
        "content": "    public void markAsDone() {"
      },
      {
        "lineNumber": 22,
        "author": {
          "gitId": "LJX0006"
        },
        "content": "        this.isDone \u003d true;"
      },
      {
        "lineNumber": 23,
        "author": {
          "gitId": "LJX0006"
        },
        "content": "    }"
      },
      {
        "lineNumber": 24,
        "author": {
          "gitId": "LJX0006"
        },
        "content": ""
      },
      {
        "lineNumber": 25,
        "author": {
          "gitId": "LJX0006"
        },
        "content": "    public String toString() {"
      },
      {
        "lineNumber": 26,
        "author": {
          "gitId": "LJX0006"
        },
        "content": "        return getStatusIcon() + \" \" + description;"
      },
      {
        "lineNumber": 27,
        "author": {
          "gitId": "LJX0006"
        },
        "content": "    }"
      },
      {
        "lineNumber": 28,
        "author": {
          "gitId": "LJX0006"
        },
        "content": "}"
      }
    ],
    "authorContributionMap": {
      "LJX0006": 28
    }
  },
  {
    "path": "src/main/java/TaskList.java",
    "fileType": "java",
    "lines": [
      {
        "lineNumber": 1,
        "author": {
          "gitId": "LJX0006"
        },
        "content": "import java.util.*;"
      },
      {
        "lineNumber": 2,
        "author": {
          "gitId": "LJX0006"
        },
        "content": "import java.util.ArrayList;"
      },
      {
        "lineNumber": 3,
        "author": {
          "gitId": "LJX0006"
        },
        "content": ""
      },
      {
        "lineNumber": 4,
        "author": {
          "gitId": "LJX0006"
        },
        "content": "public class TaskList {"
      },
      {
        "lineNumber": 5,
        "author": {
          "gitId": "LJX0006"
        },
        "content": "    protected static  ArrayList\u003cTask\u003e list;"
      },
      {
        "lineNumber": 6,
        "author": {
          "gitId": "LJX0006"
        },
        "content": ""
      },
      {
        "lineNumber": 7,
        "author": {
          "gitId": "LJX0006"
        },
        "content": "    public TaskList(ArrayList\u003cTask\u003e initialList) {"
      },
      {
        "lineNumber": 8,
        "author": {
          "gitId": "LJX0006"
        },
        "content": "        list \u003d initialList;"
      },
      {
        "lineNumber": 9,
        "author": {
          "gitId": "LJX0006"
        },
        "content": "    }"
      },
      {
        "lineNumber": 10,
        "author": {
          "gitId": "LJX0006"
        },
        "content": ""
      },
      {
        "lineNumber": 11,
        "author": {
          "gitId": "LJX0006"
        },
        "content": "    public TaskList(){"
      },
      {
        "lineNumber": 12,
        "author": {
          "gitId": "LJX0006"
        },
        "content": "        list \u003d new ArrayList\u003c\u003e();"
      },
      {
        "lineNumber": 13,
        "author": {
          "gitId": "LJX0006"
        },
        "content": "    }"
      },
      {
        "lineNumber": 14,
        "author": {
          "gitId": "LJX0006"
        },
        "content": ""
      },
      {
        "lineNumber": 15,
        "author": {
          "gitId": "LJX0006"
        },
        "content": "    public Task getTask(int num) {"
      },
      {
        "lineNumber": 16,
        "author": {
          "gitId": "LJX0006"
        },
        "content": "        return list.get(num);"
      },
      {
        "lineNumber": 17,
        "author": {
          "gitId": "LJX0006"
        },
        "content": "    }"
      },
      {
        "lineNumber": 18,
        "author": {
          "gitId": "LJX0006"
        },
        "content": ""
      },
      {
        "lineNumber": 19,
        "author": {
          "gitId": "LJX0006"
        },
        "content": "    public ArrayList\u003cTask\u003e getList() {"
      },
      {
        "lineNumber": 20,
        "author": {
          "gitId": "LJX0006"
        },
        "content": "        return list;"
      },
      {
        "lineNumber": 21,
        "author": {
          "gitId": "LJX0006"
        },
        "content": "    }"
      },
      {
        "lineNumber": 22,
        "author": {
          "gitId": "LJX0006"
        },
        "content": ""
      },
      {
        "lineNumber": 23,
        "author": {
          "gitId": "LJX0006"
        },
        "content": "    public int getSize(){"
      },
      {
        "lineNumber": 24,
        "author": {
          "gitId": "LJX0006"
        },
        "content": "        return list.size();"
      },
      {
        "lineNumber": 25,
        "author": {
          "gitId": "LJX0006"
        },
        "content": "    }"
      },
      {
        "lineNumber": 26,
        "author": {
          "gitId": "LJX0006"
        },
        "content": ""
      },
      {
        "lineNumber": 27,
        "author": {
          "gitId": "LJX0006"
        },
        "content": "    public void doneTask(int num) {"
      },
      {
        "lineNumber": 28,
        "author": {
          "gitId": "LJX0006"
        },
        "content": "        list.get(num - 1).markAsDone();"
      },
      {
        "lineNumber": 29,
        "author": {
          "gitId": "LJX0006"
        },
        "content": "    }"
      },
      {
        "lineNumber": 30,
        "author": {
          "gitId": "LJX0006"
        },
        "content": ""
      },
      {
        "lineNumber": 31,
        "author": {
          "gitId": "LJX0006"
        },
        "content": "    public Task deleteTask(int num) {"
      },
      {
        "lineNumber": 32,
        "author": {
          "gitId": "LJX0006"
        },
        "content": "        Task temp \u003d list.get(num);"
      },
      {
        "lineNumber": 33,
        "author": {
          "gitId": "LJX0006"
        },
        "content": "        list.remove(num);"
      },
      {
        "lineNumber": 34,
        "author": {
          "gitId": "LJX0006"
        },
        "content": "        return temp;"
      },
      {
        "lineNumber": 35,
        "author": {
          "gitId": "LJX0006"
        },
        "content": "    }"
      },
      {
        "lineNumber": 36,
        "author": {
          "gitId": "LJX0006"
        },
        "content": ""
      },
      {
        "lineNumber": 37,
        "author": {
          "gitId": "LJX0006"
        },
        "content": "    public void addTodo(Todo t) {"
      },
      {
        "lineNumber": 38,
        "author": {
          "gitId": "LJX0006"
        },
        "content": "        list.add(t);"
      },
      {
        "lineNumber": 39,
        "author": {
          "gitId": "LJX0006"
        },
        "content": "    }"
      },
      {
        "lineNumber": 40,
        "author": {
          "gitId": "LJX0006"
        },
        "content": ""
      },
      {
        "lineNumber": 41,
        "author": {
          "gitId": "LJX0006"
        },
        "content": "    public void addDeadline(Deadline d) {"
      },
      {
        "lineNumber": 42,
        "author": {
          "gitId": "LJX0006"
        },
        "content": "        list.add(d);"
      },
      {
        "lineNumber": 43,
        "author": {
          "gitId": "LJX0006"
        },
        "content": "    }"
      },
      {
        "lineNumber": 44,
        "author": {
          "gitId": "LJX0006"
        },
        "content": ""
      },
      {
        "lineNumber": 45,
        "author": {
          "gitId": "LJX0006"
        },
        "content": "    public void addEvent(Event e) {"
      },
      {
        "lineNumber": 46,
        "author": {
          "gitId": "LJX0006"
        },
        "content": "        list.add(e);"
      },
      {
        "lineNumber": 47,
        "author": {
          "gitId": "LJX0006"
        },
        "content": "    }"
      },
      {
        "lineNumber": 48,
        "author": {
          "gitId": "LJX0006"
        },
        "content": "}"
      }
    ],
    "authorContributionMap": {
      "LJX0006": 48
    }
  },
  {
    "path": "src/main/java/TaskTest.java",
    "fileType": "java",
    "lines": [
      {
        "lineNumber": 1,
        "author": {
          "gitId": "LJX0006"
        },
        "content": "import org.junit.jupiter.api.Test;"
      },
      {
        "lineNumber": 2,
        "author": {
          "gitId": "LJX0006"
        },
        "content": "import static org.junit.jupiter.api.Assertions.assertEquals;"
      },
      {
        "lineNumber": 3,
        "author": {
          "gitId": "LJX0006"
        },
        "content": ""
      },
      {
        "lineNumber": 4,
        "author": {
          "gitId": "LJX0006"
        },
        "content": "class TaskTest{"
      },
      {
        "lineNumber": 5,
        "author": {
          "gitId": "LJX0006"
        },
        "content": ""
      },
      {
        "lineNumber": 6,
        "author": {
          "gitId": "LJX0006"
        },
        "content": "    @Test"
      },
      {
        "lineNumber": 7,
        "author": {
          "gitId": "LJX0006"
        },
        "content": "    void testgetStatusIcon(){"
      },
      {
        "lineNumber": 8,
        "author": {
          "gitId": "LJX0006"
        },
        "content": "        assertEquals(\"[\\u2718]\", new Deadline(\"CG2027 Assignment\", \"9/9/2019 1200\").getStatusIcon());"
      },
      {
        "lineNumber": 9,
        "author": {
          "gitId": "LJX0006"
        },
        "content": "    }"
      },
      {
        "lineNumber": 10,
        "author": {
          "gitId": "LJX0006"
        },
        "content": ""
      },
      {
        "lineNumber": 11,
        "author": {
          "gitId": "LJX0006"
        },
        "content": "    @Test"
      },
      {
        "lineNumber": 12,
        "author": {
          "gitId": "LJX0006"
        },
        "content": "    void testToString() {"
      },
      {
        "lineNumber": 13,
        "author": {
          "gitId": "LJX0006"
        },
        "content": "        assertEquals(\"[T][\\u2718] CG2027 Assignment\", new Todo(\"CG2027 Assignment\").toString());"
      },
      {
        "lineNumber": 14,
        "author": {
          "gitId": "LJX0006"
        },
        "content": "        assertEquals(\"[D][\\u2718] CG2027 Assignment (by: 9/9/2019 1200)\","
      },
      {
        "lineNumber": 15,
        "author": {
          "gitId": "LJX0006"
        },
        "content": "                new Deadline(\"CG2027 Assignment\", \"9/9/2019 1200\").toString());"
      },
      {
        "lineNumber": 16,
        "author": {
          "gitId": "LJX0006"
        },
        "content": "        assertEquals(\"[E][\\u2718] CG2027 Assignment (at: 9/9/2019 1200)\","
      },
      {
        "lineNumber": 17,
        "author": {
          "gitId": "LJX0006"
        },
        "content": "                new Event(\"CG2027 Assignment\", \"9/9/2019 1200\").toString());"
      },
      {
        "lineNumber": 18,
        "author": {
          "gitId": "LJX0006"
        },
        "content": "    }"
      },
      {
        "lineNumber": 19,
        "author": {
          "gitId": "LJX0006"
        },
        "content": "}"
      }
    ],
    "authorContributionMap": {
      "LJX0006": 19
    }
  },
  {
    "path": "src/main/java/Todo.java",
    "fileType": "java",
    "lines": [
      {
        "lineNumber": 1,
        "author": {
          "gitId": "LJX0006"
        },
        "content": "public class Todo extends Task {"
      },
      {
        "lineNumber": 2,
        "author": {
          "gitId": "LJX0006"
        },
        "content": "    public Todo(String description) {"
      },
      {
        "lineNumber": 3,
        "author": {
          "gitId": "LJX0006"
        },
        "content": "        super(description);"
      },
      {
        "lineNumber": 4,
        "author": {
          "gitId": "LJX0006"
        },
        "content": "        super.symbol \u003d \"T\";"
      },
      {
        "lineNumber": 5,
        "author": {
          "gitId": "LJX0006"
        },
        "content": "    }"
      },
      {
        "lineNumber": 6,
        "author": {
          "gitId": "LJX0006"
        },
        "content": "    @Override"
      },
      {
        "lineNumber": 7,
        "author": {
          "gitId": "LJX0006"
        },
        "content": "    public String toString() {"
      },
      {
        "lineNumber": 8,
        "author": {
          "gitId": "LJX0006"
        },
        "content": "        return \"[T]\" + super.toString();"
      },
      {
        "lineNumber": 9,
        "author": {
          "gitId": "LJX0006"
        },
        "content": "    }"
      },
      {
        "lineNumber": 10,
        "author": {
          "gitId": "LJX0006"
        },
        "content": "}"
      }
    ],
    "authorContributionMap": {
      "LJX0006": 10
    }
  },
  {
    "path": "src/main/java/Ui.java",
    "fileType": "java",
    "lines": [
      {
        "lineNumber": 1,
        "author": {
          "gitId": "LJX0006"
        },
        "content": "import java.util.Scanner;"
      },
      {
        "lineNumber": 2,
        "author": {
          "gitId": "LJX0006"
        },
        "content": "import java.io.IOException;"
      },
      {
        "lineNumber": 3,
        "author": {
          "gitId": "LJX0006"
        },
        "content": ""
      },
      {
        "lineNumber": 4,
        "author": {
          "gitId": "LJX0006"
        },
        "content": "/**"
      },
      {
        "lineNumber": 5,
        "author": {
          "gitId": "LJX0006"
        },
        "content": " * the class to generate user interface"
      },
      {
        "lineNumber": 6,
        "author": {
          "gitId": "LJX0006"
        },
        "content": " */"
      },
      {
        "lineNumber": 7,
        "author": {
          "gitId": "LJX0006"
        },
        "content": "public class Ui {"
      },
      {
        "lineNumber": 8,
        "author": {
          "gitId": "LJX0006"
        },
        "content": "    private Scanner scanner;"
      },
      {
        "lineNumber": 9,
        "author": {
          "gitId": "LJX0006"
        },
        "content": ""
      },
      {
        "lineNumber": 10,
        "author": {
          "gitId": "LJX0006"
        },
        "content": "    public Ui () {"
      },
      {
        "lineNumber": 11,
        "author": {
          "gitId": "LJX0006"
        },
        "content": "        scanner \u003d new Scanner(System.in);"
      },
      {
        "lineNumber": 12,
        "author": {
          "gitId": "LJX0006"
        },
        "content": "    }"
      },
      {
        "lineNumber": 13,
        "author": {
          "gitId": "LJX0006"
        },
        "content": ""
      },
      {
        "lineNumber": 14,
        "author": {
          "gitId": "LJX0006"
        },
        "content": "    /**"
      },
      {
        "lineNumber": 15,
        "author": {
          "gitId": "LJX0006"
        },
        "content": "     * read command from the input"
      },
      {
        "lineNumber": 16,
        "author": {
          "gitId": "LJX0006"
        },
        "content": "     * @return return the command read"
      },
      {
        "lineNumber": 17,
        "author": {
          "gitId": "LJX0006"
        },
        "content": "     */"
      },
      {
        "lineNumber": 18,
        "author": {
          "gitId": "LJX0006"
        },
        "content": "    public String readCmd() {"
      },
      {
        "lineNumber": 19,
        "author": {
          "gitId": "LJX0006"
        },
        "content": "        return scanner.nextLine();"
      },
      {
        "lineNumber": 20,
        "author": {
          "gitId": "LJX0006"
        },
        "content": "    }"
      },
      {
        "lineNumber": 21,
        "author": {
          "gitId": "LJX0006"
        },
        "content": ""
      },
      {
        "lineNumber": 22,
        "author": {
          "gitId": "LJX0006"
        },
        "content": "    public void error(String reaction) {"
      },
      {
        "lineNumber": 23,
        "author": {
          "gitId": "LJX0006"
        },
        "content": "        System.out.println(reaction);"
      },
      {
        "lineNumber": 24,
        "author": {
          "gitId": "LJX0006"
        },
        "content": "    }"
      },
      {
        "lineNumber": 25,
        "author": {
          "gitId": "LJX0006"
        },
        "content": ""
      },
      {
        "lineNumber": 26,
        "author": {
          "gitId": "LJX0006"
        },
        "content": "    public void welcome() {"
      },
      {
        "lineNumber": 27,
        "author": {
          "gitId": "LJX0006"
        },
        "content": "        String logo \u003d \" ____        _        \\n\""
      },
      {
        "lineNumber": 28,
        "author": {
          "gitId": "LJX0006"
        },
        "content": "                + \"|  _ \\\\ _   _| | _____ \\n\""
      },
      {
        "lineNumber": 29,
        "author": {
          "gitId": "LJX0006"
        },
        "content": "                + \"| | | | | | | |/ / _ \\\\\\n\""
      },
      {
        "lineNumber": 30,
        "author": {
          "gitId": "LJX0006"
        },
        "content": "                + \"| |_| | |_| |   \u003c  __/\\n\""
      },
      {
        "lineNumber": 31,
        "author": {
          "gitId": "LJX0006"
        },
        "content": "                + \"|____/ \\\\__,_|_|\\\\_\\\\___|\\n\";"
      },
      {
        "lineNumber": 32,
        "author": {
          "gitId": "LJX0006"
        },
        "content": "        System.out.println(\"Hello from\\n\" + logo);"
      },
      {
        "lineNumber": 33,
        "author": {
          "gitId": "LJX0006"
        },
        "content": "        System.out.println(\"    ____________________________________________________________\\n\""
      },
      {
        "lineNumber": 34,
        "author": {
          "gitId": "LJX0006"
        },
        "content": "                + \"    Hello! I\u0027m Duke\\n\""
      },
      {
        "lineNumber": 35,
        "author": {
          "gitId": "LJX0006"
        },
        "content": "                + \"    What can I do for you?\\n\""
      },
      {
        "lineNumber": 36,
        "author": {
          "gitId": "LJX0006"
        },
        "content": "                + \"    ____________________________________________________________\");"
      },
      {
        "lineNumber": 37,
        "author": {
          "gitId": "LJX0006"
        },
        "content": "    }"
      },
      {
        "lineNumber": 38,
        "author": {
          "gitId": "LJX0006"
        },
        "content": ""
      },
      {
        "lineNumber": 39,
        "author": {
          "gitId": "LJX0006"
        },
        "content": "    public void showLoadingError() {"
      },
      {
        "lineNumber": 40,
        "author": {
          "gitId": "LJX0006"
        },
        "content": "        System.out.println(\"    ____________________________________________________________\\n\""
      },
      {
        "lineNumber": 41,
        "author": {
          "gitId": "LJX0006"
        },
        "content": "                + \"    OOPS!!! This is not a valid input :-(\\n\""
      },
      {
        "lineNumber": 42,
        "author": {
          "gitId": "LJX0006"
        },
        "content": "                + \"    ____________________________________________________________\");"
      },
      {
        "lineNumber": 43,
        "author": {
          "gitId": "LJX0006"
        },
        "content": "    }"
      },
      {
        "lineNumber": 44,
        "author": {
          "gitId": "LJX0006"
        },
        "content": "}"
      }
    ],
    "authorContributionMap": {
      "LJX0006": 44
    }
  }
]
