{
  "authorDailyContributionsMap": {
    "rabhijit": [
      {
        "insertions": 102,
        "deletions": 14,
        "date": "2019-08-24",
        "commitResults": [
          {
            "hash": "42d3fc83cfe009f8840d0160b8fd98e65dffe28d",
            "message": "gradle setup completed",
            "insertions": 28,
            "deletions": 1
          },
          {
            "hash": "9bb13faaf97dd49b2b41ccb1f594b14ae5c8e6dc",
            "message": "Level-1 complete",
            "insertions": 22,
            "deletions": 6
          },
          {
            "hash": "023b7b422b98ac51baf185ec8e659b7a23203b03",
            "message": "Level-2 complete",
            "insertions": 11,
            "deletions": 1
          },
          {
            "hash": "c5173ddfc34095703cd0c3ede0565b7fe5c41168",
            "message": "Level-3 complete",
            "insertions": 41,
            "deletions": 6
          }
        ]
      },
      {
        "insertions": 222,
        "deletions": 90,
        "date": "2019-08-28",
        "commitResults": [
          {
            "hash": "c8bda26094d619fc613351cf91c8f0b8ae87768d",
            "message": "Level-4 complete",
            "insertions": 102,
            "deletions": 19
          },
          {
            "hash": "10612db29b2e02994cd7d455acc6bb050673423a",
            "message": "Level-5 complete",
            "insertions": 120,
            "deletions": 71
          }
        ]
      }
    ]
  },
  "authorFinalContributionMap": {
    "rabhijit": 228
  },
  "authorFileFormatContributionMap": {
    "rabhijit": {
      "java": 200,
      "gradle": 28,
      "css": 0,
      "fxml": 0
    }
  },
  "authorContributionVariance": {
    "rabhijit": 7439.1484
  },
  "authorDisplayNameMap": {
    "rabhijit": "ABH ... RAN"
  }
}
