{
  "authorDailyContributionsMap": {
    "jaedonkey": [
      {
        "insertions": 324,
        "deletions": 30,
        "date": "2019-08-26",
        "commitResults": [
          {
            "hash": "985fc4e0674c59d968a213e86e63528a38e14a7c",
            "message": "Test",
            "insertions": 1,
            "deletions": 1
          },
          {
            "hash": "0680c60640b254e18c9b4653e9274139a8cfd432",
            "message": "Level-1",
            "insertions": 19,
            "deletions": 0
          },
          {
            "hash": "8885815d038663eae7d8db1c108351f64ae45bf9",
            "message": "Update Duke.java",
            "insertions": 1,
            "deletions": 1
          },
          {
            "hash": "88aea08a696c3ac7748225ef0bb75020aeb9d7dd",
            "message": "Level-2",
            "insertions": 10,
            "deletions": 1
          },
          {
            "hash": "24c34b62e55cac5f018595948e47c7e2e542cf51",
            "message": "Level-3",
            "insertions": 38,
            "deletions": 4
          },
          {
            "hash": "4c16608dc94ea4fbb2ce443710fc8f1081890399",
            "message": "Level-4",
            "insertions": 67,
            "deletions": 1
          },
          {
            "hash": "e2cedd337d03cc2ede0e897fb20bb777f677e5ec",
            "message": "Level-5",
            "insertions": 28,
            "deletions": 5
          },
          {
            "hash": "7926f44e407a304c44fc9dec98bb44d4bf43cb1b",
            "message": "Level-7",
            "insertions": 108,
            "deletions": 13
          },
          {
            "hash": "4382668ebb5138f23e8cac2b8be8a23f86242a08",
            "message": "Level-7",
            "insertions": 1,
            "deletions": 1
          },
          {
            "hash": "078063a874695a964693cbcc6a23bd9659167535",
            "message": "Level-7",
            "insertions": 10,
            "deletions": 0
          },
          {
            "hash": "35b83f5fca894e4c83d9b4ba92b1e03cea9d8892",
            "message": "Level-7",
            "insertions": 1,
            "deletions": 1
          },
          {
            "hash": "309beb56705c19155aecfbcdfec9c0dc84143a81",
            "message": "Level-8",
            "insertions": 39,
            "deletions": 1
          },
          {
            "hash": "96a3c6009b22d8b2615c24a407d6eba4655e026b",
            "message": "Level-9 Test",
            "insertions": 1,
            "deletions": 1
          }
        ]
      },
      {
        "insertions": 691,
        "deletions": 426,
        "date": "2019-08-27",
        "commitResults": [
          {
            "hash": "f54db275b1db2f30f10a1e119ad87feb56e1618f",
            "message": "Level-7 Refactor",
            "insertions": 230,
            "deletions": 96
          },
          {
            "hash": "851292d6074641f1c552d7b633120b59c320513e",
            "message": "Level-6",
            "insertions": 20,
            "deletions": 0
          },
          {
            "hash": "b54ba13a88f90df9e31517f412c0d8b1dd60e977",
            "message": "Level-6",
            "insertions": 1,
            "deletions": 1
          },
          {
            "hash": "5d9a0110b16c4fcd8608f3131be2963b12d641a5",
            "message": "Level-9",
            "insertions": 40,
            "deletions": 4
          },
          {
            "hash": "9f97b4f136465858a0b714be9e799d0316ff717b",
            "message": "Level-9",
            "insertions": 1,
            "deletions": 3
          },
          {
            "hash": "d1722b060144bb97829496cb3a2f7d5312110c64",
            "message": "Level-9 A-MoreOOP",
            "insertions": 399,
            "deletions": 322
          }
        ]
      },
      {
        "insertions": 1414,
        "deletions": 1149,
        "date": "2019-08-30",
        "commitResults": [
          {
            "hash": "f30277bd6ae7236f02250872dc2768112f45a8a5",
            "message": "Level-7 Rollback",
            "insertions": 1,
            "deletions": 1
          },
          {
            "hash": "6eaf21a6892e115b7c17b13e2bef72db50830399",
            "message": "Delete Storage.java",
            "insertions": 0,
            "deletions": 100
          },
          {
            "hash": "7fff7f7660f222ca828f57d36f63cf40f33c1fd1",
            "message": "Delete Parser.java",
            "insertions": 0,
            "deletions": 64
          },
          {
            "hash": "c4353928fd56fd892577d5dcdce75567f87d3504",
            "message": "Delete Deadline.java",
            "insertions": 0,
            "deletions": 9
          },
          {
            "hash": "d1bce9c68b42fe828203db951b333bb37b282e63",
            "message": "Delete Duke.java",
            "insertions": 0,
            "deletions": 139
          },
          {
            "hash": "f9c285c03c1fbf36ec43d09047544dc568bdd442",
            "message": "Delete Event.java",
            "insertions": 0,
            "deletions": 10
          },
          {
            "hash": "344e97d5bbda7eac935300e32f58417ac40d2273",
            "message": "Delete Task.java",
            "insertions": 0,
            "deletions": 24
          },
          {
            "hash": "2bde4472906b33c9f118eaa829a35b7da0de1dfe",
            "message": "Delete TaskList.java",
            "insertions": 0,
            "deletions": 149
          },
          {
            "hash": "23cf08b15c8b183abae5aa778abb3e7c20cbfe8c",
            "message": "Delete Todo.java",
            "insertions": 0,
            "deletions": 10
          },
          {
            "hash": "6ddd7438f6c0b98e1508e067f4d4fe1bc3173084",
            "message": "Delete Ui.java",
            "insertions": 0,
            "deletions": 64
          },
          {
            "hash": "8af8d724947b7064d73ceb414333542f67b06250",
            "message": "level-6",
            "insertions": 458,
            "deletions": 0
          },
          {
            "hash": "dd102f8bc0c1a53c2f70fa651b1cfaa879028da1",
            "message": "Delete Duke.java",
            "insertions": 0,
            "deletions": 139
          },
          {
            "hash": "fe85087c4a1c06a1d95bd4c66b726ebc7b8938d6",
            "message": "Add files via upload",
            "insertions": 439,
            "deletions": 0
          },
          {
            "hash": "3d90d47a0adb51181036c34dd9c3e854a69b08a4",
            "message": "Delete Duke.java",
            "insertions": 0,
            "deletions": 440
          },
          {
            "hash": "da541ede442be704eb2940ca68714db824de3999",
            "message": "Add files via upload",
            "insertions": 516,
            "deletions": 0
          }
        ]
      }
    ]
  },
  "authorFinalContributionMap": {
    "jaedonkey": 565
  },
  "authorFileFormatContributionMap": {
    "jaedonkey": {
      "java": 565,
      "gradle": 0,
      "css": 0,
      "fxml": 0
    }
  },
  "authorContributionVariance": {
    "jaedonkey": 457139.78
  },
  "authorDisplayNameMap": {
    "jaedonkey": "W17-1 JAE..WEI"
  }
}
