[
  {
    "path": "src/main/java/CheckString.java",
    "lines": [
      {
        "lineNumber": 1,
        "author": {
          "gitId": "Xiaoxue"
        },
        "content": "public class CheckString {"
      },
      {
        "lineNumber": 2,
        "author": {
          "gitId": "Xiaoxue"
        },
        "content": "    private int index;"
      },
      {
        "lineNumber": 3,
        "author": {
          "gitId": "Xiaoxue"
        },
        "content": "    String[] check \u003d new String[500];"
      },
      {
        "lineNumber": 4,
        "author": {
          "gitId": "Xiaoxue"
        },
        "content": "    String[] ReadCheck \u003d new String[100];"
      },
      {
        "lineNumber": 5,
        "author": {
          "gitId": "Xiaoxue"
        },
        "content": ""
      },
      {
        "lineNumber": 6,
        "author": {
          "gitId": "Xiaoxue"
        },
        "content": "    public static boolean isNumeric(final String s){ //check if the string is a number"
      },
      {
        "lineNumber": 7,
        "author": {
          "gitId": "Xiaoxue"
        },
        "content": "        return s.chars().allMatch(Character::isDigit);"
      },
      {
        "lineNumber": 8,
        "author": {
          "gitId": "Xiaoxue"
        },
        "content": "    }"
      },
      {
        "lineNumber": 9,
        "author": {
          "gitId": "Xiaoxue"
        },
        "content": ""
      },
      {
        "lineNumber": 10,
        "author": {
          "gitId": "Xiaoxue"
        },
        "content": "    public int split(String UserInput){"
      },
      {
        "lineNumber": 11,
        "author": {
          "gitId": "Xiaoxue"
        },
        "content": "        check \u003d UserInput.split(\" \"); //split the string at the space"
      },
      {
        "lineNumber": 12,
        "author": {
          "gitId": "Xiaoxue"
        },
        "content": ""
      },
      {
        "lineNumber": 13,
        "author": {
          "gitId": "Xiaoxue"
        },
        "content": "        if(check[0].equals(\"done\")) {"
      },
      {
        "lineNumber": 14,
        "author": {
          "gitId": "Xiaoxue"
        },
        "content": "            if (isNumeric(check[1])) {"
      },
      {
        "lineNumber": 15,
        "author": {
          "gitId": "Xiaoxue"
        },
        "content": "                index \u003d Integer.parseInt(check[1]);"
      },
      {
        "lineNumber": 16,
        "author": {
          "gitId": "Xiaoxue"
        },
        "content": "            }"
      },
      {
        "lineNumber": 17,
        "author": {
          "gitId": "Xiaoxue"
        },
        "content": "        }"
      },
      {
        "lineNumber": 18,
        "author": {
          "gitId": "Xiaoxue"
        },
        "content": "        else if(check[0].equals(\"todo\")){"
      },
      {
        "lineNumber": 19,
        "author": {
          "gitId": "Xiaoxue"
        },
        "content": "            index \u003d -1;"
      },
      {
        "lineNumber": 20,
        "author": {
          "gitId": "Xiaoxue"
        },
        "content": "        }"
      },
      {
        "lineNumber": 21,
        "author": {
          "gitId": "Xiaoxue"
        },
        "content": "        else if(check[0].equals(\"deadline\")){"
      },
      {
        "lineNumber": 22,
        "author": {
          "gitId": "Xiaoxue"
        },
        "content": "            index \u003d -2;"
      },
      {
        "lineNumber": 23,
        "author": {
          "gitId": "Xiaoxue"
        },
        "content": "        }"
      },
      {
        "lineNumber": 24,
        "author": {
          "gitId": "Xiaoxue"
        },
        "content": "        else if (check[0].equals(\"event\")){"
      },
      {
        "lineNumber": 25,
        "author": {
          "gitId": "Xiaoxue"
        },
        "content": "            index \u003d -3;"
      },
      {
        "lineNumber": 26,
        "author": {
          "gitId": "Xiaoxue"
        },
        "content": "        }"
      },
      {
        "lineNumber": 27,
        "author": {
          "gitId": "Xiaoxue"
        },
        "content": "        else {"
      },
      {
        "lineNumber": 28,
        "author": {
          "gitId": "Xiaoxue"
        },
        "content": "            index \u003d -4;"
      },
      {
        "lineNumber": 29,
        "author": {
          "gitId": "Xiaoxue"
        },
        "content": "        }"
      },
      {
        "lineNumber": 30,
        "author": {
          "gitId": "Xiaoxue"
        },
        "content": "        return index;"
      },
      {
        "lineNumber": 31,
        "author": {
          "gitId": "Xiaoxue"
        },
        "content": "    }"
      },
      {
        "lineNumber": 32,
        "author": {
          "gitId": "Xiaoxue"
        },
        "content": ""
      },
      {
        "lineNumber": 33,
        "author": {
          "gitId": "Xiaoxue"
        },
        "content": "    public int position(String command){"
      },
      {
        "lineNumber": 34,
        "author": {
          "gitId": "Xiaoxue"
        },
        "content": "        return command.indexOf(\"/\");"
      },
      {
        "lineNumber": 35,
        "author": {
          "gitId": "Xiaoxue"
        },
        "content": "    }"
      },
      {
        "lineNumber": 36,
        "author": {
          "gitId": "Xiaoxue"
        },
        "content": ""
      },
      {
        "lineNumber": 37,
        "author": {
          "gitId": "Xiaoxue"
        },
        "content": "    public void ReadSplit(String str){"
      },
      {
        "lineNumber": 38,
        "author": {
          "gitId": "Xiaoxue"
        },
        "content": "        ReadCheck \u003d str.split(\"\\\\|\");"
      },
      {
        "lineNumber": 39,
        "author": {
          "gitId": "Xiaoxue"
        },
        "content": "    }"
      },
      {
        "lineNumber": 40,
        "author": {
          "gitId": "Xiaoxue"
        },
        "content": "    public String data0(){ //check the type of task"
      },
      {
        "lineNumber": 41,
        "author": {
          "gitId": "Xiaoxue"
        },
        "content": "        return ReadCheck[0];"
      },
      {
        "lineNumber": 42,
        "author": {
          "gitId": "Xiaoxue"
        },
        "content": "    }"
      },
      {
        "lineNumber": 43,
        "author": {
          "gitId": "Xiaoxue"
        },
        "content": "    public String data1(){ //check the status of task"
      },
      {
        "lineNumber": 44,
        "author": {
          "gitId": "Xiaoxue"
        },
        "content": "        return ReadCheck[1];"
      },
      {
        "lineNumber": 45,
        "author": {
          "gitId": "Xiaoxue"
        },
        "content": "    }"
      },
      {
        "lineNumber": 46,
        "author": {
          "gitId": "Xiaoxue"
        },
        "content": "    public String data2(){"
      },
      {
        "lineNumber": 47,
        "author": {
          "gitId": "Xiaoxue"
        },
        "content": "        return ReadCheck[2];"
      },
      {
        "lineNumber": 48,
        "author": {
          "gitId": "Xiaoxue"
        },
        "content": "    }"
      },
      {
        "lineNumber": 49,
        "author": {
          "gitId": "Xiaoxue"
        },
        "content": "    public String data3(){"
      },
      {
        "lineNumber": 50,
        "author": {
          "gitId": "Xiaoxue"
        },
        "content": "        return ReadCheck[3];"
      },
      {
        "lineNumber": 51,
        "author": {
          "gitId": "Xiaoxue"
        },
        "content": "    }"
      },
      {
        "lineNumber": 52,
        "author": {
          "gitId": "Xiaoxue"
        },
        "content": "}"
      }
    ],
    "authorContributionMap": {
      "Xiaoxue": 52
    }
  },
  {
    "path": "src/main/java/Deadline.java",
    "lines": [
      {
        "lineNumber": 1,
        "author": {
          "gitId": "Xiaoxue"
        },
        "content": "public class Deadline extends Task{"
      },
      {
        "lineNumber": 2,
        "author": {
          "gitId": "Xiaoxue"
        },
        "content": ""
      },
      {
        "lineNumber": 3,
        "author": {
          "gitId": "Xiaoxue"
        },
        "content": "    protected String by;"
      },
      {
        "lineNumber": 4,
        "author": {
          "gitId": "Xiaoxue"
        },
        "content": ""
      },
      {
        "lineNumber": 5,
        "author": {
          "gitId": "Xiaoxue"
        },
        "content": "    public Deadline(String description, String by){"
      },
      {
        "lineNumber": 6,
        "author": {
          "gitId": "Xiaoxue"
        },
        "content": "        super(description);"
      },
      {
        "lineNumber": 7,
        "author": {
          "gitId": "Xiaoxue"
        },
        "content": "        this.by \u003d by;"
      },
      {
        "lineNumber": 8,
        "author": {
          "gitId": "Xiaoxue"
        },
        "content": "    }"
      },
      {
        "lineNumber": 9,
        "author": {
          "gitId": "Xiaoxue"
        },
        "content": ""
      },
      {
        "lineNumber": 10,
        "author": {
          "gitId": "Xiaoxue"
        },
        "content": "    @Override"
      },
      {
        "lineNumber": 11,
        "author": {
          "gitId": "Xiaoxue"
        },
        "content": "    public String toString(){"
      },
      {
        "lineNumber": 12,
        "author": {
          "gitId": "Xiaoxue"
        },
        "content": "        return \"[D]\" + super.toString() + description + \"(by: \" + by + \")\";"
      },
      {
        "lineNumber": 13,
        "author": {
          "gitId": "Xiaoxue"
        },
        "content": "    }"
      },
      {
        "lineNumber": 14,
        "author": {
          "gitId": "Xiaoxue"
        },
        "content": ""
      },
      {
        "lineNumber": 15,
        "author": {
          "gitId": "Xiaoxue"
        },
        "content": "    @Override"
      },
      {
        "lineNumber": 16,
        "author": {
          "gitId": "Xiaoxue"
        },
        "content": "    public String Save(){"
      },
      {
        "lineNumber": 17,
        "author": {
          "gitId": "Xiaoxue"
        },
        "content": "        return String.format(\"D|%s|%s\",super.Save(),by);"
      },
      {
        "lineNumber": 18,
        "author": {
          "gitId": "Xiaoxue"
        },
        "content": "    }"
      },
      {
        "lineNumber": 19,
        "author": {
          "gitId": "Xiaoxue"
        },
        "content": "}"
      }
    ],
    "authorContributionMap": {
      "Xiaoxue": 19
    }
  },
  {
    "path": "src/main/java/Duke.java",
    "lines": [
      {
        "lineNumber": 1,
        "author": {
          "gitId": "Xiaoxue"
        },
        "content": "import javax.print.DocFlavor;"
      },
      {
        "lineNumber": 2,
        "author": {
          "gitId": "Xiaoxue"
        },
        "content": "import java.util.EmptyStackException;"
      },
      {
        "lineNumber": 3,
        "author": {
          "gitId": "Xiaoxue"
        },
        "content": "import java.util.Scanner;"
      },
      {
        "lineNumber": 4,
        "author": {
          "gitId": "-"
        },
        "content": "public class Duke {"
      },
      {
        "lineNumber": 5,
        "author": {
          "gitId": "-"
        },
        "content": "    public static void main(String[] args) {"
      },
      {
        "lineNumber": 6,
        "author": {
          "gitId": "Xiaoxue"
        },
        "content": "        System.out.println(\"Hello! I\u0027m Duke\");"
      },
      {
        "lineNumber": 7,
        "author": {
          "gitId": "Xiaoxue"
        },
        "content": "        System.out.println(\"What can I do for you?\");"
      },
      {
        "lineNumber": 8,
        "author": {
          "gitId": "Xiaoxue"
        },
        "content": "        Task[] taskObject\u003d new Task[101];"
      },
      {
        "lineNumber": 9,
        "author": {
          "gitId": "Xiaoxue"
        },
        "content": ""
      },
      {
        "lineNumber": 10,
        "author": {
          "gitId": "Xiaoxue"
        },
        "content": "        int count \u003d 1;"
      },
      {
        "lineNumber": 11,
        "author": {
          "gitId": "Xiaoxue"
        },
        "content": "        boolean flag \u003d true;"
      },
      {
        "lineNumber": 12,
        "author": {
          "gitId": "Xiaoxue"
        },
        "content": "        Scanner input \u003d new Scanner(System.in);"
      },
      {
        "lineNumber": 13,
        "author": {
          "gitId": "Xiaoxue"
        },
        "content": "        CheckString CheckStringObject \u003d new CheckString();"
      },
      {
        "lineNumber": 14,
        "author": {
          "gitId": "Xiaoxue"
        },
        "content": "        DukeException DukeExceptionObject \u003d new DukeException();"
      },
      {
        "lineNumber": 15,
        "author": {
          "gitId": "Xiaoxue"
        },
        "content": "        WriteFile WriteFileObject \u003d new WriteFile();"
      },
      {
        "lineNumber": 16,
        "author": {
          "gitId": "Xiaoxue"
        },
        "content": "        ReadFile ReadFileObject \u003d new ReadFile();"
      },
      {
        "lineNumber": 17,
        "author": {
          "gitId": "Xiaoxue"
        },
        "content": ""
      },
      {
        "lineNumber": 18,
        "author": {
          "gitId": "Xiaoxue"
        },
        "content": "        try {"
      },
      {
        "lineNumber": 19,
        "author": {
          "gitId": "Xiaoxue"
        },
        "content": "            ReadFileObject.openFile();"
      },
      {
        "lineNumber": 20,
        "author": {
          "gitId": "Xiaoxue"
        },
        "content": "            String SaveCount \u003d ReadFileObject.readFile();"
      },
      {
        "lineNumber": 21,
        "author": {
          "gitId": "Xiaoxue"
        },
        "content": "            count \u003d Integer.parseInt(SaveCount) + 1;"
      },
      {
        "lineNumber": 22,
        "author": {
          "gitId": "Xiaoxue"
        },
        "content": "        }"
      },
      {
        "lineNumber": 23,
        "author": {
          "gitId": "Xiaoxue"
        },
        "content": "        catch (Exception e){"
      },
      {
        "lineNumber": 24,
        "author": {
          "gitId": "Xiaoxue"
        },
        "content": "            DukeExceptionObject.EmptyFileException();"
      },
      {
        "lineNumber": 25,
        "author": {
          "gitId": "Xiaoxue"
        },
        "content": "        }"
      },
      {
        "lineNumber": 26,
        "author": {
          "gitId": "Xiaoxue"
        },
        "content": ""
      },
      {
        "lineNumber": 27,
        "author": {
          "gitId": "Xiaoxue"
        },
        "content": "        for(int i\u003d1; i\u003ccount; i++){"
      },
      {
        "lineNumber": 28,
        "author": {
          "gitId": "Xiaoxue"
        },
        "content": "            String temp \u003d ReadFileObject.readFile();"
      },
      {
        "lineNumber": 29,
        "author": {
          "gitId": "Xiaoxue"
        },
        "content": "            CheckStringObject.ReadSplit(temp);"
      },
      {
        "lineNumber": 30,
        "author": {
          "gitId": "Xiaoxue"
        },
        "content": "            if(CheckStringObject.data0().equals(\"T\")){"
      },
      {
        "lineNumber": 31,
        "author": {
          "gitId": "Xiaoxue"
        },
        "content": "                if(CheckStringObject.data1().equals(\"1\")){"
      },
      {
        "lineNumber": 32,
        "author": {
          "gitId": "Xiaoxue"
        },
        "content": "                    taskObject[i].markAsDone();"
      },
      {
        "lineNumber": 33,
        "author": {
          "gitId": "Xiaoxue"
        },
        "content": "                }"
      },
      {
        "lineNumber": 34,
        "author": {
          "gitId": "Xiaoxue"
        },
        "content": "                taskObject[i] \u003d new Todo(CheckStringObject.data2());"
      },
      {
        "lineNumber": 35,
        "author": {
          "gitId": "Xiaoxue"
        },
        "content": "            }"
      },
      {
        "lineNumber": 36,
        "author": {
          "gitId": "Xiaoxue"
        },
        "content": "            else if(CheckStringObject.data0().equals(\"D\")){"
      },
      {
        "lineNumber": 37,
        "author": {
          "gitId": "Xiaoxue"
        },
        "content": "                if(CheckStringObject.data1().equals(\"1\")){"
      },
      {
        "lineNumber": 38,
        "author": {
          "gitId": "Xiaoxue"
        },
        "content": "                    taskObject[i].markAsDone();"
      },
      {
        "lineNumber": 39,
        "author": {
          "gitId": "Xiaoxue"
        },
        "content": "                }"
      },
      {
        "lineNumber": 40,
        "author": {
          "gitId": "Xiaoxue"
        },
        "content": "                taskObject[i] \u003d new Deadline(CheckStringObject.data2(), CheckStringObject.data3());"
      },
      {
        "lineNumber": 41,
        "author": {
          "gitId": "Xiaoxue"
        },
        "content": "            }"
      },
      {
        "lineNumber": 42,
        "author": {
          "gitId": "Xiaoxue"
        },
        "content": "            else if(CheckStringObject.data0().equals(\"E\")){"
      },
      {
        "lineNumber": 43,
        "author": {
          "gitId": "Xiaoxue"
        },
        "content": "                if(CheckStringObject.data1().equals(\"1\")){"
      },
      {
        "lineNumber": 44,
        "author": {
          "gitId": "Xiaoxue"
        },
        "content": "                    taskObject[i].markAsDone();"
      },
      {
        "lineNumber": 45,
        "author": {
          "gitId": "Xiaoxue"
        },
        "content": "                }"
      },
      {
        "lineNumber": 46,
        "author": {
          "gitId": "Xiaoxue"
        },
        "content": "                taskObject[i] \u003d new Event(CheckStringObject.data2(), CheckStringObject.data3());"
      },
      {
        "lineNumber": 47,
        "author": {
          "gitId": "Xiaoxue"
        },
        "content": "            }"
      },
      {
        "lineNumber": 48,
        "author": {
          "gitId": "Xiaoxue"
        },
        "content": "        }"
      },
      {
        "lineNumber": 49,
        "author": {
          "gitId": "Xiaoxue"
        },
        "content": ""
      },
      {
        "lineNumber": 50,
        "author": {
          "gitId": "Xiaoxue"
        },
        "content": "        while(true){"
      },
      {
        "lineNumber": 51,
        "author": {
          "gitId": "Xiaoxue"
        },
        "content": "            flag \u003d true;"
      },
      {
        "lineNumber": 52,
        "author": {
          "gitId": "Xiaoxue"
        },
        "content": "            String command \u003d input.nextLine();"
      },
      {
        "lineNumber": 53,
        "author": {
          "gitId": "Xiaoxue"
        },
        "content": "            int TaskNum \u003d CheckStringObject.split(command);"
      },
      {
        "lineNumber": 54,
        "author": {
          "gitId": "Xiaoxue"
        },
        "content": ""
      },
      {
        "lineNumber": 55,
        "author": {
          "gitId": "Xiaoxue"
        },
        "content": "            if(command.equals(\"bye\")){"
      },
      {
        "lineNumber": 56,
        "author": {
          "gitId": "Xiaoxue"
        },
        "content": "                System.out.println(\"  Bye. Hope to see you again soon!\");"
      },
      {
        "lineNumber": 57,
        "author": {
          "gitId": "Xiaoxue"
        },
        "content": "                break;"
      },
      {
        "lineNumber": 58,
        "author": {
          "gitId": "Xiaoxue"
        },
        "content": "            }"
      },
      {
        "lineNumber": 59,
        "author": {
          "gitId": "Xiaoxue"
        },
        "content": "            else if(command.equals(\"list\")) {"
      },
      {
        "lineNumber": 60,
        "author": {
          "gitId": "Xiaoxue"
        },
        "content": "                System.out.println(\"Here are the tasks in your list:\");"
      },
      {
        "lineNumber": 61,
        "author": {
          "gitId": "Xiaoxue"
        },
        "content": "                for (int i \u003d 1; i \u003c count; i++) {"
      },
      {
        "lineNumber": 62,
        "author": {
          "gitId": "Xiaoxue"
        },
        "content": "                    System.out.print(i + \". \");"
      },
      {
        "lineNumber": 63,
        "author": {
          "gitId": "Xiaoxue"
        },
        "content": "                    System.out.println(taskObject[i].toString());"
      },
      {
        "lineNumber": 64,
        "author": {
          "gitId": "Xiaoxue"
        },
        "content": "                }"
      },
      {
        "lineNumber": 65,
        "author": {
          "gitId": "Xiaoxue"
        },
        "content": "            }"
      },
      {
        "lineNumber": 66,
        "author": {
          "gitId": "Xiaoxue"
        },
        "content": "            else if(TaskNum \u003e 0 \u0026\u0026 TaskNum \u003c count){"
      },
      {
        "lineNumber": 67,
        "author": {
          "gitId": "Xiaoxue"
        },
        "content": "                taskObject[TaskNum].markAsDone();"
      },
      {
        "lineNumber": 68,
        "author": {
          "gitId": "Xiaoxue"
        },
        "content": "                System.out.println(\"Nice! I\u0027ve marked this task as done:\");"
      },
      {
        "lineNumber": 69,
        "author": {
          "gitId": "Xiaoxue"
        },
        "content": "                System.out.println(taskObject[TaskNum].toString());"
      },
      {
        "lineNumber": 70,
        "author": {
          "gitId": "Xiaoxue"
        },
        "content": "            }"
      },
      {
        "lineNumber": 71,
        "author": {
          "gitId": "Xiaoxue"
        },
        "content": "            else if(TaskNum \u003d\u003d -1 ){ //todo"
      },
      {
        "lineNumber": 72,
        "author": {
          "gitId": "Xiaoxue"
        },
        "content": "                try{"
      },
      {
        "lineNumber": 73,
        "author": {
          "gitId": "Xiaoxue"
        },
        "content": "                    String[] temp \u003d command.split(\" \",2);"
      },
      {
        "lineNumber": 74,
        "author": {
          "gitId": "Xiaoxue"
        },
        "content": "                    taskObject[count] \u003d new Todo(temp[1]);"
      },
      {
        "lineNumber": 75,
        "author": {
          "gitId": "Xiaoxue"
        },
        "content": "                }"
      },
      {
        "lineNumber": 76,
        "author": {
          "gitId": "Xiaoxue"
        },
        "content": "                catch (Exception e){"
      },
      {
        "lineNumber": 77,
        "author": {
          "gitId": "Xiaoxue"
        },
        "content": "                    DukeExceptionObject.EmptyDescriptionException(command);"
      },
      {
        "lineNumber": 78,
        "author": {
          "gitId": "Xiaoxue"
        },
        "content": "                    flag \u003d false;"
      },
      {
        "lineNumber": 79,
        "author": {
          "gitId": "Xiaoxue"
        },
        "content": "                }"
      },
      {
        "lineNumber": 80,
        "author": {
          "gitId": "Xiaoxue"
        },
        "content": ""
      },
      {
        "lineNumber": 81,
        "author": {
          "gitId": "Xiaoxue"
        },
        "content": "                if(flag \u003d\u003d true) {"
      },
      {
        "lineNumber": 82,
        "author": {
          "gitId": "Xiaoxue"
        },
        "content": "                    System.out.println(\"Got it. I\u0027ve added this task:\");"
      },
      {
        "lineNumber": 83,
        "author": {
          "gitId": "Xiaoxue"
        },
        "content": "                    System.out.println(taskObject[count].toString());"
      },
      {
        "lineNumber": 84,
        "author": {
          "gitId": "Xiaoxue"
        },
        "content": "                    System.out.println(\"Now you have \" + count + \" tasks in the list.\");"
      },
      {
        "lineNumber": 85,
        "author": {
          "gitId": "Xiaoxue"
        },
        "content": "                    count++;"
      },
      {
        "lineNumber": 86,
        "author": {
          "gitId": "Xiaoxue"
        },
        "content": "                }"
      },
      {
        "lineNumber": 87,
        "author": {
          "gitId": "Xiaoxue"
        },
        "content": "            }"
      },
      {
        "lineNumber": 88,
        "author": {
          "gitId": "Xiaoxue"
        },
        "content": "            else if(TaskNum \u003d\u003d -2){//deadline"
      },
      {
        "lineNumber": 89,
        "author": {
          "gitId": "Xiaoxue"
        },
        "content": "                try{"
      },
      {
        "lineNumber": 90,
        "author": {
          "gitId": "Xiaoxue"
        },
        "content": "                    int position \u003d CheckStringObject.position(command);"
      },
      {
        "lineNumber": 91,
        "author": {
          "gitId": "Xiaoxue"
        },
        "content": "                    String desc \u003d command.substring(9, position);"
      },
      {
        "lineNumber": 92,
        "author": {
          "gitId": "Xiaoxue"
        },
        "content": "                    String by \u003d command.substring(position+1, command.length());"
      },
      {
        "lineNumber": 93,
        "author": {
          "gitId": "Xiaoxue"
        },
        "content": "                    taskObject[count] \u003d new Deadline(desc, by); //put params"
      },
      {
        "lineNumber": 94,
        "author": {
          "gitId": "Xiaoxue"
        },
        "content": "                }"
      },
      {
        "lineNumber": 95,
        "author": {
          "gitId": "Xiaoxue"
        },
        "content": "                catch (Exception e) {"
      },
      {
        "lineNumber": 96,
        "author": {
          "gitId": "Xiaoxue"
        },
        "content": "                    DukeExceptionObject.EmptyDescriptionException(command);"
      },
      {
        "lineNumber": 97,
        "author": {
          "gitId": "Xiaoxue"
        },
        "content": "                    flag \u003d false;"
      },
      {
        "lineNumber": 98,
        "author": {
          "gitId": "Xiaoxue"
        },
        "content": "                }"
      },
      {
        "lineNumber": 99,
        "author": {
          "gitId": "Xiaoxue"
        },
        "content": ""
      },
      {
        "lineNumber": 100,
        "author": {
          "gitId": "Xiaoxue"
        },
        "content": "                if(flag \u003d\u003d true) {"
      },
      {
        "lineNumber": 101,
        "author": {
          "gitId": "Xiaoxue"
        },
        "content": "                    System.out.println(\"Got it. I\u0027ve added this task:\");"
      },
      {
        "lineNumber": 102,
        "author": {
          "gitId": "Xiaoxue"
        },
        "content": "                    System.out.println(taskObject[count].toString());"
      },
      {
        "lineNumber": 103,
        "author": {
          "gitId": "Xiaoxue"
        },
        "content": "                    System.out.println(\"Now you have \" + count + \" tasks in the list.\");"
      },
      {
        "lineNumber": 104,
        "author": {
          "gitId": "Xiaoxue"
        },
        "content": "                    count++;"
      },
      {
        "lineNumber": 105,
        "author": {
          "gitId": "Xiaoxue"
        },
        "content": "                }"
      },
      {
        "lineNumber": 106,
        "author": {
          "gitId": "Xiaoxue"
        },
        "content": "            }"
      },
      {
        "lineNumber": 107,
        "author": {
          "gitId": "Xiaoxue"
        },
        "content": "            else if(TaskNum \u003d\u003d -3){//event"
      },
      {
        "lineNumber": 108,
        "author": {
          "gitId": "Xiaoxue"
        },
        "content": "                try{"
      },
      {
        "lineNumber": 109,
        "author": {
          "gitId": "Xiaoxue"
        },
        "content": "                    int position \u003d CheckStringObject.position(command);"
      },
      {
        "lineNumber": 110,
        "author": {
          "gitId": "Xiaoxue"
        },
        "content": "                    String desc \u003d command.substring(6, position);"
      },
      {
        "lineNumber": 111,
        "author": {
          "gitId": "Xiaoxue"
        },
        "content": "                    String by \u003d command.substring(position+1, command.length());"
      },
      {
        "lineNumber": 112,
        "author": {
          "gitId": "Xiaoxue"
        },
        "content": "                    taskObject[count] \u003d new Event(desc, by);"
      },
      {
        "lineNumber": 113,
        "author": {
          "gitId": "Xiaoxue"
        },
        "content": "                }"
      },
      {
        "lineNumber": 114,
        "author": {
          "gitId": "Xiaoxue"
        },
        "content": "                catch (Exception e){"
      },
      {
        "lineNumber": 115,
        "author": {
          "gitId": "Xiaoxue"
        },
        "content": "                    DukeExceptionObject.EmptyDescriptionException(command);"
      },
      {
        "lineNumber": 116,
        "author": {
          "gitId": "Xiaoxue"
        },
        "content": "                    flag \u003d false;"
      },
      {
        "lineNumber": 117,
        "author": {
          "gitId": "Xiaoxue"
        },
        "content": "                }"
      },
      {
        "lineNumber": 118,
        "author": {
          "gitId": "Xiaoxue"
        },
        "content": "                if(flag \u003d\u003d true){"
      },
      {
        "lineNumber": 119,
        "author": {
          "gitId": "Xiaoxue"
        },
        "content": "                    System.out.println(\"Got it. I\u0027ve added this task:\");"
      },
      {
        "lineNumber": 120,
        "author": {
          "gitId": "Xiaoxue"
        },
        "content": "                    System.out.println(taskObject[count].toString());"
      },
      {
        "lineNumber": 121,
        "author": {
          "gitId": "Xiaoxue"
        },
        "content": "                    System.out.println(\"Now you have \"+count+\" tasks in the list.\");"
      },
      {
        "lineNumber": 122,
        "author": {
          "gitId": "Xiaoxue"
        },
        "content": "                    count ++;"
      },
      {
        "lineNumber": 123,
        "author": {
          "gitId": "Xiaoxue"
        },
        "content": "                }"
      },
      {
        "lineNumber": 124,
        "author": {
          "gitId": "Xiaoxue"
        },
        "content": "            }"
      },
      {
        "lineNumber": 125,
        "author": {
          "gitId": "Xiaoxue"
        },
        "content": "            else {"
      },
      {
        "lineNumber": 126,
        "author": {
          "gitId": "Xiaoxue"
        },
        "content": "                DukeExceptionObject.DontKnowWhatItMeansException();"
      },
      {
        "lineNumber": 127,
        "author": {
          "gitId": "Xiaoxue"
        },
        "content": "            }"
      },
      {
        "lineNumber": 128,
        "author": {
          "gitId": "Xiaoxue"
        },
        "content": "        }"
      },
      {
        "lineNumber": 129,
        "author": {
          "gitId": "Xiaoxue"
        },
        "content": ""
      },
      {
        "lineNumber": 130,
        "author": {
          "gitId": "Xiaoxue"
        },
        "content": "        WriteFileObject.openFile();"
      },
      {
        "lineNumber": 131,
        "author": {
          "gitId": "Xiaoxue"
        },
        "content": "        String counter \u003d Integer.toString(count - 1);"
      },
      {
        "lineNumber": 132,
        "author": {
          "gitId": "Xiaoxue"
        },
        "content": "        WriteFileObject.addRecords(counter);"
      },
      {
        "lineNumber": 133,
        "author": {
          "gitId": "Xiaoxue"
        },
        "content": ""
      },
      {
        "lineNumber": 134,
        "author": {
          "gitId": "Xiaoxue"
        },
        "content": "        for(int j\u003d1; j\u003ccount; j++){"
      },
      {
        "lineNumber": 135,
        "author": {
          "gitId": "Xiaoxue"
        },
        "content": "            String temp \u003d taskObject[j].Save();"
      },
      {
        "lineNumber": 136,
        "author": {
          "gitId": "Xiaoxue"
        },
        "content": "            WriteFileObject.addRecords(temp);"
      },
      {
        "lineNumber": 137,
        "author": {
          "gitId": "Xiaoxue"
        },
        "content": "        }"
      },
      {
        "lineNumber": 138,
        "author": {
          "gitId": "Xiaoxue"
        },
        "content": "        WriteFileObject.closeWrite();"
      },
      {
        "lineNumber": 139,
        "author": {
          "gitId": "Xiaoxue"
        },
        "content": ""
      },
      {
        "lineNumber": 140,
        "author": {
          "gitId": "-"
        },
        "content": "    }"
      },
      {
        "lineNumber": 141,
        "author": {
          "gitId": "Jeffry Lum"
        },
        "content": "}"
      }
    ],
    "authorContributionMap": {
      "Xiaoxue": 137,
      "Jeffry Lum": 1,
      "-": 3
    }
  },
  {
    "path": "src/main/java/DukeException.java",
    "lines": [
      {
        "lineNumber": 1,
        "author": {
          "gitId": "Xiaoxue"
        },
        "content": "public class DukeException {"
      },
      {
        "lineNumber": 2,
        "author": {
          "gitId": "Xiaoxue"
        },
        "content": ""
      },
      {
        "lineNumber": 3,
        "author": {
          "gitId": "Xiaoxue"
        },
        "content": "    public void EmptyDescriptionException(String command){"
      },
      {
        "lineNumber": 4,
        "author": {
          "gitId": "Xiaoxue"
        },
        "content": "        System.out.println(\"☹ OOPS!!! The description of a \" + command + \" cannot be empty.\");"
      },
      {
        "lineNumber": 5,
        "author": {
          "gitId": "Xiaoxue"
        },
        "content": "    }"
      },
      {
        "lineNumber": 6,
        "author": {
          "gitId": "Xiaoxue"
        },
        "content": ""
      },
      {
        "lineNumber": 7,
        "author": {
          "gitId": "Xiaoxue"
        },
        "content": "    public void DontKnowWhatItMeansException(){"
      },
      {
        "lineNumber": 8,
        "author": {
          "gitId": "Xiaoxue"
        },
        "content": "        System.out.println(\" ☹ OOPS!!! I\u0027m sorry, but I don\u0027t know what that means :-(\");"
      },
      {
        "lineNumber": 9,
        "author": {
          "gitId": "Xiaoxue"
        },
        "content": "    }"
      },
      {
        "lineNumber": 10,
        "author": {
          "gitId": "Xiaoxue"
        },
        "content": ""
      },
      {
        "lineNumber": 11,
        "author": {
          "gitId": "Xiaoxue"
        },
        "content": "    public void EmptyFileException(){"
      },
      {
        "lineNumber": 12,
        "author": {
          "gitId": "Xiaoxue"
        },
        "content": "        System.out.println(\"Your file is empty\");"
      },
      {
        "lineNumber": 13,
        "author": {
          "gitId": "Xiaoxue"
        },
        "content": "    }"
      },
      {
        "lineNumber": 14,
        "author": {
          "gitId": "Xiaoxue"
        },
        "content": "}"
      }
    ],
    "authorContributionMap": {
      "Xiaoxue": 14
    }
  },
  {
    "path": "src/main/java/Event.java",
    "lines": [
      {
        "lineNumber": 1,
        "author": {
          "gitId": "Xiaoxue"
        },
        "content": "public class Event extends Task {"
      },
      {
        "lineNumber": 2,
        "author": {
          "gitId": "Xiaoxue"
        },
        "content": ""
      },
      {
        "lineNumber": 3,
        "author": {
          "gitId": "Xiaoxue"
        },
        "content": "    protected String by;"
      },
      {
        "lineNumber": 4,
        "author": {
          "gitId": "Xiaoxue"
        },
        "content": ""
      },
      {
        "lineNumber": 5,
        "author": {
          "gitId": "Xiaoxue"
        },
        "content": "    public Event(String description, String by){"
      },
      {
        "lineNumber": 6,
        "author": {
          "gitId": "Xiaoxue"
        },
        "content": "        super(description);"
      },
      {
        "lineNumber": 7,
        "author": {
          "gitId": "Xiaoxue"
        },
        "content": "        this.by \u003d by;"
      },
      {
        "lineNumber": 8,
        "author": {
          "gitId": "Xiaoxue"
        },
        "content": "    }"
      },
      {
        "lineNumber": 9,
        "author": {
          "gitId": "Xiaoxue"
        },
        "content": ""
      },
      {
        "lineNumber": 10,
        "author": {
          "gitId": "Xiaoxue"
        },
        "content": "    @Override"
      },
      {
        "lineNumber": 11,
        "author": {
          "gitId": "Xiaoxue"
        },
        "content": "    public String toString(){"
      },
      {
        "lineNumber": 12,
        "author": {
          "gitId": "Xiaoxue"
        },
        "content": "        return \"[E]\" + super.toString() + description + \"(at: \" + by + \")\";"
      },
      {
        "lineNumber": 13,
        "author": {
          "gitId": "Xiaoxue"
        },
        "content": "    }"
      },
      {
        "lineNumber": 14,
        "author": {
          "gitId": "Xiaoxue"
        },
        "content": ""
      },
      {
        "lineNumber": 15,
        "author": {
          "gitId": "Xiaoxue"
        },
        "content": "    @Override"
      },
      {
        "lineNumber": 16,
        "author": {
          "gitId": "Xiaoxue"
        },
        "content": "    public String Save(){"
      },
      {
        "lineNumber": 17,
        "author": {
          "gitId": "Xiaoxue"
        },
        "content": "         return String.format(\"E|%s|%s\",super.Save(),by);"
      },
      {
        "lineNumber": 18,
        "author": {
          "gitId": "Xiaoxue"
        },
        "content": "    }"
      },
      {
        "lineNumber": 19,
        "author": {
          "gitId": "Xiaoxue"
        },
        "content": ""
      },
      {
        "lineNumber": 20,
        "author": {
          "gitId": "Xiaoxue"
        },
        "content": "}"
      }
    ],
    "authorContributionMap": {
      "Xiaoxue": 20
    }
  },
  {
    "path": "src/main/java/ReadFile.java",
    "lines": [
      {
        "lineNumber": 1,
        "author": {
          "gitId": "Xiaoxue"
        },
        "content": "import java.util.*;"
      },
      {
        "lineNumber": 2,
        "author": {
          "gitId": "Xiaoxue"
        },
        "content": "import java.io.*;"
      },
      {
        "lineNumber": 3,
        "author": {
          "gitId": "Xiaoxue"
        },
        "content": "public class ReadFile {"
      },
      {
        "lineNumber": 4,
        "author": {
          "gitId": "Xiaoxue"
        },
        "content": ""
      },
      {
        "lineNumber": 5,
        "author": {
          "gitId": "Xiaoxue"
        },
        "content": "    private Scanner x;"
      },
      {
        "lineNumber": 6,
        "author": {
          "gitId": "Xiaoxue"
        },
        "content": ""
      },
      {
        "lineNumber": 7,
        "author": {
          "gitId": "Xiaoxue"
        },
        "content": "    public void openFile(){"
      },
      {
        "lineNumber": 8,
        "author": {
          "gitId": "Xiaoxue"
        },
        "content": "        try{"
      },
      {
        "lineNumber": 9,
        "author": {
          "gitId": "Xiaoxue"
        },
        "content": "            x \u003d new Scanner(new File(\"SaveData.txt\"));"
      },
      {
        "lineNumber": 10,
        "author": {
          "gitId": "Xiaoxue"
        },
        "content": "        }"
      },
      {
        "lineNumber": 11,
        "author": {
          "gitId": "Xiaoxue"
        },
        "content": "        catch (Exception e){"
      },
      {
        "lineNumber": 12,
        "author": {
          "gitId": "Xiaoxue"
        },
        "content": "            System.out.println(\"Could not find file\");"
      },
      {
        "lineNumber": 13,
        "author": {
          "gitId": "Xiaoxue"
        },
        "content": "        }"
      },
      {
        "lineNumber": 14,
        "author": {
          "gitId": "Xiaoxue"
        },
        "content": "    }"
      },
      {
        "lineNumber": 15,
        "author": {
          "gitId": "Xiaoxue"
        },
        "content": ""
      },
      {
        "lineNumber": 16,
        "author": {
          "gitId": "Xiaoxue"
        },
        "content": "    public String readFile(){"
      },
      {
        "lineNumber": 17,
        "author": {
          "gitId": "Xiaoxue"
        },
        "content": "            String a \u003d x.next();"
      },
      {
        "lineNumber": 18,
        "author": {
          "gitId": "Xiaoxue"
        },
        "content": "        return a;"
      },
      {
        "lineNumber": 19,
        "author": {
          "gitId": "Xiaoxue"
        },
        "content": "    }"
      },
      {
        "lineNumber": 20,
        "author": {
          "gitId": "Xiaoxue"
        },
        "content": "}"
      }
    ],
    "authorContributionMap": {
      "Xiaoxue": 20
    }
  },
  {
    "path": "src/main/java/Task.java",
    "lines": [
      {
        "lineNumber": 1,
        "author": {
          "gitId": "Xiaoxue"
        },
        "content": "public class Task {"
      },
      {
        "lineNumber": 2,
        "author": {
          "gitId": "Xiaoxue"
        },
        "content": "    protected String description;"
      },
      {
        "lineNumber": 3,
        "author": {
          "gitId": "Xiaoxue"
        },
        "content": "    protected boolean isDone;"
      },
      {
        "lineNumber": 4,
        "author": {
          "gitId": "Xiaoxue"
        },
        "content": "    protected int Done \u003d 0;"
      },
      {
        "lineNumber": 5,
        "author": {
          "gitId": "Xiaoxue"
        },
        "content": ""
      },
      {
        "lineNumber": 6,
        "author": {
          "gitId": "Xiaoxue"
        },
        "content": "    public Task(String description){"
      },
      {
        "lineNumber": 7,
        "author": {
          "gitId": "Xiaoxue"
        },
        "content": "        this.description \u003d description;"
      },
      {
        "lineNumber": 8,
        "author": {
          "gitId": "Xiaoxue"
        },
        "content": "        this.isDone \u003d false;"
      },
      {
        "lineNumber": 9,
        "author": {
          "gitId": "Xiaoxue"
        },
        "content": "    }"
      },
      {
        "lineNumber": 10,
        "author": {
          "gitId": "Xiaoxue"
        },
        "content": ""
      },
      {
        "lineNumber": 11,
        "author": {
          "gitId": "Xiaoxue"
        },
        "content": "    public String getStatusIcon(){"
      },
      {
        "lineNumber": 12,
        "author": {
          "gitId": "Xiaoxue"
        },
        "content": "        return (isDone ? \"[\\u2713]\" : \"[\\u2718]\");"
      },
      {
        "lineNumber": 13,
        "author": {
          "gitId": "Xiaoxue"
        },
        "content": "    }"
      },
      {
        "lineNumber": 14,
        "author": {
          "gitId": "Xiaoxue"
        },
        "content": ""
      },
      {
        "lineNumber": 15,
        "author": {
          "gitId": "Xiaoxue"
        },
        "content": "    public void markAsDone(){"
      },
      {
        "lineNumber": 16,
        "author": {
          "gitId": "Xiaoxue"
        },
        "content": "        isDone \u003d true;"
      },
      {
        "lineNumber": 17,
        "author": {
          "gitId": "Xiaoxue"
        },
        "content": "        Done \u003d 1;"
      },
      {
        "lineNumber": 18,
        "author": {
          "gitId": "Xiaoxue"
        },
        "content": "    }"
      },
      {
        "lineNumber": 19,
        "author": {
          "gitId": "Xiaoxue"
        },
        "content": ""
      },
      {
        "lineNumber": 20,
        "author": {
          "gitId": "Xiaoxue"
        },
        "content": "    public String toString(){"
      },
      {
        "lineNumber": 21,
        "author": {
          "gitId": "Xiaoxue"
        },
        "content": "        return (getStatusIcon());"
      },
      {
        "lineNumber": 22,
        "author": {
          "gitId": "Xiaoxue"
        },
        "content": "    }"
      },
      {
        "lineNumber": 23,
        "author": {
          "gitId": "Xiaoxue"
        },
        "content": ""
      },
      {
        "lineNumber": 24,
        "author": {
          "gitId": "Xiaoxue"
        },
        "content": "    public String Save(){"
      },
      {
        "lineNumber": 25,
        "author": {
          "gitId": "Xiaoxue"
        },
        "content": "        return String.format(\"%d|%s\",Done,description);"
      },
      {
        "lineNumber": 26,
        "author": {
          "gitId": "Xiaoxue"
        },
        "content": "    }"
      },
      {
        "lineNumber": 27,
        "author": {
          "gitId": "Xiaoxue"
        },
        "content": "}"
      }
    ],
    "authorContributionMap": {
      "Xiaoxue": 27
    }
  },
  {
    "path": "src/main/java/Todo.java",
    "lines": [
      {
        "lineNumber": 1,
        "author": {
          "gitId": "Xiaoxue"
        },
        "content": "public class Todo extends Task {"
      },
      {
        "lineNumber": 2,
        "author": {
          "gitId": "Xiaoxue"
        },
        "content": ""
      },
      {
        "lineNumber": 3,
        "author": {
          "gitId": "Xiaoxue"
        },
        "content": "    protected String by;"
      },
      {
        "lineNumber": 4,
        "author": {
          "gitId": "Xiaoxue"
        },
        "content": ""
      },
      {
        "lineNumber": 5,
        "author": {
          "gitId": "Xiaoxue"
        },
        "content": "    public Todo(String description){"
      },
      {
        "lineNumber": 6,
        "author": {
          "gitId": "Xiaoxue"
        },
        "content": "        super(description);"
      },
      {
        "lineNumber": 7,
        "author": {
          "gitId": "Xiaoxue"
        },
        "content": "    }"
      },
      {
        "lineNumber": 8,
        "author": {
          "gitId": "Xiaoxue"
        },
        "content": ""
      },
      {
        "lineNumber": 9,
        "author": {
          "gitId": "Xiaoxue"
        },
        "content": "    @Override"
      },
      {
        "lineNumber": 10,
        "author": {
          "gitId": "Xiaoxue"
        },
        "content": "    public String toString(){"
      },
      {
        "lineNumber": 11,
        "author": {
          "gitId": "Xiaoxue"
        },
        "content": "        return \"[T]\" + super.toString()+ description;"
      },
      {
        "lineNumber": 12,
        "author": {
          "gitId": "Xiaoxue"
        },
        "content": "    }"
      },
      {
        "lineNumber": 13,
        "author": {
          "gitId": "Xiaoxue"
        },
        "content": ""
      },
      {
        "lineNumber": 14,
        "author": {
          "gitId": "Xiaoxue"
        },
        "content": "    @Override"
      },
      {
        "lineNumber": 15,
        "author": {
          "gitId": "Xiaoxue"
        },
        "content": "    public String Save(){"
      },
      {
        "lineNumber": 16,
        "author": {
          "gitId": "Xiaoxue"
        },
        "content": "        return String.format(\"T|%s\",super.Save());"
      },
      {
        "lineNumber": 17,
        "author": {
          "gitId": "Xiaoxue"
        },
        "content": "    }"
      },
      {
        "lineNumber": 18,
        "author": {
          "gitId": "Xiaoxue"
        },
        "content": "}"
      }
    ],
    "authorContributionMap": {
      "Xiaoxue": 18
    }
  },
  {
    "path": "src/main/java/WriteFile.java",
    "lines": [
      {
        "lineNumber": 1,
        "author": {
          "gitId": "Xiaoxue"
        },
        "content": "import java.util.Formatter;"
      },
      {
        "lineNumber": 2,
        "author": {
          "gitId": "Xiaoxue"
        },
        "content": ""
      },
      {
        "lineNumber": 3,
        "author": {
          "gitId": "Xiaoxue"
        },
        "content": "public class WriteFile {"
      },
      {
        "lineNumber": 4,
        "author": {
          "gitId": "Xiaoxue"
        },
        "content": "    private Formatter x;"
      },
      {
        "lineNumber": 5,
        "author": {
          "gitId": "Xiaoxue"
        },
        "content": ""
      },
      {
        "lineNumber": 6,
        "author": {
          "gitId": "Xiaoxue"
        },
        "content": "    public void openFile(){"
      },
      {
        "lineNumber": 7,
        "author": {
          "gitId": "Xiaoxue"
        },
        "content": "        try{"
      },
      {
        "lineNumber": 8,
        "author": {
          "gitId": "Xiaoxue"
        },
        "content": "            x \u003d new Formatter(\"SaveData.txt\");"
      },
      {
        "lineNumber": 9,
        "author": {
          "gitId": "Xiaoxue"
        },
        "content": "        }"
      },
      {
        "lineNumber": 10,
        "author": {
          "gitId": "Xiaoxue"
        },
        "content": "        catch (Exception e){"
      },
      {
        "lineNumber": 11,
        "author": {
          "gitId": "Xiaoxue"
        },
        "content": "            System.out.println(\"you have an error\");"
      },
      {
        "lineNumber": 12,
        "author": {
          "gitId": "Xiaoxue"
        },
        "content": "        }"
      },
      {
        "lineNumber": 13,
        "author": {
          "gitId": "Xiaoxue"
        },
        "content": "    }"
      },
      {
        "lineNumber": 14,
        "author": {
          "gitId": "Xiaoxue"
        },
        "content": ""
      },
      {
        "lineNumber": 15,
        "author": {
          "gitId": "Xiaoxue"
        },
        "content": "    public void addRecords(String UserInput){"
      },
      {
        "lineNumber": 16,
        "author": {
          "gitId": "Xiaoxue"
        },
        "content": "        x.format(\"%s\\n\",UserInput);"
      },
      {
        "lineNumber": 17,
        "author": {
          "gitId": "Xiaoxue"
        },
        "content": "    }"
      },
      {
        "lineNumber": 18,
        "author": {
          "gitId": "Xiaoxue"
        },
        "content": ""
      },
      {
        "lineNumber": 19,
        "author": {
          "gitId": "Xiaoxue"
        },
        "content": "    public void closeWrite () {"
      },
      {
        "lineNumber": 20,
        "author": {
          "gitId": "Xiaoxue"
        },
        "content": "        x.close();"
      },
      {
        "lineNumber": 21,
        "author": {
          "gitId": "Xiaoxue"
        },
        "content": "    }"
      },
      {
        "lineNumber": 22,
        "author": {
          "gitId": "Xiaoxue"
        },
        "content": "}"
      }
    ],
    "authorContributionMap": {
      "Xiaoxue": 22
    }
  }
]
