{
  "authorDailyContributionsMap": {
    "TehZiHuai": [
      {
        "insertions": 40,
        "deletions": 3,
        "date": "2019-08-24",
        "commitResults": [
          {
            "hash": "a6eb81e3aab1561c43ecdfed2b466b8093dd0385",
            "messageTitle": "Level-1: Greet, Echo,Exit duke greets user, and echoes commands to exit, type \"bye\" (not case sensitive)",
            "messageBody": "",
            "insertions": 26,
            "deletions": 1
          },
          {
            "hash": "3516d020f2df1595ea094235799e59a23114a3b7",
            "messageTitle": "Level-2: Add, List duke now allows adding of items to a list enter anything to add to the list type \"list\" to show list of items",
            "messageBody": "",
            "insertions": 14,
            "deletions": 2
          }
        ]
      },
      {
        "insertions": 316,
        "deletions": 78,
        "date": "2019-08-25",
        "commitResults": [
          {
            "hash": "72cd2cb62b7e321cc58df9a51135cdee8986c0a0",
            "messageTitle": "Level-3: Mark as Done duke allows for marking as done for items type \"done\" followed by a valid number in the list to mark the item as done",
            "messageBody": "",
            "insertions": 39,
            "deletions": 7
          },
          {
            "hash": "e119ff5a887efa43f2ba757858dcf26c98eac0c6",
            "messageTitle": "Level-4: Todo, Event, Deadline duke requires specification of task type, between ToDo, Event or Deadline type \"todo\" followed by the task to add a ToDo type task to the list     e.g: todo read book type \"event\" or \"deadline\" followed by the event or dealine name and the time it should be done by, split with a \"/\" to add an Event or Deadline to the list     e.g: event meeting / monday     e.g: deadline homework / tuesday",
            "messageBody": "",
            "insertions": 109,
            "deletions": 34
          },
          {
            "hash": "2f3f85fe55638bc9732fb0ac36cd33dc493550cf",
            "messageTitle": "level-5: Error Handling duke now checks for input error by user wrong inputs will result in prompts for correct inputs",
            "messageBody": "",
            "insertions": 41,
            "deletions": 19
          },
          {
            "hash": "a2ba4d643e6666524b41f863c59fb5e5852c7764",
            "messageTitle": "Level-6: delete duke now allows users to delete items in the list type \"delete\", followed by the number of the task in the list",
            "messageBody": "",
            "insertions": 21,
            "deletions": 0
          },
          {
            "hash": "a6268d36cc1a9bbdb6d197470b5b5ea77f9969be",
            "messageTitle": "Level-6: Delete added error handling for wrong indices for delete and done commands",
            "messageBody": "",
            "insertions": 18,
            "deletions": 10
          },
          {
            "hash": "1d54aa8dfde30a2677515d935a9943a2f733e896",
            "messageTitle": "Level-7: Save duke now has persistent memory of items stored in data.txt file in the project",
            "messageBody": "",
            "insertions": 88,
            "deletions": 8
          }
        ]
      },
      {
        "insertions": 75,
        "deletions": 21,
        "date": "2019-08-27",
        "commitResults": [
          {
            "hash": "288ee4415d5416dcff64391ce3390f11ab35d36d",
            "messageTitle": "Level-8: Date Duke now formats your dates to english specific format of date to be entered is     dd/mm/yyyy hh:mm example: 12/12/2019 18:00 becomes: Thu Dec 2019 6:00PM",
            "messageBody": "",
            "insertions": 56,
            "deletions": 19
          },
          {
            "hash": "960dd34a19d23f88282861669ee5d8d4678f17bd",
            "messageTitle": "Level-8: Date bugfix for date entry into data.txt file",
            "messageBody": "",
            "insertions": 1,
            "deletions": 1
          },
          {
            "hash": "96a1bd13843ff5f00396d54abeed4c1541cbb757",
            "messageTitle": "Level-9: Find duke now looks for keywords the user specifies inside the to do list type \"find\" followed by the keyword e.g: find homework",
            "messageBody": "",
            "insertions": 16,
            "deletions": 0
          },
          {
            "hash": "3bb7e1c9da0b0968b8fd7017da6dd60611aea608",
            "messageTitle": "added tooltip for unkown commands",
            "messageBody": "",
            "insertions": 2,
            "deletions": 1
          }
        ]
      }
    ]
  },
  "authorFinalContributionMap": {
    "TehZiHuai": 330
  },
  "authorFileTypeContributionMap": {
    "TehZiHuai": {
      "java": 329,
      "gradle": 1,
      "css": 0,
      "fxml": 0
    }
  },
  "authorContributionVariance": {
    "TehZiHuai": 13789.211
  },
  "authorDisplayNameMap": {
    "TehZiHuai": "F14-3 TEH..UAI"
  }
}
