{
  "authorDailyContributionsMap": {
    "Jeffry Lum": [],
    "danisheddie": [
      {
        "insertions": 68,
        "deletions": 11,
        "date": "2019-08-22",
        "commitResults": [
          {
            "hash": "2e6d3bc00d591d651a69b6335f01cff223e30edd",
            "message": "Level 1 done",
            "insertions": 21,
            "deletions": 6
          },
          {
            "hash": "b9a342eb527dc39d4f9bba37006c96599f7f9b15",
            "message": "Level 2 done",
            "insertions": 12,
            "deletions": 2
          },
          {
            "hash": "c9fc60c2242234c790184693952446b1848db1eb",
            "message": "Level 3 done",
            "insertions": 35,
            "deletions": 3
          }
        ]
      },
      {
        "insertions": 183,
        "deletions": 36,
        "date": "2019-08-27",
        "commitResults": [
          {
            "hash": "7d95013f0c5284ec6955db5a2ac47abd494528b8",
            "message": "Added 3 new classes. Events, Deadlines and ToDos",
            "insertions": 48,
            "deletions": 7
          },
          {
            "hash": "08ee150fe0bb21042b5244fb7add827ec98727c3",
            "message": "Level 4 done",
            "insertions": 52,
            "deletions": 16
          },
          {
            "hash": "bf3ab200a2073047b7dd4ed8fabd6eedd662a897",
            "message": "Level 5 done",
            "insertions": 20,
            "deletions": 2
          },
          {
            "hash": "a88f1911db4f2231e27bf073af70986ab0f83a62",
            "message": "Level 5 done",
            "insertions": 8,
            "deletions": 7
          },
          {
            "hash": "d343960c25229546c7e69bce1a3d01c3bc370fdf",
            "message": "Level 7 done",
            "insertions": 55,
            "deletions": 4
          }
        ]
      },
      {
        "insertions": 66,
        "deletions": 9,
        "date": "2019-08-28",
        "commitResults": [
          {
            "hash": "0b1462b28ecd278dbb173c230a6277ca78621d55",
            "message": "Level 8 done, added a new class to format string to date",
            "insertions": 62,
            "deletions": 6
          },
          {
            "hash": "6a884bda2ca8b563dbb62775ccbe36b75ec4d1b5",
            "message": "Level 8 done",
            "insertions": 4,
            "deletions": 3
          }
        ]
      },
      {
        "insertions": 34,
        "deletions": 0,
        "date": "2019-09-02",
        "commitResults": [
          {
            "hash": "9f6ff2a557db5129b07059ac295dda0fae37cddb",
            "message": "Level 6 done",
            "insertions": 21,
            "deletions": 0
          },
          {
            "hash": "af1dda6a28c0edcf61eb5db3c3090fcf896648ba",
            "message": "Level 9 done. Find feature",
            "insertions": 13,
            "deletions": 0
          }
        ]
      }
    ]
  },
  "authorFinalContributionMap": {
    "Jeffry Lum": 1,
    "danisheddie": 301
  },
  "authorFileFormatContributionMap": {
    "Jeffry Lum": {
      "java": 1,
      "gradle": 0,
      "css": 0,
      "fxml": 0
    },
    "danisheddie": {
      "java": 301,
      "gradle": 0,
      "css": 0,
      "fxml": 0
    }
  },
  "authorContributionVariance": {
    "Jeffry Lum": 0.0,
    "danisheddie": 2876.6821
  },
  "authorDisplayNameMap": {
    "Jeffry Lum": "Jeffry Lum",
    "danisheddie": "danisheddie"
  }
}
