{
  "authorDailyContributionsMap": {
    "yetong1895": [
      {
        "insertions": 130,
        "deletions": 16,
        "date": "2019-08-22",
        "commitResults": [
          {
            "hash": "6887803740592c3e85e3cbed5918929387a17256",
            "messageTitle": "level-1: Greet,Echo,Exit",
            "messageBody": "",
            "insertions": 24,
            "deletions": 6
          },
          {
            "hash": "c3e0952592c784a6e7aaa746e902519dbc729eef",
            "messageTitle": "Level-2: Add Task",
            "messageBody": "",
            "insertions": 21,
            "deletions": 2
          },
          {
            "hash": "010a17b81c79f49b960c6717b27a68b8bf0638b1",
            "messageTitle": "Level 3 : Mark as Done",
            "messageBody": "",
            "insertions": 82,
            "deletions": 7
          },
          {
            "hash": "6f58bdf80fcffd2a23de43865bf01dc497133013",
            "messageTitle": "Level 3:Mark as done",
            "messageBody": "",
            "insertions": 3,
            "deletions": 1
          }
        ]
      },
      {
        "insertions": 91,
        "deletions": 12,
        "date": "2019-08-27",
        "commitResults": [
          {
            "hash": "3c0c8243c11224966b247744df2c4b26f0655a3e",
            "messageTitle": "Level:4 ToDos, Events, Deadlines",
            "messageBody": "",
            "insertions": 91,
            "deletions": 12
          }
        ]
      },
      {
        "insertions": 269,
        "deletions": 73,
        "date": "2019-08-28",
        "commitResults": [
          {
            "hash": "99e0e698d1594e12053c48f1547bc3b747b6d157",
            "messageTitle": "level 5 partial",
            "messageBody": "",
            "insertions": 54,
            "deletions": 29
          },
          {
            "hash": "1ebbb0a0d87c1639e3c54816451bf9f4c6e44983",
            "messageTitle": "Level 5 : handle errors",
            "messageBody": "",
            "insertions": 62,
            "deletions": 23
          },
          {
            "hash": "4645569a35aa46ea7aaf75bea8046685dc91d2ce",
            "messageTitle": "Level  7 : save",
            "messageBody": "",
            "insertions": 153,
            "deletions": 21
          }
        ]
      },
      {
        "insertions": 90,
        "deletions": 12,
        "date": "2019-08-29",
        "commitResults": [
          {
            "hash": "36b6b5eb0eab33a0a917a62e83da267b51f35a19",
            "messageTitle": "Level 8 : date",
            "messageBody": "",
            "insertions": 84,
            "deletions": 6
          },
          {
            "hash": "a0393efccb673a111f43bb3712eaf703462ef3d8",
            "messageTitle": "fixed some bugs",
            "messageBody": "",
            "insertions": 6,
            "deletions": 6
          }
        ]
      },
      {
        "insertions": 79,
        "deletions": 37,
        "date": "2019-09-03",
        "commitResults": [
          {
            "hash": "84ad493b0ca6cf378c2d4eac39789ff48c45d560",
            "messageTitle": "A-Inheritance",
            "messageBody": "",
            "insertions": 57,
            "deletions": 35
          },
          {
            "hash": "fdbca70d7679c177d5d62ccf25a1f5c4e27b6267",
            "messageTitle": "Level-6 Delete",
            "messageBody": "",
            "insertions": 22,
            "deletions": 2
          }
        ]
      },
      {
        "insertions": 15,
        "deletions": 2,
        "date": "2019-09-04",
        "commitResults": [
          {
            "hash": "c9bf7def81312f70271c3da2f9279e9e998b8742",
            "messageTitle": "add gradle support and text-ui-test(incomplete)",
            "messageBody": "",
            "insertions": 15,
            "deletions": 2
          }
        ]
      }
    ]
  },
  "authorFinalContributionMap": {
    "yetong1895": 529
  },
  "authorFileTypeContributionMap": {
    "yetong1895": {
      "java": 515,
      "gradle": 14,
      "css": 0,
      "fxml": 0
    }
  },
  "authorContributionVariance": {
    "yetong1895": 7507.4316
  },
  "authorDisplayNameMap": {
    "yetong1895": "F11-2 YE ..ONG"
  }
}
