{
  "authorDailyContributionsMap": {
    "saradj": [
      {
        "insertions": 348,
        "deletions": 136,
        "date": "2019-08-27",
        "commitResults": [
          {
            "hash": "a39e1fc63c0daa120092c8f93145c37d2974eea9",
            "message": "Level-1",
            "insertions": 12,
            "deletions": 0
          },
          {
            "hash": "9dc8f1e4c4e970f76297fb89be44e93fa63ecd19",
            "message": "Level-1",
            "insertions": 14,
            "deletions": 9
          },
          {
            "hash": "1c81631821ca2d975263ca3409aa5e8fbe7e4e2b",
            "message": "Level-1",
            "insertions": 12,
            "deletions": 12
          },
          {
            "hash": "ef491151f3a33940ee2ed3c27e9f586b243a24fc",
            "message": "Level-2",
            "insertions": 17,
            "deletions": 3
          },
          {
            "hash": "e0612f94e579b02522d73fa6b19d07593369e089",
            "message": "Level-2",
            "insertions": 5,
            "deletions": 1
          },
          {
            "hash": "be7272de77228825e591f407a8793934dc368c6f",
            "message": "Level-3",
            "insertions": 42,
            "deletions": 10
          },
          {
            "hash": "dd612bd4d9ae0cf53ac0acb7f07b33e431562e08",
            "message": "level3",
            "insertions": 9,
            "deletions": 9
          },
          {
            "hash": "f74176d67e8f714fa8b87e893416260f4255a0ae",
            "message": "fixing",
            "insertions": 0,
            "deletions": 1
          },
          {
            "hash": "2ee9e03b0b93dc0c16f0b03ad8271dcd6abfd82c",
            "message": "Level-4",
            "insertions": 75,
            "deletions": 12
          },
          {
            "hash": "7c889c477276e51d1f2c6d6532ddc937d2d09d34",
            "message": "Add exceptions",
            "insertions": 40,
            "deletions": 24
          },
          {
            "hash": "01bbc2adb54c07a116a2e9cc561da36cf00d59d6",
            "message": "Level-5",
            "insertions": 3,
            "deletions": 4
          },
          {
            "hash": "86c96138bc50718273467f01ebe84b57ffe8b69a",
            "message": "Level-7",
            "insertions": 91,
            "deletions": 50
          },
          {
            "hash": "2a8f0e9cd0a6a5e126335b6eddccdb4c3e1ea1f7",
            "message": "Level-7",
            "insertions": 28,
            "deletions": 1
          }
        ]
      }
    ]
  },
  "authorFinalContributionMap": {
    "saradj": 214
  },
  "authorFileFormatContributionMap": {
    "saradj": {
      "adoc": 0,
      "cs": 0,
      "css": 0,
      "fxml": 0,
      "gradle": 0,
      "html": 0,
      "java": 214,
      "js": 0,
      "json": 0,
      "jsp": 0,
      "md": 0,
      "py": 0,
      "tag": 0,
      "txt": 0,
      "xml": 0
    }
  },
  "authorContributionVariance": {
    "saradj": 13725.9375
  },
  "authorDisplayNameMap": {
    "saradj": "DJA ... ARA"
  }
}
