{
  "authorDailyContributionsMap": {
    "saradj": [
      {
        "insertions": 348,
        "deletions": 136,
        "date": "2019-08-27",
        "commitResults": [
          {
            "hash": "a39e1fc63c0daa120092c8f93145c37d2974eea9",
            "messageTitle": "Level-1",
            "messageBody": "",
            "insertions": 12,
            "deletions": 0
          },
          {
            "hash": "9dc8f1e4c4e970f76297fb89be44e93fa63ecd19",
            "messageTitle": "Level-1",
            "messageBody": "",
            "insertions": 14,
            "deletions": 9
          },
          {
            "hash": "1c81631821ca2d975263ca3409aa5e8fbe7e4e2b",
            "messageTitle": "Level-1",
            "messageBody": "",
            "insertions": 12,
            "deletions": 12
          },
          {
            "hash": "ef491151f3a33940ee2ed3c27e9f586b243a24fc",
            "messageTitle": "Level-2",
            "messageBody": "",
            "insertions": 17,
            "deletions": 3
          },
          {
            "hash": "e0612f94e579b02522d73fa6b19d07593369e089",
            "messageTitle": "Level-2",
            "messageBody": "",
            "insertions": 5,
            "deletions": 1
          },
          {
            "hash": "be7272de77228825e591f407a8793934dc368c6f",
            "messageTitle": "Level-3",
            "messageBody": "",
            "insertions": 42,
            "deletions": 10
          },
          {
            "hash": "dd612bd4d9ae0cf53ac0acb7f07b33e431562e08",
            "messageTitle": "level3",
            "messageBody": "",
            "insertions": 9,
            "deletions": 9
          },
          {
            "hash": "f74176d67e8f714fa8b87e893416260f4255a0ae",
            "messageTitle": "fixing",
            "messageBody": "",
            "insertions": 0,
            "deletions": 1
          },
          {
            "hash": "2ee9e03b0b93dc0c16f0b03ad8271dcd6abfd82c",
            "messageTitle": "Level-4",
            "messageBody": "",
            "insertions": 75,
            "deletions": 12
          },
          {
            "hash": "7c889c477276e51d1f2c6d6532ddc937d2d09d34",
            "messageTitle": "Add exceptions",
            "messageBody": "",
            "insertions": 40,
            "deletions": 24
          },
          {
            "hash": "01bbc2adb54c07a116a2e9cc561da36cf00d59d6",
            "messageTitle": "Level-5",
            "messageBody": "",
            "insertions": 3,
            "deletions": 4
          },
          {
            "hash": "86c96138bc50718273467f01ebe84b57ffe8b69a",
            "messageTitle": "Level-7",
            "messageBody": "",
            "insertions": 91,
            "deletions": 50
          },
          {
            "hash": "2a8f0e9cd0a6a5e126335b6eddccdb4c3e1ea1f7",
            "messageTitle": "Level-7",
            "messageBody": "",
            "insertions": 28,
            "deletions": 1
          }
        ]
      },
      {
        "insertions": 262,
        "deletions": 198,
        "date": "2019-08-28",
        "commitResults": [
          {
            "hash": "7da73f0ec8c716467fe39eaf55aaa51356c4c00e",
            "messageTitle": "Level-7 fix",
            "messageBody": "",
            "insertions": 9,
            "deletions": 10
          },
          {
            "hash": "6e2486ca5e31bae0208bf6eb07895ba705c50d3a",
            "messageTitle": "IO fix",
            "messageBody": "",
            "insertions": 29,
            "deletions": 31
          },
          {
            "hash": "2c940b8df6d7912ff2bb57958b4d33152b3485da",
            "messageTitle": "Level-8",
            "messageBody": "",
            "insertions": 74,
            "deletions": 2
          },
          {
            "hash": "19c16e0fc9c65730745c5655bcd31721972fa5b9",
            "messageTitle": "Level-8 fix",
            "messageBody": "",
            "insertions": 55,
            "deletions": 62
          },
          {
            "hash": "d72a7d832ff037fbc3d4667337c42e84016ae4dd",
            "messageTitle": "delete print",
            "messageBody": "",
            "insertions": 3,
            "deletions": 3
          },
          {
            "hash": "f29e0988e9af2b60d329cee320921eebc54873a3",
            "messageTitle": "fixing io",
            "messageBody": "",
            "insertions": 1,
            "deletions": 1
          },
          {
            "hash": "ab6b01d4a04fca3131257264b943913b214d0615",
            "messageTitle": "fix bug date",
            "messageBody": "",
            "insertions": 9,
            "deletions": 3
          },
          {
            "hash": "ed7b7335e3a50166503ce0aba01290b23b2c411d",
            "messageTitle": "fix bug date",
            "messageBody": "",
            "insertions": 1,
            "deletions": 1
          },
          {
            "hash": "3d2547c7343d969cdafe993b5d89ef280d0b4bbc",
            "messageTitle": "going back to v7 for an IO fix",
            "messageBody": "",
            "insertions": 8,
            "deletions": 79
          },
          {
            "hash": "f10f48f9ff9d767ae858dfc69b493cfadca79a73",
            "messageTitle": "Level-8 done",
            "messageBody": "",
            "insertions": 73,
            "deletions": 6
          }
        ]
      }
    ]
  },
  "authorFinalContributionMap": {
    "saradj": 278
  },
  "authorFileTypeContributionMap": {
    "saradj": {
      "java": 278,
      "gradle": 0,
      "css": 0,
      "fxml": 0
    }
  },
  "authorContributionVariance": {
    "saradj": 33167.605
  },
  "authorDisplayNameMap": {
    "saradj": "T14-2 DJA..ARA"
  }
}
