[
  {
    "path": "src/main/java/DateAndTimeConverter.java",
    "fileType": "java",
    "lines": [
      {
        "lineNumber": 1,
        "author": {
          "gitId": "Weng-Kexin"
        },
        "content": "public class DateAndTimeConverter { //contains bugs (time/date out of range will be undetected)"
      },
      {
        "lineNumber": 2,
        "author": {
          "gitId": "Weng-Kexin"
        },
        "content": ""
      },
      {
        "lineNumber": 3,
        "author": {
          "gitId": "Weng-Kexin"
        },
        "content": "    private String convertDate(String str) {"
      },
      {
        "lineNumber": 4,
        "author": {
          "gitId": "Weng-Kexin"
        },
        "content": "        if (str.contains(\"/\")) {"
      },
      {
        "lineNumber": 5,
        "author": {
          "gitId": "Weng-Kexin"
        },
        "content": "            String[] split \u003d str.split(\"/\");"
      },
      {
        "lineNumber": 6,
        "author": {
          "gitId": "Weng-Kexin"
        },
        "content": "            String day \u003d split[0], month \u003d split[1], year \u003d split[2];"
      },
      {
        "lineNumber": 7,
        "author": {
          "gitId": "Weng-Kexin"
        },
        "content": "            int tempDay \u003d Integer.parseInt(day);"
      },
      {
        "lineNumber": 8,
        "author": {
          "gitId": "Weng-Kexin"
        },
        "content": "            if (tempDay \u003d\u003d 1 || tempDay \u003d\u003d 21 || tempDay \u003d\u003d 31) {"
      },
      {
        "lineNumber": 9,
        "author": {
          "gitId": "Weng-Kexin"
        },
        "content": "                day +\u003d \"st\";"
      },
      {
        "lineNumber": 10,
        "author": {
          "gitId": "Weng-Kexin"
        },
        "content": "            } else if (tempDay \u003d\u003d 2 || tempDay \u003d\u003d 22) {"
      },
      {
        "lineNumber": 11,
        "author": {
          "gitId": "Weng-Kexin"
        },
        "content": "                day +\u003d \"nd\";"
      },
      {
        "lineNumber": 12,
        "author": {
          "gitId": "Weng-Kexin"
        },
        "content": "            } else if (tempDay \u003d\u003d 3 || tempDay \u003d\u003d 23) {"
      },
      {
        "lineNumber": 13,
        "author": {
          "gitId": "Weng-Kexin"
        },
        "content": "                day +\u003d \"rd\";"
      },
      {
        "lineNumber": 14,
        "author": {
          "gitId": "Weng-Kexin"
        },
        "content": "            } else {"
      },
      {
        "lineNumber": 15,
        "author": {
          "gitId": "Weng-Kexin"
        },
        "content": "                day +\u003d \"th\";"
      },
      {
        "lineNumber": 16,
        "author": {
          "gitId": "Weng-Kexin"
        },
        "content": "            }"
      },
      {
        "lineNumber": 17,
        "author": {
          "gitId": "Weng-Kexin"
        },
        "content": "            int tempMonth \u003d Integer.parseInt(month);"
      },
      {
        "lineNumber": 18,
        "author": {
          "gitId": "Weng-Kexin"
        },
        "content": "            String[] months \u003d {\"Jan\", \"Feb\", \"Mar\", \"April\", \"May\", \"June\", \"July\", \"Aug\", \"Sept\", \"Oct\", \"Nov\", \"Dec\"}; //SWITCH TO ENUM"
      },
      {
        "lineNumber": 19,
        "author": {
          "gitId": "Weng-Kexin"
        },
        "content": "            month \u003d months[tempMonth - 1]; //- 1 cause indexing"
      },
      {
        "lineNumber": 20,
        "author": {
          "gitId": "Weng-Kexin"
        },
        "content": "            return day + \" \" + month + \" \" + year;"
      },
      {
        "lineNumber": 21,
        "author": {
          "gitId": "Weng-Kexin"
        },
        "content": "        }"
      },
      {
        "lineNumber": 22,
        "author": {
          "gitId": "Weng-Kexin"
        },
        "content": "        return str;"
      },
      {
        "lineNumber": 23,
        "author": {
          "gitId": "Weng-Kexin"
        },
        "content": "    }"
      },
      {
        "lineNumber": 24,
        "author": {
          "gitId": "Weng-Kexin"
        },
        "content": ""
      },
      {
        "lineNumber": 25,
        "author": {
          "gitId": "Weng-Kexin"
        },
        "content": "    private String convertTime(String str) {"
      },
      {
        "lineNumber": 26,
        "author": {
          "gitId": "Weng-Kexin"
        },
        "content": "        if (str.contains(\"am\") || str.contains(\"pm\")) {"
      },
      {
        "lineNumber": 27,
        "author": {
          "gitId": "Weng-Kexin"
        },
        "content": "            return str;"
      },
      {
        "lineNumber": 28,
        "author": {
          "gitId": "Weng-Kexin"
        },
        "content": "        } else {"
      },
      {
        "lineNumber": 29,
        "author": {
          "gitId": "Weng-Kexin"
        },
        "content": "            String hr \u003d str.substring(0, 2), min \u003d str.substring(2, 4), m \u003d \"\";"
      },
      {
        "lineNumber": 30,
        "author": {
          "gitId": "Weng-Kexin"
        },
        "content": "            int hh \u003d Integer.parseInt(hr); //mins \u003d Integer.parseInt(min);"
      },
      {
        "lineNumber": 31,
        "author": {
          "gitId": "Weng-Kexin"
        },
        "content": "            if (hh \u003c 12) {"
      },
      {
        "lineNumber": 32,
        "author": {
          "gitId": "Weng-Kexin"
        },
        "content": "                m \u003d \"am\";"
      },
      {
        "lineNumber": 33,
        "author": {
          "gitId": "Weng-Kexin"
        },
        "content": "            } else {"
      },
      {
        "lineNumber": 34,
        "author": {
          "gitId": "Weng-Kexin"
        },
        "content": "                m \u003d \"pm\";"
      },
      {
        "lineNumber": 35,
        "author": {
          "gitId": "Weng-Kexin"
        },
        "content": "                hh -\u003d 12;"
      },
      {
        "lineNumber": 36,
        "author": {
          "gitId": "Weng-Kexin"
        },
        "content": "            }"
      },
      {
        "lineNumber": 37,
        "author": {
          "gitId": "Weng-Kexin"
        },
        "content": "            if (hh \u003d\u003d 0) {"
      },
      {
        "lineNumber": 38,
        "author": {
          "gitId": "Weng-Kexin"
        },
        "content": "                hh \u003d 12;"
      },
      {
        "lineNumber": 39,
        "author": {
          "gitId": "Weng-Kexin"
        },
        "content": "            }"
      },
      {
        "lineNumber": 40,
        "author": {
          "gitId": "Weng-Kexin"
        },
        "content": "            hr \u003d Integer.toString(hh);"
      },
      {
        "lineNumber": 41,
        "author": {
          "gitId": "Weng-Kexin"
        },
        "content": "            return hr + \":\" + min + m;"
      },
      {
        "lineNumber": 42,
        "author": {
          "gitId": "Weng-Kexin"
        },
        "content": "        }"
      },
      {
        "lineNumber": 43,
        "author": {
          "gitId": "Weng-Kexin"
        },
        "content": "    }"
      },
      {
        "lineNumber": 44,
        "author": {
          "gitId": "Weng-Kexin"
        },
        "content": ""
      },
      {
        "lineNumber": 45,
        "author": {
          "gitId": "Weng-Kexin"
        },
        "content": "    private static boolean isNumeric(String str) {"
      },
      {
        "lineNumber": 46,
        "author": {
          "gitId": "Weng-Kexin"
        },
        "content": "        for (char c : str.toCharArray()) {"
      },
      {
        "lineNumber": 47,
        "author": {
          "gitId": "Weng-Kexin"
        },
        "content": "            if (!Character.isDigit(c)) return false;"
      },
      {
        "lineNumber": 48,
        "author": {
          "gitId": "Weng-Kexin"
        },
        "content": "        }"
      },
      {
        "lineNumber": 49,
        "author": {
          "gitId": "Weng-Kexin"
        },
        "content": "        return true;"
      },
      {
        "lineNumber": 50,
        "author": {
          "gitId": "Weng-Kexin"
        },
        "content": "    }"
      },
      {
        "lineNumber": 51,
        "author": {
          "gitId": "Weng-Kexin"
        },
        "content": ""
      },
      {
        "lineNumber": 52,
        "author": {
          "gitId": "Weng-Kexin"
        },
        "content": "    public String convert(String str) {"
      },
      {
        "lineNumber": 53,
        "author": {
          "gitId": "Weng-Kexin"
        },
        "content": "        String temp \u003d \"\";"
      },
      {
        "lineNumber": 54,
        "author": {
          "gitId": "Weng-Kexin"
        },
        "content": "        String[] split \u003d str.split(\" \");"
      },
      {
        "lineNumber": 55,
        "author": {
          "gitId": "Weng-Kexin"
        },
        "content": "        if (split.length \u003d\u003d 2) {"
      },
      {
        "lineNumber": 56,
        "author": {
          "gitId": "Weng-Kexin"
        },
        "content": "            String date \u003d convertDate(split[0]);"
      },
      {
        "lineNumber": 57,
        "author": {
          "gitId": "Weng-Kexin"
        },
        "content": "            String time \u003d convertTime(split[1]);"
      },
      {
        "lineNumber": 58,
        "author": {
          "gitId": "Weng-Kexin"
        },
        "content": "            temp +\u003d date + \", \" + time;"
      },
      {
        "lineNumber": 59,
        "author": {
          "gitId": "Weng-Kexin"
        },
        "content": "        } else {"
      },
      {
        "lineNumber": 60,
        "author": {
          "gitId": "Weng-Kexin"
        },
        "content": "            if (isNumeric(split[0])) { //is time"
      },
      {
        "lineNumber": 61,
        "author": {
          "gitId": "Weng-Kexin"
        },
        "content": "                temp \u003d convertTime(split[0]);"
      },
      {
        "lineNumber": 62,
        "author": {
          "gitId": "Weng-Kexin"
        },
        "content": "            } else {"
      },
      {
        "lineNumber": 63,
        "author": {
          "gitId": "Weng-Kexin"
        },
        "content": "                temp \u003d convertDate(split[0]);"
      },
      {
        "lineNumber": 64,
        "author": {
          "gitId": "Weng-Kexin"
        },
        "content": "            }"
      },
      {
        "lineNumber": 65,
        "author": {
          "gitId": "Weng-Kexin"
        },
        "content": "        }"
      },
      {
        "lineNumber": 66,
        "author": {
          "gitId": "Weng-Kexin"
        },
        "content": "        return temp;"
      },
      {
        "lineNumber": 67,
        "author": {
          "gitId": "Weng-Kexin"
        },
        "content": "    }"
      },
      {
        "lineNumber": 68,
        "author": {
          "gitId": "Weng-Kexin"
        },
        "content": "}"
      }
    ],
    "authorContributionMap": {
      "Weng-Kexin": 68
    }
  },
  {
    "path": "src/main/java/Deadline.java",
    "fileType": "java",
    "lines": [
      {
        "lineNumber": 1,
        "author": {
          "gitId": "Weng-Kexin"
        },
        "content": "public class Deadline extends Task {"
      },
      {
        "lineNumber": 2,
        "author": {
          "gitId": "Weng-Kexin"
        },
        "content": "    protected String by;"
      },
      {
        "lineNumber": 3,
        "author": {
          "gitId": "Weng-Kexin"
        },
        "content": ""
      },
      {
        "lineNumber": 4,
        "author": {
          "gitId": "Weng-Kexin"
        },
        "content": "    public Deadline(String description, String by) {"
      },
      {
        "lineNumber": 5,
        "author": {
          "gitId": "Weng-Kexin"
        },
        "content": "        super(description);"
      },
      {
        "lineNumber": 6,
        "author": {
          "gitId": "Weng-Kexin"
        },
        "content": "        this.by \u003d by;"
      },
      {
        "lineNumber": 7,
        "author": {
          "gitId": "Weng-Kexin"
        },
        "content": "    }"
      },
      {
        "lineNumber": 8,
        "author": {
          "gitId": "Weng-Kexin"
        },
        "content": ""
      },
      {
        "lineNumber": 9,
        "author": {
          "gitId": "Weng-Kexin"
        },
        "content": "    @Override //this override will override the Task.java override"
      },
      {
        "lineNumber": 10,
        "author": {
          "gitId": "Weng-Kexin"
        },
        "content": "    public String toString() {"
      },
      {
        "lineNumber": 11,
        "author": {
          "gitId": "Weng-Kexin"
        },
        "content": "        if (this.isDone) {"
      },
      {
        "lineNumber": 12,
        "author": {
          "gitId": "Weng-Kexin"
        },
        "content": "            return (\"[D][\\u2713] \" + this.description + \" (by: \" + this.by + \")\");"
      },
      {
        "lineNumber": 13,
        "author": {
          "gitId": "Weng-Kexin"
        },
        "content": "        } else {"
      },
      {
        "lineNumber": 14,
        "author": {
          "gitId": "Weng-Kexin"
        },
        "content": "            return (\"[D][\\u2718] \" + this.description + \" (by: \" + this.by + \")\");"
      },
      {
        "lineNumber": 15,
        "author": {
          "gitId": "Weng-Kexin"
        },
        "content": "        }"
      },
      {
        "lineNumber": 16,
        "author": {
          "gitId": "Weng-Kexin"
        },
        "content": "    }"
      },
      {
        "lineNumber": 17,
        "author": {
          "gitId": "Weng-Kexin"
        },
        "content": ""
      },
      {
        "lineNumber": 18,
        "author": {
          "gitId": "Weng-Kexin"
        },
        "content": "    @Override //this override will override the Task.java override"
      },
      {
        "lineNumber": 19,
        "author": {
          "gitId": "Weng-Kexin"
        },
        "content": "    public String textFormat() { //format is \"Deadline.isDone .description\""
      },
      {
        "lineNumber": 20,
        "author": {
          "gitId": "Weng-Kexin"
        },
        "content": "        return (\"deadline \" + super.textFormat() + \" /by \" + this.by);"
      },
      {
        "lineNumber": 21,
        "author": {
          "gitId": "Weng-Kexin"
        },
        "content": "    }"
      },
      {
        "lineNumber": 22,
        "author": {
          "gitId": "Weng-Kexin"
        },
        "content": "}"
      }
    ],
    "authorContributionMap": {
      "Weng-Kexin": 22
    }
  },
  {
    "path": "src/main/java/Duke.java",
    "fileType": "java",
    "lines": [
      {
        "lineNumber": 1,
        "author": {
          "gitId": "Weng-Kexin"
        },
        "content": "import java.io.IOException;"
      },
      {
        "lineNumber": 2,
        "author": {
          "gitId": "Weng-Kexin"
        },
        "content": "import java.util.ArrayList;"
      },
      {
        "lineNumber": 3,
        "author": {
          "gitId": "Weng-Kexin"
        },
        "content": ""
      },
      {
        "lineNumber": 4,
        "author": {
          "gitId": "-"
        },
        "content": "public class Duke {"
      },
      {
        "lineNumber": 5,
        "author": {
          "gitId": "Weng-Kexin"
        },
        "content": "    public static void main(String[] args) throws IOException {"
      },
      {
        "lineNumber": 6,
        "author": {
          "gitId": "Weng-Kexin"
        },
        "content": ""
      },
      {
        "lineNumber": 7,
        "author": {
          "gitId": "Weng-Kexin"
        },
        "content": "        ArrayList\u003cTask\u003e myArray \u003d new ArrayList\u003c\u003e();"
      },
      {
        "lineNumber": 8,
        "author": {
          "gitId": "Weng-Kexin"
        },
        "content": "        Storage storage \u003d new Storage();"
      },
      {
        "lineNumber": 9,
        "author": {
          "gitId": "Weng-Kexin"
        },
        "content": "        Ui ui \u003d new Ui();"
      },
      {
        "lineNumber": 10,
        "author": {
          "gitId": "Weng-Kexin"
        },
        "content": "        Parser p \u003d new Parser();"
      },
      {
        "lineNumber": 11,
        "author": {
          "gitId": "Weng-Kexin"
        },
        "content": ""
      },
      {
        "lineNumber": 12,
        "author": {
          "gitId": "Weng-Kexin"
        },
        "content": "        String filePath \u003d \"C:\\\\Users\\\\Asus\\\\Desktop\\\\duke\\\\src\\\\main\\\\java\\\\data\\\\duke.txt\";"
      },
      {
        "lineNumber": 13,
        "author": {
          "gitId": "Weng-Kexin"
        },
        "content": "        storage.readFromFile(filePath, myArray); //read from file"
      },
      {
        "lineNumber": 14,
        "author": {
          "gitId": "Weng-Kexin"
        },
        "content": "        ui.greetingMsg();"
      },
      {
        "lineNumber": 15,
        "author": {
          "gitId": "Weng-Kexin"
        },
        "content": "        p.parse(myArray);"
      },
      {
        "lineNumber": 16,
        "author": {
          "gitId": "Weng-Kexin"
        },
        "content": "        storage.saveToFile(myArray, filePath);"
      },
      {
        "lineNumber": 17,
        "author": {
          "gitId": "-"
        },
        "content": "    }"
      },
      {
        "lineNumber": 18,
        "author": {
          "gitId": "-"
        },
        "content": "}"
      }
    ],
    "authorContributionMap": {
      "Weng-Kexin": 15,
      "-": 3
    }
  },
  {
    "path": "src/main/java/Event.java",
    "fileType": "java",
    "lines": [
      {
        "lineNumber": 1,
        "author": {
          "gitId": "Weng-Kexin"
        },
        "content": "public class Event extends Task {"
      },
      {
        "lineNumber": 2,
        "author": {
          "gitId": "Weng-Kexin"
        },
        "content": "    protected String at;"
      },
      {
        "lineNumber": 3,
        "author": {
          "gitId": "Weng-Kexin"
        },
        "content": ""
      },
      {
        "lineNumber": 4,
        "author": {
          "gitId": "Weng-Kexin"
        },
        "content": "    public Event(String description, String at) {"
      },
      {
        "lineNumber": 5,
        "author": {
          "gitId": "Weng-Kexin"
        },
        "content": "        super(description);"
      },
      {
        "lineNumber": 6,
        "author": {
          "gitId": "Weng-Kexin"
        },
        "content": "        this.at \u003d at;"
      },
      {
        "lineNumber": 7,
        "author": {
          "gitId": "Weng-Kexin"
        },
        "content": "    }"
      },
      {
        "lineNumber": 8,
        "author": {
          "gitId": "Weng-Kexin"
        },
        "content": ""
      },
      {
        "lineNumber": 9,
        "author": {
          "gitId": "Weng-Kexin"
        },
        "content": "    @Override //this override will override the Task.java override"
      },
      {
        "lineNumber": 10,
        "author": {
          "gitId": "Weng-Kexin"
        },
        "content": "    public String toString() {"
      },
      {
        "lineNumber": 11,
        "author": {
          "gitId": "Weng-Kexin"
        },
        "content": "        if (this.isDone) {"
      },
      {
        "lineNumber": 12,
        "author": {
          "gitId": "Weng-Kexin"
        },
        "content": "            return (\"[E][\\u2713] \" + this.description + \" (at: \" + this.at + \")\");"
      },
      {
        "lineNumber": 13,
        "author": {
          "gitId": "Weng-Kexin"
        },
        "content": "        } else {"
      },
      {
        "lineNumber": 14,
        "author": {
          "gitId": "Weng-Kexin"
        },
        "content": "            return (\"[E][\\u2718] \" + this.description + \" (at: \" + this.at + \")\");"
      },
      {
        "lineNumber": 15,
        "author": {
          "gitId": "Weng-Kexin"
        },
        "content": "        }"
      },
      {
        "lineNumber": 16,
        "author": {
          "gitId": "Weng-Kexin"
        },
        "content": "    }"
      },
      {
        "lineNumber": 17,
        "author": {
          "gitId": "Weng-Kexin"
        },
        "content": ""
      },
      {
        "lineNumber": 18,
        "author": {
          "gitId": "Weng-Kexin"
        },
        "content": "    @Override //this override will override the Task.java override"
      },
      {
        "lineNumber": 19,
        "author": {
          "gitId": "Weng-Kexin"
        },
        "content": "    public String textFormat() {"
      },
      {
        "lineNumber": 20,
        "author": {
          "gitId": "Weng-Kexin"
        },
        "content": "        return (\"event \" + super.textFormat() + \" /at \" + this.at);"
      },
      {
        "lineNumber": 21,
        "author": {
          "gitId": "Weng-Kexin"
        },
        "content": "    }"
      },
      {
        "lineNumber": 22,
        "author": {
          "gitId": "Weng-Kexin"
        },
        "content": "}"
      }
    ],
    "authorContributionMap": {
      "Weng-Kexin": 22
    }
  },
  {
    "path": "src/main/java/Parser.java",
    "fileType": "java",
    "lines": [
      {
        "lineNumber": 1,
        "author": {
          "gitId": "Weng-Kexin"
        },
        "content": "import java.util.ArrayList;"
      },
      {
        "lineNumber": 2,
        "author": {
          "gitId": "Weng-Kexin"
        },
        "content": "import java.util.Scanner;"
      },
      {
        "lineNumber": 3,
        "author": {
          "gitId": "Weng-Kexin"
        },
        "content": ""
      },
      {
        "lineNumber": 4,
        "author": {
          "gitId": "Weng-Kexin"
        },
        "content": "/*"
      },
      {
        "lineNumber": 5,
        "author": {
          "gitId": "Weng-Kexin"
        },
        "content": " * deals with making sense of the user command"
      },
      {
        "lineNumber": 6,
        "author": {
          "gitId": "Weng-Kexin"
        },
        "content": " */"
      },
      {
        "lineNumber": 7,
        "author": {
          "gitId": "Weng-Kexin"
        },
        "content": "public class Parser {"
      },
      {
        "lineNumber": 8,
        "author": {
          "gitId": "Weng-Kexin"
        },
        "content": ""
      },
      {
        "lineNumber": 9,
        "author": {
          "gitId": "Weng-Kexin"
        },
        "content": "    Ui ui \u003d new Ui();"
      },
      {
        "lineNumber": 10,
        "author": {
          "gitId": "Weng-Kexin"
        },
        "content": "    TaskList t \u003d new TaskList();"
      },
      {
        "lineNumber": 11,
        "author": {
          "gitId": "Weng-Kexin"
        },
        "content": ""
      },
      {
        "lineNumber": 12,
        "author": {
          "gitId": "Weng-Kexin"
        },
        "content": "    /*"
      },
      {
        "lineNumber": 13,
        "author": {
          "gitId": "Weng-Kexin"
        },
        "content": "     * done, delete, todo, deadline, event, find functions"
      },
      {
        "lineNumber": 14,
        "author": {
          "gitId": "Weng-Kexin"
        },
        "content": "     */"
      },
      {
        "lineNumber": 15,
        "author": {
          "gitId": "Weng-Kexin"
        },
        "content": "    void done(ArrayList\u003cTask\u003e myArray, String[] splitted) {"
      },
      {
        "lineNumber": 16,
        "author": {
          "gitId": "Weng-Kexin"
        },
        "content": "        try {"
      },
      {
        "lineNumber": 17,
        "author": {
          "gitId": "Weng-Kexin"
        },
        "content": "            String temp \u003d splitted[1];"
      },
      {
        "lineNumber": 18,
        "author": {
          "gitId": "Weng-Kexin"
        },
        "content": "            int taskNum \u003d Integer.parseInt(temp) - 1;"
      },
      {
        "lineNumber": 19,
        "author": {
          "gitId": "Weng-Kexin"
        },
        "content": "            myArray.get(taskNum).markAsDone(); //use get to modify/access the element"
      },
      {
        "lineNumber": 20,
        "author": {
          "gitId": "Weng-Kexin"
        },
        "content": "            System.out.println(ui.getLine() + \"\\n\" + \"Nice! I\u0027ve marked this task as done:\");"
      },
      {
        "lineNumber": 21,
        "author": {
          "gitId": "Weng-Kexin"
        },
        "content": "            System.out.println(myArray.get(taskNum) + \"\\n\" + ui.getLine());"
      },
      {
        "lineNumber": 22,
        "author": {
          "gitId": "Weng-Kexin"
        },
        "content": "        } catch (Exception e) {"
      },
      {
        "lineNumber": 23,
        "author": {
          "gitId": "Weng-Kexin"
        },
        "content": "            if (splitted.length \u003d\u003d 1) {"
      },
      {
        "lineNumber": 24,
        "author": {
          "gitId": "Weng-Kexin"
        },
        "content": "                ui.emptyMsg(splitted[0]);"
      },
      {
        "lineNumber": 25,
        "author": {
          "gitId": "Weng-Kexin"
        },
        "content": "            } else {"
      },
      {
        "lineNumber": 26,
        "author": {
          "gitId": "Weng-Kexin"
        },
        "content": "                ui.outOfRange();"
      },
      {
        "lineNumber": 27,
        "author": {
          "gitId": "Weng-Kexin"
        },
        "content": "            }"
      },
      {
        "lineNumber": 28,
        "author": {
          "gitId": "Weng-Kexin"
        },
        "content": "        }"
      },
      {
        "lineNumber": 29,
        "author": {
          "gitId": "Weng-Kexin"
        },
        "content": "    }"
      },
      {
        "lineNumber": 30,
        "author": {
          "gitId": "Weng-Kexin"
        },
        "content": ""
      },
      {
        "lineNumber": 31,
        "author": {
          "gitId": "Weng-Kexin"
        },
        "content": "    void delete(ArrayList\u003cTask\u003e myArray, String[] splitted, int i) {"
      },
      {
        "lineNumber": 32,
        "author": {
          "gitId": "Weng-Kexin"
        },
        "content": "        try {"
      },
      {
        "lineNumber": 33,
        "author": {
          "gitId": "Weng-Kexin"
        },
        "content": "            int taskNum \u003d Integer.parseInt(splitted[1]) - 1;"
      },
      {
        "lineNumber": 34,
        "author": {
          "gitId": "Weng-Kexin"
        },
        "content": "            if ((taskNum + 1) \u003e myArray.size() || taskNum \u003c 0) {"
      },
      {
        "lineNumber": 35,
        "author": {
          "gitId": "Weng-Kexin"
        },
        "content": "                ui.outOfRange();"
      },
      {
        "lineNumber": 36,
        "author": {
          "gitId": "Weng-Kexin"
        },
        "content": "            } else {"
      },
      {
        "lineNumber": 37,
        "author": {
          "gitId": "Weng-Kexin"
        },
        "content": "                i--;"
      },
      {
        "lineNumber": 38,
        "author": {
          "gitId": "Weng-Kexin"
        },
        "content": "                System.out.println(ui.getLine() + \"\\n\" + \"Noted. I\u0027ve removed this task:\");"
      },
      {
        "lineNumber": 39,
        "author": {
          "gitId": "Weng-Kexin"
        },
        "content": "                System.out.println(\" \" + myArray.get(taskNum));"
      },
      {
        "lineNumber": 40,
        "author": {
          "gitId": "Weng-Kexin"
        },
        "content": "                myArray.remove(taskNum);"
      },
      {
        "lineNumber": 41,
        "author": {
          "gitId": "Weng-Kexin"
        },
        "content": "                ui.numOfTasksMsg(myArray.size());"
      },
      {
        "lineNumber": 42,
        "author": {
          "gitId": "Weng-Kexin"
        },
        "content": "            }"
      },
      {
        "lineNumber": 43,
        "author": {
          "gitId": "Weng-Kexin"
        },
        "content": "        } catch (Exception e) {"
      },
      {
        "lineNumber": 44,
        "author": {
          "gitId": "Weng-Kexin"
        },
        "content": "            if (splitted.length \u003d\u003d 1) {"
      },
      {
        "lineNumber": 45,
        "author": {
          "gitId": "Weng-Kexin"
        },
        "content": "                ui.emptyMsg(splitted[0]);"
      },
      {
        "lineNumber": 46,
        "author": {
          "gitId": "Weng-Kexin"
        },
        "content": "            } else {"
      },
      {
        "lineNumber": 47,
        "author": {
          "gitId": "Weng-Kexin"
        },
        "content": "                ui.outOfRange();"
      },
      {
        "lineNumber": 48,
        "author": {
          "gitId": "Weng-Kexin"
        },
        "content": "            }"
      },
      {
        "lineNumber": 49,
        "author": {
          "gitId": "Weng-Kexin"
        },
        "content": "        }"
      },
      {
        "lineNumber": 50,
        "author": {
          "gitId": "Weng-Kexin"
        },
        "content": ""
      },
      {
        "lineNumber": 51,
        "author": {
          "gitId": "Weng-Kexin"
        },
        "content": "    }"
      },
      {
        "lineNumber": 52,
        "author": {
          "gitId": "Weng-Kexin"
        },
        "content": ""
      },
      {
        "lineNumber": 53,
        "author": {
          "gitId": "Weng-Kexin"
        },
        "content": "    void todo(ArrayList\u003cTask\u003e myArray, String[] splitted, int i) {"
      },
      {
        "lineNumber": 54,
        "author": {
          "gitId": "Weng-Kexin"
        },
        "content": "        try {"
      },
      {
        "lineNumber": 55,
        "author": {
          "gitId": "Weng-Kexin"
        },
        "content": "            String temp \u003d \"\";"
      },
      {
        "lineNumber": 56,
        "author": {
          "gitId": "Weng-Kexin"
        },
        "content": "            for (int k \u003d 1; k \u003c splitted.length; k++) {"
      },
      {
        "lineNumber": 57,
        "author": {
          "gitId": "Weng-Kexin"
        },
        "content": "                temp +\u003d splitted[k];"
      },
      {
        "lineNumber": 58,
        "author": {
          "gitId": "Weng-Kexin"
        },
        "content": "                temp +\u003d \" \";"
      },
      {
        "lineNumber": 59,
        "author": {
          "gitId": "Weng-Kexin"
        },
        "content": "            }"
      },
      {
        "lineNumber": 60,
        "author": {
          "gitId": "Weng-Kexin"
        },
        "content": "            if (splitted.length \u003d\u003d 1) { //the exception handling for todo"
      },
      {
        "lineNumber": 61,
        "author": {
          "gitId": "Weng-Kexin"
        },
        "content": "                ui.emptyMsg(splitted[0]);"
      },
      {
        "lineNumber": 62,
        "author": {
          "gitId": "Weng-Kexin"
        },
        "content": "            } else {"
      },
      {
        "lineNumber": 63,
        "author": {
          "gitId": "Weng-Kexin"
        },
        "content": "                myArray.add(new ToDo(temp));"
      },
      {
        "lineNumber": 64,
        "author": {
          "gitId": "Weng-Kexin"
        },
        "content": "                ui.addedTask(myArray.get(i));"
      },
      {
        "lineNumber": 65,
        "author": {
          "gitId": "Weng-Kexin"
        },
        "content": "                ui.numOfTasksMsg(myArray.size());"
      },
      {
        "lineNumber": 66,
        "author": {
          "gitId": "Weng-Kexin"
        },
        "content": "                i++;"
      },
      {
        "lineNumber": 67,
        "author": {
          "gitId": "Weng-Kexin"
        },
        "content": "            }"
      },
      {
        "lineNumber": 68,
        "author": {
          "gitId": "Weng-Kexin"
        },
        "content": "        } catch (Exception e) {"
      },
      {
        "lineNumber": 69,
        "author": {
          "gitId": "Weng-Kexin"
        },
        "content": "            ui.errorMsg();"
      },
      {
        "lineNumber": 70,
        "author": {
          "gitId": "Weng-Kexin"
        },
        "content": "        }"
      },
      {
        "lineNumber": 71,
        "author": {
          "gitId": "Weng-Kexin"
        },
        "content": "    }"
      },
      {
        "lineNumber": 72,
        "author": {
          "gitId": "Weng-Kexin"
        },
        "content": ""
      },
      {
        "lineNumber": 73,
        "author": {
          "gitId": "Weng-Kexin"
        },
        "content": "    void deadline(ArrayList\u003cTask\u003e myArray, String[] splitted, int i) {"
      },
      {
        "lineNumber": 74,
        "author": {
          "gitId": "Weng-Kexin"
        },
        "content": "        DateAndTimeConverter c \u003d new DateAndTimeConverter();"
      },
      {
        "lineNumber": 75,
        "author": {
          "gitId": "Weng-Kexin"
        },
        "content": "        try {"
      },
      {
        "lineNumber": 76,
        "author": {
          "gitId": "Weng-Kexin"
        },
        "content": "            String tempTask \u003d \"\", tempBy \u003d \"\";"
      },
      {
        "lineNumber": 77,
        "author": {
          "gitId": "Weng-Kexin"
        },
        "content": "            boolean isBy \u003d false;"
      },
      {
        "lineNumber": 78,
        "author": {
          "gitId": "Weng-Kexin"
        },
        "content": "            for (int k \u003d 1; k \u003c splitted.length; k++) {"
      },
      {
        "lineNumber": 79,
        "author": {
          "gitId": "Weng-Kexin"
        },
        "content": "                if (splitted[k].equals(\"/by\")) isBy \u003d true;"
      },
      {
        "lineNumber": 80,
        "author": {
          "gitId": "Weng-Kexin"
        },
        "content": "                if (isBy) {"
      },
      {
        "lineNumber": 81,
        "author": {
          "gitId": "Weng-Kexin"
        },
        "content": "                    if (!splitted[k].equals(\"/by\")) { //need to do this to get rid of \"/by\""
      },
      {
        "lineNumber": 82,
        "author": {
          "gitId": "Weng-Kexin"
        },
        "content": "                        tempBy +\u003d splitted[k];"
      },
      {
        "lineNumber": 83,
        "author": {
          "gitId": "Weng-Kexin"
        },
        "content": "                        tempBy +\u003d \" \";"
      },
      {
        "lineNumber": 84,
        "author": {
          "gitId": "Weng-Kexin"
        },
        "content": "                    }"
      },
      {
        "lineNumber": 85,
        "author": {
          "gitId": "Weng-Kexin"
        },
        "content": "                } else {"
      },
      {
        "lineNumber": 86,
        "author": {
          "gitId": "Weng-Kexin"
        },
        "content": "                    tempTask +\u003d splitted[k];"
      },
      {
        "lineNumber": 87,
        "author": {
          "gitId": "Weng-Kexin"
        },
        "content": "                    tempTask +\u003d \" \";"
      },
      {
        "lineNumber": 88,
        "author": {
          "gitId": "Weng-Kexin"
        },
        "content": "                }"
      },
      {
        "lineNumber": 89,
        "author": {
          "gitId": "Weng-Kexin"
        },
        "content": "            }"
      },
      {
        "lineNumber": 90,
        "author": {
          "gitId": "Weng-Kexin"
        },
        "content": "            if (!isBy || splitted.length \u003d\u003d 1) {"
      },
      {
        "lineNumber": 91,
        "author": {
          "gitId": "Weng-Kexin"
        },
        "content": "                ui.emptyMsg(splitted[0]);"
      },
      {
        "lineNumber": 92,
        "author": {
          "gitId": "Weng-Kexin"
        },
        "content": "            } else {"
      },
      {
        "lineNumber": 93,
        "author": {
          "gitId": "Weng-Kexin"
        },
        "content": "                tempBy \u003d c.convert(tempBy);"
      },
      {
        "lineNumber": 94,
        "author": {
          "gitId": "Weng-Kexin"
        },
        "content": "                myArray.add(new Deadline(tempTask.trim(), tempBy.trim()));"
      },
      {
        "lineNumber": 95,
        "author": {
          "gitId": "Weng-Kexin"
        },
        "content": "                ui.addedTask(myArray.get(i));"
      },
      {
        "lineNumber": 96,
        "author": {
          "gitId": "Weng-Kexin"
        },
        "content": "                ui.numOfTasksMsg(myArray.size());"
      },
      {
        "lineNumber": 97,
        "author": {
          "gitId": "Weng-Kexin"
        },
        "content": "                i++;"
      },
      {
        "lineNumber": 98,
        "author": {
          "gitId": "Weng-Kexin"
        },
        "content": "            }"
      },
      {
        "lineNumber": 99,
        "author": {
          "gitId": "Weng-Kexin"
        },
        "content": "        } catch (Exception e) {"
      },
      {
        "lineNumber": 100,
        "author": {
          "gitId": "Weng-Kexin"
        },
        "content": "            ui.errorMsg();"
      },
      {
        "lineNumber": 101,
        "author": {
          "gitId": "Weng-Kexin"
        },
        "content": "        }"
      },
      {
        "lineNumber": 102,
        "author": {
          "gitId": "Weng-Kexin"
        },
        "content": "    }"
      },
      {
        "lineNumber": 103,
        "author": {
          "gitId": "Weng-Kexin"
        },
        "content": ""
      },
      {
        "lineNumber": 104,
        "author": {
          "gitId": "Weng-Kexin"
        },
        "content": "    void event(ArrayList\u003cTask\u003e myArray, String[] splitted, int i) {"
      },
      {
        "lineNumber": 105,
        "author": {
          "gitId": "Weng-Kexin"
        },
        "content": "        DateAndTimeConverter c \u003d new DateAndTimeConverter();"
      },
      {
        "lineNumber": 106,
        "author": {
          "gitId": "Weng-Kexin"
        },
        "content": "        try {"
      },
      {
        "lineNumber": 107,
        "author": {
          "gitId": "Weng-Kexin"
        },
        "content": "            String tempTask \u003d \"\", tempAt \u003d \"\";"
      },
      {
        "lineNumber": 108,
        "author": {
          "gitId": "Weng-Kexin"
        },
        "content": "            boolean isAt \u003d false;"
      },
      {
        "lineNumber": 109,
        "author": {
          "gitId": "Weng-Kexin"
        },
        "content": "            for (int k \u003d 1; k \u003c splitted.length; k++) {"
      },
      {
        "lineNumber": 110,
        "author": {
          "gitId": "Weng-Kexin"
        },
        "content": "                if (splitted[k].equals(\"/at\")) isAt \u003d true;"
      },
      {
        "lineNumber": 111,
        "author": {
          "gitId": "Weng-Kexin"
        },
        "content": "                if (isAt) {"
      },
      {
        "lineNumber": 112,
        "author": {
          "gitId": "Weng-Kexin"
        },
        "content": "                    if (!splitted[k].equals(\"/at\")) { //need to do this to get rid of \"/at\""
      },
      {
        "lineNumber": 113,
        "author": {
          "gitId": "Weng-Kexin"
        },
        "content": "                        tempAt +\u003d splitted[k];"
      },
      {
        "lineNumber": 114,
        "author": {
          "gitId": "Weng-Kexin"
        },
        "content": "                        tempAt +\u003d \" \";"
      },
      {
        "lineNumber": 115,
        "author": {
          "gitId": "Weng-Kexin"
        },
        "content": "                    }"
      },
      {
        "lineNumber": 116,
        "author": {
          "gitId": "Weng-Kexin"
        },
        "content": "                } else {"
      },
      {
        "lineNumber": 117,
        "author": {
          "gitId": "Weng-Kexin"
        },
        "content": "                    tempTask +\u003d splitted[k];"
      },
      {
        "lineNumber": 118,
        "author": {
          "gitId": "Weng-Kexin"
        },
        "content": "                    tempTask +\u003d \" \";"
      },
      {
        "lineNumber": 119,
        "author": {
          "gitId": "Weng-Kexin"
        },
        "content": "                }"
      },
      {
        "lineNumber": 120,
        "author": {
          "gitId": "Weng-Kexin"
        },
        "content": "            }"
      },
      {
        "lineNumber": 121,
        "author": {
          "gitId": "Weng-Kexin"
        },
        "content": "            if (!isAt || splitted.length \u003d\u003d 1) {"
      },
      {
        "lineNumber": 122,
        "author": {
          "gitId": "Weng-Kexin"
        },
        "content": "                ui.emptyMsg(splitted[0]);"
      },
      {
        "lineNumber": 123,
        "author": {
          "gitId": "Weng-Kexin"
        },
        "content": "            } else {"
      },
      {
        "lineNumber": 124,
        "author": {
          "gitId": "Weng-Kexin"
        },
        "content": "                tempAt \u003d c.convert(tempAt);"
      },
      {
        "lineNumber": 125,
        "author": {
          "gitId": "Weng-Kexin"
        },
        "content": "                myArray.add(new Event(tempTask.trim(), tempAt.trim()));"
      },
      {
        "lineNumber": 126,
        "author": {
          "gitId": "Weng-Kexin"
        },
        "content": "                ui.addedTask(myArray.get(i));"
      },
      {
        "lineNumber": 127,
        "author": {
          "gitId": "Weng-Kexin"
        },
        "content": "                ui.numOfTasksMsg(myArray.size());"
      },
      {
        "lineNumber": 128,
        "author": {
          "gitId": "Weng-Kexin"
        },
        "content": "                i++;"
      },
      {
        "lineNumber": 129,
        "author": {
          "gitId": "Weng-Kexin"
        },
        "content": "            }"
      },
      {
        "lineNumber": 130,
        "author": {
          "gitId": "Weng-Kexin"
        },
        "content": "        } catch (Exception e) {"
      },
      {
        "lineNumber": 131,
        "author": {
          "gitId": "Weng-Kexin"
        },
        "content": "            ui.errorMsg();"
      },
      {
        "lineNumber": 132,
        "author": {
          "gitId": "Weng-Kexin"
        },
        "content": "        }"
      },
      {
        "lineNumber": 133,
        "author": {
          "gitId": "Weng-Kexin"
        },
        "content": "    }"
      },
      {
        "lineNumber": 134,
        "author": {
          "gitId": "Weng-Kexin"
        },
        "content": ""
      },
      {
        "lineNumber": 135,
        "author": {
          "gitId": "Weng-Kexin"
        },
        "content": "    void find(ArrayList\u003cTask\u003e myArray, String[] splitted) {"
      },
      {
        "lineNumber": 136,
        "author": {
          "gitId": "Weng-Kexin"
        },
        "content": "        try {"
      },
      {
        "lineNumber": 137,
        "author": {
          "gitId": "Weng-Kexin"
        },
        "content": "            if (splitted.length \u003d\u003d 1) {"
      },
      {
        "lineNumber": 138,
        "author": {
          "gitId": "Weng-Kexin"
        },
        "content": "                ui.emptyMsg((splitted[0]));"
      },
      {
        "lineNumber": 139,
        "author": {
          "gitId": "Weng-Kexin"
        },
        "content": "            } else {"
      },
      {
        "lineNumber": 140,
        "author": {
          "gitId": "Weng-Kexin"
        },
        "content": "                t.findInList(myArray, splitted);"
      },
      {
        "lineNumber": 141,
        "author": {
          "gitId": "Weng-Kexin"
        },
        "content": "            }"
      },
      {
        "lineNumber": 142,
        "author": {
          "gitId": "Weng-Kexin"
        },
        "content": "        } catch (Exception e) {"
      },
      {
        "lineNumber": 143,
        "author": {
          "gitId": "Weng-Kexin"
        },
        "content": "            ui.errorMsg();"
      },
      {
        "lineNumber": 144,
        "author": {
          "gitId": "Weng-Kexin"
        },
        "content": "        }"
      },
      {
        "lineNumber": 145,
        "author": {
          "gitId": "Weng-Kexin"
        },
        "content": "    }"
      },
      {
        "lineNumber": 146,
        "author": {
          "gitId": "Weng-Kexin"
        },
        "content": ""
      },
      {
        "lineNumber": 147,
        "author": {
          "gitId": "Weng-Kexin"
        },
        "content": "    /*"
      },
      {
        "lineNumber": 148,
        "author": {
          "gitId": "Weng-Kexin"
        },
        "content": "     * The main method being used"
      },
      {
        "lineNumber": 149,
        "author": {
          "gitId": "Weng-Kexin"
        },
        "content": "     */"
      },
      {
        "lineNumber": 150,
        "author": {
          "gitId": "Weng-Kexin"
        },
        "content": "    void parse(ArrayList\u003cTask\u003e myArray) {"
      },
      {
        "lineNumber": 151,
        "author": {
          "gitId": "Weng-Kexin"
        },
        "content": "        int i \u003d myArray.size();"
      },
      {
        "lineNumber": 152,
        "author": {
          "gitId": "Weng-Kexin"
        },
        "content": "        while (true) {"
      },
      {
        "lineNumber": 153,
        "author": {
          "gitId": "Weng-Kexin"
        },
        "content": "            Scanner scanner \u003d new Scanner(System.in);"
      },
      {
        "lineNumber": 154,
        "author": {
          "gitId": "Weng-Kexin"
        },
        "content": "            String input \u003d scanner.nextLine();"
      },
      {
        "lineNumber": 155,
        "author": {
          "gitId": "Weng-Kexin"
        },
        "content": "            if (input.equals(\"bye\")) { //cant use \"\u003d\u003d\" to compare strings **it only compares the memory address"
      },
      {
        "lineNumber": 156,
        "author": {
          "gitId": "Weng-Kexin"
        },
        "content": "                ui.msg(\"Bye. Hope to see you again soon!\\n\");"
      },
      {
        "lineNumber": 157,
        "author": {
          "gitId": "Weng-Kexin"
        },
        "content": "                break;"
      },
      {
        "lineNumber": 158,
        "author": {
          "gitId": "Weng-Kexin"
        },
        "content": "            } else if (input.equals(\"list\")) { //list the array directly from Task[]"
      },
      {
        "lineNumber": 159,
        "author": {
          "gitId": "Weng-Kexin"
        },
        "content": "                t.list(myArray);"
      },
      {
        "lineNumber": 160,
        "author": {
          "gitId": "Weng-Kexin"
        },
        "content": "            } else {"
      },
      {
        "lineNumber": 161,
        "author": {
          "gitId": "Weng-Kexin"
        },
        "content": "                String[] splitted \u003d input.split(\" \");"
      },
      {
        "lineNumber": 162,
        "author": {
          "gitId": "Weng-Kexin"
        },
        "content": "                switch (splitted[0]) {"
      },
      {
        "lineNumber": 163,
        "author": {
          "gitId": "Weng-Kexin"
        },
        "content": "                    case \"done\":"
      },
      {
        "lineNumber": 164,
        "author": {
          "gitId": "Weng-Kexin"
        },
        "content": "                        done(myArray, splitted);"
      },
      {
        "lineNumber": 165,
        "author": {
          "gitId": "Weng-Kexin"
        },
        "content": "                        break;"
      },
      {
        "lineNumber": 166,
        "author": {
          "gitId": "Weng-Kexin"
        },
        "content": "                    case \"delete\":"
      },
      {
        "lineNumber": 167,
        "author": {
          "gitId": "Weng-Kexin"
        },
        "content": "                        delete(myArray, splitted, i);"
      },
      {
        "lineNumber": 168,
        "author": {
          "gitId": "Weng-Kexin"
        },
        "content": "                        break;"
      },
      {
        "lineNumber": 169,
        "author": {
          "gitId": "Weng-Kexin"
        },
        "content": "                    case \"todo\":"
      },
      {
        "lineNumber": 170,
        "author": {
          "gitId": "Weng-Kexin"
        },
        "content": "                        todo(myArray, splitted, i);"
      },
      {
        "lineNumber": 171,
        "author": {
          "gitId": "Weng-Kexin"
        },
        "content": "                        break;"
      },
      {
        "lineNumber": 172,
        "author": {
          "gitId": "Weng-Kexin"
        },
        "content": "                    case \"deadline\":"
      },
      {
        "lineNumber": 173,
        "author": {
          "gitId": "Weng-Kexin"
        },
        "content": "                        deadline(myArray, splitted, i);"
      },
      {
        "lineNumber": 174,
        "author": {
          "gitId": "Weng-Kexin"
        },
        "content": "                        break;"
      },
      {
        "lineNumber": 175,
        "author": {
          "gitId": "Weng-Kexin"
        },
        "content": "                    case \"event\":"
      },
      {
        "lineNumber": 176,
        "author": {
          "gitId": "Weng-Kexin"
        },
        "content": "                        event(myArray, splitted, i);"
      },
      {
        "lineNumber": 177,
        "author": {
          "gitId": "Weng-Kexin"
        },
        "content": "                        break;"
      },
      {
        "lineNumber": 178,
        "author": {
          "gitId": "Weng-Kexin"
        },
        "content": "                    case \"find\":"
      },
      {
        "lineNumber": 179,
        "author": {
          "gitId": "Weng-Kexin"
        },
        "content": "                        find(myArray, splitted);"
      },
      {
        "lineNumber": 180,
        "author": {
          "gitId": "Weng-Kexin"
        },
        "content": "                        break;"
      },
      {
        "lineNumber": 181,
        "author": {
          "gitId": "Weng-Kexin"
        },
        "content": "                    default:"
      },
      {
        "lineNumber": 182,
        "author": {
          "gitId": "Weng-Kexin"
        },
        "content": "                        ui.errorMsg();"
      },
      {
        "lineNumber": 183,
        "author": {
          "gitId": "Weng-Kexin"
        },
        "content": "                        break;"
      },
      {
        "lineNumber": 184,
        "author": {
          "gitId": "Weng-Kexin"
        },
        "content": "                }"
      },
      {
        "lineNumber": 185,
        "author": {
          "gitId": "Weng-Kexin"
        },
        "content": "            }"
      },
      {
        "lineNumber": 186,
        "author": {
          "gitId": "Weng-Kexin"
        },
        "content": "        }"
      },
      {
        "lineNumber": 187,
        "author": {
          "gitId": "Weng-Kexin"
        },
        "content": "    }"
      },
      {
        "lineNumber": 188,
        "author": {
          "gitId": "Weng-Kexin"
        },
        "content": "}"
      }
    ],
    "authorContributionMap": {
      "Weng-Kexin": 188
    }
  },
  {
    "path": "src/main/java/Storage.java",
    "fileType": "java",
    "lines": [
      {
        "lineNumber": 1,
        "author": {
          "gitId": "Weng-Kexin"
        },
        "content": "import java.io.File;"
      },
      {
        "lineNumber": 2,
        "author": {
          "gitId": "Weng-Kexin"
        },
        "content": "import java.io.FileWriter;"
      },
      {
        "lineNumber": 3,
        "author": {
          "gitId": "Weng-Kexin"
        },
        "content": "import java.io.IOException;"
      },
      {
        "lineNumber": 4,
        "author": {
          "gitId": "Weng-Kexin"
        },
        "content": "import java.util.ArrayList;"
      },
      {
        "lineNumber": 5,
        "author": {
          "gitId": "Weng-Kexin"
        },
        "content": "import java.util.Scanner;"
      },
      {
        "lineNumber": 6,
        "author": {
          "gitId": "Weng-Kexin"
        },
        "content": ""
      },
      {
        "lineNumber": 7,
        "author": {
          "gitId": "Weng-Kexin"
        },
        "content": "public class Storage {"
      },
      {
        "lineNumber": 8,
        "author": {
          "gitId": "Weng-Kexin"
        },
        "content": ""
      },
      {
        "lineNumber": 9,
        "author": {
          "gitId": "Weng-Kexin"
        },
        "content": "    public void readFromFile(String filePath, ArrayList\u003cTask\u003e myArray) throws IOException {"
      },
      {
        "lineNumber": 10,
        "author": {
          "gitId": "Weng-Kexin"
        },
        "content": "        File f \u003d new File(filePath);"
      },
      {
        "lineNumber": 11,
        "author": {
          "gitId": "Weng-Kexin"
        },
        "content": "        if (!f.exists()) {"
      },
      {
        "lineNumber": 12,
        "author": {
          "gitId": "Weng-Kexin"
        },
        "content": "            f.createNewFile();"
      },
      {
        "lineNumber": 13,
        "author": {
          "gitId": "Weng-Kexin"
        },
        "content": "        }"
      },
      {
        "lineNumber": 14,
        "author": {
          "gitId": "Weng-Kexin"
        },
        "content": "        Scanner sf \u003d new Scanner(f); //reads content in f"
      },
      {
        "lineNumber": 15,
        "author": {
          "gitId": "Weng-Kexin"
        },
        "content": "        String temp \u003d \"\";"
      },
      {
        "lineNumber": 16,
        "author": {
          "gitId": "Weng-Kexin"
        },
        "content": "        int j \u003d 0;"
      },
      {
        "lineNumber": 17,
        "author": {
          "gitId": "Weng-Kexin"
        },
        "content": "        while (sf.hasNextLine()) { //keep reading new line of duke.txt and add to Task"
      },
      {
        "lineNumber": 18,
        "author": {
          "gitId": "Weng-Kexin"
        },
        "content": "            temp \u003d sf.nextLine();"
      },
      {
        "lineNumber": 19,
        "author": {
          "gitId": "Weng-Kexin"
        },
        "content": "            String[] splitted \u003d temp.split(\" \");"
      },
      {
        "lineNumber": 20,
        "author": {
          "gitId": "Weng-Kexin"
        },
        "content": "            if (splitted[0].equals(\"todo\")) {"
      },
      {
        "lineNumber": 21,
        "author": {
          "gitId": "Weng-Kexin"
        },
        "content": "                String tempStr \u003d \"\";"
      },
      {
        "lineNumber": 22,
        "author": {
          "gitId": "Weng-Kexin"
        },
        "content": "                for (int i \u003d 2; i \u003c splitted.length; i++) { //start from 2 because udw the task type and bool value"
      },
      {
        "lineNumber": 23,
        "author": {
          "gitId": "Weng-Kexin"
        },
        "content": "                    tempStr +\u003d splitted[i];"
      },
      {
        "lineNumber": 24,
        "author": {
          "gitId": "Weng-Kexin"
        },
        "content": "                    tempStr +\u003d \" \";"
      },
      {
        "lineNumber": 25,
        "author": {
          "gitId": "Weng-Kexin"
        },
        "content": "                }"
      },
      {
        "lineNumber": 26,
        "author": {
          "gitId": "Weng-Kexin"
        },
        "content": "                myArray.add(new ToDo(tempStr.trim()));"
      },
      {
        "lineNumber": 27,
        "author": {
          "gitId": "Weng-Kexin"
        },
        "content": "            } else if (splitted[0].equals(\"deadline\")) {"
      },
      {
        "lineNumber": 28,
        "author": {
          "gitId": "Weng-Kexin"
        },
        "content": "                String tempStr \u003d \"\", tempBy \u003d \"\";"
      },
      {
        "lineNumber": 29,
        "author": {
          "gitId": "Weng-Kexin"
        },
        "content": "                boolean isBy \u003d false;"
      },
      {
        "lineNumber": 30,
        "author": {
          "gitId": "Weng-Kexin"
        },
        "content": "                for (int i \u003d 2; i \u003c splitted.length; i++) {"
      },
      {
        "lineNumber": 31,
        "author": {
          "gitId": "Weng-Kexin"
        },
        "content": "                    if (splitted[i].equals(\"/by\")) isBy \u003d true;"
      },
      {
        "lineNumber": 32,
        "author": {
          "gitId": "Weng-Kexin"
        },
        "content": "                    if (isBy) {"
      },
      {
        "lineNumber": 33,
        "author": {
          "gitId": "Weng-Kexin"
        },
        "content": "                        if (!splitted[i].equals(\"/by\")) { //to remove /by"
      },
      {
        "lineNumber": 34,
        "author": {
          "gitId": "Weng-Kexin"
        },
        "content": "                            tempBy +\u003d splitted[i];"
      },
      {
        "lineNumber": 35,
        "author": {
          "gitId": "Weng-Kexin"
        },
        "content": "                            tempBy +\u003d \" \";"
      },
      {
        "lineNumber": 36,
        "author": {
          "gitId": "Weng-Kexin"
        },
        "content": "                        }"
      },
      {
        "lineNumber": 37,
        "author": {
          "gitId": "Weng-Kexin"
        },
        "content": "                    } else {"
      },
      {
        "lineNumber": 38,
        "author": {
          "gitId": "Weng-Kexin"
        },
        "content": "                        tempStr +\u003d splitted[i];"
      },
      {
        "lineNumber": 39,
        "author": {
          "gitId": "Weng-Kexin"
        },
        "content": "                        tempStr +\u003d \" \";"
      },
      {
        "lineNumber": 40,
        "author": {
          "gitId": "Weng-Kexin"
        },
        "content": "                    }"
      },
      {
        "lineNumber": 41,
        "author": {
          "gitId": "Weng-Kexin"
        },
        "content": "                }"
      },
      {
        "lineNumber": 42,
        "author": {
          "gitId": "Weng-Kexin"
        },
        "content": "                myArray.add(new Deadline(tempStr.trim(), tempBy.trim()));"
      },
      {
        "lineNumber": 43,
        "author": {
          "gitId": "Weng-Kexin"
        },
        "content": "            } else {"
      },
      {
        "lineNumber": 44,
        "author": {
          "gitId": "Weng-Kexin"
        },
        "content": "                String tempStr \u003d \"\", tempAt \u003d \"\";"
      },
      {
        "lineNumber": 45,
        "author": {
          "gitId": "Weng-Kexin"
        },
        "content": "                boolean isAt \u003d false;"
      },
      {
        "lineNumber": 46,
        "author": {
          "gitId": "Weng-Kexin"
        },
        "content": "                for (int k \u003d 2; k \u003c splitted.length; k++) {"
      },
      {
        "lineNumber": 47,
        "author": {
          "gitId": "Weng-Kexin"
        },
        "content": "                    if (splitted[k].equals(\"/at\")) isAt \u003d true;"
      },
      {
        "lineNumber": 48,
        "author": {
          "gitId": "Weng-Kexin"
        },
        "content": "                    if (isAt) {"
      },
      {
        "lineNumber": 49,
        "author": {
          "gitId": "Weng-Kexin"
        },
        "content": "                        if (!splitted[k].equals(\"/at\")) { //need to do this to get rid of \"/at\""
      },
      {
        "lineNumber": 50,
        "author": {
          "gitId": "Weng-Kexin"
        },
        "content": "                            tempAt +\u003d splitted[k];"
      },
      {
        "lineNumber": 51,
        "author": {
          "gitId": "Weng-Kexin"
        },
        "content": "                            tempAt +\u003d \" \";"
      },
      {
        "lineNumber": 52,
        "author": {
          "gitId": "Weng-Kexin"
        },
        "content": "                        }"
      },
      {
        "lineNumber": 53,
        "author": {
          "gitId": "Weng-Kexin"
        },
        "content": "                    } else {"
      },
      {
        "lineNumber": 54,
        "author": {
          "gitId": "Weng-Kexin"
        },
        "content": "                        tempStr +\u003d splitted[k];"
      },
      {
        "lineNumber": 55,
        "author": {
          "gitId": "Weng-Kexin"
        },
        "content": "                        tempStr +\u003d \" \";"
      },
      {
        "lineNumber": 56,
        "author": {
          "gitId": "Weng-Kexin"
        },
        "content": "                    }"
      },
      {
        "lineNumber": 57,
        "author": {
          "gitId": "Weng-Kexin"
        },
        "content": "                }"
      },
      {
        "lineNumber": 58,
        "author": {
          "gitId": "Weng-Kexin"
        },
        "content": "                myArray.add(new Event(tempStr.trim(), tempAt.trim()));"
      },
      {
        "lineNumber": 59,
        "author": {
          "gitId": "Weng-Kexin"
        },
        "content": "            }"
      },
      {
        "lineNumber": 60,
        "author": {
          "gitId": "Weng-Kexin"
        },
        "content": "            //mark as done"
      },
      {
        "lineNumber": 61,
        "author": {
          "gitId": "Weng-Kexin"
        },
        "content": "            if (splitted[1].equals(\"1\")) {"
      },
      {
        "lineNumber": 62,
        "author": {
          "gitId": "Weng-Kexin"
        },
        "content": "                myArray.get(j).markAsDone();"
      },
      {
        "lineNumber": 63,
        "author": {
          "gitId": "Weng-Kexin"
        },
        "content": "            }"
      },
      {
        "lineNumber": 64,
        "author": {
          "gitId": "Weng-Kexin"
        },
        "content": "            j++;"
      },
      {
        "lineNumber": 65,
        "author": {
          "gitId": "Weng-Kexin"
        },
        "content": "        }"
      },
      {
        "lineNumber": 66,
        "author": {
          "gitId": "Weng-Kexin"
        },
        "content": "    }"
      },
      {
        "lineNumber": 67,
        "author": {
          "gitId": "Weng-Kexin"
        },
        "content": ""
      },
      {
        "lineNumber": 68,
        "author": {
          "gitId": "Weng-Kexin"
        },
        "content": "    public void saveToFile(ArrayList\u003cTask\u003e myArray, String filePath) throws IOException {"
      },
      {
        "lineNumber": 69,
        "author": {
          "gitId": "Weng-Kexin"
        },
        "content": "        FileWriter fw \u003d new FileWriter(filePath);"
      },
      {
        "lineNumber": 70,
        "author": {
          "gitId": "Weng-Kexin"
        },
        "content": "        for (Task t: myArray) {"
      },
      {
        "lineNumber": 71,
        "author": {
          "gitId": "Weng-Kexin"
        },
        "content": "            fw.write(t.textFormat());"
      },
      {
        "lineNumber": 72,
        "author": {
          "gitId": "Weng-Kexin"
        },
        "content": "            fw.write(\"\\n\");"
      },
      {
        "lineNumber": 73,
        "author": {
          "gitId": "Weng-Kexin"
        },
        "content": "        }"
      },
      {
        "lineNumber": 74,
        "author": {
          "gitId": "Weng-Kexin"
        },
        "content": "        fw.close();"
      },
      {
        "lineNumber": 75,
        "author": {
          "gitId": "Weng-Kexin"
        },
        "content": "    }"
      },
      {
        "lineNumber": 76,
        "author": {
          "gitId": "Weng-Kexin"
        },
        "content": "}"
      }
    ],
    "authorContributionMap": {
      "Weng-Kexin": 76
    }
  },
  {
    "path": "src/main/java/Task.java",
    "fileType": "java",
    "lines": [
      {
        "lineNumber": 1,
        "author": {
          "gitId": "Weng-Kexin"
        },
        "content": "public class Task {"
      },
      {
        "lineNumber": 2,
        "author": {
          "gitId": "Weng-Kexin"
        },
        "content": "    protected String description; //protected access is like public but not all can access"
      },
      {
        "lineNumber": 3,
        "author": {
          "gitId": "Weng-Kexin"
        },
        "content": "    protected boolean isDone;"
      },
      {
        "lineNumber": 4,
        "author": {
          "gitId": "Weng-Kexin"
        },
        "content": ""
      },
      {
        "lineNumber": 5,
        "author": {
          "gitId": "Weng-Kexin"
        },
        "content": "    public Task(String description) {"
      },
      {
        "lineNumber": 6,
        "author": {
          "gitId": "Weng-Kexin"
        },
        "content": "        this.description \u003d description;"
      },
      {
        "lineNumber": 7,
        "author": {
          "gitId": "Weng-Kexin"
        },
        "content": "        this.isDone \u003d false;"
      },
      {
        "lineNumber": 8,
        "author": {
          "gitId": "Weng-Kexin"
        },
        "content": "    }"
      },
      {
        "lineNumber": 9,
        "author": {
          "gitId": "Weng-Kexin"
        },
        "content": ""
      },
      {
        "lineNumber": 10,
        "author": {
          "gitId": "Weng-Kexin"
        },
        "content": "    public void markAsDone() {"
      },
      {
        "lineNumber": 11,
        "author": {
          "gitId": "Weng-Kexin"
        },
        "content": "        this.isDone \u003d true;"
      },
      {
        "lineNumber": 12,
        "author": {
          "gitId": "Weng-Kexin"
        },
        "content": "    }"
      },
      {
        "lineNumber": 13,
        "author": {
          "gitId": "Weng-Kexin"
        },
        "content": ""
      },
      {
        "lineNumber": 14,
        "author": {
          "gitId": "Weng-Kexin"
        },
        "content": "    @Override"
      },
      {
        "lineNumber": 15,
        "author": {
          "gitId": "Weng-Kexin"
        },
        "content": "    public String toString() {"
      },
      {
        "lineNumber": 16,
        "author": {
          "gitId": "Weng-Kexin"
        },
        "content": "        if (this.isDone) {"
      },
      {
        "lineNumber": 17,
        "author": {
          "gitId": "Weng-Kexin"
        },
        "content": "            return (\"[\\u2713] \" + this.description);"
      },
      {
        "lineNumber": 18,
        "author": {
          "gitId": "Weng-Kexin"
        },
        "content": "        } else {"
      },
      {
        "lineNumber": 19,
        "author": {
          "gitId": "Weng-Kexin"
        },
        "content": "            return (\"[\\u2718] \" + this.description);"
      },
      {
        "lineNumber": 20,
        "author": {
          "gitId": "Weng-Kexin"
        },
        "content": "        }"
      },
      {
        "lineNumber": 21,
        "author": {
          "gitId": "Weng-Kexin"
        },
        "content": "    }"
      },
      {
        "lineNumber": 22,
        "author": {
          "gitId": "Weng-Kexin"
        },
        "content": ""
      },
      {
        "lineNumber": 23,
        "author": {
          "gitId": "Weng-Kexin"
        },
        "content": "    public String textFormat() { //to store in text file, format is \".isDone .description\""
      },
      {
        "lineNumber": 24,
        "author": {
          "gitId": "Weng-Kexin"
        },
        "content": "        if (this.isDone) {"
      },
      {
        "lineNumber": 25,
        "author": {
          "gitId": "Weng-Kexin"
        },
        "content": "            return (\"1 \" + this.description);"
      },
      {
        "lineNumber": 26,
        "author": {
          "gitId": "Weng-Kexin"
        },
        "content": "        } else {"
      },
      {
        "lineNumber": 27,
        "author": {
          "gitId": "Weng-Kexin"
        },
        "content": "            return (\"0 \" + this.description);"
      },
      {
        "lineNumber": 28,
        "author": {
          "gitId": "Weng-Kexin"
        },
        "content": "        }"
      },
      {
        "lineNumber": 29,
        "author": {
          "gitId": "Weng-Kexin"
        },
        "content": "    }"
      },
      {
        "lineNumber": 30,
        "author": {
          "gitId": "Weng-Kexin"
        },
        "content": ""
      },
      {
        "lineNumber": 31,
        "author": {
          "gitId": "Weng-Kexin"
        },
        "content": "    public String getDescription() {"
      },
      {
        "lineNumber": 32,
        "author": {
          "gitId": "Weng-Kexin"
        },
        "content": "        return description;"
      },
      {
        "lineNumber": 33,
        "author": {
          "gitId": "Weng-Kexin"
        },
        "content": "    }"
      },
      {
        "lineNumber": 34,
        "author": {
          "gitId": "Weng-Kexin"
        },
        "content": "}"
      }
    ],
    "authorContributionMap": {
      "Weng-Kexin": 34
    }
  },
  {
    "path": "src/main/java/TaskList.java",
    "fileType": "java",
    "lines": [
      {
        "lineNumber": 1,
        "author": {
          "gitId": "Weng-Kexin"
        },
        "content": "import java.util.ArrayList;"
      },
      {
        "lineNumber": 2,
        "author": {
          "gitId": "Weng-Kexin"
        },
        "content": ""
      },
      {
        "lineNumber": 3,
        "author": {
          "gitId": "Weng-Kexin"
        },
        "content": "public class TaskList {"
      },
      {
        "lineNumber": 4,
        "author": {
          "gitId": "Weng-Kexin"
        },
        "content": ""
      },
      {
        "lineNumber": 5,
        "author": {
          "gitId": "Weng-Kexin"
        },
        "content": "    Ui ui \u003d new Ui();"
      },
      {
        "lineNumber": 6,
        "author": {
          "gitId": "Weng-Kexin"
        },
        "content": ""
      },
      {
        "lineNumber": 7,
        "author": {
          "gitId": "Weng-Kexin"
        },
        "content": "    public void list(ArrayList\u003cTask\u003e myArray) {"
      },
      {
        "lineNumber": 8,
        "author": {
          "gitId": "Weng-Kexin"
        },
        "content": "        if (myArray.size() \u003d\u003d 0) {"
      },
      {
        "lineNumber": 9,
        "author": {
          "gitId": "Weng-Kexin"
        },
        "content": "            ui.msg(\"There are no tasks in your list.\\n\");"
      },
      {
        "lineNumber": 10,
        "author": {
          "gitId": "Weng-Kexin"
        },
        "content": "        } else {"
      },
      {
        "lineNumber": 11,
        "author": {
          "gitId": "Weng-Kexin"
        },
        "content": "            System.out.println(ui.getLine() + \"\\n\" + \"Here are the tasks in your list:\");"
      },
      {
        "lineNumber": 12,
        "author": {
          "gitId": "Weng-Kexin"
        },
        "content": "            for (int j \u003d 0; j \u003c myArray.size(); j++) {"
      },
      {
        "lineNumber": 13,
        "author": {
          "gitId": "Weng-Kexin"
        },
        "content": "                System.out.println((j + 1) + \".\" + myArray.get(j));"
      },
      {
        "lineNumber": 14,
        "author": {
          "gitId": "Weng-Kexin"
        },
        "content": "            }"
      },
      {
        "lineNumber": 15,
        "author": {
          "gitId": "Weng-Kexin"
        },
        "content": "            System.out.println(ui.getLine());"
      },
      {
        "lineNumber": 16,
        "author": {
          "gitId": "Weng-Kexin"
        },
        "content": "        }"
      },
      {
        "lineNumber": 17,
        "author": {
          "gitId": "Weng-Kexin"
        },
        "content": "    }"
      },
      {
        "lineNumber": 18,
        "author": {
          "gitId": "Weng-Kexin"
        },
        "content": ""
      },
      {
        "lineNumber": 19,
        "author": {
          "gitId": "Weng-Kexin"
        },
        "content": "    public void findInList(ArrayList\u003cTask\u003e myArray, String[] splitted) {"
      },
      {
        "lineNumber": 20,
        "author": {
          "gitId": "Weng-Kexin"
        },
        "content": "        String toFind \u003d \"\";"
      },
      {
        "lineNumber": 21,
        "author": {
          "gitId": "Weng-Kexin"
        },
        "content": "        for (int x \u003d 1; x \u003c splitted.length; x++) {"
      },
      {
        "lineNumber": 22,
        "author": {
          "gitId": "Weng-Kexin"
        },
        "content": "            toFind +\u003d splitted[x] + \" \";"
      },
      {
        "lineNumber": 23,
        "author": {
          "gitId": "Weng-Kexin"
        },
        "content": "        }"
      },
      {
        "lineNumber": 24,
        "author": {
          "gitId": "Weng-Kexin"
        },
        "content": "        toFind \u003d \" \" + toFind;"
      },
      {
        "lineNumber": 25,
        "author": {
          "gitId": "Weng-Kexin"
        },
        "content": "        ArrayList\u003cTask\u003e findArray \u003d new ArrayList\u003c\u003e();"
      },
      {
        "lineNumber": 26,
        "author": {
          "gitId": "Weng-Kexin"
        },
        "content": "        for (Task task : myArray) {"
      },
      {
        "lineNumber": 27,
        "author": {
          "gitId": "Weng-Kexin"
        },
        "content": "            String toMatch \u003d \" \" + task.getDescription() + \" \";"
      },
      {
        "lineNumber": 28,
        "author": {
          "gitId": "Weng-Kexin"
        },
        "content": "            if (toMatch.contains(toFind)) {"
      },
      {
        "lineNumber": 29,
        "author": {
          "gitId": "Weng-Kexin"
        },
        "content": "                findArray.add(task);"
      },
      {
        "lineNumber": 30,
        "author": {
          "gitId": "Weng-Kexin"
        },
        "content": "            }"
      },
      {
        "lineNumber": 31,
        "author": {
          "gitId": "Weng-Kexin"
        },
        "content": "        }"
      },
      {
        "lineNumber": 32,
        "author": {
          "gitId": "Weng-Kexin"
        },
        "content": "        ui.list(findArray);"
      },
      {
        "lineNumber": 33,
        "author": {
          "gitId": "Weng-Kexin"
        },
        "content": "    }"
      },
      {
        "lineNumber": 34,
        "author": {
          "gitId": "Weng-Kexin"
        },
        "content": "}"
      }
    ],
    "authorContributionMap": {
      "Weng-Kexin": 34
    }
  },
  {
    "path": "src/main/java/ToDo.java",
    "fileType": "java",
    "lines": [
      {
        "lineNumber": 1,
        "author": {
          "gitId": "Weng-Kexin"
        },
        "content": "public class ToDo extends Task {"
      },
      {
        "lineNumber": 2,
        "author": {
          "gitId": "Weng-Kexin"
        },
        "content": ""
      },
      {
        "lineNumber": 3,
        "author": {
          "gitId": "Weng-Kexin"
        },
        "content": "    public ToDo(String description) {"
      },
      {
        "lineNumber": 4,
        "author": {
          "gitId": "Weng-Kexin"
        },
        "content": "        super(description);"
      },
      {
        "lineNumber": 5,
        "author": {
          "gitId": "Weng-Kexin"
        },
        "content": "    }"
      },
      {
        "lineNumber": 6,
        "author": {
          "gitId": "Weng-Kexin"
        },
        "content": ""
      },
      {
        "lineNumber": 7,
        "author": {
          "gitId": "Weng-Kexin"
        },
        "content": "    @Override //this override will override the Task.java override"
      },
      {
        "lineNumber": 8,
        "author": {
          "gitId": "Weng-Kexin"
        },
        "content": "    public String toString() {"
      },
      {
        "lineNumber": 9,
        "author": {
          "gitId": "Weng-Kexin"
        },
        "content": "        if (this.isDone) {"
      },
      {
        "lineNumber": 10,
        "author": {
          "gitId": "Weng-Kexin"
        },
        "content": "            return (\"[T][\\u2713] \" + this.description);"
      },
      {
        "lineNumber": 11,
        "author": {
          "gitId": "Weng-Kexin"
        },
        "content": "        } else {"
      },
      {
        "lineNumber": 12,
        "author": {
          "gitId": "Weng-Kexin"
        },
        "content": "            return (\"[T][\\u2718] \" + this.description);"
      },
      {
        "lineNumber": 13,
        "author": {
          "gitId": "Weng-Kexin"
        },
        "content": "        }"
      },
      {
        "lineNumber": 14,
        "author": {
          "gitId": "Weng-Kexin"
        },
        "content": "    }"
      },
      {
        "lineNumber": 15,
        "author": {
          "gitId": "Weng-Kexin"
        },
        "content": ""
      },
      {
        "lineNumber": 16,
        "author": {
          "gitId": "Weng-Kexin"
        },
        "content": "    @Override //this override will override the Task.java override"
      },
      {
        "lineNumber": 17,
        "author": {
          "gitId": "Weng-Kexin"
        },
        "content": "    public String textFormat() {"
      },
      {
        "lineNumber": 18,
        "author": {
          "gitId": "Weng-Kexin"
        },
        "content": "        return (\"todo \" + super.textFormat());"
      },
      {
        "lineNumber": 19,
        "author": {
          "gitId": "Weng-Kexin"
        },
        "content": "    }"
      },
      {
        "lineNumber": 20,
        "author": {
          "gitId": "Weng-Kexin"
        },
        "content": "}"
      }
    ],
    "authorContributionMap": {
      "Weng-Kexin": 20
    }
  },
  {
    "path": "src/main/java/Ui.java",
    "fileType": "java",
    "lines": [
      {
        "lineNumber": 1,
        "author": {
          "gitId": "Weng-Kexin"
        },
        "content": "import java.util.ArrayList;"
      },
      {
        "lineNumber": 2,
        "author": {
          "gitId": "Weng-Kexin"
        },
        "content": ""
      },
      {
        "lineNumber": 3,
        "author": {
          "gitId": "Weng-Kexin"
        },
        "content": "public class Ui {"
      },
      {
        "lineNumber": 4,
        "author": {
          "gitId": "Weng-Kexin"
        },
        "content": ""
      },
      {
        "lineNumber": 5,
        "author": {
          "gitId": "Weng-Kexin"
        },
        "content": "    String logo \u003d \" ____        _        \\n\""
      },
      {
        "lineNumber": 6,
        "author": {
          "gitId": "Weng-Kexin"
        },
        "content": "            + \"|  _ \\\\ _   _| | _____ \\n\""
      },
      {
        "lineNumber": 7,
        "author": {
          "gitId": "Weng-Kexin"
        },
        "content": "            + \"| | | | | | | |/ / _ \\\\\\n\""
      },
      {
        "lineNumber": 8,
        "author": {
          "gitId": "Weng-Kexin"
        },
        "content": "            + \"| |_| | |_| |   \u003c  __/\\n\""
      },
      {
        "lineNumber": 9,
        "author": {
          "gitId": "Weng-Kexin"
        },
        "content": "            + \"|____/ \\\\__,_|_|\\\\_\\\\___|\\n\";"
      },
      {
        "lineNumber": 10,
        "author": {
          "gitId": "Weng-Kexin"
        },
        "content": ""
      },
      {
        "lineNumber": 11,
        "author": {
          "gitId": "Weng-Kexin"
        },
        "content": "    String line \u003d \"____________________________________________________________\";"
      },
      {
        "lineNumber": 12,
        "author": {
          "gitId": "Weng-Kexin"
        },
        "content": ""
      },
      {
        "lineNumber": 13,
        "author": {
          "gitId": "Weng-Kexin"
        },
        "content": "    String getLine() {"
      },
      {
        "lineNumber": 14,
        "author": {
          "gitId": "Weng-Kexin"
        },
        "content": "        return line;"
      },
      {
        "lineNumber": 15,
        "author": {
          "gitId": "Weng-Kexin"
        },
        "content": "    }"
      },
      {
        "lineNumber": 16,
        "author": {
          "gitId": "Weng-Kexin"
        },
        "content": ""
      },
      {
        "lineNumber": 17,
        "author": {
          "gitId": "Weng-Kexin"
        },
        "content": "    void greetingMsg() {"
      },
      {
        "lineNumber": 18,
        "author": {
          "gitId": "Weng-Kexin"
        },
        "content": "        System.out.println(\"Hello from\\n\" + logo + \"Hello! I\u0027m Duke \\nWhat can I do for you?\\n\" + line);"
      },
      {
        "lineNumber": 19,
        "author": {
          "gitId": "Weng-Kexin"
        },
        "content": "    }"
      },
      {
        "lineNumber": 20,
        "author": {
          "gitId": "Weng-Kexin"
        },
        "content": ""
      },
      {
        "lineNumber": 21,
        "author": {
          "gitId": "Weng-Kexin"
        },
        "content": "    void msg(String message) {"
      },
      {
        "lineNumber": 22,
        "author": {
          "gitId": "Weng-Kexin"
        },
        "content": "        System.out.println(line + \"\\n\" + message + line);"
      },
      {
        "lineNumber": 23,
        "author": {
          "gitId": "Weng-Kexin"
        },
        "content": "    }"
      },
      {
        "lineNumber": 24,
        "author": {
          "gitId": "Weng-Kexin"
        },
        "content": ""
      },
      {
        "lineNumber": 25,
        "author": {
          "gitId": "Weng-Kexin"
        },
        "content": "    void emptyMsg(String whichTask) {"
      },
      {
        "lineNumber": 26,
        "author": {
          "gitId": "Weng-Kexin"
        },
        "content": "        msg(\"☹ OOPS!!! The description of a \" + whichTask + \" cannot be empty.\\n\");"
      },
      {
        "lineNumber": 27,
        "author": {
          "gitId": "Weng-Kexin"
        },
        "content": "    }"
      },
      {
        "lineNumber": 28,
        "author": {
          "gitId": "Weng-Kexin"
        },
        "content": ""
      },
      {
        "lineNumber": 29,
        "author": {
          "gitId": "Weng-Kexin"
        },
        "content": "    void errorMsg() {"
      },
      {
        "lineNumber": 30,
        "author": {
          "gitId": "Weng-Kexin"
        },
        "content": "        msg(\"☹ OOPS!!! I\u0027m sorry, but I don\u0027t know what that means :-(\\n\");"
      },
      {
        "lineNumber": 31,
        "author": {
          "gitId": "Weng-Kexin"
        },
        "content": "    }"
      },
      {
        "lineNumber": 32,
        "author": {
          "gitId": "Weng-Kexin"
        },
        "content": ""
      },
      {
        "lineNumber": 33,
        "author": {
          "gitId": "Weng-Kexin"
        },
        "content": "    void numOfTasksMsg(int i) {"
      },
      {
        "lineNumber": 34,
        "author": {
          "gitId": "Weng-Kexin"
        },
        "content": "        String t \u003d (i \u003d\u003d 1 ? \" task\" : \" tasks\");"
      },
      {
        "lineNumber": 35,
        "author": {
          "gitId": "Weng-Kexin"
        },
        "content": "        System.out.println(\"Now you have \" + i + t + \" in the list.\\n\" + line);"
      },
      {
        "lineNumber": 36,
        "author": {
          "gitId": "Weng-Kexin"
        },
        "content": "    }"
      },
      {
        "lineNumber": 37,
        "author": {
          "gitId": "Weng-Kexin"
        },
        "content": ""
      },
      {
        "lineNumber": 38,
        "author": {
          "gitId": "Weng-Kexin"
        },
        "content": "    void addedTask(Task t) {"
      },
      {
        "lineNumber": 39,
        "author": {
          "gitId": "Weng-Kexin"
        },
        "content": "        System.out.println(line + \"\\nGot it. I\u0027ve added this task:\\n\" + \" \" + t);"
      },
      {
        "lineNumber": 40,
        "author": {
          "gitId": "Weng-Kexin"
        },
        "content": ""
      },
      {
        "lineNumber": 41,
        "author": {
          "gitId": "Weng-Kexin"
        },
        "content": "    }"
      },
      {
        "lineNumber": 42,
        "author": {
          "gitId": "Weng-Kexin"
        },
        "content": ""
      },
      {
        "lineNumber": 43,
        "author": {
          "gitId": "Weng-Kexin"
        },
        "content": "    void outOfRange() {"
      },
      {
        "lineNumber": 44,
        "author": {
          "gitId": "Weng-Kexin"
        },
        "content": "        msg(\"☹ OOPS!!! The number is out of range.\\n\");"
      },
      {
        "lineNumber": 45,
        "author": {
          "gitId": "Weng-Kexin"
        },
        "content": "    }"
      },
      {
        "lineNumber": 46,
        "author": {
          "gitId": "Weng-Kexin"
        },
        "content": ""
      },
      {
        "lineNumber": 47,
        "author": {
          "gitId": "Weng-Kexin"
        },
        "content": "    void list(ArrayList\u003cTask\u003e findArray) {"
      },
      {
        "lineNumber": 48,
        "author": {
          "gitId": "Weng-Kexin"
        },
        "content": "        if (findArray.size() \u003d\u003d 0) {"
      },
      {
        "lineNumber": 49,
        "author": {
          "gitId": "Weng-Kexin"
        },
        "content": "            msg(\"Sorry. There are no matching tasks in your list.\\n\");"
      },
      {
        "lineNumber": 50,
        "author": {
          "gitId": "Weng-Kexin"
        },
        "content": "        } else {"
      },
      {
        "lineNumber": 51,
        "author": {
          "gitId": "Weng-Kexin"
        },
        "content": "            String is \u003d (findArray.size() \u003d\u003d 1 ? \"is\" : \"are\");"
      },
      {
        "lineNumber": 52,
        "author": {
          "gitId": "Weng-Kexin"
        },
        "content": "            String t \u003d (findArray.size() \u003d\u003d 1 ? \"task\" : \"tasks\");"
      },
      {
        "lineNumber": 53,
        "author": {
          "gitId": "Weng-Kexin"
        },
        "content": "            System.out.println(line + \"\\nHere \" + is + \" the matching \" + t + \" in your list:\");"
      },
      {
        "lineNumber": 54,
        "author": {
          "gitId": "Weng-Kexin"
        },
        "content": "            for (int j \u003d 0; j \u003c findArray.size(); j++) {"
      },
      {
        "lineNumber": 55,
        "author": {
          "gitId": "Weng-Kexin"
        },
        "content": "                System.out.println((j + 1) + \".\" + findArray.get(j));"
      },
      {
        "lineNumber": 56,
        "author": {
          "gitId": "Weng-Kexin"
        },
        "content": "            }"
      },
      {
        "lineNumber": 57,
        "author": {
          "gitId": "Weng-Kexin"
        },
        "content": "            System.out.println(line);"
      },
      {
        "lineNumber": 58,
        "author": {
          "gitId": "Weng-Kexin"
        },
        "content": "        }"
      },
      {
        "lineNumber": 59,
        "author": {
          "gitId": "Weng-Kexin"
        },
        "content": "    }"
      },
      {
        "lineNumber": 60,
        "author": {
          "gitId": "Weng-Kexin"
        },
        "content": "}"
      }
    ],
    "authorContributionMap": {
      "Weng-Kexin": 60
    }
  }
]
