{
  "authorDailyContributionsMap": {
    "Weng-Kexin": [
      {
        "insertions": 20,
        "deletions": 1,
        "date": "2019-08-25",
        "commitResults": [
          {
            "hash": "d93f1788e93fb596e6d99b2fa9982466a3661868",
            "messageTitle": "Level 1. Greet, Echo, Exit",
            "messageBody": "",
            "insertions": 20,
            "deletions": 1
          }
        ]
      },
      {
        "insertions": 69,
        "deletions": 25,
        "date": "2019-08-28",
        "commitResults": [
          {
            "hash": "9ae3ee5409f8633bbdf98cca76c35d57701d9899",
            "messageTitle": "Level 2. Add, List",
            "messageBody": "",
            "insertions": 12,
            "deletions": 3
          },
          {
            "hash": "a546da0748f67e9e97e793ed0f33a7afa2bfbd53",
            "messageTitle": "Level 3. Mark as Done Added Task class",
            "messageBody": "",
            "insertions": 45,
            "deletions": 10
          },
          {
            "hash": "81f5b4e850bf5cbe95832d4ac88c12a47fe72b23",
            "messageTitle": "Added @Override toString() in Task.java",
            "messageBody": "",
            "insertions": 12,
            "deletions": 12
          }
        ]
      },
      {
        "insertions": 192,
        "deletions": 67,
        "date": "2019-08-29",
        "commitResults": [
          {
            "hash": "e03915d9bcc050cc1dc6c84790642191f58f8dee",
            "messageTitle": "Level 4. ToDo, Event, Deadline",
            "messageBody": "",
            "insertions": 102,
            "deletions": 9
          },
          {
            "hash": "dac33c3fc2578480adbfc313fbb4cc39c02981fa",
            "messageTitle": "Level 5. Handle Errors. Changed if-else to switch statements",
            "messageBody": "",
            "insertions": 76,
            "deletions": 52
          },
          {
            "hash": "e4730c9c7f021bfac877ec7a2a956b63ccc1419e",
            "messageTitle": "Fixed level-5 bugs",
            "messageBody": "",
            "insertions": 14,
            "deletions": 6
          }
        ]
      },
      {
        "insertions": 149,
        "deletions": 31,
        "date": "2019-09-02",
        "commitResults": [
          {
            "hash": "d4eb59ba320c61883b49fa57cc6958c9aacab40c",
            "messageTitle": "Level 7. Save Changed container to arrayList",
            "messageBody": "",
            "insertions": 149,
            "deletions": 31
          }
        ]
      },
      {
        "insertions": 149,
        "deletions": 19,
        "date": "2019-09-03",
        "commitResults": [
          {
            "hash": "41196ab746cf545daaaf648a37bd6707c38b7918",
            "messageTitle": "Level 8. Dates and Times",
            "messageBody": "",
            "insertions": 78,
            "deletions": 12
          },
          {
            "hash": "9b565e0d9dd83bf7457999b0cd8d933b7c643a5b",
            "messageTitle": "Level 6. Delete",
            "messageBody": "",
            "insertions": 33,
            "deletions": 7
          },
          {
            "hash": "cfb6aca19884ddce63e159cd09828fbf397b1e7b",
            "messageTitle": "Level 9. Find",
            "messageBody": "",
            "insertions": 38,
            "deletions": 0
          }
        ]
      },
      {
        "insertions": 13,
        "deletions": 10,
        "date": "2019-09-04",
        "commitResults": [
          {
            "hash": "cf5611a1fbb518bb1bdc8cdbcb6a7bf9b225b225",
            "messageTitle": "fixed level 6 and 9 bugs",
            "messageBody": "",
            "insertions": 13,
            "deletions": 10
          }
        ]
      },
      {
        "insertions": 488,
        "deletions": 395,
        "date": "2019-09-05",
        "commitResults": [
          {
            "hash": "fe4cc101e321f1f26d9f2924cdfdf202f768f3b7",
            "messageTitle": "Added Parser.java and made more oop",
            "messageBody": "",
            "insertions": 209,
            "deletions": 193
          },
          {
            "hash": "a1055092aa8dc17482ec6667c12d19846d9a65e4",
            "messageTitle": "Added Ui.java to deal with user interaction",
            "messageBody": "",
            "insertions": 79,
            "deletions": 59
          },
          {
            "hash": "17a4c3a1d83834d4452fb70598c1afd6aa0f6870",
            "messageTitle": "Made Parser.java more oop and added TaskList.java",
            "messageBody": "",
            "insertions": 200,
            "deletions": 143
          }
        ]
      }
    ]
  },
  "authorFinalContributionMap": {
    "Weng-Kexin": 539
  },
  "authorFileTypeContributionMap": {
    "Weng-Kexin": {
      "java": 539,
      "gradle": 0,
      "css": 0,
      "fxml": 0
    }
  },
  "authorContributionVariance": {
    "Weng-Kexin": 40931.902
  },
  "authorDisplayNameMap": {
    "Weng-Kexin": "F11-2 WEN..XIN"
  }
}
