{
  "authorDailyContributionsMap": {
    "weng-kexin": [
      {
        "insertions": 20,
        "deletions": 1,
        "date": "2019-08-25",
        "commitResults": [
          {
            "hash": "d93f1788e93fb596e6d99b2fa9982466a3661868",
            "message": "Level 1. Greet, Echo, Exit",
            "insertions": 20,
            "deletions": 1
          }
        ]
      },
      {
        "insertions": 69,
        "deletions": 25,
        "date": "2019-08-28",
        "commitResults": [
          {
            "hash": "9ae3ee5409f8633bbdf98cca76c35d57701d9899",
            "message": "Level 2. Add, List",
            "insertions": 12,
            "deletions": 3
          },
          {
            "hash": "a546da0748f67e9e97e793ed0f33a7afa2bfbd53",
            "message": "Level 3. Mark as Done Added Task class",
            "insertions": 45,
            "deletions": 10
          },
          {
            "hash": "81f5b4e850bf5cbe95832d4ac88c12a47fe72b23",
            "message": "Added @Override toString() in Task.java",
            "insertions": 12,
            "deletions": 12
          }
        ]
      },
      {
        "insertions": 102,
        "deletions": 9,
        "date": "2019-08-29",
        "commitResults": [
          {
            "hash": "e03915d9bcc050cc1dc6c84790642191f58f8dee",
            "message": "Level 4. ToDo, Event, Deadline",
            "insertions": 102,
            "deletions": 9
          }
        ]
      }
    ]
  },
  "authorFinalContributionMap": {
    "weng-kexin": 156
  },
  "authorFileFormatContributionMap": {
    "weng-kexin": {
      "java": 156,
      "gradle": 0,
      "css": 0,
      "fxml": 0
    }
  },
  "authorContributionVariance": {
    "weng-kexin": 1282.1224
  },
  "authorDisplayNameMap": {
    "weng-kexin": "WEN ... XIN"
  }
}
