{
  "authorDailyContributionsMap": {
    "gowgos5": [
      {
        "insertions": 102,
        "deletions": 15,
        "date": "2019-08-27",
        "commitResults": [
          {
            "hash": "56eff2610fe7f009c0f56a06d6b905edec3099a7",
            "message": "Gradle Tutorial",
            "insertions": 27,
            "deletions": 5
          },
          {
            "hash": "2939f37fcdb6af9f66e96cb3fececb2a98d2e1de",
            "message": "Level 1. Greet, Echo, Exit",
            "insertions": 29,
            "deletions": 1
          },
          {
            "hash": "1106c8f9813f04d6ef62029043aa134ac4df8f16",
            "message": "Level 2. Add, List",
            "insertions": 25,
            "deletions": 9
          },
          {
            "hash": "610a47eefaf8720ff6f01ba653f51e16c7ecc4e4",
            "message": "Use a class to represent tasks",
            "insertions": 21,
            "deletions": 0
          }
        ]
      },
      {
        "insertions": 460,
        "deletions": 134,
        "date": "2019-08-28",
        "commitResults": [
          {
            "hash": "ef7aa6b8824dfc001cbfeef83b67b510dfcd4ba8",
            "message": "Level 3. Mark as Done",
            "insertions": 29,
            "deletions": 11
          },
          {
            "hash": "b146005e008722933d198c6f176f9a2f9c94b968",
            "message": "Use Inheritance to support multiple task types",
            "insertions": 41,
            "deletions": 0
          },
          {
            "hash": "0a619e34bd3e95f0628ac9e91ff4391a055050f5",
            "message": "Level 4. ToDos, Events, Deadlines",
            "insertions": 38,
            "deletions": 11
          },
          {
            "hash": "f92bcc339764b207fe11293625c5907096538f9c",
            "message": "Use Exceptions to handle errors",
            "insertions": 10,
            "deletions": 0
          },
          {
            "hash": "598ee41b66e789600517570b87153e1b7d74acb2",
            "message": "Level 5. Handle Errors",
            "insertions": 90,
            "deletions": 40
          },
          {
            "hash": "9cb5aaaf990f625222522942676d2e5dadeb806b",
            "message": "Updated exceptions handling",
            "insertions": 48,
            "deletions": 42
          },
          {
            "hash": "0577eb3cd8db7a58b2f7464cb01c7751c6fe632a",
            "message": "Level 7. Save",
            "insertions": 147,
            "deletions": 5
          },
          {
            "hash": "bcfa44c14b48e922a37e9ba31959f56ddf375b3b",
            "message": "Level 8. Dates and Times",
            "insertions": 49,
            "deletions": 21
          },
          {
            "hash": "92da076fa9d9af665b610dee069a1a556cf87d0c",
            "message": "Updated Exception messages",
            "insertions": 8,
            "deletions": 4
          }
        ]
      },
      {
        "insertions": 169,
        "deletions": 129,
        "date": "2019-09-01",
        "commitResults": [
          {
            "hash": "c3ebbea417347f95c31493db8a92cf749570defd",
            "message": "Add support for deleting tasks from the list",
            "insertions": 83,
            "deletions": 70
          },
          {
            "hash": "052bb00a4d4e36c6f2bc42ddcc0df24427a5e129",
            "message": "Give users a way to find a task by searching for a keyword.",
            "insertions": 86,
            "deletions": 59
          }
        ]
      },
      {
        "insertions": 607,
        "deletions": 316,
        "date": "2019-09-02",
        "commitResults": [
          {
            "hash": "936ad9b8350f173408f4544a2c557d4e411ae654",
            "message": "Refactor code to extract out closely related code as classes (OOP style)",
            "insertions": 607,
            "deletions": 316
          }
        ]
      }
    ],
    "Jeffry Lum": [
      {
        "insertions": 4,
        "deletions": 0,
        "date": "2019-08-21",
        "commitResults": [
          {
            "hash": "a3ca5a4e3fe35013f5690cacd168b19f7370a013",
            "message": "Add configuration for console applications",
            "insertions": 4,
            "deletions": 0
          }
        ]
      }
    ]
  },
  "authorFinalContributionMap": {
    "gowgos5": 757,
    "Jeffry Lum": 17
  },
  "authorFileFormatContributionMap": {
    "gowgos5": {
      "java": 732,
      "gradle": 25,
      "css": 0,
      "fxml": 0
    },
    "Jeffry Lum": {
      "java": 1,
      "gradle": 16,
      "css": 0,
      "fxml": 0
    }
  },
  "authorContributionVariance": {
    "gowgos5": 61105.0,
    "Jeffry Lum": 0.8395064
  },
  "authorDisplayNameMap": {
    "gowgos5": "gowgos5",
    "Jeffry Lum": "Jeffry Lum"
  }
}
