{
  "authorDailyContributionsMap": {
    "ChaojieLiu666": []
  },
  "authorFinalContributionMap": {
    "ChaojieLiu666": 0
  },
  "authorFileFormatContributionMap": {
    "ChaojieLiu666": {
      "adoc": 0,
      "cs": 0,
      "css": 0,
      "fxml": 0,
      "gradle": 0,
      "html": 0,
      "java": 0,
      "js": 0,
      "json": 0,
      "jsp": 0,
      "md": 0,
      "py": 0,
      "tag": 0,
      "txt": 0,
      "xml": 0
    }
  },
  "authorContributionVariance": {
    "ChaojieLiu666": 0.0
  },
  "authorDisplayNameMap": {
    "ChaojieLiu666": "LIU ... JIE"
  }
}
