[
  {
    "path": "build.gradle",
    "lines": [
      {
        "lineNumber": 1,
        "author": {
          "gitId": "-"
        },
        "content": "plugins {"
      },
      {
        "lineNumber": 2,
        "author": {
          "gitId": "-"
        },
        "content": "    id \u0027java\u0027"
      },
      {
        "lineNumber": 3,
        "author": {
          "gitId": "-"
        },
        "content": "    id \u0027application\u0027"
      },
      {
        "lineNumber": 4,
        "author": {
          "gitId": "cctt1014"
        },
        "content": "    id \u0027checkstyle\u0027 //for documentation"
      },
      {
        "lineNumber": 5,
        "author": {
          "gitId": "cctt1014"
        },
        "content": "    id \u0027com.github.johnrengelman.shadow\u0027 version \u00275.1.0\u0027 //shadowJar for pack up an executable file"
      },
      {
        "lineNumber": 6,
        "author": {
          "gitId": "cctt1014"
        },
        "content": "    id \u0027org.openjfx.javafxplugin\u0027 version \u00270.0.7\u0027 //javaFx for rendering"
      },
      {
        "lineNumber": 7,
        "author": {
          "gitId": "cctt1014"
        },
        "content": "}"
      },
      {
        "lineNumber": 8,
        "author": {
          "gitId": "cctt1014"
        },
        "content": ""
      },
      {
        "lineNumber": 9,
        "author": {
          "gitId": "cctt1014"
        },
        "content": "checkstyle {"
      },
      {
        "lineNumber": 10,
        "author": {
          "gitId": "cctt1014"
        },
        "content": "    toolVersion \u003d \u00278.23\u0027"
      },
      {
        "lineNumber": 11,
        "author": {
          "gitId": "cctt1014"
        },
        "content": "}"
      },
      {
        "lineNumber": 12,
        "author": {
          "gitId": "cctt1014"
        },
        "content": ""
      },
      {
        "lineNumber": 13,
        "author": {
          "gitId": "cctt1014"
        },
        "content": "shadowJar {"
      },
      {
        "lineNumber": 14,
        "author": {
          "gitId": "cctt1014"
        },
        "content": "    archiveBaseName \u003d \"duke\""
      },
      {
        "lineNumber": 15,
        "author": {
          "gitId": "cctt1014"
        },
        "content": "    archiveVersion \u003d \"0.1.3\""
      },
      {
        "lineNumber": 16,
        "author": {
          "gitId": "cctt1014"
        },
        "content": "    archiveClassifier \u003d null"
      },
      {
        "lineNumber": 17,
        "author": {
          "gitId": "cctt1014"
        },
        "content": "    archiveAppendix \u003d null"
      },
      {
        "lineNumber": 18,
        "author": {
          "gitId": "-"
        },
        "content": "}"
      },
      {
        "lineNumber": 19,
        "author": {
          "gitId": "-"
        },
        "content": ""
      },
      {
        "lineNumber": 20,
        "author": {
          "gitId": "-"
        },
        "content": "group \u0027seedu.duke\u0027"
      },
      {
        "lineNumber": 21,
        "author": {
          "gitId": "-"
        },
        "content": "version \u00270.1.0\u0027"
      },
      {
        "lineNumber": 22,
        "author": {
          "gitId": "-"
        },
        "content": ""
      },
      {
        "lineNumber": 23,
        "author": {
          "gitId": "-"
        },
        "content": "repositories {"
      },
      {
        "lineNumber": 24,
        "author": {
          "gitId": "-"
        },
        "content": "    mavenCentral()"
      },
      {
        "lineNumber": 25,
        "author": {
          "gitId": "-"
        },
        "content": "}"
      },
      {
        "lineNumber": 26,
        "author": {
          "gitId": "-"
        },
        "content": ""
      },
      {
        "lineNumber": 27,
        "author": {
          "gitId": "cctt1014"
        },
        "content": "javafx {"
      },
      {
        "lineNumber": 28,
        "author": {
          "gitId": "cctt1014"
        },
        "content": "    version \u003d \"11.0.2\""
      },
      {
        "lineNumber": 29,
        "author": {
          "gitId": "cctt1014"
        },
        "content": "    modules \u003d [ \u0027javafx.controls\u0027, \u0027javafx.fxml\u0027 ]"
      },
      {
        "lineNumber": 30,
        "author": {
          "gitId": "cctt1014"
        },
        "content": "}"
      },
      {
        "lineNumber": 31,
        "author": {
          "gitId": "cctt1014"
        },
        "content": ""
      },
      {
        "lineNumber": 32,
        "author": {
          "gitId": "-"
        },
        "content": "application {"
      },
      {
        "lineNumber": 33,
        "author": {
          "gitId": "-"
        },
        "content": "    // Change this to your main class."
      },
      {
        "lineNumber": 34,
        "author": {
          "gitId": "cctt1014"
        },
        "content": "    mainClassName \u003d \"Duke\""
      },
      {
        "lineNumber": 35,
        "author": {
          "gitId": "-"
        },
        "content": "}"
      }
    ],
    "authorContributionMap": {
      "cctt1014": 20,
      "-": 15
    }
  },
  {
    "path": "src/main/java/Deadline.java",
    "lines": [
      {
        "lineNumber": 1,
        "author": {
          "gitId": "cctt1014"
        },
        "content": "public class Deadline extends Task{"
      },
      {
        "lineNumber": 2,
        "author": {
          "gitId": "cctt1014"
        },
        "content": ""
      },
      {
        "lineNumber": 3,
        "author": {
          "gitId": "cctt1014"
        },
        "content": "    protected String by;"
      },
      {
        "lineNumber": 4,
        "author": {
          "gitId": "cctt1014"
        },
        "content": ""
      },
      {
        "lineNumber": 5,
        "author": {
          "gitId": "cctt1014"
        },
        "content": "    public Deadline(String description, String by) {"
      },
      {
        "lineNumber": 6,
        "author": {
          "gitId": "cctt1014"
        },
        "content": "        super(description);"
      },
      {
        "lineNumber": 7,
        "author": {
          "gitId": "cctt1014"
        },
        "content": "        this.by \u003d by;"
      },
      {
        "lineNumber": 8,
        "author": {
          "gitId": "cctt1014"
        },
        "content": "        super.type \u003d \"D\";"
      },
      {
        "lineNumber": 9,
        "author": {
          "gitId": "cctt1014"
        },
        "content": "    }"
      },
      {
        "lineNumber": 10,
        "author": {
          "gitId": "cctt1014"
        },
        "content": ""
      },
      {
        "lineNumber": 11,
        "author": {
          "gitId": "cctt1014"
        },
        "content": "    @Override"
      },
      {
        "lineNumber": 12,
        "author": {
          "gitId": "cctt1014"
        },
        "content": "    public String toString() {"
      },
      {
        "lineNumber": 13,
        "author": {
          "gitId": "cctt1014"
        },
        "content": "        return \"[D]\" + super.toString() + \"(by: \" + by + \")\";"
      },
      {
        "lineNumber": 14,
        "author": {
          "gitId": "cctt1014"
        },
        "content": "    }"
      },
      {
        "lineNumber": 15,
        "author": {
          "gitId": "cctt1014"
        },
        "content": ""
      },
      {
        "lineNumber": 16,
        "author": {
          "gitId": "cctt1014"
        },
        "content": "}"
      }
    ],
    "authorContributionMap": {
      "cctt1014": 16
    }
  },
  {
    "path": "src/main/java/Duke.java",
    "lines": [
      {
        "lineNumber": 1,
        "author": {
          "gitId": "cctt1014"
        },
        "content": "/**"
      },
      {
        "lineNumber": 2,
        "author": {
          "gitId": "cctt1014"
        },
        "content": " * From Chen Tong. :\u003e"
      },
      {
        "lineNumber": 3,
        "author": {
          "gitId": "cctt1014"
        },
        "content": " * @return greeting info: \"Goodnight\""
      },
      {
        "lineNumber": 4,
        "author": {
          "gitId": "cctt1014"
        },
        "content": " */"
      },
      {
        "lineNumber": 5,
        "author": {
          "gitId": "cctt1014"
        },
        "content": ""
      },
      {
        "lineNumber": 6,
        "author": {
          "gitId": "cctt1014"
        },
        "content": "import java.text.ParseException;"
      },
      {
        "lineNumber": 7,
        "author": {
          "gitId": "cctt1014"
        },
        "content": "import java.util.Scanner;"
      },
      {
        "lineNumber": 8,
        "author": {
          "gitId": "cctt1014"
        },
        "content": "import java.text.SimpleDateFormat;"
      },
      {
        "lineNumber": 9,
        "author": {
          "gitId": "cctt1014"
        },
        "content": "import java.util.Date;"
      },
      {
        "lineNumber": 10,
        "author": {
          "gitId": "cctt1014"
        },
        "content": ""
      },
      {
        "lineNumber": 11,
        "author": {
          "gitId": "cctt1014"
        },
        "content": "public class Duke{"
      },
      {
        "lineNumber": 12,
        "author": {
          "gitId": "cctt1014"
        },
        "content": ""
      },
      {
        "lineNumber": 13,
        "author": {
          "gitId": "cctt1014"
        },
        "content": "    private static Task[] checkList \u003d new Task[100];"
      },
      {
        "lineNumber": 14,
        "author": {
          "gitId": "cctt1014"
        },
        "content": "    private static int taskNo \u003d 0;"
      },
      {
        "lineNumber": 15,
        "author": {
          "gitId": "cctt1014"
        },
        "content": ""
      },
      {
        "lineNumber": 16,
        "author": {
          "gitId": "cctt1014"
        },
        "content": ""
      },
      {
        "lineNumber": 17,
        "author": {
          "gitId": "-"
        },
        "content": "    public static void main(String[] args) {"
      },
      {
        "lineNumber": 18,
        "author": {
          "gitId": "-"
        },
        "content": "        String logo \u003d \" ____        _        \\n\""
      },
      {
        "lineNumber": 19,
        "author": {
          "gitId": "-"
        },
        "content": "                + \"|  _ \\\\ _   _| | _____ \\n\""
      },
      {
        "lineNumber": 20,
        "author": {
          "gitId": "-"
        },
        "content": "                + \"| | | | | | | |/ / _ \\\\\\n\""
      },
      {
        "lineNumber": 21,
        "author": {
          "gitId": "-"
        },
        "content": "                + \"| |_| | |_| |   \u003c  __/\\n\""
      },
      {
        "lineNumber": 22,
        "author": {
          "gitId": "-"
        },
        "content": "                + \"|____/ \\\\__,_|_|\\\\_\\\\___|\\n\";"
      },
      {
        "lineNumber": 23,
        "author": {
          "gitId": "-"
        },
        "content": "        System.out.println(\"Hello from\\n\" + logo);"
      },
      {
        "lineNumber": 24,
        "author": {
          "gitId": "cctt1014"
        },
        "content": "        System.out.println(\"____________________________________________________________\\n\" +"
      },
      {
        "lineNumber": 25,
        "author": {
          "gitId": "cctt1014"
        },
        "content": "                \"     Hello! I\u0027m Duke\\n\" +"
      },
      {
        "lineNumber": 26,
        "author": {
          "gitId": "cctt1014"
        },
        "content": "                \"     What can I do for you?\\n\" +"
      },
      {
        "lineNumber": 27,
        "author": {
          "gitId": "cctt1014"
        },
        "content": "                \"____________________________________________________________\\n\");"
      },
      {
        "lineNumber": 28,
        "author": {
          "gitId": "cctt1014"
        },
        "content": ""
      },
      {
        "lineNumber": 29,
        "author": {
          "gitId": "cctt1014"
        },
        "content": "        FileControl fileControl \u003d new FileControl();"
      },
      {
        "lineNumber": 30,
        "author": {
          "gitId": "cctt1014"
        },
        "content": "        checkList \u003d fileControl.requestTheData();"
      },
      {
        "lineNumber": 31,
        "author": {
          "gitId": "cctt1014"
        },
        "content": "        taskNo \u003d fileControl.requestTheTotalNumberofTask();"
      },
      {
        "lineNumber": 32,
        "author": {
          "gitId": "cctt1014"
        },
        "content": "        SimpleDateFormat simpleDateFormat \u003d new SimpleDateFormat(\"d/M/yyyy HHmm\");"
      },
      {
        "lineNumber": 33,
        "author": {
          "gitId": "cctt1014"
        },
        "content": ""
      },
      {
        "lineNumber": 34,
        "author": {
          "gitId": "cctt1014"
        },
        "content": "        Scanner scanner \u003d new Scanner(System. in);"
      },
      {
        "lineNumber": 35,
        "author": {
          "gitId": "cctt1014"
        },
        "content": "        while(scanner.hasNextLine()){"
      },
      {
        "lineNumber": 36,
        "author": {
          "gitId": "cctt1014"
        },
        "content": "            String inputString \u003d scanner.nextLine();"
      },
      {
        "lineNumber": 37,
        "author": {
          "gitId": "cctt1014"
        },
        "content": ""
      },
      {
        "lineNumber": 38,
        "author": {
          "gitId": "cctt1014"
        },
        "content": "            if (inputString.equals(\"bye\")) {"
      },
      {
        "lineNumber": 39,
        "author": {
          "gitId": "cctt1014"
        },
        "content": "                System.out.println(\"____________________________________________________________\\n\");"
      },
      {
        "lineNumber": 40,
        "author": {
          "gitId": "cctt1014"
        },
        "content": "                System.out.println(\"     Bye. Hope to see you again soon!\\n\");"
      },
      {
        "lineNumber": 41,
        "author": {
          "gitId": "cctt1014"
        },
        "content": "                System.out.println(\"____________________________________________________________\\n\");"
      },
      {
        "lineNumber": 42,
        "author": {
          "gitId": "cctt1014"
        },
        "content": "                break;"
      },
      {
        "lineNumber": 43,
        "author": {
          "gitId": "cctt1014"
        },
        "content": "            }"
      },
      {
        "lineNumber": 44,
        "author": {
          "gitId": "cctt1014"
        },
        "content": "            else if (inputString.equals(\"list\")) {"
      },
      {
        "lineNumber": 45,
        "author": {
          "gitId": "cctt1014"
        },
        "content": "                System.out.println(\"____________________________________________________________\\n\");"
      },
      {
        "lineNumber": 46,
        "author": {
          "gitId": "cctt1014"
        },
        "content": "                for (int i \u003d 1; checkList[i-1] !\u003d null; i++){"
      },
      {
        "lineNumber": 47,
        "author": {
          "gitId": "cctt1014"
        },
        "content": "                    System.out.println(\" \" + i + \".\" + checkList[i-1].toString() + \"\\n\");"
      },
      {
        "lineNumber": 48,
        "author": {
          "gitId": "cctt1014"
        },
        "content": "                }"
      },
      {
        "lineNumber": 49,
        "author": {
          "gitId": "cctt1014"
        },
        "content": "                System.out.println(\"____________________________________________________________\\n\");"
      },
      {
        "lineNumber": 50,
        "author": {
          "gitId": "cctt1014"
        },
        "content": "            }"
      },
      {
        "lineNumber": 51,
        "author": {
          "gitId": "cctt1014"
        },
        "content": "            else if(inputString.contains(\"done\")){"
      },
      {
        "lineNumber": 52,
        "author": {
          "gitId": "cctt1014"
        },
        "content": "                try {"
      },
      {
        "lineNumber": 53,
        "author": {
          "gitId": "cctt1014"
        },
        "content": "                    String temp \u003d inputString.replaceAll(\"[^0-9]\", \"\");"
      },
      {
        "lineNumber": 54,
        "author": {
          "gitId": "cctt1014"
        },
        "content": "                    int serialNo \u003d Integer.parseInt(temp);"
      },
      {
        "lineNumber": 55,
        "author": {
          "gitId": "cctt1014"
        },
        "content": "                    if (serialNo \u003e taskNo){"
      },
      {
        "lineNumber": 56,
        "author": {
          "gitId": "cctt1014"
        },
        "content": "                        throw new DukeException(\"The serial number of the task is Out Of Bounds!\");"
      },
      {
        "lineNumber": 57,
        "author": {
          "gitId": "cctt1014"
        },
        "content": "                    }"
      },
      {
        "lineNumber": 58,
        "author": {
          "gitId": "cctt1014"
        },
        "content": "                    checkList[serialNo - 1].markAsDone();"
      },
      {
        "lineNumber": 59,
        "author": {
          "gitId": "cctt1014"
        },
        "content": "                    fileControl.requestToWriteTheFile(checkList);"
      },
      {
        "lineNumber": 60,
        "author": {
          "gitId": "cctt1014"
        },
        "content": "                    System.out.println(\"____________________________________________________________\\n\");"
      },
      {
        "lineNumber": 61,
        "author": {
          "gitId": "cctt1014"
        },
        "content": "                    System.out.println(\"Nice! I\u0027ve marked this task as done:\\n\");"
      },
      {
        "lineNumber": 62,
        "author": {
          "gitId": "cctt1014"
        },
        "content": "                    System.out.println(\"   [✓] \" + checkList[serialNo - 1].description + \"\\n\");"
      },
      {
        "lineNumber": 63,
        "author": {
          "gitId": "cctt1014"
        },
        "content": "                    System.out.println(\"____________________________________________________________\\n\");"
      },
      {
        "lineNumber": 64,
        "author": {
          "gitId": "cctt1014"
        },
        "content": "                } catch (DukeException e){"
      },
      {
        "lineNumber": 65,
        "author": {
          "gitId": "cctt1014"
        },
        "content": "                    e.printStackTrace();"
      },
      {
        "lineNumber": 66,
        "author": {
          "gitId": "cctt1014"
        },
        "content": "                }"
      },
      {
        "lineNumber": 67,
        "author": {
          "gitId": "cctt1014"
        },
        "content": "            } else {"
      },
      {
        "lineNumber": 68,
        "author": {
          "gitId": "cctt1014"
        },
        "content": "                try {"
      },
      {
        "lineNumber": 69,
        "author": {
          "gitId": "cctt1014"
        },
        "content": "                    String[] keyword \u003d inputString.split(\" \");"
      },
      {
        "lineNumber": 70,
        "author": {
          "gitId": "cctt1014"
        },
        "content": "                    if (!(keyword[0].equals(\"deadline\") || keyword[0].equals(\"event\") || keyword[0].equals(\"todo\"))){"
      },
      {
        "lineNumber": 71,
        "author": {
          "gitId": "cctt1014"
        },
        "content": "                        throw new DukeException(\"OOPS!!! I\u0027m sorry, but I don\u0027t know what that means :-(\");"
      },
      {
        "lineNumber": 72,
        "author": {
          "gitId": "cctt1014"
        },
        "content": "                    }"
      },
      {
        "lineNumber": 73,
        "author": {
          "gitId": "cctt1014"
        },
        "content": "                    switch (keyword[0]) {"
      },
      {
        "lineNumber": 74,
        "author": {
          "gitId": "cctt1014"
        },
        "content": "                        case \"deadline\": {"
      },
      {
        "lineNumber": 75,
        "author": {
          "gitId": "cctt1014"
        },
        "content": "                            if (inputString.equals(\"deadline\")){"
      },
      {
        "lineNumber": 76,
        "author": {
          "gitId": "cctt1014"
        },
        "content": "                                throw new DukeException(\"OOPS!!! The description of a deadline cannot be empty.\");"
      },
      {
        "lineNumber": 77,
        "author": {
          "gitId": "cctt1014"
        },
        "content": "                            }"
      },
      {
        "lineNumber": 78,
        "author": {
          "gitId": "cctt1014"
        },
        "content": "                            String[] getDate \u003d inputString.split(\"/by \");"
      },
      {
        "lineNumber": 79,
        "author": {
          "gitId": "cctt1014"
        },
        "content": "                            Date date \u003d simpleDateFormat.parse(getDate[getDate.length-1]);"
      },
      {
        "lineNumber": 80,
        "author": {
          "gitId": "cctt1014"
        },
        "content": "                            String formattedDate \u003d simpleDateFormat.format(date);"
      },
      {
        "lineNumber": 81,
        "author": {
          "gitId": "cctt1014"
        },
        "content": "                            Task t \u003d new Deadline(getDate[0].replaceFirst(\"deadline \", \"\"),"
      },
      {
        "lineNumber": 82,
        "author": {
          "gitId": "cctt1014"
        },
        "content": "                                    formattedDate);"
      },
      {
        "lineNumber": 83,
        "author": {
          "gitId": "cctt1014"
        },
        "content": "                            checkList[taskNo++] \u003d t;"
      },
      {
        "lineNumber": 84,
        "author": {
          "gitId": "cctt1014"
        },
        "content": "                            break;"
      },
      {
        "lineNumber": 85,
        "author": {
          "gitId": "cctt1014"
        },
        "content": "                        }"
      },
      {
        "lineNumber": 86,
        "author": {
          "gitId": "cctt1014"
        },
        "content": "                        case \"event\": {"
      },
      {
        "lineNumber": 87,
        "author": {
          "gitId": "cctt1014"
        },
        "content": "                            if (inputString.equals(\"event\")){"
      },
      {
        "lineNumber": 88,
        "author": {
          "gitId": "cctt1014"
        },
        "content": "                                throw new DukeException(\"OOPS!!! The description of a event cannot be empty.\");"
      },
      {
        "lineNumber": 89,
        "author": {
          "gitId": "cctt1014"
        },
        "content": "                            }"
      },
      {
        "lineNumber": 90,
        "author": {
          "gitId": "cctt1014"
        },
        "content": "                            String[] getDate \u003d inputString.split(\"/at \");"
      },
      {
        "lineNumber": 91,
        "author": {
          "gitId": "cctt1014"
        },
        "content": "                            Date date \u003d simpleDateFormat.parse(getDate[getDate.length-1]);"
      },
      {
        "lineNumber": 92,
        "author": {
          "gitId": "cctt1014"
        },
        "content": "                            String formattedDate \u003d simpleDateFormat.format(date);"
      },
      {
        "lineNumber": 93,
        "author": {
          "gitId": "cctt1014"
        },
        "content": "                            Task t \u003d new Events(getDate[0].replaceFirst(\"event \", \"\"),"
      },
      {
        "lineNumber": 94,
        "author": {
          "gitId": "cctt1014"
        },
        "content": "                                    formattedDate);"
      },
      {
        "lineNumber": 95,
        "author": {
          "gitId": "cctt1014"
        },
        "content": "                            checkList[taskNo++] \u003d t;"
      },
      {
        "lineNumber": 96,
        "author": {
          "gitId": "cctt1014"
        },
        "content": "                            break;"
      },
      {
        "lineNumber": 97,
        "author": {
          "gitId": "cctt1014"
        },
        "content": "                        }"
      },
      {
        "lineNumber": 98,
        "author": {
          "gitId": "cctt1014"
        },
        "content": "                        case \"todo\": {"
      },
      {
        "lineNumber": 99,
        "author": {
          "gitId": "cctt1014"
        },
        "content": "                            if (inputString.equals(\"todo\")){"
      },
      {
        "lineNumber": 100,
        "author": {
          "gitId": "cctt1014"
        },
        "content": "                                throw new DukeException(\"OOPS!!! The description of a todo cannot be empty.\");"
      },
      {
        "lineNumber": 101,
        "author": {
          "gitId": "cctt1014"
        },
        "content": "                            }"
      },
      {
        "lineNumber": 102,
        "author": {
          "gitId": "cctt1014"
        },
        "content": "                            Task t \u003d new ToDos(inputString.replaceFirst(\"todo \", \"\"));"
      },
      {
        "lineNumber": 103,
        "author": {
          "gitId": "cctt1014"
        },
        "content": "                            checkList[taskNo++] \u003d t;"
      },
      {
        "lineNumber": 104,
        "author": {
          "gitId": "cctt1014"
        },
        "content": "                            break;"
      },
      {
        "lineNumber": 105,
        "author": {
          "gitId": "cctt1014"
        },
        "content": "                        }"
      },
      {
        "lineNumber": 106,
        "author": {
          "gitId": "cctt1014"
        },
        "content": "                    }"
      },
      {
        "lineNumber": 107,
        "author": {
          "gitId": "cctt1014"
        },
        "content": "                    fileControl.requestToWriteTheFile(checkList);"
      },
      {
        "lineNumber": 108,
        "author": {
          "gitId": "cctt1014"
        },
        "content": "                    System.out.println(\"____________________________________________________________\\n\");"
      },
      {
        "lineNumber": 109,
        "author": {
          "gitId": "cctt1014"
        },
        "content": "                    System.out.println(\" Got it. I\u0027ve added this task: \\n\");"
      },
      {
        "lineNumber": 110,
        "author": {
          "gitId": "cctt1014"
        },
        "content": "                    System.out.println(\"     \" + checkList[taskNo - 1].toString() + \"\\n\");"
      },
      {
        "lineNumber": 111,
        "author": {
          "gitId": "cctt1014"
        },
        "content": "                    System.out.println(\" Now you have \" + taskNo + \" tasks in the list.\");"
      },
      {
        "lineNumber": 112,
        "author": {
          "gitId": "cctt1014"
        },
        "content": "                    System.out.println(\"____________________________________________________________\\n\");"
      },
      {
        "lineNumber": 113,
        "author": {
          "gitId": "cctt1014"
        },
        "content": "                } catch (DukeException | ParseException e){"
      },
      {
        "lineNumber": 114,
        "author": {
          "gitId": "cctt1014"
        },
        "content": "                    e.printStackTrace();"
      },
      {
        "lineNumber": 115,
        "author": {
          "gitId": "-"
        },
        "content": "                }"
      },
      {
        "lineNumber": 116,
        "author": {
          "gitId": "cctt1014"
        },
        "content": ""
      },
      {
        "lineNumber": 117,
        "author": {
          "gitId": "cctt1014"
        },
        "content": "            } //else"
      },
      {
        "lineNumber": 118,
        "author": {
          "gitId": "cctt1014"
        },
        "content": "        }//while loop"
      },
      {
        "lineNumber": 119,
        "author": {
          "gitId": "cctt1014"
        },
        "content": ""
      },
      {
        "lineNumber": 120,
        "author": {
          "gitId": "cctt1014"
        },
        "content": "    }//main"
      },
      {
        "lineNumber": 121,
        "author": {
          "gitId": "cctt1014"
        },
        "content": ""
      },
      {
        "lineNumber": 122,
        "author": {
          "gitId": "cctt1014"
        },
        "content": "}//duke class"
      },
      {
        "lineNumber": 123,
        "author": {
          "gitId": "cctt1014"
        },
        "content": ""
      }
    ],
    "authorContributionMap": {
      "cctt1014": 115,
      "-": 8
    }
  },
  {
    "path": "src/main/java/DukeException.java",
    "lines": [
      {
        "lineNumber": 1,
        "author": {
          "gitId": "cctt1014"
        },
        "content": "public class DukeException extends Exception{"
      },
      {
        "lineNumber": 2,
        "author": {
          "gitId": "cctt1014"
        },
        "content": "    DukeException(){}"
      },
      {
        "lineNumber": 3,
        "author": {
          "gitId": "cctt1014"
        },
        "content": ""
      },
      {
        "lineNumber": 4,
        "author": {
          "gitId": "cctt1014"
        },
        "content": "    DukeException(String errorMsg) {"
      },
      {
        "lineNumber": 5,
        "author": {
          "gitId": "cctt1014"
        },
        "content": "        super(errorMsg);"
      },
      {
        "lineNumber": 6,
        "author": {
          "gitId": "cctt1014"
        },
        "content": "    }"
      },
      {
        "lineNumber": 7,
        "author": {
          "gitId": "cctt1014"
        },
        "content": ""
      },
      {
        "lineNumber": 8,
        "author": {
          "gitId": "cctt1014"
        },
        "content": "}"
      }
    ],
    "authorContributionMap": {
      "cctt1014": 8
    }
  },
  {
    "path": "src/main/java/Events.java",
    "lines": [
      {
        "lineNumber": 1,
        "author": {
          "gitId": "cctt1014"
        },
        "content": "public class Events extends Task{"
      },
      {
        "lineNumber": 2,
        "author": {
          "gitId": "cctt1014"
        },
        "content": ""
      },
      {
        "lineNumber": 3,
        "author": {
          "gitId": "cctt1014"
        },
        "content": "    protected String at;"
      },
      {
        "lineNumber": 4,
        "author": {
          "gitId": "cctt1014"
        },
        "content": ""
      },
      {
        "lineNumber": 5,
        "author": {
          "gitId": "cctt1014"
        },
        "content": "    public Events(String description, String at) {"
      },
      {
        "lineNumber": 6,
        "author": {
          "gitId": "cctt1014"
        },
        "content": "        super(description);"
      },
      {
        "lineNumber": 7,
        "author": {
          "gitId": "cctt1014"
        },
        "content": "        this.at \u003d at;"
      },
      {
        "lineNumber": 8,
        "author": {
          "gitId": "cctt1014"
        },
        "content": "        super.type \u003d \"E\";"
      },
      {
        "lineNumber": 9,
        "author": {
          "gitId": "cctt1014"
        },
        "content": "    }"
      },
      {
        "lineNumber": 10,
        "author": {
          "gitId": "cctt1014"
        },
        "content": ""
      },
      {
        "lineNumber": 11,
        "author": {
          "gitId": "cctt1014"
        },
        "content": "    @Override"
      },
      {
        "lineNumber": 12,
        "author": {
          "gitId": "cctt1014"
        },
        "content": "    public String toString() {"
      },
      {
        "lineNumber": 13,
        "author": {
          "gitId": "cctt1014"
        },
        "content": "        return \"[E]\" + super.toString() + \"(at: \" + at + \")\";"
      },
      {
        "lineNumber": 14,
        "author": {
          "gitId": "cctt1014"
        },
        "content": "    }"
      },
      {
        "lineNumber": 15,
        "author": {
          "gitId": "cctt1014"
        },
        "content": ""
      },
      {
        "lineNumber": 16,
        "author": {
          "gitId": "cctt1014"
        },
        "content": "}"
      }
    ],
    "authorContributionMap": {
      "cctt1014": 16
    }
  },
  {
    "path": "src/main/java/FileControl.java",
    "lines": [
      {
        "lineNumber": 1,
        "author": {
          "gitId": "cctt1014"
        },
        "content": "import java.io.*;"
      },
      {
        "lineNumber": 2,
        "author": {
          "gitId": "cctt1014"
        },
        "content": ""
      },
      {
        "lineNumber": 3,
        "author": {
          "gitId": "cctt1014"
        },
        "content": "public class FileControl {"
      },
      {
        "lineNumber": 4,
        "author": {
          "gitId": "cctt1014"
        },
        "content": ""
      },
      {
        "lineNumber": 5,
        "author": {
          "gitId": "cctt1014"
        },
        "content": "    private static Task[] checkList \u003d new Task[100];"
      },
      {
        "lineNumber": 6,
        "author": {
          "gitId": "cctt1014"
        },
        "content": "    private static int taskNo \u003d 0;"
      },
      {
        "lineNumber": 7,
        "author": {
          "gitId": "cctt1014"
        },
        "content": ""
      },
      {
        "lineNumber": 8,
        "author": {
          "gitId": "cctt1014"
        },
        "content": "    public FileControl() {"
      },
      {
        "lineNumber": 9,
        "author": {
          "gitId": "cctt1014"
        },
        "content": "        try {"
      },
      {
        "lineNumber": 10,
        "author": {
          "gitId": "cctt1014"
        },
        "content": "            FileReader fileReader \u003d new FileReader(\"data/duke.txt\");"
      },
      {
        "lineNumber": 11,
        "author": {
          "gitId": "cctt1014"
        },
        "content": "            BufferedReader bufferedReader \u003d new BufferedReader(fileReader);"
      },
      {
        "lineNumber": 12,
        "author": {
          "gitId": "cctt1014"
        },
        "content": "            String line;"
      },
      {
        "lineNumber": 13,
        "author": {
          "gitId": "cctt1014"
        },
        "content": "            while ((line \u003d bufferedReader.readLine()) !\u003d null) {"
      },
      {
        "lineNumber": 14,
        "author": {
          "gitId": "cctt1014"
        },
        "content": "                line \u003d line.replace(\u0027|\u0027, \u0027@\u0027);"
      },
      {
        "lineNumber": 15,
        "author": {
          "gitId": "cctt1014"
        },
        "content": "                String[] info \u003d line.split(\" @ \");"
      },
      {
        "lineNumber": 16,
        "author": {
          "gitId": "cctt1014"
        },
        "content": "                if (!(info[0].equals(\"T\") || info[0].equals(\"D\") || info[0].equals(\"E\"))) {"
      },
      {
        "lineNumber": 17,
        "author": {
          "gitId": "cctt1014"
        },
        "content": "                    throw new DukeException(\"This is not a valid input from the file!!!\");"
      },
      {
        "lineNumber": 18,
        "author": {
          "gitId": "cctt1014"
        },
        "content": "                }"
      },
      {
        "lineNumber": 19,
        "author": {
          "gitId": "cctt1014"
        },
        "content": "                Task t \u003d new Task(\"default\");"
      },
      {
        "lineNumber": 20,
        "author": {
          "gitId": "cctt1014"
        },
        "content": "                switch (info[0]) {"
      },
      {
        "lineNumber": 21,
        "author": {
          "gitId": "cctt1014"
        },
        "content": "                    case \"T\":"
      },
      {
        "lineNumber": 22,
        "author": {
          "gitId": "cctt1014"
        },
        "content": "                        t \u003d new ToDos(info[2]);"
      },
      {
        "lineNumber": 23,
        "author": {
          "gitId": "cctt1014"
        },
        "content": "                        break;"
      },
      {
        "lineNumber": 24,
        "author": {
          "gitId": "cctt1014"
        },
        "content": "                    case \"D\":"
      },
      {
        "lineNumber": 25,
        "author": {
          "gitId": "cctt1014"
        },
        "content": "                        t \u003d new Deadline(info[2], info[3]);"
      },
      {
        "lineNumber": 26,
        "author": {
          "gitId": "cctt1014"
        },
        "content": "                        break;"
      },
      {
        "lineNumber": 27,
        "author": {
          "gitId": "cctt1014"
        },
        "content": "                    case \"E\":"
      },
      {
        "lineNumber": 28,
        "author": {
          "gitId": "cctt1014"
        },
        "content": "                        t \u003d new Events(info[2], info[3]);"
      },
      {
        "lineNumber": 29,
        "author": {
          "gitId": "cctt1014"
        },
        "content": "                        break;"
      },
      {
        "lineNumber": 30,
        "author": {
          "gitId": "cctt1014"
        },
        "content": "                }"
      },
      {
        "lineNumber": 31,
        "author": {
          "gitId": "cctt1014"
        },
        "content": "                if (t.description.equals(\"default\")) {"
      },
      {
        "lineNumber": 32,
        "author": {
          "gitId": "cctt1014"
        },
        "content": "                    throw new DukeException(\"This task is not refreshed.\");"
      },
      {
        "lineNumber": 33,
        "author": {
          "gitId": "cctt1014"
        },
        "content": "                }"
      },
      {
        "lineNumber": 34,
        "author": {
          "gitId": "cctt1014"
        },
        "content": "                if (info[1].equals(\"1\")) {"
      },
      {
        "lineNumber": 35,
        "author": {
          "gitId": "cctt1014"
        },
        "content": "                    t.markAsDone();"
      },
      {
        "lineNumber": 36,
        "author": {
          "gitId": "cctt1014"
        },
        "content": "                }"
      },
      {
        "lineNumber": 37,
        "author": {
          "gitId": "cctt1014"
        },
        "content": "                checkList[taskNo++] \u003d t;"
      },
      {
        "lineNumber": 38,
        "author": {
          "gitId": "cctt1014"
        },
        "content": "            }"
      },
      {
        "lineNumber": 39,
        "author": {
          "gitId": "cctt1014"
        },
        "content": "            bufferedReader.close();"
      },
      {
        "lineNumber": 40,
        "author": {
          "gitId": "cctt1014"
        },
        "content": "        } catch (IOException | DukeException e) {"
      },
      {
        "lineNumber": 41,
        "author": {
          "gitId": "cctt1014"
        },
        "content": "            e.printStackTrace();"
      },
      {
        "lineNumber": 42,
        "author": {
          "gitId": "cctt1014"
        },
        "content": "        }"
      },
      {
        "lineNumber": 43,
        "author": {
          "gitId": "cctt1014"
        },
        "content": "    }"
      },
      {
        "lineNumber": 44,
        "author": {
          "gitId": "cctt1014"
        },
        "content": ""
      },
      {
        "lineNumber": 45,
        "author": {
          "gitId": "cctt1014"
        },
        "content": "    public Task[] requestTheData() {"
      },
      {
        "lineNumber": 46,
        "author": {
          "gitId": "cctt1014"
        },
        "content": "        return checkList;"
      },
      {
        "lineNumber": 47,
        "author": {
          "gitId": "cctt1014"
        },
        "content": "    }"
      },
      {
        "lineNumber": 48,
        "author": {
          "gitId": "cctt1014"
        },
        "content": ""
      },
      {
        "lineNumber": 49,
        "author": {
          "gitId": "cctt1014"
        },
        "content": "    public int requestTheTotalNumberofTask() {"
      },
      {
        "lineNumber": 50,
        "author": {
          "gitId": "cctt1014"
        },
        "content": "        return taskNo;"
      },
      {
        "lineNumber": 51,
        "author": {
          "gitId": "cctt1014"
        },
        "content": "    }"
      },
      {
        "lineNumber": 52,
        "author": {
          "gitId": "cctt1014"
        },
        "content": ""
      },
      {
        "lineNumber": 53,
        "author": {
          "gitId": "cctt1014"
        },
        "content": "    public void requestToWriteTheFile(Task[] taskList) {"
      },
      {
        "lineNumber": 54,
        "author": {
          "gitId": "cctt1014"
        },
        "content": "        try {"
      },
      {
        "lineNumber": 55,
        "author": {
          "gitId": "cctt1014"
        },
        "content": "            FileWriter fileWriter \u003d new FileWriter(\"data/duke.txt\");"
      },
      {
        "lineNumber": 56,
        "author": {
          "gitId": "cctt1014"
        },
        "content": "            BufferedWriter bufferedWriter \u003d new BufferedWriter(fileWriter);"
      },
      {
        "lineNumber": 57,
        "author": {
          "gitId": "cctt1014"
        },
        "content": "            bufferedWriter.write(\"\");"
      },
      {
        "lineNumber": 58,
        "author": {
          "gitId": "cctt1014"
        },
        "content": "            for (Task t : taskList) {"
      },
      {
        "lineNumber": 59,
        "author": {
          "gitId": "cctt1014"
        },
        "content": "                if (t instanceof ToDos) {"
      },
      {
        "lineNumber": 60,
        "author": {
          "gitId": "cctt1014"
        },
        "content": "                    if (t.isDone)"
      },
      {
        "lineNumber": 61,
        "author": {
          "gitId": "cctt1014"
        },
        "content": "                        bufferedWriter.write(t.type + \" | 1 | \" + t.description + \"\\n\");"
      },
      {
        "lineNumber": 62,
        "author": {
          "gitId": "cctt1014"
        },
        "content": "                    else"
      },
      {
        "lineNumber": 63,
        "author": {
          "gitId": "cctt1014"
        },
        "content": "                        bufferedWriter.write(t.type + \" | 0 | \" + t.description + \"\\n\");"
      },
      {
        "lineNumber": 64,
        "author": {
          "gitId": "cctt1014"
        },
        "content": "                } else if (t instanceof Events) {"
      },
      {
        "lineNumber": 65,
        "author": {
          "gitId": "cctt1014"
        },
        "content": "                    if (t.isDone)"
      },
      {
        "lineNumber": 66,
        "author": {
          "gitId": "cctt1014"
        },
        "content": "                        bufferedWriter.write(t.type + \" | 1 | \" + t.description + \" | \""
      },
      {
        "lineNumber": 67,
        "author": {
          "gitId": "cctt1014"
        },
        "content": "                                + ((Events) t).at + \"\\n\");"
      },
      {
        "lineNumber": 68,
        "author": {
          "gitId": "cctt1014"
        },
        "content": "                    else"
      },
      {
        "lineNumber": 69,
        "author": {
          "gitId": "cctt1014"
        },
        "content": "                        bufferedWriter.write(t.type + \" | 0 | \" + t.description + \" | \""
      },
      {
        "lineNumber": 70,
        "author": {
          "gitId": "cctt1014"
        },
        "content": "                                + ((Events) t).at + \"\\n\");"
      },
      {
        "lineNumber": 71,
        "author": {
          "gitId": "cctt1014"
        },
        "content": "                } else if (t instanceof Deadline) {"
      },
      {
        "lineNumber": 72,
        "author": {
          "gitId": "cctt1014"
        },
        "content": "                    if (t.isDone)"
      },
      {
        "lineNumber": 73,
        "author": {
          "gitId": "cctt1014"
        },
        "content": "                        bufferedWriter.write(t.type + \" | 1 | \" + t.description + \" | \""
      },
      {
        "lineNumber": 74,
        "author": {
          "gitId": "cctt1014"
        },
        "content": "                                + ((Deadline) t).by + \"\\n\");"
      },
      {
        "lineNumber": 75,
        "author": {
          "gitId": "cctt1014"
        },
        "content": "                    else"
      },
      {
        "lineNumber": 76,
        "author": {
          "gitId": "cctt1014"
        },
        "content": "                        bufferedWriter.write(t.type + \" | 0 | \" + t.description + \" | \""
      },
      {
        "lineNumber": 77,
        "author": {
          "gitId": "cctt1014"
        },
        "content": "                                + ((Deadline) t).by + \"\\n\");"
      },
      {
        "lineNumber": 78,
        "author": {
          "gitId": "cctt1014"
        },
        "content": ""
      },
      {
        "lineNumber": 79,
        "author": {
          "gitId": "cctt1014"
        },
        "content": "                }"
      },
      {
        "lineNumber": 80,
        "author": {
          "gitId": "cctt1014"
        },
        "content": "            }"
      },
      {
        "lineNumber": 81,
        "author": {
          "gitId": "cctt1014"
        },
        "content": "            bufferedWriter.close();"
      },
      {
        "lineNumber": 82,
        "author": {
          "gitId": "cctt1014"
        },
        "content": "        } catch (IOException e) {"
      },
      {
        "lineNumber": 83,
        "author": {
          "gitId": "cctt1014"
        },
        "content": "            e.printStackTrace();"
      },
      {
        "lineNumber": 84,
        "author": {
          "gitId": "cctt1014"
        },
        "content": "        }"
      },
      {
        "lineNumber": 85,
        "author": {
          "gitId": "cctt1014"
        },
        "content": "    }"
      },
      {
        "lineNumber": 86,
        "author": {
          "gitId": "cctt1014"
        },
        "content": "}"
      },
      {
        "lineNumber": 87,
        "author": {
          "gitId": "cctt1014"
        },
        "content": ""
      }
    ],
    "authorContributionMap": {
      "cctt1014": 87
    }
  },
  {
    "path": "src/main/java/Task.java",
    "lines": [
      {
        "lineNumber": 1,
        "author": {
          "gitId": "cctt1014"
        },
        "content": "public class Task{"
      },
      {
        "lineNumber": 2,
        "author": {
          "gitId": "cctt1014"
        },
        "content": "    protected String description;"
      },
      {
        "lineNumber": 3,
        "author": {
          "gitId": "cctt1014"
        },
        "content": "    protected boolean isDone;"
      },
      {
        "lineNumber": 4,
        "author": {
          "gitId": "cctt1014"
        },
        "content": "    protected String type;"
      },
      {
        "lineNumber": 5,
        "author": {
          "gitId": "cctt1014"
        },
        "content": ""
      },
      {
        "lineNumber": 6,
        "author": {
          "gitId": "cctt1014"
        },
        "content": "    public Task(String description) {"
      },
      {
        "lineNumber": 7,
        "author": {
          "gitId": "cctt1014"
        },
        "content": "        this.description \u003d description;"
      },
      {
        "lineNumber": 8,
        "author": {
          "gitId": "cctt1014"
        },
        "content": "        this.isDone \u003d false;"
      },
      {
        "lineNumber": 9,
        "author": {
          "gitId": "cctt1014"
        },
        "content": "    }"
      },
      {
        "lineNumber": 10,
        "author": {
          "gitId": "cctt1014"
        },
        "content": ""
      },
      {
        "lineNumber": 11,
        "author": {
          "gitId": "cctt1014"
        },
        "content": "    public String getStatusIcon() {"
      },
      {
        "lineNumber": 12,
        "author": {
          "gitId": "cctt1014"
        },
        "content": "        return (isDone? \"[✓]\" : \"[✗]\"); //return tick or X symbols"
      },
      {
        "lineNumber": 13,
        "author": {
          "gitId": "cctt1014"
        },
        "content": "    }"
      },
      {
        "lineNumber": 14,
        "author": {
          "gitId": "cctt1014"
        },
        "content": ""
      },
      {
        "lineNumber": 15,
        "author": {
          "gitId": "cctt1014"
        },
        "content": "    public void markAsDone() {"
      },
      {
        "lineNumber": 16,
        "author": {
          "gitId": "cctt1014"
        },
        "content": "        this.isDone \u003d true;"
      },
      {
        "lineNumber": 17,
        "author": {
          "gitId": "cctt1014"
        },
        "content": "    }"
      },
      {
        "lineNumber": 18,
        "author": {
          "gitId": "cctt1014"
        },
        "content": ""
      },
      {
        "lineNumber": 19,
        "author": {
          "gitId": "cctt1014"
        },
        "content": "    public String toString() {"
      },
      {
        "lineNumber": 20,
        "author": {
          "gitId": "cctt1014"
        },
        "content": "        return getStatusIcon() + \" \" + description;"
      },
      {
        "lineNumber": 21,
        "author": {
          "gitId": "cctt1014"
        },
        "content": "    }"
      },
      {
        "lineNumber": 22,
        "author": {
          "gitId": "cctt1014"
        },
        "content": "}"
      },
      {
        "lineNumber": 23,
        "author": {
          "gitId": "cctt1014"
        },
        "content": ""
      }
    ],
    "authorContributionMap": {
      "cctt1014": 23
    }
  },
  {
    "path": "src/main/java/ToDos.java",
    "lines": [
      {
        "lineNumber": 1,
        "author": {
          "gitId": "cctt1014"
        },
        "content": "public class ToDos extends Task{"
      },
      {
        "lineNumber": 2,
        "author": {
          "gitId": "cctt1014"
        },
        "content": ""
      },
      {
        "lineNumber": 3,
        "author": {
          "gitId": "cctt1014"
        },
        "content": "    public ToDos(String description) {"
      },
      {
        "lineNumber": 4,
        "author": {
          "gitId": "cctt1014"
        },
        "content": "        super(description);"
      },
      {
        "lineNumber": 5,
        "author": {
          "gitId": "cctt1014"
        },
        "content": "        super.type \u003d \"T\";"
      },
      {
        "lineNumber": 6,
        "author": {
          "gitId": "cctt1014"
        },
        "content": "    }"
      },
      {
        "lineNumber": 7,
        "author": {
          "gitId": "cctt1014"
        },
        "content": ""
      },
      {
        "lineNumber": 8,
        "author": {
          "gitId": "cctt1014"
        },
        "content": "    @Override"
      },
      {
        "lineNumber": 9,
        "author": {
          "gitId": "cctt1014"
        },
        "content": "    public String toString() {"
      },
      {
        "lineNumber": 10,
        "author": {
          "gitId": "cctt1014"
        },
        "content": "        return \"[T]\" + super.toString();"
      },
      {
        "lineNumber": 11,
        "author": {
          "gitId": "cctt1014"
        },
        "content": "    }"
      },
      {
        "lineNumber": 12,
        "author": {
          "gitId": "cctt1014"
        },
        "content": ""
      },
      {
        "lineNumber": 13,
        "author": {
          "gitId": "cctt1014"
        },
        "content": "}"
      }
    ],
    "authorContributionMap": {
      "cctt1014": 13
    }
  }
]
