[
  {
    "path": "src/main/java/Duke.java",
    "fileType": "java",
    "lines": [
      {
        "lineNumber": 1,
        "author": {
          "gitId": "notahotdog"
        },
        "content": "import java.util.*;"
      },
      {
        "lineNumber": 2,
        "author": {
          "gitId": "notahotdog"
        },
        "content": ""
      },
      {
        "lineNumber": 3,
        "author": {
          "gitId": "-"
        },
        "content": "public class Duke {"
      },
      {
        "lineNumber": 4,
        "author": {
          "gitId": "-"
        },
        "content": "    public static void main(String[] args) {"
      },
      {
        "lineNumber": 5,
        "author": {
          "gitId": "-"
        },
        "content": "        String logo \u003d \" ____        _        \\n\""
      },
      {
        "lineNumber": 6,
        "author": {
          "gitId": "-"
        },
        "content": "                + \"|  _ \\\\ _   _| | _____ \\n\""
      },
      {
        "lineNumber": 7,
        "author": {
          "gitId": "-"
        },
        "content": "                + \"| | | | | | | |/ / _ \\\\\\n\""
      },
      {
        "lineNumber": 8,
        "author": {
          "gitId": "-"
        },
        "content": "                + \"| |_| | |_| |   \u003c  __/\\n\""
      },
      {
        "lineNumber": 9,
        "author": {
          "gitId": "-"
        },
        "content": "                + \"|____/ \\\\__,_|_|\\\\_\\\\___|\\n\";"
      },
      {
        "lineNumber": 10,
        "author": {
          "gitId": "-"
        },
        "content": "        System.out.println(\"Hello from\\n\" + logo);"
      },
      {
        "lineNumber": 11,
        "author": {
          "gitId": "notahotdog"
        },
        "content": "        System.out.println(\"What can i do for you? \");"
      },
      {
        "lineNumber": 12,
        "author": {
          "gitId": "notahotdog"
        },
        "content": "        Boolean state \u003d true;"
      },
      {
        "lineNumber": 13,
        "author": {
          "gitId": "notahotdog"
        },
        "content": ""
      },
      {
        "lineNumber": 14,
        "author": {
          "gitId": "notahotdog"
        },
        "content": "        List\u003cTask\u003e actionList \u003d new ArrayList\u003c\u003e();"
      },
      {
        "lineNumber": 15,
        "author": {
          "gitId": "notahotdog"
        },
        "content": "        while(state) {"
      },
      {
        "lineNumber": 16,
        "author": {
          "gitId": "notahotdog"
        },
        "content": ""
      },
      {
        "lineNumber": 17,
        "author": {
          "gitId": "notahotdog"
        },
        "content": "            Scanner sc \u003d new Scanner(System.in);"
      },
      {
        "lineNumber": 18,
        "author": {
          "gitId": "notahotdog"
        },
        "content": "            String str \u003d sc.nextLine();"
      },
      {
        "lineNumber": 19,
        "author": {
          "gitId": "notahotdog"
        },
        "content": ""
      },
      {
        "lineNumber": 20,
        "author": {
          "gitId": "notahotdog"
        },
        "content": "            boolean removeList \u003d str.contains(\"done\");"
      },
      {
        "lineNumber": 21,
        "author": {
          "gitId": "notahotdog"
        },
        "content": ""
      },
      {
        "lineNumber": 22,
        "author": {
          "gitId": "notahotdog"
        },
        "content": "            if(str.equals(\"bye\")){"
      },
      {
        "lineNumber": 23,
        "author": {
          "gitId": "notahotdog"
        },
        "content": "                System.out.println(\"Bye. Hope to see you again soon!\");"
      },
      {
        "lineNumber": 24,
        "author": {
          "gitId": "notahotdog"
        },
        "content": "                state\u003dfalse;"
      },
      {
        "lineNumber": 25,
        "author": {
          "gitId": "notahotdog"
        },
        "content": "            }"
      },
      {
        "lineNumber": 26,
        "author": {
          "gitId": "notahotdog"
        },
        "content": ""
      },
      {
        "lineNumber": 27,
        "author": {
          "gitId": "notahotdog"
        },
        "content": "            else if(removeList){"
      },
      {
        "lineNumber": 28,
        "author": {
          "gitId": "notahotdog"
        },
        "content": "                System.out.println(\"Nice! I\u0027ve marked this task as done:\");"
      },
      {
        "lineNumber": 29,
        "author": {
          "gitId": "notahotdog"
        },
        "content": "                String arrStr[]  \u003d str.split(\" \", 2);"
      },
      {
        "lineNumber": 30,
        "author": {
          "gitId": "notahotdog"
        },
        "content": ""
      },
      {
        "lineNumber": 31,
        "author": {
          "gitId": "notahotdog"
        },
        "content": "                //this will change the icon to false"
      },
      {
        "lineNumber": 32,
        "author": {
          "gitId": "notahotdog"
        },
        "content": "                int num \u003d Integer.parseInt(arrStr[1]) -1;"
      },
      {
        "lineNumber": 33,
        "author": {
          "gitId": "notahotdog"
        },
        "content": "                actionList.get(num).isDone \u003d true;"
      },
      {
        "lineNumber": 34,
        "author": {
          "gitId": "notahotdog"
        },
        "content": ""
      },
      {
        "lineNumber": 35,
        "author": {
          "gitId": "notahotdog"
        },
        "content": "                String action \u003d actionList.get(num).getDescription();"
      },
      {
        "lineNumber": 36,
        "author": {
          "gitId": "notahotdog"
        },
        "content": "                String check \u003d actionList.get(num).getStatusIcon();"
      },
      {
        "lineNumber": 37,
        "author": {
          "gitId": "notahotdog"
        },
        "content": "                System.out.println(\"  [\" + check +\"]\" + action);"
      },
      {
        "lineNumber": 38,
        "author": {
          "gitId": "notahotdog"
        },
        "content": "            }"
      },
      {
        "lineNumber": 39,
        "author": {
          "gitId": "notahotdog"
        },
        "content": ""
      },
      {
        "lineNumber": 40,
        "author": {
          "gitId": "notahotdog"
        },
        "content": ""
      },
      {
        "lineNumber": 41,
        "author": {
          "gitId": "notahotdog"
        },
        "content": "            else if(str.equals(\"list\")){"
      },
      {
        "lineNumber": 42,
        "author": {
          "gitId": "notahotdog"
        },
        "content": "                System.out.println(\"Here are the tasks in your list:\");"
      },
      {
        "lineNumber": 43,
        "author": {
          "gitId": "notahotdog"
        },
        "content": ""
      },
      {
        "lineNumber": 44,
        "author": {
          "gitId": "notahotdog"
        },
        "content": "                //Implementation using the task class"
      },
      {
        "lineNumber": 45,
        "author": {
          "gitId": "notahotdog"
        },
        "content": "                Iterator\u003cTask\u003e actionItr \u003d actionList.iterator();"
      },
      {
        "lineNumber": 46,
        "author": {
          "gitId": "notahotdog"
        },
        "content": "                int ctr \u003d 1;"
      },
      {
        "lineNumber": 47,
        "author": {
          "gitId": "notahotdog"
        },
        "content": "                while(actionItr.hasNext()){"
      },
      {
        "lineNumber": 48,
        "author": {
          "gitId": "notahotdog"
        },
        "content": "                    Task element \u003d actionItr.next();"
      },
      {
        "lineNumber": 49,
        "author": {
          "gitId": "notahotdog"
        },
        "content": "                    String action \u003d element.getDescription();"
      },
      {
        "lineNumber": 50,
        "author": {
          "gitId": "notahotdog"
        },
        "content": "                    String check \u003d element.getStatusIcon();"
      },
      {
        "lineNumber": 51,
        "author": {
          "gitId": "notahotdog"
        },
        "content": ""
      },
      {
        "lineNumber": 52,
        "author": {
          "gitId": "notahotdog"
        },
        "content": "                    System.out.println(ctr +\". [\" + check +\"]\" + action);"
      },
      {
        "lineNumber": 53,
        "author": {
          "gitId": "notahotdog"
        },
        "content": "                    ctr++;"
      },
      {
        "lineNumber": 54,
        "author": {
          "gitId": "notahotdog"
        },
        "content": "                }"
      },
      {
        "lineNumber": 55,
        "author": {
          "gitId": "notahotdog"
        },
        "content": ""
      },
      {
        "lineNumber": 56,
        "author": {
          "gitId": "notahotdog"
        },
        "content": ""
      },
      {
        "lineNumber": 57,
        "author": {
          "gitId": "notahotdog"
        },
        "content": "            }"
      },
      {
        "lineNumber": 58,
        "author": {
          "gitId": "notahotdog"
        },
        "content": "            else {"
      },
      {
        "lineNumber": 59,
        "author": {
          "gitId": "notahotdog"
        },
        "content": ""
      },
      {
        "lineNumber": 60,
        "author": {
          "gitId": "notahotdog"
        },
        "content": "                Task action \u003d new Task(str);"
      },
      {
        "lineNumber": 61,
        "author": {
          "gitId": "notahotdog"
        },
        "content": "                actionList.add(action);"
      },
      {
        "lineNumber": 62,
        "author": {
          "gitId": "notahotdog"
        },
        "content": "                System.out.println(\"added: \"+ str);"
      },
      {
        "lineNumber": 63,
        "author": {
          "gitId": "notahotdog"
        },
        "content": "            }"
      },
      {
        "lineNumber": 64,
        "author": {
          "gitId": "notahotdog"
        },
        "content": "        }"
      },
      {
        "lineNumber": 65,
        "author": {
          "gitId": "-"
        },
        "content": "    }"
      },
      {
        "lineNumber": 66,
        "author": {
          "gitId": "-"
        },
        "content": "}"
      },
      {
        "lineNumber": 67,
        "author": {
          "gitId": "notahotdog"
        },
        "content": ""
      }
    ],
    "authorContributionMap": {
      "notahotdog": 57,
      "-": 10
    }
  },
  {
    "path": "src/main/java/Task.java",
    "fileType": "java",
    "lines": [
      {
        "lineNumber": 1,
        "author": {
          "gitId": "notahotdog"
        },
        "content": "public class Task {"
      },
      {
        "lineNumber": 2,
        "author": {
          "gitId": "notahotdog"
        },
        "content": ""
      },
      {
        "lineNumber": 3,
        "author": {
          "gitId": "notahotdog"
        },
        "content": "    protected String description;"
      },
      {
        "lineNumber": 4,
        "author": {
          "gitId": "notahotdog"
        },
        "content": "    protected boolean isDone;"
      },
      {
        "lineNumber": 5,
        "author": {
          "gitId": "notahotdog"
        },
        "content": ""
      },
      {
        "lineNumber": 6,
        "author": {
          "gitId": "notahotdog"
        },
        "content": "    public Task(String description) {"
      },
      {
        "lineNumber": 7,
        "author": {
          "gitId": "notahotdog"
        },
        "content": "        this.description \u003d description;"
      },
      {
        "lineNumber": 8,
        "author": {
          "gitId": "notahotdog"
        },
        "content": "        this.isDone \u003d false;"
      },
      {
        "lineNumber": 9,
        "author": {
          "gitId": "notahotdog"
        },
        "content": "    }"
      },
      {
        "lineNumber": 10,
        "author": {
          "gitId": "notahotdog"
        },
        "content": ""
      },
      {
        "lineNumber": 11,
        "author": {
          "gitId": "notahotdog"
        },
        "content": "    public String getStatusIcon() {"
      },
      {
        "lineNumber": 12,
        "author": {
          "gitId": "notahotdog"
        },
        "content": "        return (isDone ? \"\\u2713\" : \"\\u2718\"); //return tick or X symbols"
      },
      {
        "lineNumber": 13,
        "author": {
          "gitId": "notahotdog"
        },
        "content": "    }"
      },
      {
        "lineNumber": 14,
        "author": {
          "gitId": "notahotdog"
        },
        "content": ""
      },
      {
        "lineNumber": 15,
        "author": {
          "gitId": "notahotdog"
        },
        "content": "    public String getDescription(){"
      },
      {
        "lineNumber": 16,
        "author": {
          "gitId": "notahotdog"
        },
        "content": "        return description;"
      },
      {
        "lineNumber": 17,
        "author": {
          "gitId": "notahotdog"
        },
        "content": "    }"
      },
      {
        "lineNumber": 18,
        "author": {
          "gitId": "notahotdog"
        },
        "content": ""
      },
      {
        "lineNumber": 19,
        "author": {
          "gitId": "notahotdog"
        },
        "content": ""
      },
      {
        "lineNumber": 20,
        "author": {
          "gitId": "notahotdog"
        },
        "content": ""
      },
      {
        "lineNumber": 21,
        "author": {
          "gitId": "notahotdog"
        },
        "content": "}"
      }
    ],
    "authorContributionMap": {
      "notahotdog": 21
    }
  }
]
