{
  "authorDailyContributionsMap": {
    "Jeffry Lum": [],
    "Lindon Ng": [
      {
        "insertions": 97,
        "deletions": 18,
        "date": "2019-08-19",
        "commitResults": [
          {
            "hash": "c9017077ad32b09049b5ea90e11e8f89458dd111",
            "messageTitle": "Implemented Level 1. Greet, Echo, Exit",
            "messageBody": "",
            "insertions": 17,
            "deletions": 6
          },
          {
            "hash": "91b71acb72052534408822246ce3ca515b21ce2b",
            "messageTitle": "Implemented Level 2. Add, List",
            "messageBody": "",
            "insertions": 22,
            "deletions": 3
          },
          {
            "hash": "655311ce0b8123ab4f65bf7ae2bdc8758ecf83ec",
            "messageTitle": "Implemented Level 3. Mark as Done with Task class",
            "messageBody": "",
            "insertions": 58,
            "deletions": 9
          }
        ]
      },
      {
        "insertions": 286,
        "deletions": 43,
        "date": "2019-08-23",
        "commitResults": [
          {
            "hash": "dd75c5dd6968e67169f364e858bf2bb9bca942a9",
            "messageTitle": "Implemented Level 4. ToDos, Events, Deadlines with Inheritance",
            "messageBody": "",
            "insertions": 77,
            "deletions": 4
          },
          {
            "hash": "3e3919462e52a058b28ab4cb8cdc161c5d2b079f",
            "messageTitle": "Implemented Level 5. Handle Errors",
            "messageBody": "",
            "insertions": 34,
            "deletions": 7
          },
          {
            "hash": "a6d8464e9a1a1f70c109c96944d363af7e06b576",
            "messageTitle": "Added gradle build",
            "messageBody": "",
            "insertions": 5,
            "deletions": 3
          },
          {
            "hash": "359216a1ff48aecc769f0b7f2053560eb723dec8",
            "messageTitle": "Implemented Level 7. Save and unicode workaround",
            "messageBody": "",
            "insertions": 90,
            "deletions": 2
          },
          {
            "hash": "247d92e09f1d0ba32be71b5c812af26b054d1920",
            "messageTitle": "Implemented Level-8: Dates and Times",
            "messageBody": "",
            "insertions": 80,
            "deletions": 27
          }
        ]
      },
      {
        "insertions": 13,
        "deletions": 12,
        "date": "2019-08-25",
        "commitResults": [
          {
            "hash": "e7f20c0550801bbf7f0eff0698810ecd04ad82fa",
            "messageTitle": "improved error handling",
            "messageBody": "",
            "insertions": 13,
            "deletions": 12
          }
        ]
      },
      {
        "insertions": 64,
        "deletions": 48,
        "date": "2019-08-27",
        "commitResults": [
          {
            "hash": "b6a9fca1885a4fe48e0d751647e1c5d2e16498e3",
            "messageTitle": "added exception for Level 8.",
            "messageBody": "",
            "insertions": 3,
            "deletions": 0
          },
          {
            "hash": "f55cbc5987aec8f054f6842c5c89c319521f359f",
            "messageTitle": "Implemented custom exception",
            "messageBody": "",
            "insertions": 61,
            "deletions": 48
          }
        ]
      }
    ]
  },
  "authorFinalContributionMap": {
    "Jeffry Lum": 15,
    "Lindon Ng": 342
  },
  "authorFileTypeContributionMap": {
    "Jeffry Lum": {
      "java": 1,
      "gradle": 14,
      "css": 0,
      "fxml": 0
    },
    "Lindon Ng": {
      "java": 337,
      "gradle": 5,
      "css": 0,
      "fxml": 0
    }
  },
  "authorContributionVariance": {
    "Jeffry Lum": 0.0,
    "Lindon Ng": 7096.089
  },
  "authorDisplayNameMap": {
    "Jeffry Lum": "Jeffry Lum",
    "Lindon Ng": "Lindon Ng"
  }
}
