[
  {
    "path": "src/main/java/Deadline.java",
    "lines": [
      {
        "lineNumber": 1,
        "author": {
          "gitId": "JohnTYH"
        },
        "content": "public class Deadline extends Task {"
      },
      {
        "lineNumber": 2,
        "author": {
          "gitId": "JohnTYH"
        },
        "content": ""
      },
      {
        "lineNumber": 3,
        "author": {
          "gitId": "JohnTYH"
        },
        "content": "    protected String by;"
      },
      {
        "lineNumber": 4,
        "author": {
          "gitId": "JohnTYH"
        },
        "content": ""
      },
      {
        "lineNumber": 5,
        "author": {
          "gitId": "JohnTYH"
        },
        "content": "    public Deadline(String description, String by) {"
      },
      {
        "lineNumber": 6,
        "author": {
          "gitId": "JohnTYH"
        },
        "content": "        super(description);"
      },
      {
        "lineNumber": 7,
        "author": {
          "gitId": "JohnTYH"
        },
        "content": "        this.by \u003d by;"
      },
      {
        "lineNumber": 8,
        "author": {
          "gitId": "JohnTYH"
        },
        "content": "    }"
      },
      {
        "lineNumber": 9,
        "author": {
          "gitId": "JohnTYH"
        },
        "content": ""
      },
      {
        "lineNumber": 10,
        "author": {
          "gitId": "JohnTYH"
        },
        "content": "    @Override"
      },
      {
        "lineNumber": 11,
        "author": {
          "gitId": "JohnTYH"
        },
        "content": "    public String toString() {"
      },
      {
        "lineNumber": 12,
        "author": {
          "gitId": "JohnTYH"
        },
        "content": "        return \"[D]\" + super.toString() + \" (by: \" + by + \")\";"
      },
      {
        "lineNumber": 13,
        "author": {
          "gitId": "JohnTYH"
        },
        "content": "    }"
      },
      {
        "lineNumber": 14,
        "author": {
          "gitId": "JohnTYH"
        },
        "content": ""
      },
      {
        "lineNumber": 15,
        "author": {
          "gitId": "JohnTYH"
        },
        "content": "}"
      }
    ],
    "authorContributionMap": {
      "JohnTYH": 15
    }
  },
  {
    "path": "src/main/java/Duke.java",
    "lines": [
      {
        "lineNumber": 1,
        "author": {
          "gitId": "JohnTYH"
        },
        "content": "import java.util.ArrayList;"
      },
      {
        "lineNumber": 2,
        "author": {
          "gitId": "JohnTYH"
        },
        "content": "import java.util.Scanner;"
      },
      {
        "lineNumber": 3,
        "author": {
          "gitId": "JohnTYH"
        },
        "content": "import java.io.PrintStream;"
      },
      {
        "lineNumber": 4,
        "author": {
          "gitId": "JohnTYH"
        },
        "content": ""
      },
      {
        "lineNumber": 5,
        "author": {
          "gitId": "-"
        },
        "content": "public class Duke {"
      },
      {
        "lineNumber": 6,
        "author": {
          "gitId": "JohnTYH"
        },
        "content": ""
      },
      {
        "lineNumber": 7,
        "author": {
          "gitId": "-"
        },
        "content": "    public static void main(String[] args) {"
      },
      {
        "lineNumber": 8,
        "author": {
          "gitId": "JohnTYH"
        },
        "content": ""
      },
      {
        "lineNumber": 9,
        "author": {
          "gitId": "JohnTYH"
        },
        "content": ""
      },
      {
        "lineNumber": 10,
        "author": {
          "gitId": "JohnTYH"
        },
        "content": "        System.out.println(\"Hello! I\u0027m Duke\");"
      },
      {
        "lineNumber": 11,
        "author": {
          "gitId": "JohnTYH"
        },
        "content": "        System.out.println(\"What can I do for you?\");"
      },
      {
        "lineNumber": 12,
        "author": {
          "gitId": "JohnTYH"
        },
        "content": ""
      },
      {
        "lineNumber": 13,
        "author": {
          "gitId": "JohnTYH"
        },
        "content": ""
      },
      {
        "lineNumber": 14,
        "author": {
          "gitId": "JohnTYH"
        },
        "content": "        ArrayList\u003cTask\u003e info \u003d new ArrayList\u003cTask\u003e();"
      },
      {
        "lineNumber": 15,
        "author": {
          "gitId": "JohnTYH"
        },
        "content": ""
      },
      {
        "lineNumber": 16,
        "author": {
          "gitId": "JohnTYH"
        },
        "content": "        boolean end \u003d false;"
      },
      {
        "lineNumber": 17,
        "author": {
          "gitId": "JohnTYH"
        },
        "content": ""
      },
      {
        "lineNumber": 18,
        "author": {
          "gitId": "JohnTYH"
        },
        "content": ""
      },
      {
        "lineNumber": 19,
        "author": {
          "gitId": "JohnTYH"
        },
        "content": "        while(!end)"
      },
      {
        "lineNumber": 20,
        "author": {
          "gitId": "JohnTYH"
        },
        "content": "        {"
      },
      {
        "lineNumber": 21,
        "author": {
          "gitId": "JohnTYH"
        },
        "content": "            Scanner in \u003d new Scanner(System.in);"
      },
      {
        "lineNumber": 22,
        "author": {
          "gitId": "JohnTYH"
        },
        "content": "            String ss \u003d in.nextLine();"
      },
      {
        "lineNumber": 23,
        "author": {
          "gitId": "JohnTYH"
        },
        "content": ""
      },
      {
        "lineNumber": 24,
        "author": {
          "gitId": "JohnTYH"
        },
        "content": ""
      },
      {
        "lineNumber": 25,
        "author": {
          "gitId": "JohnTYH"
        },
        "content": "            String[] s \u003d ss.split(\" \",2);"
      },
      {
        "lineNumber": 26,
        "author": {
          "gitId": "JohnTYH"
        },
        "content": "            boolean donewrong \u003d false;"
      },
      {
        "lineNumber": 27,
        "author": {
          "gitId": "JohnTYH"
        },
        "content": "            if(s.length \u003d\u003d 1)"
      },
      {
        "lineNumber": 28,
        "author": {
          "gitId": "JohnTYH"
        },
        "content": "                donewrong \u003d true;"
      },
      {
        "lineNumber": 29,
        "author": {
          "gitId": "JohnTYH"
        },
        "content": "          // System.out.println(s[0]);"
      },
      {
        "lineNumber": 30,
        "author": {
          "gitId": "JohnTYH"
        },
        "content": "          // System.out.println(s[1]);"
      },
      {
        "lineNumber": 31,
        "author": {
          "gitId": "JohnTYH"
        },
        "content": ""
      },
      {
        "lineNumber": 32,
        "author": {
          "gitId": "JohnTYH"
        },
        "content": "            if(s[0].equals(\"todo\")) {"
      },
      {
        "lineNumber": 33,
        "author": {
          "gitId": "JohnTYH"
        },
        "content": ""
      },
      {
        "lineNumber": 34,
        "author": {
          "gitId": "JohnTYH"
        },
        "content": "                try {"
      },
      {
        "lineNumber": 35,
        "author": {
          "gitId": "JohnTYH"
        },
        "content": "               // if (donewrong) {"
      },
      {
        "lineNumber": 36,
        "author": {
          "gitId": "JohnTYH"
        },
        "content": "                 //   System.out.println(\" ☹ OOPS!!! The description of a todo cannot be empty.\");"
      },
      {
        "lineNumber": 37,
        "author": {
          "gitId": "JohnTYH"
        },
        "content": "              //  } else {"
      },
      {
        "lineNumber": 38,
        "author": {
          "gitId": "JohnTYH"
        },
        "content": "                    String[] todoArray \u003d ss.split(\" \", 2);"
      },
      {
        "lineNumber": 39,
        "author": {
          "gitId": "JohnTYH"
        },
        "content": "                    Todo obj \u003d new Todo(todoArray[1]);"
      },
      {
        "lineNumber": 40,
        "author": {
          "gitId": "JohnTYH"
        },
        "content": "                    info.add(obj);"
      },
      {
        "lineNumber": 41,
        "author": {
          "gitId": "JohnTYH"
        },
        "content": ""
      },
      {
        "lineNumber": 42,
        "author": {
          "gitId": "JohnTYH"
        },
        "content": "                    System.out.println(\"Got it. I\u0027ve added this task:\");"
      },
      {
        "lineNumber": 43,
        "author": {
          "gitId": "JohnTYH"
        },
        "content": "                    System.out.println(\" \" + obj.toString());"
      },
      {
        "lineNumber": 44,
        "author": {
          "gitId": "JohnTYH"
        },
        "content": "                    System.out.println(\"Now you have \" + Integer.toString(Task.getTask()) + \" task(s) in the list.\");"
      },
      {
        "lineNumber": 45,
        "author": {
          "gitId": "JohnTYH"
        },
        "content": ""
      },
      {
        "lineNumber": 46,
        "author": {
          "gitId": "JohnTYH"
        },
        "content": "                //}"
      },
      {
        "lineNumber": 47,
        "author": {
          "gitId": "JohnTYH"
        },
        "content": "            }"
      },
      {
        "lineNumber": 48,
        "author": {
          "gitId": "JohnTYH"
        },
        "content": "            catch (ArrayIndexOutOfBoundsException e) {"
      },
      {
        "lineNumber": 49,
        "author": {
          "gitId": "JohnTYH"
        },
        "content": "                System.out.println(\" ☹ OOPS!!! The description of a todo cannot be empty.\");"
      },
      {
        "lineNumber": 50,
        "author": {
          "gitId": "JohnTYH"
        },
        "content": "            }"
      },
      {
        "lineNumber": 51,
        "author": {
          "gitId": "JohnTYH"
        },
        "content": "            }"
      },
      {
        "lineNumber": 52,
        "author": {
          "gitId": "JohnTYH"
        },
        "content": ""
      },
      {
        "lineNumber": 53,
        "author": {
          "gitId": "JohnTYH"
        },
        "content": "            else if(s[0].equals(\"deadline\"))"
      },
      {
        "lineNumber": 54,
        "author": {
          "gitId": "JohnTYH"
        },
        "content": "            {"
      },
      {
        "lineNumber": 55,
        "author": {
          "gitId": "JohnTYH"
        },
        "content": "                try{"
      },
      {
        "lineNumber": 56,
        "author": {
          "gitId": "JohnTYH"
        },
        "content": "                    String[] Date;"
      },
      {
        "lineNumber": 57,
        "author": {
          "gitId": "JohnTYH"
        },
        "content": "                    String[] Months \u003d new String[] {\"January\", \"February\", \"March\", \"April\", \"May\", \"June\", \"July\", \"August\","
      },
      {
        "lineNumber": 58,
        "author": {
          "gitId": "JohnTYH"
        },
        "content": "                            \"September\", \"October\", \"November\", \"December\"};"
      },
      {
        "lineNumber": 59,
        "author": {
          "gitId": "JohnTYH"
        },
        "content": "                    String[] DLarray \u003d s[1].split(\"/by \");"
      },
      {
        "lineNumber": 60,
        "author": {
          "gitId": "JohnTYH"
        },
        "content": "                    Deadline obj \u003d new Deadline(DLarray[0], DLarray[1]);"
      },
      {
        "lineNumber": 61,
        "author": {
          "gitId": "JohnTYH"
        },
        "content": "                    if(DLarray[1].contains(\"/\"))"
      },
      {
        "lineNumber": 62,
        "author": {
          "gitId": "JohnTYH"
        },
        "content": "                    {"
      },
      {
        "lineNumber": 63,
        "author": {
          "gitId": "JohnTYH"
        },
        "content": "                        String[] getDate \u003d DLarray[1].split(\"/\");"
      },
      {
        "lineNumber": 64,
        "author": {
          "gitId": "JohnTYH"
        },
        "content": "                        if(getDate.length \u003d\u003d 3)"
      },
      {
        "lineNumber": 65,
        "author": {
          "gitId": "JohnTYH"
        },
        "content": "                        {"
      },
      {
        "lineNumber": 66,
        "author": {
          "gitId": "JohnTYH"
        },
        "content": "                            info.add(obj);"
      },
      {
        "lineNumber": 67,
        "author": {
          "gitId": "JohnTYH"
        },
        "content": "                            System.out.println(\"Got it. I\u0027ve added this task:\");"
      },
      {
        "lineNumber": 68,
        "author": {
          "gitId": "JohnTYH"
        },
        "content": "                            System.out.println(\" \" + obj.toString());"
      },
      {
        "lineNumber": 69,
        "author": {
          "gitId": "JohnTYH"
        },
        "content": "                            System.out.println(\"Now you have \" + Integer.toString(Task.getTask()) + \" (by: \" + getDate[0] +\" \" + Months[Integer.valueOf(getDate[1]) - 1] + \" \" + getDate[2] + \")\" + \" task(s) in the list.\");"
      },
      {
        "lineNumber": 70,
        "author": {
          "gitId": "JohnTYH"
        },
        "content": "                         //   System.out.print(getDate[0] +\" \" + Months[Integer.valueOf(getDate[1]) - 1] + \" \" + getDate[2]);"
      },
      {
        "lineNumber": 71,
        "author": {
          "gitId": "JohnTYH"
        },
        "content": "                        }"
      },
      {
        "lineNumber": 72,
        "author": {
          "gitId": "JohnTYH"
        },
        "content": "                    }"
      },
      {
        "lineNumber": 73,
        "author": {
          "gitId": "JohnTYH"
        },
        "content": "                    else {"
      },
      {
        "lineNumber": 74,
        "author": {
          "gitId": "JohnTYH"
        },
        "content": "                        info.add(obj);"
      },
      {
        "lineNumber": 75,
        "author": {
          "gitId": "JohnTYH"
        },
        "content": "                        System.out.println(\"Got it. I\u0027ve added this task:\");"
      },
      {
        "lineNumber": 76,
        "author": {
          "gitId": "JohnTYH"
        },
        "content": "                        System.out.println(\" \" + obj.toString());"
      },
      {
        "lineNumber": 77,
        "author": {
          "gitId": "JohnTYH"
        },
        "content": "                        System.out.println(\"Now you have \" + Integer.toString(Task.getTask()) + \" task(s) in the list.\");"
      },
      {
        "lineNumber": 78,
        "author": {
          "gitId": "JohnTYH"
        },
        "content": "                        }"
      },
      {
        "lineNumber": 79,
        "author": {
          "gitId": "JohnTYH"
        },
        "content": "                    }"
      },
      {
        "lineNumber": 80,
        "author": {
          "gitId": "JohnTYH"
        },
        "content": "                catch (ArrayIndexOutOfBoundsException e) {"
      },
      {
        "lineNumber": 81,
        "author": {
          "gitId": "JohnTYH"
        },
        "content": "                    System.out.println(\"Invalid. Please use \u0027/by\u0027 keyword eg. (return book /by 1pm)\");"
      },
      {
        "lineNumber": 82,
        "author": {
          "gitId": "JohnTYH"
        },
        "content": "                }"
      },
      {
        "lineNumber": 83,
        "author": {
          "gitId": "JohnTYH"
        },
        "content": ""
      },
      {
        "lineNumber": 84,
        "author": {
          "gitId": "JohnTYH"
        },
        "content": "            }"
      },
      {
        "lineNumber": 85,
        "author": {
          "gitId": "JohnTYH"
        },
        "content": ""
      },
      {
        "lineNumber": 86,
        "author": {
          "gitId": "JohnTYH"
        },
        "content": "            else if(s[0].equals(\"event\"))"
      },
      {
        "lineNumber": 87,
        "author": {
          "gitId": "JohnTYH"
        },
        "content": "            {"
      },
      {
        "lineNumber": 88,
        "author": {
          "gitId": "JohnTYH"
        },
        "content": "                try {"
      },
      {
        "lineNumber": 89,
        "author": {
          "gitId": "JohnTYH"
        },
        "content": "                    String[] Earray \u003d s[1].split(\"/at \");"
      },
      {
        "lineNumber": 90,
        "author": {
          "gitId": "JohnTYH"
        },
        "content": "                    Event obj \u003d new Event(Earray[0], Earray[1]);"
      },
      {
        "lineNumber": 91,
        "author": {
          "gitId": "JohnTYH"
        },
        "content": "                    info.add(obj);"
      },
      {
        "lineNumber": 92,
        "author": {
          "gitId": "JohnTYH"
        },
        "content": "                    System.out.println(\"Got it. I\u0027ve added this task:\");"
      },
      {
        "lineNumber": 93,
        "author": {
          "gitId": "JohnTYH"
        },
        "content": "                    System.out.println(\" \" + obj.toString());"
      },
      {
        "lineNumber": 94,
        "author": {
          "gitId": "JohnTYH"
        },
        "content": "                    System.out.println(\"Now you have \" + info.size() + \" task(s) in the list.\");"
      },
      {
        "lineNumber": 95,
        "author": {
          "gitId": "JohnTYH"
        },
        "content": "                    }"
      },
      {
        "lineNumber": 96,
        "author": {
          "gitId": "JohnTYH"
        },
        "content": "                catch(ArrayIndexOutOfBoundsException e) {"
      },
      {
        "lineNumber": 97,
        "author": {
          "gitId": "JohnTYH"
        },
        "content": "                    System.out.println(\"Invalid. Please use \u0027/at\u0027 keyword eg. (event /at 1pm)\");"
      },
      {
        "lineNumber": 98,
        "author": {
          "gitId": "JohnTYH"
        },
        "content": "                }"
      },
      {
        "lineNumber": 99,
        "author": {
          "gitId": "JohnTYH"
        },
        "content": "            }"
      },
      {
        "lineNumber": 100,
        "author": {
          "gitId": "JohnTYH"
        },
        "content": ""
      },
      {
        "lineNumber": 101,
        "author": {
          "gitId": "JohnTYH"
        },
        "content": ""
      },
      {
        "lineNumber": 102,
        "author": {
          "gitId": "JohnTYH"
        },
        "content": "            else if(s[0].equals(\"list\"))"
      },
      {
        "lineNumber": 103,
        "author": {
          "gitId": "JohnTYH"
        },
        "content": "            {"
      },
      {
        "lineNumber": 104,
        "author": {
          "gitId": "JohnTYH"
        },
        "content": "                System.out.println(\"Here are the tasks in your list:\");"
      },
      {
        "lineNumber": 105,
        "author": {
          "gitId": "JohnTYH"
        },
        "content": ""
      },
      {
        "lineNumber": 106,
        "author": {
          "gitId": "JohnTYH"
        },
        "content": "                int x \u003d 1;"
      },
      {
        "lineNumber": 107,
        "author": {
          "gitId": "JohnTYH"
        },
        "content": ""
      },
      {
        "lineNumber": 108,
        "author": {
          "gitId": "JohnTYH"
        },
        "content": "                for(int i\u003d0; i\u003cinfo.size(); i++)"
      },
      {
        "lineNumber": 109,
        "author": {
          "gitId": "JohnTYH"
        },
        "content": "                {"
      },
      {
        "lineNumber": 110,
        "author": {
          "gitId": "JohnTYH"
        },
        "content": ""
      },
      {
        "lineNumber": 111,
        "author": {
          "gitId": "JohnTYH"
        },
        "content": "                    System.out.println(\" \" + x + \". \" + info.get(i).toString());"
      },
      {
        "lineNumber": 112,
        "author": {
          "gitId": "JohnTYH"
        },
        "content": "                    x++;"
      },
      {
        "lineNumber": 113,
        "author": {
          "gitId": "JohnTYH"
        },
        "content": "                }"
      },
      {
        "lineNumber": 114,
        "author": {
          "gitId": "JohnTYH"
        },
        "content": "            }"
      },
      {
        "lineNumber": 115,
        "author": {
          "gitId": "JohnTYH"
        },
        "content": ""
      },
      {
        "lineNumber": 116,
        "author": {
          "gitId": "JohnTYH"
        },
        "content": "            else if(s[0].equals(\"delete\"))"
      },
      {
        "lineNumber": 117,
        "author": {
          "gitId": "JohnTYH"
        },
        "content": "            {"
      },
      {
        "lineNumber": 118,
        "author": {
          "gitId": "JohnTYH"
        },
        "content": "               // try {"
      },
      {
        "lineNumber": 119,
        "author": {
          "gitId": "JohnTYH"
        },
        "content": "                    if(donewrong)"
      },
      {
        "lineNumber": 120,
        "author": {
          "gitId": "JohnTYH"
        },
        "content": "                        System.out.println(\"Invalid. Please add a number\");"
      },
      {
        "lineNumber": 121,
        "author": {
          "gitId": "JohnTYH"
        },
        "content": "                    else {"
      },
      {
        "lineNumber": 122,
        "author": {
          "gitId": "JohnTYH"
        },
        "content": "                        int b \u003d Integer.valueOf(s[1]);"
      },
      {
        "lineNumber": 123,
        "author": {
          "gitId": "JohnTYH"
        },
        "content": "                        if(b \u003c 1 || b \u003e info.size())"
      },
      {
        "lineNumber": 124,
        "author": {
          "gitId": "JohnTYH"
        },
        "content": "                            System.out.println(\"Invalid. Please try again.\");"
      },
      {
        "lineNumber": 125,
        "author": {
          "gitId": "JohnTYH"
        },
        "content": "                        else"
      },
      {
        "lineNumber": 126,
        "author": {
          "gitId": "JohnTYH"
        },
        "content": "                        {"
      },
      {
        "lineNumber": 127,
        "author": {
          "gitId": "JohnTYH"
        },
        "content": "                            System.out.println(\"Noted. I\u0027ve removed this task:\");"
      },
      {
        "lineNumber": 128,
        "author": {
          "gitId": "JohnTYH"
        },
        "content": "                            System.out.println(info.get(b-1).toString());"
      },
      {
        "lineNumber": 129,
        "author": {
          "gitId": "JohnTYH"
        },
        "content": "                            info.remove(b-1);"
      },
      {
        "lineNumber": 130,
        "author": {
          "gitId": "JohnTYH"
        },
        "content": "                            System.out.println(\"Now you have \" + info.size() + \" task(s) in the list.\");"
      },
      {
        "lineNumber": 131,
        "author": {
          "gitId": "JohnTYH"
        },
        "content": ""
      },
      {
        "lineNumber": 132,
        "author": {
          "gitId": "JohnTYH"
        },
        "content": "                        }"
      },
      {
        "lineNumber": 133,
        "author": {
          "gitId": "JohnTYH"
        },
        "content": "                    }"
      },
      {
        "lineNumber": 134,
        "author": {
          "gitId": "JohnTYH"
        },
        "content": "               // }"
      },
      {
        "lineNumber": 135,
        "author": {
          "gitId": "JohnTYH"
        },
        "content": "            }"
      },
      {
        "lineNumber": 136,
        "author": {
          "gitId": "JohnTYH"
        },
        "content": ""
      },
      {
        "lineNumber": 137,
        "author": {
          "gitId": "JohnTYH"
        },
        "content": "            else if(s[0].equals(\"done\")) {"
      },
      {
        "lineNumber": 138,
        "author": {
          "gitId": "JohnTYH"
        },
        "content": "                try {"
      },
      {
        "lineNumber": 139,
        "author": {
          "gitId": "JohnTYH"
        },
        "content": ""
      },
      {
        "lineNumber": 140,
        "author": {
          "gitId": "JohnTYH"
        },
        "content": "                    if (donewrong)"
      },
      {
        "lineNumber": 141,
        "author": {
          "gitId": "JohnTYH"
        },
        "content": "                        System.out.println(\"Invalid. Please add a number\");"
      },
      {
        "lineNumber": 142,
        "author": {
          "gitId": "JohnTYH"
        },
        "content": "                    else {"
      },
      {
        "lineNumber": 143,
        "author": {
          "gitId": "JohnTYH"
        },
        "content": ""
      },
      {
        "lineNumber": 144,
        "author": {
          "gitId": "JohnTYH"
        },
        "content": "                        int b \u003d Integer.valueOf(s[1]);"
      },
      {
        "lineNumber": 145,
        "author": {
          "gitId": "JohnTYH"
        },
        "content": "                        if (b \u003c 1 || b \u003e info.size())"
      },
      {
        "lineNumber": 146,
        "author": {
          "gitId": "JohnTYH"
        },
        "content": "                            System.out.println(\"Invalid. Please try again.\");"
      },
      {
        "lineNumber": 147,
        "author": {
          "gitId": "JohnTYH"
        },
        "content": "                        else {"
      },
      {
        "lineNumber": 148,
        "author": {
          "gitId": "JohnTYH"
        },
        "content": "                            if (info.get(b - 1).isDone)"
      },
      {
        "lineNumber": 149,
        "author": {
          "gitId": "JohnTYH"
        },
        "content": "                                System.out.println(\"This task is already completed.\");"
      },
      {
        "lineNumber": 150,
        "author": {
          "gitId": "JohnTYH"
        },
        "content": "                            else {"
      },
      {
        "lineNumber": 151,
        "author": {
          "gitId": "JohnTYH"
        },
        "content": "                                System.out.println(\"Nice! I\u0027ve marked this task as done:\");"
      },
      {
        "lineNumber": 152,
        "author": {
          "gitId": "JohnTYH"
        },
        "content": "                                info.get(b - 1).markAsDone();"
      },
      {
        "lineNumber": 153,
        "author": {
          "gitId": "JohnTYH"
        },
        "content": "                                System.out.println(info.get(b - 1).printer());"
      },
      {
        "lineNumber": 154,
        "author": {
          "gitId": "JohnTYH"
        },
        "content": "                            }"
      },
      {
        "lineNumber": 155,
        "author": {
          "gitId": "JohnTYH"
        },
        "content": "                        }"
      },
      {
        "lineNumber": 156,
        "author": {
          "gitId": "JohnTYH"
        },
        "content": "                    }"
      },
      {
        "lineNumber": 157,
        "author": {
          "gitId": "JohnTYH"
        },
        "content": "                }"
      },
      {
        "lineNumber": 158,
        "author": {
          "gitId": "JohnTYH"
        },
        "content": "                catch (NumberFormatException e) {"
      },
      {
        "lineNumber": 159,
        "author": {
          "gitId": "JohnTYH"
        },
        "content": "                    System.out.println(\"Invalid. Please try again.\");"
      },
      {
        "lineNumber": 160,
        "author": {
          "gitId": "JohnTYH"
        },
        "content": "                }"
      },
      {
        "lineNumber": 161,
        "author": {
          "gitId": "JohnTYH"
        },
        "content": "            }"
      },
      {
        "lineNumber": 162,
        "author": {
          "gitId": "JohnTYH"
        },
        "content": "            else if(s[0].equals(\"bye\"))"
      },
      {
        "lineNumber": 163,
        "author": {
          "gitId": "JohnTYH"
        },
        "content": "            {"
      },
      {
        "lineNumber": 164,
        "author": {
          "gitId": "JohnTYH"
        },
        "content": "                System.out.println(\"Bye. Hope to see you again soon!\");"
      },
      {
        "lineNumber": 165,
        "author": {
          "gitId": "JohnTYH"
        },
        "content": "                end \u003d true;"
      },
      {
        "lineNumber": 166,
        "author": {
          "gitId": "JohnTYH"
        },
        "content": "            }"
      },
      {
        "lineNumber": 167,
        "author": {
          "gitId": "JohnTYH"
        },
        "content": "            else {"
      },
      {
        "lineNumber": 168,
        "author": {
          "gitId": "JohnTYH"
        },
        "content": "                 System.out.println(\"☹ OOPS!!! I\u0027m sorry, but I don\u0027t know what that means :-(\");"
      },
      {
        "lineNumber": 169,
        "author": {
          "gitId": "JohnTYH"
        },
        "content": "            }"
      },
      {
        "lineNumber": 170,
        "author": {
          "gitId": "JohnTYH"
        },
        "content": "        }"
      },
      {
        "lineNumber": 171,
        "author": {
          "gitId": "-"
        },
        "content": "    }"
      },
      {
        "lineNumber": 172,
        "author": {
          "gitId": "JohnTYH"
        },
        "content": ""
      },
      {
        "lineNumber": 173,
        "author": {
          "gitId": "JohnTYH"
        },
        "content": ""
      },
      {
        "lineNumber": 174,
        "author": {
          "gitId": "-"
        },
        "content": "}"
      }
    ],
    "authorContributionMap": {
      "JohnTYH": 170,
      "-": 4
    }
  },
  {
    "path": "src/main/java/Event.java",
    "lines": [
      {
        "lineNumber": 1,
        "author": {
          "gitId": "JohnTYH"
        },
        "content": "public class Event extends Task {"
      },
      {
        "lineNumber": 2,
        "author": {
          "gitId": "JohnTYH"
        },
        "content": ""
      },
      {
        "lineNumber": 3,
        "author": {
          "gitId": "JohnTYH"
        },
        "content": "    protected String at;"
      },
      {
        "lineNumber": 4,
        "author": {
          "gitId": "JohnTYH"
        },
        "content": ""
      },
      {
        "lineNumber": 5,
        "author": {
          "gitId": "JohnTYH"
        },
        "content": "    public Event(String description, String at) {"
      },
      {
        "lineNumber": 6,
        "author": {
          "gitId": "JohnTYH"
        },
        "content": "        super(description);"
      },
      {
        "lineNumber": 7,
        "author": {
          "gitId": "JohnTYH"
        },
        "content": "        this.at \u003d at;"
      },
      {
        "lineNumber": 8,
        "author": {
          "gitId": "JohnTYH"
        },
        "content": "    }"
      },
      {
        "lineNumber": 9,
        "author": {
          "gitId": "JohnTYH"
        },
        "content": ""
      },
      {
        "lineNumber": 10,
        "author": {
          "gitId": "JohnTYH"
        },
        "content": "    @Override"
      },
      {
        "lineNumber": 11,
        "author": {
          "gitId": "JohnTYH"
        },
        "content": "    public String toString() {"
      },
      {
        "lineNumber": 12,
        "author": {
          "gitId": "JohnTYH"
        },
        "content": "        return \"[E]\" + super.toString() + \" (at: \" + at + \")\";"
      },
      {
        "lineNumber": 13,
        "author": {
          "gitId": "JohnTYH"
        },
        "content": "    }"
      },
      {
        "lineNumber": 14,
        "author": {
          "gitId": "JohnTYH"
        },
        "content": ""
      },
      {
        "lineNumber": 15,
        "author": {
          "gitId": "JohnTYH"
        },
        "content": ""
      },
      {
        "lineNumber": 16,
        "author": {
          "gitId": "JohnTYH"
        },
        "content": "}"
      }
    ],
    "authorContributionMap": {
      "JohnTYH": 16
    }
  },
  {
    "path": "src/main/java/Task.java",
    "lines": [
      {
        "lineNumber": 1,
        "author": {
          "gitId": "JohnTYH"
        },
        "content": "public class Task {"
      },
      {
        "lineNumber": 2,
        "author": {
          "gitId": "JohnTYH"
        },
        "content": "    protected String description;"
      },
      {
        "lineNumber": 3,
        "author": {
          "gitId": "JohnTYH"
        },
        "content": "    protected boolean isDone;"
      },
      {
        "lineNumber": 4,
        "author": {
          "gitId": "JohnTYH"
        },
        "content": "    private static int TotalTask \u003d 0;"
      },
      {
        "lineNumber": 5,
        "author": {
          "gitId": "JohnTYH"
        },
        "content": ""
      },
      {
        "lineNumber": 6,
        "author": {
          "gitId": "JohnTYH"
        },
        "content": "    public Task(String description) {"
      },
      {
        "lineNumber": 7,
        "author": {
          "gitId": "JohnTYH"
        },
        "content": "        this.description \u003d description;"
      },
      {
        "lineNumber": 8,
        "author": {
          "gitId": "JohnTYH"
        },
        "content": "        this.isDone \u003d false;"
      },
      {
        "lineNumber": 9,
        "author": {
          "gitId": "JohnTYH"
        },
        "content": "        TotalTask++;"
      },
      {
        "lineNumber": 10,
        "author": {
          "gitId": "JohnTYH"
        },
        "content": "    }"
      },
      {
        "lineNumber": 11,
        "author": {
          "gitId": "JohnTYH"
        },
        "content": ""
      },
      {
        "lineNumber": 12,
        "author": {
          "gitId": "JohnTYH"
        },
        "content": "    public String getStatusIcon() {"
      },
      {
        "lineNumber": 13,
        "author": {
          "gitId": "JohnTYH"
        },
        "content": "         return (isDone ? \"\\u2713\" : \"\\u2718\"); //return tick or X symbols"
      },
      {
        "lineNumber": 14,
        "author": {
          "gitId": "JohnTYH"
        },
        "content": "    }"
      },
      {
        "lineNumber": 15,
        "author": {
          "gitId": "JohnTYH"
        },
        "content": ""
      },
      {
        "lineNumber": 16,
        "author": {
          "gitId": "JohnTYH"
        },
        "content": "    public String printIcon()"
      },
      {
        "lineNumber": 17,
        "author": {
          "gitId": "JohnTYH"
        },
        "content": "    {"
      },
      {
        "lineNumber": 18,
        "author": {
          "gitId": "JohnTYH"
        },
        "content": "        return \"[\" + this.getStatusIcon() + \"] \";"
      },
      {
        "lineNumber": 19,
        "author": {
          "gitId": "JohnTYH"
        },
        "content": "    }"
      },
      {
        "lineNumber": 20,
        "author": {
          "gitId": "JohnTYH"
        },
        "content": "    public String printer()"
      },
      {
        "lineNumber": 21,
        "author": {
          "gitId": "JohnTYH"
        },
        "content": "    {"
      },
      {
        "lineNumber": 22,
        "author": {
          "gitId": "JohnTYH"
        },
        "content": "        return \"[\" + this.getStatusIcon() + \"] \" + this.description;"
      },
      {
        "lineNumber": 23,
        "author": {
          "gitId": "JohnTYH"
        },
        "content": "    }"
      },
      {
        "lineNumber": 24,
        "author": {
          "gitId": "JohnTYH"
        },
        "content": ""
      },
      {
        "lineNumber": 25,
        "author": {
          "gitId": "JohnTYH"
        },
        "content": "    public static int getTask()"
      },
      {
        "lineNumber": 26,
        "author": {
          "gitId": "JohnTYH"
        },
        "content": "    {"
      },
      {
        "lineNumber": 27,
        "author": {
          "gitId": "JohnTYH"
        },
        "content": "        return TotalTask;"
      },
      {
        "lineNumber": 28,
        "author": {
          "gitId": "JohnTYH"
        },
        "content": "    }"
      },
      {
        "lineNumber": 29,
        "author": {
          "gitId": "JohnTYH"
        },
        "content": ""
      },
      {
        "lineNumber": 30,
        "author": {
          "gitId": "JohnTYH"
        },
        "content": "    public String toString(){"
      },
      {
        "lineNumber": 31,
        "author": {
          "gitId": "JohnTYH"
        },
        "content": "        return \"[\" + this.getStatusIcon() + \"] \" + this.description;"
      },
      {
        "lineNumber": 32,
        "author": {
          "gitId": "JohnTYH"
        },
        "content": "    }"
      },
      {
        "lineNumber": 33,
        "author": {
          "gitId": "JohnTYH"
        },
        "content": "    public void markAsDone()"
      },
      {
        "lineNumber": 34,
        "author": {
          "gitId": "JohnTYH"
        },
        "content": "    {"
      },
      {
        "lineNumber": 35,
        "author": {
          "gitId": "JohnTYH"
        },
        "content": "        this.isDone \u003d true;"
      },
      {
        "lineNumber": 36,
        "author": {
          "gitId": "JohnTYH"
        },
        "content": "    }"
      },
      {
        "lineNumber": 37,
        "author": {
          "gitId": "JohnTYH"
        },
        "content": ""
      },
      {
        "lineNumber": 38,
        "author": {
          "gitId": "JohnTYH"
        },
        "content": "}"
      }
    ],
    "authorContributionMap": {
      "JohnTYH": 38
    }
  },
  {
    "path": "src/main/java/Todo.java",
    "lines": [
      {
        "lineNumber": 1,
        "author": {
          "gitId": "JohnTYH"
        },
        "content": "public class Todo extends Task {"
      },
      {
        "lineNumber": 2,
        "author": {
          "gitId": "JohnTYH"
        },
        "content": ""
      },
      {
        "lineNumber": 3,
        "author": {
          "gitId": "JohnTYH"
        },
        "content": "   // protected String by;"
      },
      {
        "lineNumber": 4,
        "author": {
          "gitId": "JohnTYH"
        },
        "content": ""
      },
      {
        "lineNumber": 5,
        "author": {
          "gitId": "JohnTYH"
        },
        "content": "    public Todo(String description) {"
      },
      {
        "lineNumber": 6,
        "author": {
          "gitId": "JohnTYH"
        },
        "content": "        super(description);"
      },
      {
        "lineNumber": 7,
        "author": {
          "gitId": "JohnTYH"
        },
        "content": "    }"
      },
      {
        "lineNumber": 8,
        "author": {
          "gitId": "JohnTYH"
        },
        "content": ""
      },
      {
        "lineNumber": 9,
        "author": {
          "gitId": "JohnTYH"
        },
        "content": "    @Override"
      },
      {
        "lineNumber": 10,
        "author": {
          "gitId": "JohnTYH"
        },
        "content": "    public String toString() {"
      },
      {
        "lineNumber": 11,
        "author": {
          "gitId": "JohnTYH"
        },
        "content": "        return \"[T]\" + super.toString();"
      },
      {
        "lineNumber": 12,
        "author": {
          "gitId": "JohnTYH"
        },
        "content": "    }"
      },
      {
        "lineNumber": 13,
        "author": {
          "gitId": "JohnTYH"
        },
        "content": ""
      },
      {
        "lineNumber": 14,
        "author": {
          "gitId": "JohnTYH"
        },
        "content": ""
      },
      {
        "lineNumber": 15,
        "author": {
          "gitId": "JohnTYH"
        },
        "content": "   /* public String printer()"
      },
      {
        "lineNumber": 16,
        "author": {
          "gitId": "JohnTYH"
        },
        "content": "    {"
      },
      {
        "lineNumber": 17,
        "author": {
          "gitId": "JohnTYH"
        },
        "content": "        String s1 \u003d \"Got it. I\u0027ve added this task:\";"
      },
      {
        "lineNumber": 18,
        "author": {
          "gitId": "JohnTYH"
        },
        "content": "        String s2 \u003d \" [T]\" + Task.getStatusIcon() + toString();"
      },
      {
        "lineNumber": 19,
        "author": {
          "gitId": "JohnTYH"
        },
        "content": "        String s3 \u003d \"Now you have \" + Integer.toString(Task.getTask) + \" tasks in the list\""
      },
      {
        "lineNumber": 20,
        "author": {
          "gitId": "JohnTYH"
        },
        "content": ""
      },
      {
        "lineNumber": 21,
        "author": {
          "gitId": "JohnTYH"
        },
        "content": "    }*/"
      },
      {
        "lineNumber": 22,
        "author": {
          "gitId": "JohnTYH"
        },
        "content": ""
      },
      {
        "lineNumber": 23,
        "author": {
          "gitId": "JohnTYH"
        },
        "content": "}"
      }
    ],
    "authorContributionMap": {
      "JohnTYH": 23
    }
  }
]
